method,test_year,positive_coverage,close_positive_precision,overall_coverage,empirical_all_risk,lower_positive_coverage,certified_all_bound,child_positive_alpha,parent_positive_alpha,personnel_parent_positive_alpha,parent_positive_floor,negative_alpha,reliability_floor,child_reliability_lcb_floor,aircraft_child_floor,child_margin
LTT without hierarchy,2023,0.028818986626483332,0.9053254437869822,0.6634571919356297,0.0464243739264081,0.0,0.07172416713541102,0.0,0.08,0.0,0.0,0.1,0.0,0.0,0.0,0.0
LTT without hierarchy,2023,0.028818986626483332,0.9053254437869822,0.6634571919356297,0.0464243739264081,0.0,0.07172416713541102,0.0,0.08,0.0,0.0,0.1,0.0,0.85,0.0,0.0
LTT without hierarchy,2023,0.028818986626483332,0.9053254437869822,0.6634571919356297,0.0464243739264081,0.0,0.07172416713541102,0.0,0.08,0.0,0.0,0.1,0.9,0.0,0.0,0.0
LTT without hierarchy,2023,0.028818986626483332,0.9053254437869822,0.6634571919356297,0.0464243739264081,0.0,0.07172416713541102,0.0,0.08,0.0,0.0,0.1,0.9,0.85,0.0,0.0
LTT without hierarchy,2023,0.028818986626483332,0.9053254437869822,0.6634571919356297,0.0464243739264081,0.0,0.07172416713541102,0.0,0.08,0.0,0.7,0.1,0.0,0.0,0.0,0.0
LTT without hierarchy,2023,0.028818986626483332,0.9053254437869822,0.6634571919356297,0.0464243739264081,0.0,0.07172416713541102,0.0,0.08,0.0,0.7,0.1,0.0,0.85,0.0,0.0
LTT without hierarchy,2023,0.028818986626483332,0.9053254437869822,0.6634571919356297,0.0464243739264081,0.0,0.07172416713541102,0.0,0.08,0.0,0.7,0.1,0.9,0.0,0.0,0.0
LTT without hierarchy,2023,0.028818986626483332,0.9053254437869822,0.6634571919356297,0.0464243739264081,0.0,0.07172416713541102,0.0,0.08,0.0,0.7,0.1,0.9,0.85,0.0,0.0
LTT without hierarchy,2023,0.028818986626483332,0.9053254437869822,0.6634571919356297,0.0464243739264081,0.0,0.07172416713541102,0.0,0.08,0.0,0.72,0.1,0.0,0.0,0.0,0.0
LTT without hierarchy,2023,0.028818986626483332,0.9053254437869822,0.6634571919356297,0.0464243739264081,0.0,0.07172416713541102,0.0,0.08,0.0,0.72,0.1,0.0,0.85,0.0,0.0
LTT without hierarchy,2023,0.028818986626483332,0.9053254437869822,0.6634571919356297,0.0464243739264081,0.0,0.07172416713541102,0.0,0.08,0.0,0.72,0.1,0.9,0.0,0.0,0.0
LTT without hierarchy,2023,0.028818986626483332,0.9053254437869822,0.6634571919356297,0.0464243739264081,0.0,0.07172416713541102,0.0,0.08,0.0,0.72,0.1,0.9,0.85,0.0,0.0
LTT without hierarchy,2023,0.028818986626483332,0.9053254437869822,0.6634571919356297,0.0464243739264081,0.0,0.07172416713541102,0.0,0.08,0.0,0.73,0.1,0.0,0.0,0.0,0.0
LTT without hierarchy,2023,0.028818986626483332,0.9053254437869822,0.6634571919356297,0.0464243739264081,0.0,0.07172416713541102,0.0,0.08,0.0,0.73,0.1,0.0,0.85,0.0,0.0
LTT without hierarchy,2023,0.028818986626483332,0.9053254437869822,0.6634571919356297,0.0464243739264081,0.0,0.07172416713541102,0.0,0.08,0.0,0.73,0.1,0.9,0.0,0.0,0.0
LTT without hierarchy,2023,0.028818986626483332,0.9053254437869822,0.6634571919356297,0.0464243739264081,0.0,0.07172416713541102,0.0,0.08,0.0,0.73,0.1,0.9,0.85,0.0,0.0
LTT without hierarchy,2023,0.028818986626483332,0.9053254437869822,0.6634571919356297,0.0464243739264081,0.0,0.07172416713541102,0.0,0.08,0.0,0.74,0.1,0.0,0.0,0.0,0.0
LTT without hierarchy,2023,0.028818986626483332,0.9053254437869822,0.6634571919356297,0.0464243739264081,0.0,0.07172416713541102,0.0,0.08,0.0,0.74,0.1,0.0,0.85,0.0,0.0
LTT without hierarchy,2023,0.028818986626483332,0.9053254437869822,0.6634571919356297,0.0464243739264081,0.0,0.07172416713541102,0.0,0.08,0.0,0.74,0.1,0.9,0.0,0.0,0.0
LTT without hierarchy,2023,0.028818986626483332,0.9053254437869822,0.6634571919356297,0.0464243739264081,0.0,0.07172416713541102,0.0,0.08,0.0,0.74,0.1,0.9,0.85,0.0,0.0
LTT without hierarchy,2023,0.028818986626483332,0.9053254437869822,0.6634571919356297,0.0464243739264081,0.0,0.07172416713541102,0.0,0.08,0.0,0.746,0.1,0.0,0.0,0.0,0.0
LTT without hierarchy,2023,0.028818986626483332,0.9053254437869822,0.6634571919356297,0.0464243739264081,0.0,0.07172416713541102,0.0,0.08,0.0,0.746,0.1,0.0,0.85,0.0,0.0
LTT without hierarchy,2023,0.028818986626483332,0.9053254437869822,0.6634571919356297,0.0464243739264081,0.0,0.07172416713541102,0.0,0.08,0.0,0.746,0.1,0.9,0.0,0.0,0.0
LTT without hierarchy,2023,0.028818986626483332,0.9053254437869822,0.6634571919356297,0.0464243739264081,0.0,0.07172416713541102,0.0,0.08,0.0,0.746,0.1,0.9,0.85,0.0,0.0
LTT without hierarchy,2023,0.028818986626483332,0.9053254437869822,0.6634571919356297,0.0464243739264081,0.0,0.07172416713541102,0.0,0.08,0.0,0.75,0.1,0.0,0.0,0.0,0.0
LTT without hierarchy,2023,0.028818986626483332,0.9053254437869822,0.6634571919356297,0.0464243739264081,0.0,0.07172416713541102,0.0,0.08,0.0,0.75,0.1,0.0,0.85,0.0,0.0
LTT without hierarchy,2023,0.028818986626483332,0.9053254437869822,0.6634571919356297,0.0464243739264081,0.0,0.07172416713541102,0.0,0.08,0.0,0.75,0.1,0.9,0.0,0.0,0.0
LTT without hierarchy,2023,0.028818986626483332,0.9053254437869822,0.6634571919356297,0.0464243739264081,0.0,0.07172416713541102,0.0,0.08,0.0,0.75,0.1,0.9,0.85,0.0,0.0
LTT without hierarchy,2023,0.028818986626483332,0.9053254437869822,0.6634571919356297,0.0464243739264081,0.0,0.07172416713541102,0.0,0.08,0.02,0.0,0.1,0.0,0.0,0.0,0.0
LTT without hierarchy,2023,0.028818986626483332,0.9053254437869822,0.6634571919356297,0.0464243739264081,0.0,0.07172416713541102,0.0,0.08,0.02,0.0,0.1,0.0,0.85,0.0,0.0
LTT without hierarchy,2023,0.028818986626483332,0.9053254437869822,0.6634571919356297,0.0464243739264081,0.0,0.07172416713541102,0.0,0.08,0.02,0.0,0.1,0.9,0.0,0.0,0.0
LTT without hierarchy,2023,0.028818986626483332,0.9053254437869822,0.6634571919356297,0.0464243739264081,0.0,0.07172416713541102,0.0,0.08,0.02,0.0,0.1,0.9,0.85,0.0,0.0
LTT without hierarchy,2023,0.028818986626483332,0.9053254437869822,0.6634571919356297,0.0464243739264081,0.0,0.07172416713541102,0.0,0.08,0.02,0.7,0.1,0.0,0.0,0.0,0.0
LTT without hierarchy,2023,0.028818986626483332,0.9053254437869822,0.6634571919356297,0.0464243739264081,0.0,0.07172416713541102,0.0,0.08,0.02,0.7,0.1,0.0,0.85,0.0,0.0
LTT without hierarchy,2023,0.028818986626483332,0.9053254437869822,0.6634571919356297,0.0464243739264081,0.0,0.07172416713541102,0.0,0.08,0.02,0.7,0.1,0.9,0.0,0.0,0.0
LTT without hierarchy,2023,0.028818986626483332,0.9053254437869822,0.6634571919356297,0.0464243739264081,0.0,0.07172416713541102,0.0,0.08,0.02,0.7,0.1,0.9,0.85,0.0,0.0
LTT without hierarchy,2023,0.028818986626483332,0.9053254437869822,0.6634571919356297,0.0464243739264081,0.0,0.07172416713541102,0.0,0.08,0.02,0.72,0.1,0.0,0.0,0.0,0.0
LTT without hierarchy,2023,0.028818986626483332,0.9053254437869822,0.6634571919356297,0.0464243739264081,0.0,0.07172416713541102,0.0,0.08,0.02,0.72,0.1,0.0,0.85,0.0,0.0
LTT without hierarchy,2023,0.028818986626483332,0.9053254437869822,0.6634571919356297,0.0464243739264081,0.0,0.07172416713541102,0.0,0.08,0.02,0.72,0.1,0.9,0.0,0.0,0.0
LTT without hierarchy,2023,0.028818986626483332,0.9053254437869822,0.6634571919356297,0.0464243739264081,0.0,0.07172416713541102,0.0,0.08,0.02,0.72,0.1,0.9,0.85,0.0,0.0
LTT without hierarchy,2023,0.028818986626483332,0.9053254437869822,0.6634571919356297,0.0464243739264081,0.0,0.07172416713541102,0.0,0.08,0.02,0.73,0.1,0.0,0.0,0.0,0.0
LTT without hierarchy,2023,0.028818986626483332,0.9053254437869822,0.6634571919356297,0.0464243739264081,0.0,0.07172416713541102,0.0,0.08,0.02,0.73,0.1,0.0,0.85,0.0,0.0
LTT without hierarchy,2023,0.028818986626483332,0.9053254437869822,0.6634571919356297,0.0464243739264081,0.0,0.07172416713541102,0.0,0.08,0.02,0.73,0.1,0.9,0.0,0.0,0.0
LTT without hierarchy,2023,0.028818986626483332,0.9053254437869822,0.6634571919356297,0.0464243739264081,0.0,0.07172416713541102,0.0,0.08,0.02,0.73,0.1,0.9,0.85,0.0,0.0
LTT without hierarchy,2023,0.028818986626483332,0.9053254437869822,0.6634571919356297,0.0464243739264081,0.0,0.07172416713541102,0.0,0.08,0.02,0.74,0.1,0.0,0.0,0.0,0.0
LTT without hierarchy,2023,0.028818986626483332,0.9053254437869822,0.6634571919356297,0.0464243739264081,0.0,0.07172416713541102,0.0,0.08,0.02,0.74,0.1,0.0,0.85,0.0,0.0
LTT without hierarchy,2023,0.028818986626483332,0.9053254437869822,0.6634571919356297,0.0464243739264081,0.0,0.07172416713541102,0.0,0.08,0.02,0.74,0.1,0.9,0.0,0.0,0.0
LTT without hierarchy,2023,0.028818986626483332,0.9053254437869822,0.6634571919356297,0.0464243739264081,0.0,0.07172416713541102,0.0,0.08,0.02,0.74,0.1,0.9,0.85,0.0,0.0
LTT without hierarchy,2023,0.028818986626483332,0.9053254437869822,0.6634571919356297,0.0464243739264081,0.0,0.07172416713541102,0.0,0.08,0.02,0.746,0.1,0.0,0.0,0.0,0.0
LTT without hierarchy,2023,0.028818986626483332,0.9053254437869822,0.6634571919356297,0.0464243739264081,0.0,0.07172416713541102,0.0,0.08,0.02,0.746,0.1,0.0,0.85,0.0,0.0
LTT without hierarchy,2023,0.028818986626483332,0.9053254437869822,0.6634571919356297,0.0464243739264081,0.0,0.07172416713541102,0.0,0.08,0.02,0.746,0.1,0.9,0.0,0.0,0.0
LTT without hierarchy,2023,0.028818986626483332,0.9053254437869822,0.6634571919356297,0.0464243739264081,0.0,0.07172416713541102,0.0,0.08,0.02,0.746,0.1,0.9,0.85,0.0,0.0
LTT without hierarchy,2023,0.028818986626483332,0.9053254437869822,0.6634571919356297,0.0464243739264081,0.0,0.07172416713541102,0.0,0.08,0.02,0.75,0.1,0.0,0.0,0.0,0.0
LTT without hierarchy,2023,0.028818986626483332,0.9053254437869822,0.6634571919356297,0.0464243739264081,0.0,0.07172416713541102,0.0,0.08,0.02,0.75,0.1,0.0,0.85,0.0,0.0
LTT without hierarchy,2023,0.028818986626483332,0.9053254437869822,0.6634571919356297,0.0464243739264081,0.0,0.07172416713541102,0.0,0.08,0.02,0.75,0.1,0.9,0.0,0.0,0.0
LTT without hierarchy,2023,0.028818986626483332,0.9053254437869822,0.6634571919356297,0.0464243739264081,0.0,0.07172416713541102,0.0,0.08,0.02,0.75,0.1,0.9,0.85,0.0,0.0
LTT without hierarchy,2023,0.028818986626483332,0.9053254437869822,0.6634571919356297,0.0464243739264081,0.0,0.07172416713541102,0.0,0.08,0.04,0.0,0.1,0.0,0.0,0.0,0.0
LTT without hierarchy,2023,0.028818986626483332,0.9053254437869822,0.6634571919356297,0.0464243739264081,0.0,0.07172416713541102,0.0,0.08,0.04,0.0,0.1,0.0,0.85,0.0,0.0
LTT without hierarchy,2023,0.028818986626483332,0.9053254437869822,0.6634571919356297,0.0464243739264081,0.0,0.07172416713541102,0.0,0.08,0.04,0.0,0.1,0.9,0.0,0.0,0.0
LTT without hierarchy,2023,0.028818986626483332,0.9053254437869822,0.6634571919356297,0.0464243739264081,0.0,0.07172416713541102,0.0,0.08,0.04,0.0,0.1,0.9,0.85,0.0,0.0
LTT without hierarchy,2023,0.028818986626483332,0.9053254437869822,0.6634571919356297,0.0464243739264081,0.0,0.07172416713541102,0.0,0.08,0.04,0.7,0.1,0.0,0.0,0.0,0.0
LTT without hierarchy,2023,0.028818986626483332,0.9053254437869822,0.6634571919356297,0.0464243739264081,0.0,0.07172416713541102,0.0,0.08,0.04,0.7,0.1,0.0,0.85,0.0,0.0
LTT without hierarchy,2023,0.028818986626483332,0.9053254437869822,0.6634571919356297,0.0464243739264081,0.0,0.07172416713541102,0.0,0.08,0.04,0.7,0.1,0.9,0.0,0.0,0.0
LTT without hierarchy,2023,0.028818986626483332,0.9053254437869822,0.6634571919356297,0.0464243739264081,0.0,0.07172416713541102,0.0,0.08,0.04,0.7,0.1,0.9,0.85,0.0,0.0
LTT without hierarchy,2023,0.028818986626483332,0.9053254437869822,0.6634571919356297,0.0464243739264081,0.0,0.07172416713541102,0.0,0.08,0.04,0.72,0.1,0.0,0.0,0.0,0.0
LTT without hierarchy,2023,0.028818986626483332,0.9053254437869822,0.6634571919356297,0.0464243739264081,0.0,0.07172416713541102,0.0,0.08,0.04,0.72,0.1,0.0,0.85,0.0,0.0
LTT without hierarchy,2023,0.028818986626483332,0.9053254437869822,0.6634571919356297,0.0464243739264081,0.0,0.07172416713541102,0.0,0.08,0.04,0.72,0.1,0.9,0.0,0.0,0.0
LTT without hierarchy,2023,0.028818986626483332,0.9053254437869822,0.6634571919356297,0.0464243739264081,0.0,0.07172416713541102,0.0,0.08,0.04,0.72,0.1,0.9,0.85,0.0,0.0
LTT without hierarchy,2023,0.028818986626483332,0.9053254437869822,0.6634571919356297,0.0464243739264081,0.0,0.07172416713541102,0.0,0.08,0.04,0.73,0.1,0.0,0.0,0.0,0.0
LTT without hierarchy,2023,0.028818986626483332,0.9053254437869822,0.6634571919356297,0.0464243739264081,0.0,0.07172416713541102,0.0,0.08,0.04,0.73,0.1,0.0,0.85,0.0,0.0
LTT without hierarchy,2023,0.028818986626483332,0.9053254437869822,0.6634571919356297,0.0464243739264081,0.0,0.07172416713541102,0.0,0.08,0.04,0.73,0.1,0.9,0.0,0.0,0.0
LTT without hierarchy,2023,0.028818986626483332,0.9053254437869822,0.6634571919356297,0.0464243739264081,0.0,0.07172416713541102,0.0,0.08,0.04,0.73,0.1,0.9,0.85,0.0,0.0
LTT without hierarchy,2023,0.028818986626483332,0.9053254437869822,0.6634571919356297,0.0464243739264081,0.0,0.07172416713541102,0.0,0.08,0.04,0.74,0.1,0.0,0.0,0.0,0.0
LTT without hierarchy,2023,0.028818986626483332,0.9053254437869822,0.6634571919356297,0.0464243739264081,0.0,0.07172416713541102,0.0,0.08,0.04,0.74,0.1,0.0,0.85,0.0,0.0
LTT without hierarchy,2023,0.028818986626483332,0.9053254437869822,0.6634571919356297,0.0464243739264081,0.0,0.07172416713541102,0.0,0.08,0.04,0.74,0.1,0.9,0.0,0.0,0.0
LTT without hierarchy,2023,0.028818986626483332,0.9053254437869822,0.6634571919356297,0.0464243739264081,0.0,0.07172416713541102,0.0,0.08,0.04,0.74,0.1,0.9,0.85,0.0,0.0
LTT without hierarchy,2023,0.028818986626483332,0.9053254437869822,0.6634571919356297,0.0464243739264081,0.0,0.07172416713541102,0.0,0.08,0.04,0.746,0.1,0.0,0.0,0.0,0.0
LTT without hierarchy,2023,0.028818986626483332,0.9053254437869822,0.6634571919356297,0.0464243739264081,0.0,0.07172416713541102,0.0,0.08,0.04,0.746,0.1,0.0,0.85,0.0,0.0
LTT without hierarchy,2023,0.028818986626483332,0.9053254437869822,0.6634571919356297,0.0464243739264081,0.0,0.07172416713541102,0.0,0.08,0.04,0.746,0.1,0.9,0.0,0.0,0.0
LTT without hierarchy,2023,0.028818986626483332,0.9053254437869822,0.6634571919356297,0.0464243739264081,0.0,0.07172416713541102,0.0,0.08,0.04,0.746,0.1,0.9,0.85,0.0,0.0
LTT without hierarchy,2023,0.028818986626483332,0.9053254437869822,0.6634571919356297,0.0464243739264081,0.0,0.07172416713541102,0.0,0.08,0.04,0.75,0.1,0.0,0.0,0.0,0.0
LTT without hierarchy,2023,0.028818986626483332,0.9053254437869822,0.6634571919356297,0.0464243739264081,0.0,0.07172416713541102,0.0,0.08,0.04,0.75,0.1,0.0,0.85,0.0,0.0
LTT without hierarchy,2023,0.028818986626483332,0.9053254437869822,0.6634571919356297,0.0464243739264081,0.0,0.07172416713541102,0.0,0.08,0.04,0.75,0.1,0.9,0.0,0.0,0.0
LTT without hierarchy,2023,0.028818986626483332,0.9053254437869822,0.6634571919356297,0.0464243739264081,0.0,0.07172416713541102,0.0,0.08,0.04,0.75,0.1,0.9,0.85,0.0,0.0
LTT without hierarchy,2023,0.028818986626483332,0.9053254437869822,0.6634571919356297,0.0464243739264081,0.0,0.07172416713541102,0.02,0.08,0.0,0.0,0.1,0.0,0.0,0.0,0.0
LTT without hierarchy,2023,0.028818986626483332,0.9053254437869822,0.6634571919356297,0.0464243739264081,0.0,0.07172416713541102,0.02,0.08,0.0,0.0,0.1,0.0,0.85,0.0,0.0
LTT without hierarchy,2023,0.028818986626483332,0.9053254437869822,0.6634571919356297,0.0464243739264081,0.0,0.07172416713541102,0.02,0.08,0.0,0.0,0.1,0.9,0.0,0.0,0.0
LTT without hierarchy,2023,0.028818986626483332,0.9053254437869822,0.6634571919356297,0.0464243739264081,0.0,0.07172416713541102,0.02,0.08,0.0,0.0,0.1,0.9,0.85,0.0,0.0
LTT without hierarchy,2023,0.028818986626483332,0.9053254437869822,0.6634571919356297,0.0464243739264081,0.0,0.07172416713541102,0.02,0.08,0.0,0.7,0.1,0.0,0.0,0.0,0.0
LTT without hierarchy,2023,0.028818986626483332,0.9053254437869822,0.6634571919356297,0.0464243739264081,0.0,0.07172416713541102,0.02,0.08,0.0,0.7,0.1,0.0,0.85,0.0,0.0
LTT without hierarchy,2023,0.028818986626483332,0.9053254437869822,0.6634571919356297,0.0464243739264081,0.0,0.07172416713541102,0.02,0.08,0.0,0.7,0.1,0.9,0.0,0.0,0.0
LTT without hierarchy,2023,0.028818986626483332,0.9053254437869822,0.6634571919356297,0.0464243739264081,0.0,0.07172416713541102,0.02,0.08,0.0,0.7,0.1,0.9,0.85,0.0,0.0
LTT without hierarchy,2023,0.028818986626483332,0.9053254437869822,0.6634571919356297,0.0464243739264081,0.0,0.07172416713541102,0.02,0.08,0.0,0.72,0.1,0.0,0.0,0.0,0.0
LTT without hierarchy,2023,0.028818986626483332,0.9053254437869822,0.6634571919356297,0.0464243739264081,0.0,0.07172416713541102,0.02,0.08,0.0,0.72,0.1,0.0,0.85,0.0,0.0
LTT without hierarchy,2023,0.028818986626483332,0.9053254437869822,0.6634571919356297,0.0464243739264081,0.0,0.07172416713541102,0.02,0.08,0.0,0.72,0.1,0.9,0.0,0.0,0.0
LTT without hierarchy,2023,0.028818986626483332,0.9053254437869822,0.6634571919356297,0.0464243739264081,0.0,0.07172416713541102,0.02,0.08,0.0,0.72,0.1,0.9,0.85,0.0,0.0
LTT without hierarchy,2023,0.028818986626483332,0.9053254437869822,0.6634571919356297,0.0464243739264081,0.0,0.07172416713541102,0.02,0.08,0.0,0.73,0.1,0.0,0.0,0.0,0.0
LTT without hierarchy,2023,0.028818986626483332,0.9053254437869822,0.6634571919356297,0.0464243739264081,0.0,0.07172416713541102,0.02,0.08,0.0,0.73,0.1,0.0,0.85,0.0,0.0
LTT without hierarchy,2023,0.028818986626483332,0.9053254437869822,0.6634571919356297,0.0464243739264081,0.0,0.07172416713541102,0.02,0.08,0.0,0.73,0.1,0.9,0.0,0.0,0.0
LTT without hierarchy,2023,0.028818986626483332,0.9053254437869822,0.6634571919356297,0.0464243739264081,0.0,0.07172416713541102,0.02,0.08,0.0,0.73,0.1,0.9,0.85,0.0,0.0
LTT without hierarchy,2023,0.028818986626483332,0.9053254437869822,0.6634571919356297,0.0464243739264081,0.0,0.07172416713541102,0.02,0.08,0.0,0.74,0.1,0.0,0.0,0.0,0.0
LTT without hierarchy,2023,0.028818986626483332,0.9053254437869822,0.6634571919356297,0.0464243739264081,0.0,0.07172416713541102,0.02,0.08,0.0,0.74,0.1,0.0,0.85,0.0,0.0
LTT without hierarchy,2023,0.028818986626483332,0.9053254437869822,0.6634571919356297,0.0464243739264081,0.0,0.07172416713541102,0.02,0.08,0.0,0.74,0.1,0.9,0.0,0.0,0.0
LTT without hierarchy,2023,0.028818986626483332,0.9053254437869822,0.6634571919356297,0.0464243739264081,0.0,0.07172416713541102,0.02,0.08,0.0,0.74,0.1,0.9,0.85,0.0,0.0
LTT without hierarchy,2023,0.028818986626483332,0.9053254437869822,0.6634571919356297,0.0464243739264081,0.0,0.07172416713541102,0.02,0.08,0.0,0.746,0.1,0.0,0.0,0.0,0.0
LTT without hierarchy,2023,0.028818986626483332,0.9053254437869822,0.6634571919356297,0.0464243739264081,0.0,0.07172416713541102,0.02,0.08,0.0,0.746,0.1,0.0,0.85,0.0,0.0
LTT without hierarchy,2023,0.028818986626483332,0.9053254437869822,0.6634571919356297,0.0464243739264081,0.0,0.07172416713541102,0.02,0.08,0.0,0.746,0.1,0.9,0.0,0.0,0.0
LTT without hierarchy,2023,0.028818986626483332,0.9053254437869822,0.6634571919356297,0.0464243739264081,0.0,0.07172416713541102,0.02,0.08,0.0,0.746,0.1,0.9,0.85,0.0,0.0
LTT without hierarchy,2023,0.028818986626483332,0.9053254437869822,0.6634571919356297,0.0464243739264081,0.0,0.07172416713541102,0.02,0.08,0.0,0.75,0.1,0.0,0.0,0.0,0.0
LTT without hierarchy,2023,0.028818986626483332,0.9053254437869822,0.6634571919356297,0.0464243739264081,0.0,0.07172416713541102,0.02,0.08,0.0,0.75,0.1,0.0,0.85,0.0,0.0
LTT without hierarchy,2023,0.028818986626483332,0.9053254437869822,0.6634571919356297,0.0464243739264081,0.0,0.07172416713541102,0.02,0.08,0.0,0.75,0.1,0.9,0.0,0.0,0.0
LTT without hierarchy,2023,0.028818986626483332,0.9053254437869822,0.6634571919356297,0.0464243739264081,0.0,0.07172416713541102,0.02,0.08,0.0,0.75,0.1,0.9,0.85,0.0,0.0
LTT without hierarchy,2023,0.028818986626483332,0.9053254437869822,0.6634571919356297,0.0464243739264081,0.0,0.07172416713541102,0.02,0.08,0.02,0.0,0.1,0.0,0.0,0.0,0.0
LTT without hierarchy,2023,0.028818986626483332,0.9053254437869822,0.6634571919356297,0.0464243739264081,0.0,0.07172416713541102,0.02,0.08,0.02,0.0,0.1,0.0,0.85,0.0,0.0
LTT without hierarchy,2023,0.028818986626483332,0.9053254437869822,0.6634571919356297,0.0464243739264081,0.0,0.07172416713541102,0.02,0.08,0.02,0.0,0.1,0.9,0.0,0.0,0.0
LTT without hierarchy,2023,0.028818986626483332,0.9053254437869822,0.6634571919356297,0.0464243739264081,0.0,0.07172416713541102,0.02,0.08,0.02,0.0,0.1,0.9,0.85,0.0,0.0
LTT without hierarchy,2023,0.028818986626483332,0.9053254437869822,0.6634571919356297,0.0464243739264081,0.0,0.07172416713541102,0.02,0.08,0.02,0.7,0.1,0.0,0.0,0.0,0.0
LTT without hierarchy,2023,0.028818986626483332,0.9053254437869822,0.6634571919356297,0.0464243739264081,0.0,0.07172416713541102,0.02,0.08,0.02,0.7,0.1,0.0,0.85,0.0,0.0
LTT without hierarchy,2023,0.028818986626483332,0.9053254437869822,0.6634571919356297,0.0464243739264081,0.0,0.07172416713541102,0.02,0.08,0.02,0.7,0.1,0.9,0.0,0.0,0.0
LTT without hierarchy,2023,0.028818986626483332,0.9053254437869822,0.6634571919356297,0.0464243739264081,0.0,0.07172416713541102,0.02,0.08,0.02,0.7,0.1,0.9,0.85,0.0,0.0
LTT without hierarchy,2023,0.028818986626483332,0.9053254437869822,0.6634571919356297,0.0464243739264081,0.0,0.07172416713541102,0.02,0.08,0.02,0.72,0.1,0.0,0.0,0.0,0.0
LTT without hierarchy,2023,0.028818986626483332,0.9053254437869822,0.6634571919356297,0.0464243739264081,0.0,0.07172416713541102,0.02,0.08,0.02,0.72,0.1,0.0,0.85,0.0,0.0
LTT without hierarchy,2023,0.028818986626483332,0.9053254437869822,0.6634571919356297,0.0464243739264081,0.0,0.07172416713541102,0.02,0.08,0.02,0.72,0.1,0.9,0.0,0.0,0.0
LTT without hierarchy,2023,0.028818986626483332,0.9053254437869822,0.6634571919356297,0.0464243739264081,0.0,0.07172416713541102,0.02,0.08,0.02,0.72,0.1,0.9,0.85,0.0,0.0
LTT without hierarchy,2023,0.028818986626483332,0.9053254437869822,0.6634571919356297,0.0464243739264081,0.0,0.07172416713541102,0.02,0.08,0.02,0.73,0.1,0.0,0.0,0.0,0.0
LTT without hierarchy,2023,0.028818986626483332,0.9053254437869822,0.6634571919356297,0.0464243739264081,0.0,0.07172416713541102,0.02,0.08,0.02,0.73,0.1,0.0,0.85,0.0,0.0
LTT without hierarchy,2023,0.028818986626483332,0.9053254437869822,0.6634571919356297,0.0464243739264081,0.0,0.07172416713541102,0.02,0.08,0.02,0.73,0.1,0.9,0.0,0.0,0.0
LTT without hierarchy,2023,0.028818986626483332,0.9053254437869822,0.6634571919356297,0.0464243739264081,0.0,0.07172416713541102,0.02,0.08,0.02,0.73,0.1,0.9,0.85,0.0,0.0
LTT without hierarchy,2023,0.028818986626483332,0.9053254437869822,0.6634571919356297,0.0464243739264081,0.0,0.07172416713541102,0.02,0.08,0.02,0.74,0.1,0.0,0.0,0.0,0.0
LTT without hierarchy,2023,0.028818986626483332,0.9053254437869822,0.6634571919356297,0.0464243739264081,0.0,0.07172416713541102,0.02,0.08,0.02,0.74,0.1,0.0,0.85,0.0,0.0
LTT without hierarchy,2023,0.028818986626483332,0.9053254437869822,0.6634571919356297,0.0464243739264081,0.0,0.07172416713541102,0.02,0.08,0.02,0.74,0.1,0.9,0.0,0.0,0.0
LTT without hierarchy,2023,0.028818986626483332,0.9053254437869822,0.6634571919356297,0.0464243739264081,0.0,0.07172416713541102,0.02,0.08,0.02,0.74,0.1,0.9,0.85,0.0,0.0
LTT without hierarchy,2023,0.028818986626483332,0.9053254437869822,0.6634571919356297,0.0464243739264081,0.0,0.07172416713541102,0.02,0.08,0.02,0.746,0.1,0.0,0.0,0.0,0.0
LTT without hierarchy,2023,0.028818986626483332,0.9053254437869822,0.6634571919356297,0.0464243739264081,0.0,0.07172416713541102,0.02,0.08,0.02,0.746,0.1,0.0,0.85,0.0,0.0
LTT without hierarchy,2023,0.028818986626483332,0.9053254437869822,0.6634571919356297,0.0464243739264081,0.0,0.07172416713541102,0.02,0.08,0.02,0.746,0.1,0.9,0.0,0.0,0.0
LTT without hierarchy,2023,0.028818986626483332,0.9053254437869822,0.6634571919356297,0.0464243739264081,0.0,0.07172416713541102,0.02,0.08,0.02,0.746,0.1,0.9,0.85,0.0,0.0
LTT without hierarchy,2023,0.028818986626483332,0.9053254437869822,0.6634571919356297,0.0464243739264081,0.0,0.07172416713541102,0.02,0.08,0.02,0.75,0.1,0.0,0.0,0.0,0.0
LTT without hierarchy,2023,0.028818986626483332,0.9053254437869822,0.6634571919356297,0.0464243739264081,0.0,0.07172416713541102,0.02,0.08,0.02,0.75,0.1,0.0,0.85,0.0,0.0
LTT without hierarchy,2023,0.028818986626483332,0.9053254437869822,0.6634571919356297,0.0464243739264081,0.0,0.07172416713541102,0.02,0.08,0.02,0.75,0.1,0.9,0.0,0.0,0.0
LTT without hierarchy,2023,0.028818986626483332,0.9053254437869822,0.6634571919356297,0.0464243739264081,0.0,0.07172416713541102,0.02,0.08,0.02,0.75,0.1,0.9,0.85,0.0,0.0
LTT without hierarchy,2023,0.028818986626483332,0.9053254437869822,0.6634571919356297,0.0464243739264081,0.0,0.07172416713541102,0.02,0.08,0.04,0.0,0.1,0.0,0.0,0.0,0.0
LTT without hierarchy,2023,0.028818986626483332,0.9053254437869822,0.6634571919356297,0.0464243739264081,0.0,0.07172416713541102,0.02,0.08,0.04,0.0,0.1,0.0,0.85,0.0,0.0
LTT without hierarchy,2023,0.028818986626483332,0.9053254437869822,0.6634571919356297,0.0464243739264081,0.0,0.07172416713541102,0.02,0.08,0.04,0.0,0.1,0.9,0.0,0.0,0.0
LTT without hierarchy,2023,0.028818986626483332,0.9053254437869822,0.6634571919356297,0.0464243739264081,0.0,0.07172416713541102,0.02,0.08,0.04,0.0,0.1,0.9,0.85,0.0,0.0
LTT without hierarchy,2023,0.028818986626483332,0.9053254437869822,0.6634571919356297,0.0464243739264081,0.0,0.07172416713541102,0.02,0.08,0.04,0.7,0.1,0.0,0.0,0.0,0.0
LTT without hierarchy,2023,0.028818986626483332,0.9053254437869822,0.6634571919356297,0.0464243739264081,0.0,0.07172416713541102,0.02,0.08,0.04,0.7,0.1,0.0,0.85,0.0,0.0
LTT without hierarchy,2023,0.028818986626483332,0.9053254437869822,0.6634571919356297,0.0464243739264081,0.0,0.07172416713541102,0.02,0.08,0.04,0.7,0.1,0.9,0.0,0.0,0.0
LTT without hierarchy,2023,0.028818986626483332,0.9053254437869822,0.6634571919356297,0.0464243739264081,0.0,0.07172416713541102,0.02,0.08,0.04,0.7,0.1,0.9,0.85,0.0,0.0
LTT without hierarchy,2023,0.028818986626483332,0.9053254437869822,0.6634571919356297,0.0464243739264081,0.0,0.07172416713541102,0.02,0.08,0.04,0.72,0.1,0.0,0.0,0.0,0.0
LTT without hierarchy,2023,0.028818986626483332,0.9053254437869822,0.6634571919356297,0.0464243739264081,0.0,0.07172416713541102,0.02,0.08,0.04,0.72,0.1,0.0,0.85,0.0,0.0
LTT without hierarchy,2023,0.028818986626483332,0.9053254437869822,0.6634571919356297,0.0464243739264081,0.0,0.07172416713541102,0.02,0.08,0.04,0.72,0.1,0.9,0.0,0.0,0.0
LTT without hierarchy,2023,0.028818986626483332,0.9053254437869822,0.6634571919356297,0.0464243739264081,0.0,0.07172416713541102,0.02,0.08,0.04,0.72,0.1,0.9,0.85,0.0,0.0
LTT without hierarchy,2023,0.028818986626483332,0.9053254437869822,0.6634571919356297,0.0464243739264081,0.0,0.07172416713541102,0.02,0.08,0.04,0.73,0.1,0.0,0.0,0.0,0.0
LTT without hierarchy,2023,0.028818986626483332,0.9053254437869822,0.6634571919356297,0.0464243739264081,0.0,0.07172416713541102,0.02,0.08,0.04,0.73,0.1,0.0,0.85,0.0,0.0
LTT without hierarchy,2023,0.028818986626483332,0.9053254437869822,0.6634571919356297,0.0464243739264081,0.0,0.07172416713541102,0.02,0.08,0.04,0.73,0.1,0.9,0.0,0.0,0.0
LTT without hierarchy,2023,0.028818986626483332,0.9053254437869822,0.6634571919356297,0.0464243739264081,0.0,0.07172416713541102,0.02,0.08,0.04,0.73,0.1,0.9,0.85,0.0,0.0
LTT without hierarchy,2023,0.028818986626483332,0.9053254437869822,0.6634571919356297,0.0464243739264081,0.0,0.07172416713541102,0.02,0.08,0.04,0.74,0.1,0.0,0.0,0.0,0.0
LTT without hierarchy,2023,0.028818986626483332,0.9053254437869822,0.6634571919356297,0.0464243739264081,0.0,0.07172416713541102,0.02,0.08,0.04,0.74,0.1,0.0,0.85,0.0,0.0
LTT without hierarchy,2023,0.028818986626483332,0.9053254437869822,0.6634571919356297,0.0464243739264081,0.0,0.07172416713541102,0.02,0.08,0.04,0.74,0.1,0.9,0.0,0.0,0.0
LTT without hierarchy,2023,0.028818986626483332,0.9053254437869822,0.6634571919356297,0.0464243739264081,0.0,0.07172416713541102,0.02,0.08,0.04,0.74,0.1,0.9,0.85,0.0,0.0
LTT without hierarchy,2023,0.028818986626483332,0.9053254437869822,0.6634571919356297,0.0464243739264081,0.0,0.07172416713541102,0.02,0.08,0.04,0.746,0.1,0.0,0.0,0.0,0.0
LTT without hierarchy,2023,0.028818986626483332,0.9053254437869822,0.6634571919356297,0.0464243739264081,0.0,0.07172416713541102,0.02,0.08,0.04,0.746,0.1,0.0,0.85,0.0,0.0
LTT without hierarchy,2023,0.028818986626483332,0.9053254437869822,0.6634571919356297,0.0464243739264081,0.0,0.07172416713541102,0.02,0.08,0.04,0.746,0.1,0.9,0.0,0.0,0.0
LTT without hierarchy,2023,0.028818986626483332,0.9053254437869822,0.6634571919356297,0.0464243739264081,0.0,0.07172416713541102,0.02,0.08,0.04,0.746,0.1,0.9,0.85,0.0,0.0
LTT without hierarchy,2023,0.028818986626483332,0.9053254437869822,0.6634571919356297,0.0464243739264081,0.0,0.07172416713541102,0.02,0.08,0.04,0.75,0.1,0.0,0.0,0.0,0.0
LTT without hierarchy,2023,0.028818986626483332,0.9053254437869822,0.6634571919356297,0.0464243739264081,0.0,0.07172416713541102,0.02,0.08,0.04,0.75,0.1,0.0,0.85,0.0,0.0
LTT without hierarchy,2023,0.028818986626483332,0.9053254437869822,0.6634571919356297,0.0464243739264081,0.0,0.07172416713541102,0.02,0.08,0.04,0.75,0.1,0.9,0.0,0.0,0.0
LTT without hierarchy,2023,0.028818986626483332,0.9053254437869822,0.6634571919356297,0.0464243739264081,0.0,0.07172416713541102,0.02,0.08,0.04,0.75,0.1,0.9,0.85,0.0,0.0
LTT without hierarchy,2023,0.028818986626483332,0.9053254437869822,0.6634571919356297,0.0464243739264081,0.0,0.07172416713541102,0.06,0.08,0.0,0.0,0.1,0.0,0.0,0.0,0.0
LTT without hierarchy,2023,0.028818986626483332,0.9053254437869822,0.6634571919356297,0.0464243739264081,0.0,0.07172416713541102,0.06,0.08,0.0,0.0,0.1,0.0,0.85,0.0,0.0
LTT without hierarchy,2023,0.028818986626483332,0.9053254437869822,0.6634571919356297,0.0464243739264081,0.0,0.07172416713541102,0.06,0.08,0.0,0.0,0.1,0.9,0.0,0.0,0.0
LTT without hierarchy,2023,0.028818986626483332,0.9053254437869822,0.6634571919356297,0.0464243739264081,0.0,0.07172416713541102,0.06,0.08,0.0,0.0,0.1,0.9,0.85,0.0,0.0
LTT without hierarchy,2023,0.028818986626483332,0.9053254437869822,0.6634571919356297,0.0464243739264081,0.0,0.07172416713541102,0.06,0.08,0.0,0.7,0.1,0.0,0.0,0.0,0.0
LTT without hierarchy,2023,0.028818986626483332,0.9053254437869822,0.6634571919356297,0.0464243739264081,0.0,0.07172416713541102,0.06,0.08,0.0,0.7,0.1,0.0,0.85,0.0,0.0
LTT without hierarchy,2023,0.028818986626483332,0.9053254437869822,0.6634571919356297,0.0464243739264081,0.0,0.07172416713541102,0.06,0.08,0.0,0.7,0.1,0.9,0.0,0.0,0.0
LTT without hierarchy,2023,0.028818986626483332,0.9053254437869822,0.6634571919356297,0.0464243739264081,0.0,0.07172416713541102,0.06,0.08,0.0,0.7,0.1,0.9,0.85,0.0,0.0
LTT without hierarchy,2023,0.028818986626483332,0.9053254437869822,0.6634571919356297,0.0464243739264081,0.0,0.07172416713541102,0.06,0.08,0.0,0.72,0.1,0.0,0.0,0.0,0.0
LTT without hierarchy,2023,0.028818986626483332,0.9053254437869822,0.6634571919356297,0.0464243739264081,0.0,0.07172416713541102,0.06,0.08,0.0,0.72,0.1,0.0,0.85,0.0,0.0
LTT without hierarchy,2023,0.028818986626483332,0.9053254437869822,0.6634571919356297,0.0464243739264081,0.0,0.07172416713541102,0.06,0.08,0.0,0.72,0.1,0.9,0.0,0.0,0.0
LTT without hierarchy,2023,0.028818986626483332,0.9053254437869822,0.6634571919356297,0.0464243739264081,0.0,0.07172416713541102,0.06,0.08,0.0,0.72,0.1,0.9,0.85,0.0,0.0
LTT without hierarchy,2023,0.028818986626483332,0.9053254437869822,0.6634571919356297,0.0464243739264081,0.0,0.07172416713541102,0.06,0.08,0.0,0.73,0.1,0.0,0.0,0.0,0.0
LTT without hierarchy,2023,0.028818986626483332,0.9053254437869822,0.6634571919356297,0.0464243739264081,0.0,0.07172416713541102,0.06,0.08,0.0,0.73,0.1,0.0,0.85,0.0,0.0
LTT without hierarchy,2023,0.028818986626483332,0.9053254437869822,0.6634571919356297,0.0464243739264081,0.0,0.07172416713541102,0.06,0.08,0.0,0.73,0.1,0.9,0.0,0.0,0.0
LTT without hierarchy,2023,0.028818986626483332,0.9053254437869822,0.6634571919356297,0.0464243739264081,0.0,0.07172416713541102,0.06,0.08,0.0,0.73,0.1,0.9,0.85,0.0,0.0
LTT without hierarchy,2023,0.028818986626483332,0.9053254437869822,0.6634571919356297,0.0464243739264081,0.0,0.07172416713541102,0.06,0.08,0.0,0.74,0.1,0.0,0.0,0.0,0.0
LTT without hierarchy,2023,0.028818986626483332,0.9053254437869822,0.6634571919356297,0.0464243739264081,0.0,0.07172416713541102,0.06,0.08,0.0,0.74,0.1,0.0,0.85,0.0,0.0
LTT without hierarchy,2023,0.028818986626483332,0.9053254437869822,0.6634571919356297,0.0464243739264081,0.0,0.07172416713541102,0.06,0.08,0.0,0.74,0.1,0.9,0.0,0.0,0.0
LTT without hierarchy,2023,0.028818986626483332,0.9053254437869822,0.6634571919356297,0.0464243739264081,0.0,0.07172416713541102,0.06,0.08,0.0,0.74,0.1,0.9,0.85,0.0,0.0
LTT without hierarchy,2023,0.028818986626483332,0.9053254437869822,0.6634571919356297,0.0464243739264081,0.0,0.07172416713541102,0.06,0.08,0.0,0.746,0.1,0.0,0.0,0.0,0.0
LTT without hierarchy,2023,0.028818986626483332,0.9053254437869822,0.6634571919356297,0.0464243739264081,0.0,0.07172416713541102,0.06,0.08,0.0,0.746,0.1,0.0,0.85,0.0,0.0
LTT without hierarchy,2023,0.028818986626483332,0.9053254437869822,0.6634571919356297,0.0464243739264081,0.0,0.07172416713541102,0.06,0.08,0.0,0.746,0.1,0.9,0.0,0.0,0.0
LTT without hierarchy,2023,0.028818986626483332,0.9053254437869822,0.6634571919356297,0.0464243739264081,0.0,0.07172416713541102,0.06,0.08,0.0,0.746,0.1,0.9,0.85,0.0,0.0
LTT without hierarchy,2023,0.028818986626483332,0.9053254437869822,0.6634571919356297,0.0464243739264081,0.0,0.07172416713541102,0.06,0.08,0.0,0.75,0.1,0.0,0.0,0.0,0.0
LTT without hierarchy,2023,0.028818986626483332,0.9053254437869822,0.6634571919356297,0.0464243739264081,0.0,0.07172416713541102,0.06,0.08,0.0,0.75,0.1,0.0,0.85,0.0,0.0
LTT without hierarchy,2023,0.028818986626483332,0.9053254437869822,0.6634571919356297,0.0464243739264081,0.0,0.07172416713541102,0.06,0.08,0.0,0.75,0.1,0.9,0.0,0.0,0.0
LTT without hierarchy,2023,0.028818986626483332,0.9053254437869822,0.6634571919356297,0.0464243739264081,0.0,0.07172416713541102,0.06,0.08,0.0,0.75,0.1,0.9,0.85,0.0,0.0
LTT without hierarchy,2023,0.028818986626483332,0.9053254437869822,0.6634571919356297,0.0464243739264081,0.0,0.07172416713541102,0.06,0.08,0.02,0.0,0.1,0.0,0.0,0.0,0.0
LTT without hierarchy,2023,0.028818986626483332,0.9053254437869822,0.6634571919356297,0.0464243739264081,0.0,0.07172416713541102,0.06,0.08,0.02,0.0,0.1,0.0,0.85,0.0,0.0
LTT without hierarchy,2023,0.028818986626483332,0.9053254437869822,0.6634571919356297,0.0464243739264081,0.0,0.07172416713541102,0.06,0.08,0.02,0.0,0.1,0.9,0.0,0.0,0.0
LTT without hierarchy,2023,0.028818986626483332,0.9053254437869822,0.6634571919356297,0.0464243739264081,0.0,0.07172416713541102,0.06,0.08,0.02,0.0,0.1,0.9,0.85,0.0,0.0
LTT without hierarchy,2023,0.028818986626483332,0.9053254437869822,0.6634571919356297,0.0464243739264081,0.0,0.07172416713541102,0.06,0.08,0.02,0.7,0.1,0.0,0.0,0.0,0.0
LTT without hierarchy,2023,0.028818986626483332,0.9053254437869822,0.6634571919356297,0.0464243739264081,0.0,0.07172416713541102,0.06,0.08,0.02,0.7,0.1,0.0,0.85,0.0,0.0
LTT without hierarchy,2023,0.028818986626483332,0.9053254437869822,0.6634571919356297,0.0464243739264081,0.0,0.07172416713541102,0.06,0.08,0.02,0.7,0.1,0.9,0.0,0.0,0.0
LTT without hierarchy,2023,0.028818986626483332,0.9053254437869822,0.6634571919356297,0.0464243739264081,0.0,0.07172416713541102,0.06,0.08,0.02,0.7,0.1,0.9,0.85,0.0,0.0
LTT without hierarchy,2023,0.028818986626483332,0.9053254437869822,0.6634571919356297,0.0464243739264081,0.0,0.07172416713541102,0.06,0.08,0.02,0.72,0.1,0.0,0.0,0.0,0.0
LTT without hierarchy,2023,0.028818986626483332,0.9053254437869822,0.6634571919356297,0.0464243739264081,0.0,0.07172416713541102,0.06,0.08,0.02,0.72,0.1,0.0,0.85,0.0,0.0
LTT without hierarchy,2023,0.028818986626483332,0.9053254437869822,0.6634571919356297,0.0464243739264081,0.0,0.07172416713541102,0.06,0.08,0.02,0.72,0.1,0.9,0.0,0.0,0.0
LTT without hierarchy,2023,0.028818986626483332,0.9053254437869822,0.6634571919356297,0.0464243739264081,0.0,0.07172416713541102,0.06,0.08,0.02,0.72,0.1,0.9,0.85,0.0,0.0
LTT without hierarchy,2023,0.028818986626483332,0.9053254437869822,0.6634571919356297,0.0464243739264081,0.0,0.07172416713541102,0.06,0.08,0.02,0.73,0.1,0.0,0.0,0.0,0.0
LTT without hierarchy,2023,0.028818986626483332,0.9053254437869822,0.6634571919356297,0.0464243739264081,0.0,0.07172416713541102,0.06,0.08,0.02,0.73,0.1,0.0,0.85,0.0,0.0
LTT without hierarchy,2023,0.028818986626483332,0.9053254437869822,0.6634571919356297,0.0464243739264081,0.0,0.07172416713541102,0.06,0.08,0.02,0.73,0.1,0.9,0.0,0.0,0.0
LTT without hierarchy,2023,0.028818986626483332,0.9053254437869822,0.6634571919356297,0.0464243739264081,0.0,0.07172416713541102,0.06,0.08,0.02,0.73,0.1,0.9,0.85,0.0,0.0
LTT without hierarchy,2023,0.028818986626483332,0.9053254437869822,0.6634571919356297,0.0464243739264081,0.0,0.07172416713541102,0.06,0.08,0.02,0.74,0.1,0.0,0.0,0.0,0.0
LTT without hierarchy,2023,0.028818986626483332,0.9053254437869822,0.6634571919356297,0.0464243739264081,0.0,0.07172416713541102,0.06,0.08,0.02,0.74,0.1,0.0,0.85,0.0,0.0
LTT without hierarchy,2023,0.028818986626483332,0.9053254437869822,0.6634571919356297,0.0464243739264081,0.0,0.07172416713541102,0.06,0.08,0.02,0.74,0.1,0.9,0.0,0.0,0.0
LTT without hierarchy,2023,0.028818986626483332,0.9053254437869822,0.6634571919356297,0.0464243739264081,0.0,0.07172416713541102,0.06,0.08,0.02,0.74,0.1,0.9,0.85,0.0,0.0
LTT without hierarchy,2023,0.028818986626483332,0.9053254437869822,0.6634571919356297,0.0464243739264081,0.0,0.07172416713541102,0.06,0.08,0.02,0.746,0.1,0.0,0.0,0.0,0.0
LTT without hierarchy,2023,0.028818986626483332,0.9053254437869822,0.6634571919356297,0.0464243739264081,0.0,0.07172416713541102,0.06,0.08,0.02,0.746,0.1,0.0,0.85,0.0,0.0
LTT without hierarchy,2023,0.028818986626483332,0.9053254437869822,0.6634571919356297,0.0464243739264081,0.0,0.07172416713541102,0.06,0.08,0.02,0.746,0.1,0.9,0.0,0.0,0.0
LTT without hierarchy,2023,0.028818986626483332,0.9053254437869822,0.6634571919356297,0.0464243739264081,0.0,0.07172416713541102,0.06,0.08,0.02,0.746,0.1,0.9,0.85,0.0,0.0
LTT without hierarchy,2023,0.028818986626483332,0.9053254437869822,0.6634571919356297,0.0464243739264081,0.0,0.07172416713541102,0.06,0.08,0.02,0.75,0.1,0.0,0.0,0.0,0.0
LTT without hierarchy,2023,0.028818986626483332,0.9053254437869822,0.6634571919356297,0.0464243739264081,0.0,0.07172416713541102,0.06,0.08,0.02,0.75,0.1,0.0,0.85,0.0,0.0
LTT without hierarchy,2023,0.028818986626483332,0.9053254437869822,0.6634571919356297,0.0464243739264081,0.0,0.07172416713541102,0.06,0.08,0.02,0.75,0.1,0.9,0.0,0.0,0.0
LTT without hierarchy,2023,0.028818986626483332,0.9053254437869822,0.6634571919356297,0.0464243739264081,0.0,0.07172416713541102,0.06,0.08,0.02,0.75,0.1,0.9,0.85,0.0,0.0
LTT without hierarchy,2023,0.028818986626483332,0.9053254437869822,0.6634571919356297,0.0464243739264081,0.0,0.07172416713541102,0.06,0.08,0.04,0.0,0.1,0.0,0.0,0.0,0.0
LTT without hierarchy,2023,0.028818986626483332,0.9053254437869822,0.6634571919356297,0.0464243739264081,0.0,0.07172416713541102,0.06,0.08,0.04,0.0,0.1,0.0,0.85,0.0,0.0
LTT without hierarchy,2023,0.028818986626483332,0.9053254437869822,0.6634571919356297,0.0464243739264081,0.0,0.07172416713541102,0.06,0.08,0.04,0.0,0.1,0.9,0.0,0.0,0.0
LTT without hierarchy,2023,0.028818986626483332,0.9053254437869822,0.6634571919356297,0.0464243739264081,0.0,0.07172416713541102,0.06,0.08,0.04,0.0,0.1,0.9,0.85,0.0,0.0
LTT without hierarchy,2023,0.028818986626483332,0.9053254437869822,0.6634571919356297,0.0464243739264081,0.0,0.07172416713541102,0.06,0.08,0.04,0.7,0.1,0.0,0.0,0.0,0.0
LTT without hierarchy,2023,0.028818986626483332,0.9053254437869822,0.6634571919356297,0.0464243739264081,0.0,0.07172416713541102,0.06,0.08,0.04,0.7,0.1,0.0,0.85,0.0,0.0
LTT without hierarchy,2023,0.028818986626483332,0.9053254437869822,0.6634571919356297,0.0464243739264081,0.0,0.07172416713541102,0.06,0.08,0.04,0.7,0.1,0.9,0.0,0.0,0.0
LTT without hierarchy,2023,0.028818986626483332,0.9053254437869822,0.6634571919356297,0.0464243739264081,0.0,0.07172416713541102,0.06,0.08,0.04,0.7,0.1,0.9,0.85,0.0,0.0
LTT without hierarchy,2023,0.028818986626483332,0.9053254437869822,0.6634571919356297,0.0464243739264081,0.0,0.07172416713541102,0.06,0.08,0.04,0.72,0.1,0.0,0.0,0.0,0.0
LTT without hierarchy,2023,0.028818986626483332,0.9053254437869822,0.6634571919356297,0.0464243739264081,0.0,0.07172416713541102,0.06,0.08,0.04,0.72,0.1,0.0,0.85,0.0,0.0
LTT without hierarchy,2023,0.028818986626483332,0.9053254437869822,0.6634571919356297,0.0464243739264081,0.0,0.07172416713541102,0.06,0.08,0.04,0.72,0.1,0.9,0.0,0.0,0.0
LTT without hierarchy,2023,0.028818986626483332,0.9053254437869822,0.6634571919356297,0.0464243739264081,0.0,0.07172416713541102,0.06,0.08,0.04,0.72,0.1,0.9,0.85,0.0,0.0
LTT without hierarchy,2023,0.028818986626483332,0.9053254437869822,0.6634571919356297,0.0464243739264081,0.0,0.07172416713541102,0.06,0.08,0.04,0.73,0.1,0.0,0.0,0.0,0.0
LTT without hierarchy,2023,0.028818986626483332,0.9053254437869822,0.6634571919356297,0.0464243739264081,0.0,0.07172416713541102,0.06,0.08,0.04,0.73,0.1,0.0,0.85,0.0,0.0
LTT without hierarchy,2023,0.028818986626483332,0.9053254437869822,0.6634571919356297,0.0464243739264081,0.0,0.07172416713541102,0.06,0.08,0.04,0.73,0.1,0.9,0.0,0.0,0.0
LTT without hierarchy,2023,0.028818986626483332,0.9053254437869822,0.6634571919356297,0.0464243739264081,0.0,0.07172416713541102,0.06,0.08,0.04,0.73,0.1,0.9,0.85,0.0,0.0
LTT without hierarchy,2023,0.028818986626483332,0.9053254437869822,0.6634571919356297,0.0464243739264081,0.0,0.07172416713541102,0.06,0.08,0.04,0.74,0.1,0.0,0.0,0.0,0.0
LTT without hierarchy,2023,0.028818986626483332,0.9053254437869822,0.6634571919356297,0.0464243739264081,0.0,0.07172416713541102,0.06,0.08,0.04,0.74,0.1,0.0,0.85,0.0,0.0
LTT without hierarchy,2023,0.028818986626483332,0.9053254437869822,0.6634571919356297,0.0464243739264081,0.0,0.07172416713541102,0.06,0.08,0.04,0.74,0.1,0.9,0.0,0.0,0.0
LTT without hierarchy,2023,0.028818986626483332,0.9053254437869822,0.6634571919356297,0.0464243739264081,0.0,0.07172416713541102,0.06,0.08,0.04,0.74,0.1,0.9,0.85,0.0,0.0
LTT without hierarchy,2023,0.028818986626483332,0.9053254437869822,0.6634571919356297,0.0464243739264081,0.0,0.07172416713541102,0.06,0.08,0.04,0.746,0.1,0.0,0.0,0.0,0.0
LTT without hierarchy,2023,0.028818986626483332,0.9053254437869822,0.6634571919356297,0.0464243739264081,0.0,0.07172416713541102,0.06,0.08,0.04,0.746,0.1,0.0,0.85,0.0,0.0
LTT without hierarchy,2023,0.028818986626483332,0.9053254437869822,0.6634571919356297,0.0464243739264081,0.0,0.07172416713541102,0.06,0.08,0.04,0.746,0.1,0.9,0.0,0.0,0.0
LTT without hierarchy,2023,0.028818986626483332,0.9053254437869822,0.6634571919356297,0.0464243739264081,0.0,0.07172416713541102,0.06,0.08,0.04,0.746,0.1,0.9,0.85,0.0,0.0
LTT without hierarchy,2023,0.028818986626483332,0.9053254437869822,0.6634571919356297,0.0464243739264081,0.0,0.07172416713541102,0.06,0.08,0.04,0.75,0.1,0.0,0.0,0.0,0.0
LTT without hierarchy,2023,0.028818986626483332,0.9053254437869822,0.6634571919356297,0.0464243739264081,0.0,0.07172416713541102,0.06,0.08,0.04,0.75,0.1,0.0,0.85,0.0,0.0
LTT without hierarchy,2023,0.028818986626483332,0.9053254437869822,0.6634571919356297,0.0464243739264081,0.0,0.07172416713541102,0.06,0.08,0.04,0.75,0.1,0.9,0.0,0.0,0.0
LTT without hierarchy,2023,0.028818986626483332,0.9053254437869822,0.6634571919356297,0.0464243739264081,0.0,0.07172416713541102,0.06,0.08,0.04,0.75,0.1,0.9,0.85,0.0,0.0
LTT without hierarchy,2023,0.028818986626483332,0.9053254437869822,0.6634571919356297,0.0464243739264081,0.0,0.07172416713541102,0.08,0.08,0.0,0.0,0.1,0.0,0.85,0.0,0.0
LTT without hierarchy,2023,0.028818986626483332,0.9053254437869822,0.6634571919356297,0.0464243739264081,0.0,0.07172416713541102,0.08,0.08,0.0,0.0,0.1,0.9,0.85,0.0,0.0
LTT without hierarchy,2023,0.028818986626483332,0.9053254437869822,0.6634571919356297,0.0464243739264081,0.0,0.07172416713541102,0.08,0.08,0.0,0.7,0.1,0.0,0.85,0.0,0.0
LTT without hierarchy,2023,0.028818986626483332,0.9053254437869822,0.6634571919356297,0.0464243739264081,0.0,0.07172416713541102,0.08,0.08,0.0,0.7,0.1,0.9,0.85,0.0,0.0
LTT without hierarchy,2023,0.028818986626483332,0.9053254437869822,0.6634571919356297,0.0464243739264081,0.0,0.07172416713541102,0.08,0.08,0.0,0.72,0.1,0.0,0.85,0.0,0.0
LTT without hierarchy,2023,0.028818986626483332,0.9053254437869822,0.6634571919356297,0.0464243739264081,0.0,0.07172416713541102,0.08,0.08,0.0,0.72,0.1,0.9,0.85,0.0,0.0
LTT without hierarchy,2023,0.028818986626483332,0.9053254437869822,0.6634571919356297,0.0464243739264081,0.0,0.07172416713541102,0.08,0.08,0.0,0.73,0.1,0.0,0.85,0.0,0.0
LTT without hierarchy,2023,0.028818986626483332,0.9053254437869822,0.6634571919356297,0.0464243739264081,0.0,0.07172416713541102,0.08,0.08,0.0,0.73,0.1,0.9,0.85,0.0,0.0
LTT without hierarchy,2023,0.028818986626483332,0.9053254437869822,0.6634571919356297,0.0464243739264081,0.0,0.07172416713541102,0.08,0.08,0.0,0.74,0.1,0.0,0.85,0.0,0.0
LTT without hierarchy,2023,0.028818986626483332,0.9053254437869822,0.6634571919356297,0.0464243739264081,0.0,0.07172416713541102,0.08,0.08,0.0,0.74,0.1,0.9,0.85,0.0,0.0
LTT without hierarchy,2023,0.028818986626483332,0.9053254437869822,0.6634571919356297,0.0464243739264081,0.0,0.07172416713541102,0.08,0.08,0.0,0.746,0.1,0.0,0.85,0.0,0.0
LTT without hierarchy,2023,0.028818986626483332,0.9053254437869822,0.6634571919356297,0.0464243739264081,0.0,0.07172416713541102,0.08,0.08,0.0,0.746,0.1,0.9,0.85,0.0,0.0
LTT without hierarchy,2023,0.028818986626483332,0.9053254437869822,0.6634571919356297,0.0464243739264081,0.0,0.07172416713541102,0.08,0.08,0.0,0.75,0.1,0.0,0.85,0.0,0.0
LTT without hierarchy,2023,0.028818986626483332,0.9053254437869822,0.6634571919356297,0.0464243739264081,0.0,0.07172416713541102,0.08,0.08,0.0,0.75,0.1,0.9,0.85,0.0,0.0
LTT without hierarchy,2023,0.028818986626483332,0.9053254437869822,0.6634571919356297,0.0464243739264081,0.0,0.07172416713541102,0.08,0.08,0.02,0.0,0.1,0.0,0.85,0.0,0.0
LTT without hierarchy,2023,0.028818986626483332,0.9053254437869822,0.6634571919356297,0.0464243739264081,0.0,0.07172416713541102,0.08,0.08,0.02,0.0,0.1,0.9,0.85,0.0,0.0
LTT without hierarchy,2023,0.028818986626483332,0.9053254437869822,0.6634571919356297,0.0464243739264081,0.0,0.07172416713541102,0.08,0.08,0.02,0.7,0.1,0.0,0.85,0.0,0.0
LTT without hierarchy,2023,0.028818986626483332,0.9053254437869822,0.6634571919356297,0.0464243739264081,0.0,0.07172416713541102,0.08,0.08,0.02,0.7,0.1,0.9,0.85,0.0,0.0
LTT without hierarchy,2023,0.028818986626483332,0.9053254437869822,0.6634571919356297,0.0464243739264081,0.0,0.07172416713541102,0.08,0.08,0.02,0.72,0.1,0.0,0.85,0.0,0.0
LTT without hierarchy,2023,0.028818986626483332,0.9053254437869822,0.6634571919356297,0.0464243739264081,0.0,0.07172416713541102,0.08,0.08,0.02,0.72,0.1,0.9,0.85,0.0,0.0
LTT without hierarchy,2023,0.028818986626483332,0.9053254437869822,0.6634571919356297,0.0464243739264081,0.0,0.07172416713541102,0.08,0.08,0.02,0.73,0.1,0.0,0.85,0.0,0.0
LTT without hierarchy,2023,0.028818986626483332,0.9053254437869822,0.6634571919356297,0.0464243739264081,0.0,0.07172416713541102,0.08,0.08,0.02,0.73,0.1,0.9,0.85,0.0,0.0
LTT without hierarchy,2023,0.028818986626483332,0.9053254437869822,0.6634571919356297,0.0464243739264081,0.0,0.07172416713541102,0.08,0.08,0.02,0.74,0.1,0.0,0.85,0.0,0.0
LTT without hierarchy,2023,0.028818986626483332,0.9053254437869822,0.6634571919356297,0.0464243739264081,0.0,0.07172416713541102,0.08,0.08,0.02,0.74,0.1,0.9,0.85,0.0,0.0
LTT without hierarchy,2023,0.028818986626483332,0.9053254437869822,0.6634571919356297,0.0464243739264081,0.0,0.07172416713541102,0.08,0.08,0.02,0.746,0.1,0.0,0.85,0.0,0.0
LTT without hierarchy,2023,0.028818986626483332,0.9053254437869822,0.6634571919356297,0.0464243739264081,0.0,0.07172416713541102,0.08,0.08,0.02,0.746,0.1,0.9,0.85,0.0,0.0
LTT without hierarchy,2023,0.028818986626483332,0.9053254437869822,0.6634571919356297,0.0464243739264081,0.0,0.07172416713541102,0.08,0.08,0.02,0.75,0.1,0.0,0.85,0.0,0.0
LTT without hierarchy,2023,0.028818986626483332,0.9053254437869822,0.6634571919356297,0.0464243739264081,0.0,0.07172416713541102,0.08,0.08,0.02,0.75,0.1,0.9,0.85,0.0,0.0
LTT without hierarchy,2023,0.028818986626483332,0.9053254437869822,0.6634571919356297,0.0464243739264081,0.0,0.07172416713541102,0.08,0.08,0.04,0.0,0.1,0.0,0.85,0.0,0.0
LTT without hierarchy,2023,0.028818986626483332,0.9053254437869822,0.6634571919356297,0.0464243739264081,0.0,0.07172416713541102,0.08,0.08,0.04,0.0,0.1,0.9,0.85,0.0,0.0
LTT without hierarchy,2023,0.028818986626483332,0.9053254437869822,0.6634571919356297,0.0464243739264081,0.0,0.07172416713541102,0.08,0.08,0.04,0.7,0.1,0.0,0.85,0.0,0.0
LTT without hierarchy,2023,0.028818986626483332,0.9053254437869822,0.6634571919356297,0.0464243739264081,0.0,0.07172416713541102,0.08,0.08,0.04,0.7,0.1,0.9,0.85,0.0,0.0
LTT without hierarchy,2023,0.028818986626483332,0.9053254437869822,0.6634571919356297,0.0464243739264081,0.0,0.07172416713541102,0.08,0.08,0.04,0.72,0.1,0.0,0.85,0.0,0.0
LTT without hierarchy,2023,0.028818986626483332,0.9053254437869822,0.6634571919356297,0.0464243739264081,0.0,0.07172416713541102,0.08,0.08,0.04,0.72,0.1,0.9,0.85,0.0,0.0
LTT without hierarchy,2023,0.028818986626483332,0.9053254437869822,0.6634571919356297,0.0464243739264081,0.0,0.07172416713541102,0.08,0.08,0.04,0.73,0.1,0.0,0.85,0.0,0.0
LTT without hierarchy,2023,0.028818986626483332,0.9053254437869822,0.6634571919356297,0.0464243739264081,0.0,0.07172416713541102,0.08,0.08,0.04,0.73,0.1,0.9,0.85,0.0,0.0
LTT without hierarchy,2023,0.028818986626483332,0.9053254437869822,0.6634571919356297,0.0464243739264081,0.0,0.07172416713541102,0.08,0.08,0.04,0.74,0.1,0.0,0.85,0.0,0.0
LTT without hierarchy,2023,0.028818986626483332,0.9053254437869822,0.6634571919356297,0.0464243739264081,0.0,0.07172416713541102,0.08,0.08,0.04,0.74,0.1,0.9,0.85,0.0,0.0
LTT without hierarchy,2023,0.028818986626483332,0.9053254437869822,0.6634571919356297,0.0464243739264081,0.0,0.07172416713541102,0.08,0.08,0.04,0.746,0.1,0.0,0.85,0.0,0.0
LTT without hierarchy,2023,0.028818986626483332,0.9053254437869822,0.6634571919356297,0.0464243739264081,0.0,0.07172416713541102,0.08,0.08,0.04,0.746,0.1,0.9,0.85,0.0,0.0
LTT without hierarchy,2023,0.028818986626483332,0.9053254437869822,0.6634571919356297,0.0464243739264081,0.0,0.07172416713541102,0.08,0.08,0.04,0.75,0.1,0.0,0.85,0.0,0.0
LTT without hierarchy,2023,0.028818986626483332,0.9053254437869822,0.6634571919356297,0.0464243739264081,0.0,0.07172416713541102,0.08,0.08,0.04,0.75,0.1,0.9,0.85,0.0,0.0
LTT without hierarchy,2023,0.028818986626483332,0.9053254437869822,0.6634571919356297,0.0464243739264081,0.0,0.07172416713541102,0.1,0.08,0.0,0.0,0.1,0.0,0.85,0.0,0.0
LTT without hierarchy,2023,0.028818986626483332,0.9053254437869822,0.6634571919356297,0.0464243739264081,0.0,0.07172416713541102,0.1,0.08,0.0,0.0,0.1,0.9,0.85,0.0,0.0
LTT without hierarchy,2023,0.028818986626483332,0.9053254437869822,0.6634571919356297,0.0464243739264081,0.0,0.07172416713541102,0.1,0.08,0.0,0.7,0.1,0.0,0.85,0.0,0.0
LTT without hierarchy,2023,0.028818986626483332,0.9053254437869822,0.6634571919356297,0.0464243739264081,0.0,0.07172416713541102,0.1,0.08,0.0,0.7,0.1,0.9,0.85,0.0,0.0
LTT without hierarchy,2023,0.028818986626483332,0.9053254437869822,0.6634571919356297,0.0464243739264081,0.0,0.07172416713541102,0.1,0.08,0.0,0.72,0.1,0.0,0.85,0.0,0.0
LTT without hierarchy,2023,0.028818986626483332,0.9053254437869822,0.6634571919356297,0.0464243739264081,0.0,0.07172416713541102,0.1,0.08,0.0,0.72,0.1,0.9,0.85,0.0,0.0
LTT without hierarchy,2023,0.028818986626483332,0.9053254437869822,0.6634571919356297,0.0464243739264081,0.0,0.07172416713541102,0.1,0.08,0.0,0.73,0.1,0.0,0.85,0.0,0.0
LTT without hierarchy,2023,0.028818986626483332,0.9053254437869822,0.6634571919356297,0.0464243739264081,0.0,0.07172416713541102,0.1,0.08,0.0,0.73,0.1,0.9,0.85,0.0,0.0
LTT without hierarchy,2023,0.028818986626483332,0.9053254437869822,0.6634571919356297,0.0464243739264081,0.0,0.07172416713541102,0.1,0.08,0.0,0.74,0.1,0.0,0.85,0.0,0.0
LTT without hierarchy,2023,0.028818986626483332,0.9053254437869822,0.6634571919356297,0.0464243739264081,0.0,0.07172416713541102,0.1,0.08,0.0,0.74,0.1,0.9,0.85,0.0,0.0
LTT without hierarchy,2023,0.028818986626483332,0.9053254437869822,0.6634571919356297,0.0464243739264081,0.0,0.07172416713541102,0.1,0.08,0.0,0.746,0.1,0.0,0.85,0.0,0.0
LTT without hierarchy,2023,0.028818986626483332,0.9053254437869822,0.6634571919356297,0.0464243739264081,0.0,0.07172416713541102,0.1,0.08,0.0,0.746,0.1,0.9,0.85,0.0,0.0
LTT without hierarchy,2023,0.028818986626483332,0.9053254437869822,0.6634571919356297,0.0464243739264081,0.0,0.07172416713541102,0.1,0.08,0.0,0.75,0.1,0.0,0.85,0.0,0.0
LTT without hierarchy,2023,0.028818986626483332,0.9053254437869822,0.6634571919356297,0.0464243739264081,0.0,0.07172416713541102,0.1,0.08,0.0,0.75,0.1,0.9,0.85,0.0,0.0
LTT without hierarchy,2023,0.028818986626483332,0.9053254437869822,0.6634571919356297,0.0464243739264081,0.0,0.07172416713541102,0.1,0.08,0.02,0.0,0.1,0.0,0.85,0.0,0.0
LTT without hierarchy,2023,0.028818986626483332,0.9053254437869822,0.6634571919356297,0.0464243739264081,0.0,0.07172416713541102,0.1,0.08,0.02,0.0,0.1,0.9,0.85,0.0,0.0
LTT without hierarchy,2023,0.028818986626483332,0.9053254437869822,0.6634571919356297,0.0464243739264081,0.0,0.07172416713541102,0.1,0.08,0.02,0.7,0.1,0.0,0.85,0.0,0.0
LTT without hierarchy,2023,0.028818986626483332,0.9053254437869822,0.6634571919356297,0.0464243739264081,0.0,0.07172416713541102,0.1,0.08,0.02,0.7,0.1,0.9,0.85,0.0,0.0
LTT without hierarchy,2023,0.028818986626483332,0.9053254437869822,0.6634571919356297,0.0464243739264081,0.0,0.07172416713541102,0.1,0.08,0.02,0.72,0.1,0.0,0.85,0.0,0.0
LTT without hierarchy,2023,0.028818986626483332,0.9053254437869822,0.6634571919356297,0.0464243739264081,0.0,0.07172416713541102,0.1,0.08,0.02,0.72,0.1,0.9,0.85,0.0,0.0
LTT without hierarchy,2023,0.028818986626483332,0.9053254437869822,0.6634571919356297,0.0464243739264081,0.0,0.07172416713541102,0.1,0.08,0.02,0.73,0.1,0.0,0.85,0.0,0.0
LTT without hierarchy,2023,0.028818986626483332,0.9053254437869822,0.6634571919356297,0.0464243739264081,0.0,0.07172416713541102,0.1,0.08,0.02,0.73,0.1,0.9,0.85,0.0,0.0
LTT without hierarchy,2023,0.028818986626483332,0.9053254437869822,0.6634571919356297,0.0464243739264081,0.0,0.07172416713541102,0.1,0.08,0.02,0.74,0.1,0.0,0.85,0.0,0.0
LTT without hierarchy,2023,0.028818986626483332,0.9053254437869822,0.6634571919356297,0.0464243739264081,0.0,0.07172416713541102,0.1,0.08,0.02,0.74,0.1,0.9,0.85,0.0,0.0
LTT without hierarchy,2023,0.028818986626483332,0.9053254437869822,0.6634571919356297,0.0464243739264081,0.0,0.07172416713541102,0.1,0.08,0.02,0.746,0.1,0.0,0.85,0.0,0.0
LTT without hierarchy,2023,0.028818986626483332,0.9053254437869822,0.6634571919356297,0.0464243739264081,0.0,0.07172416713541102,0.1,0.08,0.02,0.746,0.1,0.9,0.85,0.0,0.0
LTT without hierarchy,2023,0.028818986626483332,0.9053254437869822,0.6634571919356297,0.0464243739264081,0.0,0.07172416713541102,0.1,0.08,0.02,0.75,0.1,0.0,0.85,0.0,0.0
LTT without hierarchy,2023,0.028818986626483332,0.9053254437869822,0.6634571919356297,0.0464243739264081,0.0,0.07172416713541102,0.1,0.08,0.02,0.75,0.1,0.9,0.85,0.0,0.0
LTT without hierarchy,2023,0.028818986626483332,0.9053254437869822,0.6634571919356297,0.0464243739264081,0.0,0.07172416713541102,0.1,0.08,0.04,0.0,0.1,0.0,0.85,0.0,0.0
LTT without hierarchy,2023,0.028818986626483332,0.9053254437869822,0.6634571919356297,0.0464243739264081,0.0,0.07172416713541102,0.1,0.08,0.04,0.0,0.1,0.9,0.85,0.0,0.0
LTT without hierarchy,2023,0.028818986626483332,0.9053254437869822,0.6634571919356297,0.0464243739264081,0.0,0.07172416713541102,0.1,0.08,0.04,0.7,0.1,0.0,0.85,0.0,0.0
LTT without hierarchy,2023,0.028818986626483332,0.9053254437869822,0.6634571919356297,0.0464243739264081,0.0,0.07172416713541102,0.1,0.08,0.04,0.7,0.1,0.9,0.85,0.0,0.0
LTT without hierarchy,2023,0.028818986626483332,0.9053254437869822,0.6634571919356297,0.0464243739264081,0.0,0.07172416713541102,0.1,0.08,0.04,0.72,0.1,0.0,0.85,0.0,0.0
LTT without hierarchy,2023,0.028818986626483332,0.9053254437869822,0.6634571919356297,0.0464243739264081,0.0,0.07172416713541102,0.1,0.08,0.04,0.72,0.1,0.9,0.85,0.0,0.0
LTT without hierarchy,2023,0.028818986626483332,0.9053254437869822,0.6634571919356297,0.0464243739264081,0.0,0.07172416713541102,0.1,0.08,0.04,0.73,0.1,0.0,0.85,0.0,0.0
LTT without hierarchy,2023,0.028818986626483332,0.9053254437869822,0.6634571919356297,0.0464243739264081,0.0,0.07172416713541102,0.1,0.08,0.04,0.73,0.1,0.9,0.85,0.0,0.0
LTT without hierarchy,2023,0.028818986626483332,0.9053254437869822,0.6634571919356297,0.0464243739264081,0.0,0.07172416713541102,0.1,0.08,0.04,0.74,0.1,0.0,0.85,0.0,0.0
LTT without hierarchy,2023,0.028818986626483332,0.9053254437869822,0.6634571919356297,0.0464243739264081,0.0,0.07172416713541102,0.1,0.08,0.04,0.74,0.1,0.9,0.85,0.0,0.0
LTT without hierarchy,2023,0.028818986626483332,0.9053254437869822,0.6634571919356297,0.0464243739264081,0.0,0.07172416713541102,0.1,0.08,0.04,0.746,0.1,0.0,0.85,0.0,0.0
LTT without hierarchy,2023,0.028818986626483332,0.9053254437869822,0.6634571919356297,0.0464243739264081,0.0,0.07172416713541102,0.1,0.08,0.04,0.746,0.1,0.9,0.85,0.0,0.0
LTT without hierarchy,2023,0.028818986626483332,0.9053254437869822,0.6634571919356297,0.0464243739264081,0.0,0.07172416713541102,0.1,0.08,0.04,0.75,0.1,0.0,0.85,0.0,0.0
LTT without hierarchy,2023,0.028818986626483332,0.9053254437869822,0.6634571919356297,0.0464243739264081,0.0,0.07172416713541102,0.1,0.08,0.04,0.75,0.1,0.9,0.85,0.0,0.0
LTT without hierarchy,2023,0.019401017140704465,0.9035087719298246,0.6609709791158123,0.04619835457915198,0.0,0.0713588599613199,0.08,0.04,0.0,0.0,0.1,0.0,0.0,0.0,0.0
LTT without hierarchy,2023,0.019401017140704465,0.9035087719298246,0.6609709791158123,0.04619835457915198,0.0,0.0713588599613199,0.08,0.04,0.0,0.0,0.1,0.9,0.0,0.0,0.0
LTT without hierarchy,2023,0.019401017140704465,0.9035087719298246,0.6886809510894133,0.05442545881927493,0.0,0.07975563858526685,0.08,0.04,0.0,0.0,0.12,0.0,0.0,0.0,0.0
LTT without hierarchy,2023,0.019401017140704465,0.9035087719298246,0.6886809510894133,0.05442545881927493,0.0,0.07975563858526685,0.08,0.04,0.0,0.0,0.12,0.9,0.0,0.0,0.0
LTT without hierarchy,2023,0.019401017140704465,0.9035087719298246,0.6609709791158123,0.04619835457915198,0.0,0.0713588599613199,0.08,0.04,0.0,0.7,0.1,0.0,0.0,0.0,0.0
LTT without hierarchy,2023,0.019401017140704465,0.9035087719298246,0.6609709791158123,0.04619835457915198,0.0,0.0713588599613199,0.08,0.04,0.0,0.7,0.1,0.9,0.0,0.0,0.0
LTT without hierarchy,2023,0.019401017140704465,0.9035087719298246,0.6886809510894133,0.05442545881927493,0.0,0.07975563858526685,0.08,0.04,0.0,0.7,0.12,0.0,0.0,0.0,0.0
LTT without hierarchy,2023,0.019401017140704465,0.9035087719298246,0.6886809510894133,0.05442545881927493,0.0,0.07975563858526685,0.08,0.04,0.0,0.7,0.12,0.9,0.0,0.0,0.0
LTT without hierarchy,2023,0.019401017140704465,0.9035087719298246,0.6609709791158123,0.04619835457915198,0.0,0.0713588599613199,0.08,0.04,0.0,0.72,0.1,0.0,0.0,0.0,0.0
LTT without hierarchy,2023,0.019401017140704465,0.9035087719298246,0.6609709791158123,0.04619835457915198,0.0,0.0713588599613199,0.08,0.04,0.0,0.72,0.1,0.9,0.0,0.0,0.0
LTT without hierarchy,2023,0.019401017140704465,0.9035087719298246,0.6886809510894133,0.05442545881927493,0.0,0.07975563858526685,0.08,0.04,0.0,0.72,0.12,0.0,0.0,0.0,0.0
LTT without hierarchy,2023,0.019401017140704465,0.9035087719298246,0.6886809510894133,0.05442545881927493,0.0,0.07975563858526685,0.08,0.04,0.0,0.72,0.12,0.9,0.0,0.0,0.0
LTT without hierarchy,2023,0.019401017140704465,0.9035087719298246,0.6609709791158123,0.04619835457915198,0.0,0.0713588599613199,0.08,0.04,0.0,0.73,0.1,0.0,0.0,0.0,0.0
LTT without hierarchy,2023,0.019401017140704465,0.9035087719298246,0.6609709791158123,0.04619835457915198,0.0,0.0713588599613199,0.08,0.04,0.0,0.73,0.1,0.9,0.0,0.0,0.0
LTT without hierarchy,2023,0.019401017140704465,0.9035087719298246,0.6886809510894133,0.05442545881927493,0.0,0.07975563858526685,0.08,0.04,0.0,0.73,0.12,0.0,0.0,0.0,0.0
LTT without hierarchy,2023,0.019401017140704465,0.9035087719298246,0.6886809510894133,0.05442545881927493,0.0,0.07975563858526685,0.08,0.04,0.0,0.73,0.12,0.9,0.0,0.0,0.0
LTT without hierarchy,2023,0.019401017140704465,0.9035087719298246,0.6609709791158123,0.04619835457915198,0.0,0.0713588599613199,0.08,0.04,0.0,0.74,0.1,0.0,0.0,0.0,0.0
LTT without hierarchy,2023,0.019401017140704465,0.9035087719298246,0.6609709791158123,0.04619835457915198,0.0,0.0713588599613199,0.08,0.04,0.0,0.74,0.1,0.9,0.0,0.0,0.0
LTT without hierarchy,2023,0.019401017140704465,0.9035087719298246,0.6886809510894133,0.05442545881927493,0.0,0.07975563858526685,0.08,0.04,0.0,0.74,0.12,0.0,0.0,0.0,0.0
LTT without hierarchy,2023,0.019401017140704465,0.9035087719298246,0.6886809510894133,0.05442545881927493,0.0,0.07975563858526685,0.08,0.04,0.0,0.74,0.12,0.9,0.0,0.0,0.0
LTT without hierarchy,2023,0.019401017140704465,0.9035087719298246,0.6609709791158123,0.04619835457915198,0.0,0.0713588599613199,0.08,0.04,0.0,0.746,0.1,0.0,0.0,0.0,0.0
LTT without hierarchy,2023,0.019401017140704465,0.9035087719298246,0.6609709791158123,0.04619835457915198,0.0,0.0713588599613199,0.08,0.04,0.0,0.746,0.1,0.9,0.0,0.0,0.0
LTT without hierarchy,2023,0.019401017140704465,0.9035087719298246,0.6886809510894133,0.05442545881927493,0.0,0.07975563858526685,0.08,0.04,0.0,0.746,0.12,0.0,0.0,0.0,0.0
LTT without hierarchy,2023,0.019401017140704465,0.9035087719298246,0.6886809510894133,0.05442545881927493,0.0,0.07975563858526685,0.08,0.04,0.0,0.746,0.12,0.9,0.0,0.0,0.0
LTT without hierarchy,2023,0.019401017140704465,0.9035087719298246,0.6609709791158123,0.04619835457915198,0.0,0.0713588599613199,0.08,0.04,0.0,0.75,0.1,0.0,0.0,0.0,0.0
LTT without hierarchy,2023,0.019401017140704465,0.9035087719298246,0.6609709791158123,0.04619835457915198,0.0,0.0713588599613199,0.08,0.04,0.0,0.75,0.1,0.9,0.0,0.0,0.0
LTT without hierarchy,2023,0.019401017140704465,0.9035087719298246,0.6886809510894133,0.05442545881927493,0.0,0.07975563858526685,0.08,0.04,0.0,0.75,0.12,0.0,0.0,0.0,0.0
LTT without hierarchy,2023,0.019401017140704465,0.9035087719298246,0.6886809510894133,0.05442545881927493,0.0,0.07975563858526685,0.08,0.04,0.0,0.75,0.12,0.9,0.0,0.0,0.0
LTT without hierarchy,2023,0.019401017140704465,0.9035087719298246,0.6609709791158123,0.04619835457915198,0.0,0.0713588599613199,0.08,0.04,0.02,0.0,0.1,0.0,0.0,0.0,0.0
LTT without hierarchy,2023,0.019401017140704465,0.9035087719298246,0.6609709791158123,0.04619835457915198,0.0,0.0713588599613199,0.08,0.04,0.02,0.0,0.1,0.9,0.0,0.0,0.0
LTT without hierarchy,2023,0.019401017140704465,0.9035087719298246,0.6886809510894133,0.05442545881927493,0.0,0.07975563858526685,0.08,0.04,0.02,0.0,0.12,0.0,0.0,0.0,0.0
LTT without hierarchy,2023,0.019401017140704465,0.9035087719298246,0.6886809510894133,0.05442545881927493,0.0,0.07975563858526685,0.08,0.04,0.02,0.0,0.12,0.9,0.0,0.0,0.0
LTT without hierarchy,2023,0.019401017140704465,0.9035087719298246,0.6609709791158123,0.04619835457915198,0.0,0.0713588599613199,0.08,0.04,0.02,0.7,0.1,0.0,0.0,0.0,0.0
LTT without hierarchy,2023,0.019401017140704465,0.9035087719298246,0.6609709791158123,0.04619835457915198,0.0,0.0713588599613199,0.08,0.04,0.02,0.7,0.1,0.9,0.0,0.0,0.0
LTT without hierarchy,2023,0.019401017140704465,0.9035087719298246,0.6886809510894133,0.05442545881927493,0.0,0.07975563858526685,0.08,0.04,0.02,0.7,0.12,0.0,0.0,0.0,0.0
LTT without hierarchy,2023,0.019401017140704465,0.9035087719298246,0.6886809510894133,0.05442545881927493,0.0,0.07975563858526685,0.08,0.04,0.02,0.7,0.12,0.9,0.0,0.0,0.0
LTT without hierarchy,2023,0.019401017140704465,0.9035087719298246,0.6609709791158123,0.04619835457915198,0.0,0.0713588599613199,0.08,0.04,0.02,0.72,0.1,0.0,0.0,0.0,0.0
LTT without hierarchy,2023,0.019401017140704465,0.9035087719298246,0.6609709791158123,0.04619835457915198,0.0,0.0713588599613199,0.08,0.04,0.02,0.72,0.1,0.9,0.0,0.0,0.0
LTT without hierarchy,2023,0.019401017140704465,0.9035087719298246,0.6886809510894133,0.05442545881927493,0.0,0.07975563858526685,0.08,0.04,0.02,0.72,0.12,0.0,0.0,0.0,0.0
LTT without hierarchy,2023,0.019401017140704465,0.9035087719298246,0.6886809510894133,0.05442545881927493,0.0,0.07975563858526685,0.08,0.04,0.02,0.72,0.12,0.9,0.0,0.0,0.0
LTT without hierarchy,2023,0.019401017140704465,0.9035087719298246,0.6609709791158123,0.04619835457915198,0.0,0.0713588599613199,0.08,0.04,0.02,0.73,0.1,0.0,0.0,0.0,0.0
LTT without hierarchy,2023,0.019401017140704465,0.9035087719298246,0.6609709791158123,0.04619835457915198,0.0,0.0713588599613199,0.08,0.04,0.02,0.73,0.1,0.9,0.0,0.0,0.0
LTT without hierarchy,2023,0.019401017140704465,0.9035087719298246,0.6886809510894133,0.05442545881927493,0.0,0.07975563858526685,0.08,0.04,0.02,0.73,0.12,0.0,0.0,0.0,0.0
LTT without hierarchy,2023,0.019401017140704465,0.9035087719298246,0.6886809510894133,0.05442545881927493,0.0,0.07975563858526685,0.08,0.04,0.02,0.73,0.12,0.9,0.0,0.0,0.0
LTT without hierarchy,2023,0.019401017140704465,0.9035087719298246,0.6609709791158123,0.04619835457915198,0.0,0.0713588599613199,0.08,0.04,0.02,0.74,0.1,0.0,0.0,0.0,0.0
LTT without hierarchy,2023,0.019401017140704465,0.9035087719298246,0.6609709791158123,0.04619835457915198,0.0,0.0713588599613199,0.08,0.04,0.02,0.74,0.1,0.9,0.0,0.0,0.0
LTT without hierarchy,2023,0.019401017140704465,0.9035087719298246,0.6886809510894133,0.05442545881927493,0.0,0.07975563858526685,0.08,0.04,0.02,0.74,0.12,0.0,0.0,0.0,0.0
LTT without hierarchy,2023,0.019401017140704465,0.9035087719298246,0.6886809510894133,0.05442545881927493,0.0,0.07975563858526685,0.08,0.04,0.02,0.74,0.12,0.9,0.0,0.0,0.0
LTT without hierarchy,2023,0.019401017140704465,0.9035087719298246,0.6609709791158123,0.04619835457915198,0.0,0.0713588599613199,0.08,0.04,0.02,0.746,0.1,0.0,0.0,0.0,0.0
LTT without hierarchy,2023,0.019401017140704465,0.9035087719298246,0.6609709791158123,0.04619835457915198,0.0,0.0713588599613199,0.08,0.04,0.02,0.746,0.1,0.9,0.0,0.0,0.0
LTT without hierarchy,2023,0.019401017140704465,0.9035087719298246,0.6886809510894133,0.05442545881927493,0.0,0.07975563858526685,0.08,0.04,0.02,0.746,0.12,0.0,0.0,0.0,0.0
LTT without hierarchy,2023,0.019401017140704465,0.9035087719298246,0.6886809510894133,0.05442545881927493,0.0,0.07975563858526685,0.08,0.04,0.02,0.746,0.12,0.9,0.0,0.0,0.0
LTT without hierarchy,2023,0.019401017140704465,0.9035087719298246,0.6609709791158123,0.04619835457915198,0.0,0.0713588599613199,0.08,0.04,0.02,0.75,0.1,0.0,0.0,0.0,0.0
LTT without hierarchy,2023,0.019401017140704465,0.9035087719298246,0.6609709791158123,0.04619835457915198,0.0,0.0713588599613199,0.08,0.04,0.02,0.75,0.1,0.9,0.0,0.0,0.0
LTT without hierarchy,2023,0.019401017140704465,0.9035087719298246,0.6886809510894133,0.05442545881927493,0.0,0.07975563858526685,0.08,0.04,0.02,0.75,0.12,0.0,0.0,0.0,0.0
LTT without hierarchy,2023,0.019401017140704465,0.9035087719298246,0.6886809510894133,0.05442545881927493,0.0,0.07975563858526685,0.08,0.04,0.02,0.75,0.12,0.9,0.0,0.0,0.0
LTT without hierarchy,2023,0.019401017140704465,0.9035087719298246,0.6609709791158123,0.04619835457915198,0.0,0.0713588599613199,0.08,0.04,0.04,0.0,0.1,0.0,0.0,0.0,0.0
LTT without hierarchy,2023,0.019401017140704465,0.9035087719298246,0.6609709791158123,0.04619835457915198,0.0,0.0713588599613199,0.08,0.04,0.04,0.0,0.1,0.9,0.0,0.0,0.0
LTT without hierarchy,2023,0.019401017140704465,0.9035087719298246,0.6886809510894133,0.05442545881927493,0.0,0.07975563858526685,0.08,0.04,0.04,0.0,0.12,0.0,0.0,0.0,0.0
LTT without hierarchy,2023,0.019401017140704465,0.9035087719298246,0.6886809510894133,0.05442545881927493,0.0,0.07975563858526685,0.08,0.04,0.04,0.0,0.12,0.9,0.0,0.0,0.0
LTT without hierarchy,2023,0.019401017140704465,0.9035087719298246,0.6609709791158123,0.04619835457915198,0.0,0.0713588599613199,0.08,0.04,0.04,0.7,0.1,0.0,0.0,0.0,0.0
LTT without hierarchy,2023,0.019401017140704465,0.9035087719298246,0.6609709791158123,0.04619835457915198,0.0,0.0713588599613199,0.08,0.04,0.04,0.7,0.1,0.9,0.0,0.0,0.0
LTT without hierarchy,2023,0.019401017140704465,0.9035087719298246,0.6886809510894133,0.05442545881927493,0.0,0.07975563858526685,0.08,0.04,0.04,0.7,0.12,0.0,0.0,0.0,0.0
LTT without hierarchy,2023,0.019401017140704465,0.9035087719298246,0.6886809510894133,0.05442545881927493,0.0,0.07975563858526685,0.08,0.04,0.04,0.7,0.12,0.9,0.0,0.0,0.0
LTT without hierarchy,2023,0.019401017140704465,0.9035087719298246,0.6609709791158123,0.04619835457915198,0.0,0.0713588599613199,0.08,0.04,0.04,0.72,0.1,0.0,0.0,0.0,0.0
LTT without hierarchy,2023,0.019401017140704465,0.9035087719298246,0.6609709791158123,0.04619835457915198,0.0,0.0713588599613199,0.08,0.04,0.04,0.72,0.1,0.9,0.0,0.0,0.0
LTT without hierarchy,2023,0.019401017140704465,0.9035087719298246,0.6886809510894133,0.05442545881927493,0.0,0.07975563858526685,0.08,0.04,0.04,0.72,0.12,0.0,0.0,0.0,0.0
LTT without hierarchy,2023,0.019401017140704465,0.9035087719298246,0.6886809510894133,0.05442545881927493,0.0,0.07975563858526685,0.08,0.04,0.04,0.72,0.12,0.9,0.0,0.0,0.0
LTT without hierarchy,2023,0.019401017140704465,0.9035087719298246,0.6609709791158123,0.04619835457915198,0.0,0.0713588599613199,0.08,0.04,0.04,0.73,0.1,0.0,0.0,0.0,0.0
LTT without hierarchy,2023,0.019401017140704465,0.9035087719298246,0.6609709791158123,0.04619835457915198,0.0,0.0713588599613199,0.08,0.04,0.04,0.73,0.1,0.9,0.0,0.0,0.0
LTT without hierarchy,2023,0.019401017140704465,0.9035087719298246,0.6886809510894133,0.05442545881927493,0.0,0.07975563858526685,0.08,0.04,0.04,0.73,0.12,0.0,0.0,0.0,0.0
LTT without hierarchy,2023,0.019401017140704465,0.9035087719298246,0.6886809510894133,0.05442545881927493,0.0,0.07975563858526685,0.08,0.04,0.04,0.73,0.12,0.9,0.0,0.0,0.0
LTT without hierarchy,2023,0.019401017140704465,0.9035087719298246,0.6609709791158123,0.04619835457915198,0.0,0.0713588599613199,0.08,0.04,0.04,0.74,0.1,0.0,0.0,0.0,0.0
LTT without hierarchy,2023,0.019401017140704465,0.9035087719298246,0.6609709791158123,0.04619835457915198,0.0,0.0713588599613199,0.08,0.04,0.04,0.74,0.1,0.9,0.0,0.0,0.0
LTT without hierarchy,2023,0.019401017140704465,0.9035087719298246,0.6886809510894133,0.05442545881927493,0.0,0.07975563858526685,0.08,0.04,0.04,0.74,0.12,0.0,0.0,0.0,0.0
LTT without hierarchy,2023,0.019401017140704465,0.9035087719298246,0.6886809510894133,0.05442545881927493,0.0,0.07975563858526685,0.08,0.04,0.04,0.74,0.12,0.9,0.0,0.0,0.0
LTT without hierarchy,2023,0.019401017140704465,0.9035087719298246,0.6609709791158123,0.04619835457915198,0.0,0.0713588599613199,0.08,0.04,0.04,0.746,0.1,0.0,0.0,0.0,0.0
LTT without hierarchy,2023,0.019401017140704465,0.9035087719298246,0.6609709791158123,0.04619835457915198,0.0,0.0713588599613199,0.08,0.04,0.04,0.746,0.1,0.9,0.0,0.0,0.0
LTT without hierarchy,2023,0.019401017140704465,0.9035087719298246,0.6886809510894133,0.05442545881927493,0.0,0.07975563858526685,0.08,0.04,0.04,0.746,0.12,0.0,0.0,0.0,0.0
LTT without hierarchy,2023,0.019401017140704465,0.9035087719298246,0.6886809510894133,0.05442545881927493,0.0,0.07975563858526685,0.08,0.04,0.04,0.746,0.12,0.9,0.0,0.0,0.0
LTT without hierarchy,2023,0.019401017140704465,0.9035087719298246,0.6609709791158123,0.04619835457915198,0.0,0.0713588599613199,0.08,0.04,0.04,0.75,0.1,0.0,0.0,0.0,0.0
LTT without hierarchy,2023,0.019401017140704465,0.9035087719298246,0.6609709791158123,0.04619835457915198,0.0,0.0713588599613199,0.08,0.04,0.04,0.75,0.1,0.9,0.0,0.0,0.0
LTT without hierarchy,2023,0.019401017140704465,0.9035087719298246,0.6886809510894133,0.05442545881927493,0.0,0.07975563858526685,0.08,0.04,0.04,0.75,0.12,0.0,0.0,0.0,0.0
LTT without hierarchy,2023,0.019401017140704465,0.9035087719298246,0.6886809510894133,0.05442545881927493,0.0,0.07975563858526685,0.08,0.04,0.04,0.75,0.12,0.9,0.0,0.0,0.0
LTT without hierarchy,2023,0.019401017140704465,0.9035087719298246,0.6609709791158123,0.04619835457915198,0.0,0.0713588599613199,0.08,0.06,0.0,0.0,0.1,0.0,0.0,0.0,0.0
LTT without hierarchy,2023,0.019401017140704465,0.9035087719298246,0.6609709791158123,0.04619835457915198,0.0,0.0713588599613199,0.08,0.06,0.0,0.0,0.1,0.9,0.0,0.0,0.0
LTT without hierarchy,2023,0.019401017140704465,0.9035087719298246,0.6886809510894133,0.05442545881927493,0.0,0.07975563858526685,0.08,0.06,0.0,0.0,0.12,0.0,0.0,0.0,0.0
LTT without hierarchy,2023,0.019401017140704465,0.9035087719298246,0.6886809510894133,0.05442545881927493,0.0,0.07975563858526685,0.08,0.06,0.0,0.0,0.12,0.9,0.0,0.0,0.0
LTT without hierarchy,2023,0.019401017140704465,0.9035087719298246,0.6609709791158123,0.04619835457915198,0.0,0.0713588599613199,0.08,0.06,0.0,0.7,0.1,0.0,0.0,0.0,0.0
LTT without hierarchy,2023,0.019401017140704465,0.9035087719298246,0.6609709791158123,0.04619835457915198,0.0,0.0713588599613199,0.08,0.06,0.0,0.7,0.1,0.9,0.0,0.0,0.0
LTT without hierarchy,2023,0.019401017140704465,0.9035087719298246,0.6886809510894133,0.05442545881927493,0.0,0.07975563858526685,0.08,0.06,0.0,0.7,0.12,0.0,0.0,0.0,0.0
LTT without hierarchy,2023,0.019401017140704465,0.9035087719298246,0.6886809510894133,0.05442545881927493,0.0,0.07975563858526685,0.08,0.06,0.0,0.7,0.12,0.9,0.0,0.0,0.0
LTT without hierarchy,2023,0.019401017140704465,0.9035087719298246,0.6609709791158123,0.04619835457915198,0.0,0.0713588599613199,0.08,0.06,0.0,0.72,0.1,0.0,0.0,0.0,0.0
LTT without hierarchy,2023,0.019401017140704465,0.9035087719298246,0.6609709791158123,0.04619835457915198,0.0,0.0713588599613199,0.08,0.06,0.0,0.72,0.1,0.9,0.0,0.0,0.0
LTT without hierarchy,2023,0.019401017140704465,0.9035087719298246,0.6886809510894133,0.05442545881927493,0.0,0.07975563858526685,0.08,0.06,0.0,0.72,0.12,0.0,0.0,0.0,0.0
LTT without hierarchy,2023,0.019401017140704465,0.9035087719298246,0.6886809510894133,0.05442545881927493,0.0,0.07975563858526685,0.08,0.06,0.0,0.72,0.12,0.9,0.0,0.0,0.0
LTT without hierarchy,2023,0.019401017140704465,0.9035087719298246,0.6609709791158123,0.04619835457915198,0.0,0.0713588599613199,0.08,0.06,0.0,0.73,0.1,0.0,0.0,0.0,0.0
LTT without hierarchy,2023,0.019401017140704465,0.9035087719298246,0.6609709791158123,0.04619835457915198,0.0,0.0713588599613199,0.08,0.06,0.0,0.73,0.1,0.9,0.0,0.0,0.0
LTT without hierarchy,2023,0.019401017140704465,0.9035087719298246,0.6886809510894133,0.05442545881927493,0.0,0.07975563858526685,0.08,0.06,0.0,0.73,0.12,0.0,0.0,0.0,0.0
LTT without hierarchy,2023,0.019401017140704465,0.9035087719298246,0.6886809510894133,0.05442545881927493,0.0,0.07975563858526685,0.08,0.06,0.0,0.73,0.12,0.9,0.0,0.0,0.0
LTT without hierarchy,2023,0.019401017140704465,0.9035087719298246,0.6609709791158123,0.04619835457915198,0.0,0.0713588599613199,0.08,0.06,0.0,0.74,0.1,0.0,0.0,0.0,0.0
LTT without hierarchy,2023,0.019401017140704465,0.9035087719298246,0.6609709791158123,0.04619835457915198,0.0,0.0713588599613199,0.08,0.06,0.0,0.74,0.1,0.9,0.0,0.0,0.0
LTT without hierarchy,2023,0.019401017140704465,0.9035087719298246,0.6886809510894133,0.05442545881927493,0.0,0.07975563858526685,0.08,0.06,0.0,0.74,0.12,0.0,0.0,0.0,0.0
LTT without hierarchy,2023,0.019401017140704465,0.9035087719298246,0.6886809510894133,0.05442545881927493,0.0,0.07975563858526685,0.08,0.06,0.0,0.74,0.12,0.9,0.0,0.0,0.0
LTT without hierarchy,2023,0.019401017140704465,0.9035087719298246,0.6609709791158123,0.04619835457915198,0.0,0.0713588599613199,0.08,0.06,0.0,0.746,0.1,0.0,0.0,0.0,0.0
LTT without hierarchy,2023,0.019401017140704465,0.9035087719298246,0.6609709791158123,0.04619835457915198,0.0,0.0713588599613199,0.08,0.06,0.0,0.746,0.1,0.9,0.0,0.0,0.0
LTT without hierarchy,2023,0.019401017140704465,0.9035087719298246,0.6886809510894133,0.05442545881927493,0.0,0.07975563858526685,0.08,0.06,0.0,0.746,0.12,0.0,0.0,0.0,0.0
LTT without hierarchy,2023,0.019401017140704465,0.9035087719298246,0.6886809510894133,0.05442545881927493,0.0,0.07975563858526685,0.08,0.06,0.0,0.746,0.12,0.9,0.0,0.0,0.0
LTT without hierarchy,2023,0.019401017140704465,0.9035087719298246,0.6609709791158123,0.04619835457915198,0.0,0.0713588599613199,0.08,0.06,0.0,0.75,0.1,0.0,0.0,0.0,0.0
LTT without hierarchy,2023,0.019401017140704465,0.9035087719298246,0.6609709791158123,0.04619835457915198,0.0,0.0713588599613199,0.08,0.06,0.0,0.75,0.1,0.9,0.0,0.0,0.0
LTT without hierarchy,2023,0.019401017140704465,0.9035087719298246,0.6886809510894133,0.05442545881927493,0.0,0.07975563858526685,0.08,0.06,0.0,0.75,0.12,0.0,0.0,0.0,0.0
LTT without hierarchy,2023,0.019401017140704465,0.9035087719298246,0.6886809510894133,0.05442545881927493,0.0,0.07975563858526685,0.08,0.06,0.0,0.75,0.12,0.9,0.0,0.0,0.0
LTT without hierarchy,2023,0.019401017140704465,0.9035087719298246,0.6609709791158123,0.04619835457915198,0.0,0.0713588599613199,0.08,0.06,0.02,0.0,0.1,0.0,0.0,0.0,0.0
LTT without hierarchy,2023,0.019401017140704465,0.9035087719298246,0.6609709791158123,0.04619835457915198,0.0,0.0713588599613199,0.08,0.06,0.02,0.0,0.1,0.9,0.0,0.0,0.0
LTT without hierarchy,2023,0.019401017140704465,0.9035087719298246,0.6886809510894133,0.05442545881927493,0.0,0.07975563858526685,0.08,0.06,0.02,0.0,0.12,0.0,0.0,0.0,0.0
LTT without hierarchy,2023,0.019401017140704465,0.9035087719298246,0.6886809510894133,0.05442545881927493,0.0,0.07975563858526685,0.08,0.06,0.02,0.0,0.12,0.9,0.0,0.0,0.0
LTT without hierarchy,2023,0.019401017140704465,0.9035087719298246,0.6609709791158123,0.04619835457915198,0.0,0.0713588599613199,0.08,0.06,0.02,0.7,0.1,0.0,0.0,0.0,0.0
LTT without hierarchy,2023,0.019401017140704465,0.9035087719298246,0.6609709791158123,0.04619835457915198,0.0,0.0713588599613199,0.08,0.06,0.02,0.7,0.1,0.9,0.0,0.0,0.0
LTT without hierarchy,2023,0.019401017140704465,0.9035087719298246,0.6886809510894133,0.05442545881927493,0.0,0.07975563858526685,0.08,0.06,0.02,0.7,0.12,0.0,0.0,0.0,0.0
LTT without hierarchy,2023,0.019401017140704465,0.9035087719298246,0.6886809510894133,0.05442545881927493,0.0,0.07975563858526685,0.08,0.06,0.02,0.7,0.12,0.9,0.0,0.0,0.0
LTT without hierarchy,2023,0.019401017140704465,0.9035087719298246,0.6609709791158123,0.04619835457915198,0.0,0.0713588599613199,0.08,0.06,0.02,0.72,0.1,0.0,0.0,0.0,0.0
LTT without hierarchy,2023,0.019401017140704465,0.9035087719298246,0.6609709791158123,0.04619835457915198,0.0,0.0713588599613199,0.08,0.06,0.02,0.72,0.1,0.9,0.0,0.0,0.0
LTT without hierarchy,2023,0.019401017140704465,0.9035087719298246,0.6886809510894133,0.05442545881927493,0.0,0.07975563858526685,0.08,0.06,0.02,0.72,0.12,0.0,0.0,0.0,0.0
LTT without hierarchy,2023,0.019401017140704465,0.9035087719298246,0.6886809510894133,0.05442545881927493,0.0,0.07975563858526685,0.08,0.06,0.02,0.72,0.12,0.9,0.0,0.0,0.0
LTT without hierarchy,2023,0.019401017140704465,0.9035087719298246,0.6609709791158123,0.04619835457915198,0.0,0.0713588599613199,0.08,0.06,0.02,0.73,0.1,0.0,0.0,0.0,0.0
LTT without hierarchy,2023,0.019401017140704465,0.9035087719298246,0.6609709791158123,0.04619835457915198,0.0,0.0713588599613199,0.08,0.06,0.02,0.73,0.1,0.9,0.0,0.0,0.0
LTT without hierarchy,2023,0.019401017140704465,0.9035087719298246,0.6886809510894133,0.05442545881927493,0.0,0.07975563858526685,0.08,0.06,0.02,0.73,0.12,0.0,0.0,0.0,0.0
LTT without hierarchy,2023,0.019401017140704465,0.9035087719298246,0.6886809510894133,0.05442545881927493,0.0,0.07975563858526685,0.08,0.06,0.02,0.73,0.12,0.9,0.0,0.0,0.0
LTT without hierarchy,2023,0.019401017140704465,0.9035087719298246,0.6609709791158123,0.04619835457915198,0.0,0.0713588599613199,0.08,0.06,0.02,0.74,0.1,0.0,0.0,0.0,0.0
LTT without hierarchy,2023,0.019401017140704465,0.9035087719298246,0.6609709791158123,0.04619835457915198,0.0,0.0713588599613199,0.08,0.06,0.02,0.74,0.1,0.9,0.0,0.0,0.0
LTT without hierarchy,2023,0.019401017140704465,0.9035087719298246,0.6886809510894133,0.05442545881927493,0.0,0.07975563858526685,0.08,0.06,0.02,0.74,0.12,0.0,0.0,0.0,0.0
LTT without hierarchy,2023,0.019401017140704465,0.9035087719298246,0.6886809510894133,0.05442545881927493,0.0,0.07975563858526685,0.08,0.06,0.02,0.74,0.12,0.9,0.0,0.0,0.0
LTT without hierarchy,2023,0.019401017140704465,0.9035087719298246,0.6609709791158123,0.04619835457915198,0.0,0.0713588599613199,0.08,0.06,0.02,0.746,0.1,0.0,0.0,0.0,0.0
LTT without hierarchy,2023,0.019401017140704465,0.9035087719298246,0.6609709791158123,0.04619835457915198,0.0,0.0713588599613199,0.08,0.06,0.02,0.746,0.1,0.9,0.0,0.0,0.0
LTT without hierarchy,2023,0.019401017140704465,0.9035087719298246,0.6886809510894133,0.05442545881927493,0.0,0.07975563858526685,0.08,0.06,0.02,0.746,0.12,0.0,0.0,0.0,0.0
LTT without hierarchy,2023,0.019401017140704465,0.9035087719298246,0.6886809510894133,0.05442545881927493,0.0,0.07975563858526685,0.08,0.06,0.02,0.746,0.12,0.9,0.0,0.0,0.0
LTT without hierarchy,2023,0.019401017140704465,0.9035087719298246,0.6609709791158123,0.04619835457915198,0.0,0.0713588599613199,0.08,0.06,0.02,0.75,0.1,0.0,0.0,0.0,0.0
LTT without hierarchy,2023,0.019401017140704465,0.9035087719298246,0.6609709791158123,0.04619835457915198,0.0,0.0713588599613199,0.08,0.06,0.02,0.75,0.1,0.9,0.0,0.0,0.0
LTT without hierarchy,2023,0.019401017140704465,0.9035087719298246,0.6886809510894133,0.05442545881927493,0.0,0.07975563858526685,0.08,0.06,0.02,0.75,0.12,0.0,0.0,0.0,0.0
LTT without hierarchy,2023,0.019401017140704465,0.9035087719298246,0.6886809510894133,0.05442545881927493,0.0,0.07975563858526685,0.08,0.06,0.02,0.75,0.12,0.9,0.0,0.0,0.0
LTT without hierarchy,2023,0.019401017140704465,0.9035087719298246,0.6609709791158123,0.04619835457915198,0.0,0.0713588599613199,0.08,0.06,0.04,0.0,0.1,0.0,0.0,0.0,0.0
LTT without hierarchy,2023,0.019401017140704465,0.9035087719298246,0.6609709791158123,0.04619835457915198,0.0,0.0713588599613199,0.08,0.06,0.04,0.0,0.1,0.9,0.0,0.0,0.0
LTT without hierarchy,2023,0.019401017140704465,0.9035087719298246,0.6886809510894133,0.05442545881927493,0.0,0.07975563858526685,0.08,0.06,0.04,0.0,0.12,0.0,0.0,0.0,0.0
LTT without hierarchy,2023,0.019401017140704465,0.9035087719298246,0.6886809510894133,0.05442545881927493,0.0,0.07975563858526685,0.08,0.06,0.04,0.0,0.12,0.9,0.0,0.0,0.0
LTT without hierarchy,2023,0.019401017140704465,0.9035087719298246,0.6609709791158123,0.04619835457915198,0.0,0.0713588599613199,0.08,0.06,0.04,0.7,0.1,0.0,0.0,0.0,0.0
LTT without hierarchy,2023,0.019401017140704465,0.9035087719298246,0.6609709791158123,0.04619835457915198,0.0,0.0713588599613199,0.08,0.06,0.04,0.7,0.1,0.9,0.0,0.0,0.0
LTT without hierarchy,2023,0.019401017140704465,0.9035087719298246,0.6886809510894133,0.05442545881927493,0.0,0.07975563858526685,0.08,0.06,0.04,0.7,0.12,0.0,0.0,0.0,0.0
LTT without hierarchy,2023,0.019401017140704465,0.9035087719298246,0.6886809510894133,0.05442545881927493,0.0,0.07975563858526685,0.08,0.06,0.04,0.7,0.12,0.9,0.0,0.0,0.0
LTT without hierarchy,2023,0.019401017140704465,0.9035087719298246,0.6609709791158123,0.04619835457915198,0.0,0.0713588599613199,0.08,0.06,0.04,0.72,0.1,0.0,0.0,0.0,0.0
LTT without hierarchy,2023,0.019401017140704465,0.9035087719298246,0.6609709791158123,0.04619835457915198,0.0,0.0713588599613199,0.08,0.06,0.04,0.72,0.1,0.9,0.0,0.0,0.0
LTT without hierarchy,2023,0.019401017140704465,0.9035087719298246,0.6886809510894133,0.05442545881927493,0.0,0.07975563858526685,0.08,0.06,0.04,0.72,0.12,0.0,0.0,0.0,0.0
LTT without hierarchy,2023,0.019401017140704465,0.9035087719298246,0.6886809510894133,0.05442545881927493,0.0,0.07975563858526685,0.08,0.06,0.04,0.72,0.12,0.9,0.0,0.0,0.0
LTT without hierarchy,2023,0.019401017140704465,0.9035087719298246,0.6609709791158123,0.04619835457915198,0.0,0.0713588599613199,0.08,0.06,0.04,0.73,0.1,0.0,0.0,0.0,0.0
LTT without hierarchy,2023,0.019401017140704465,0.9035087719298246,0.6609709791158123,0.04619835457915198,0.0,0.0713588599613199,0.08,0.06,0.04,0.73,0.1,0.9,0.0,0.0,0.0
LTT without hierarchy,2023,0.019401017140704465,0.9035087719298246,0.6886809510894133,0.05442545881927493,0.0,0.07975563858526685,0.08,0.06,0.04,0.73,0.12,0.0,0.0,0.0,0.0
LTT without hierarchy,2023,0.019401017140704465,0.9035087719298246,0.6886809510894133,0.05442545881927493,0.0,0.07975563858526685,0.08,0.06,0.04,0.73,0.12,0.9,0.0,0.0,0.0
LTT without hierarchy,2023,0.019401017140704465,0.9035087719298246,0.6609709791158123,0.04619835457915198,0.0,0.0713588599613199,0.08,0.06,0.04,0.74,0.1,0.0,0.0,0.0,0.0
LTT without hierarchy,2023,0.019401017140704465,0.9035087719298246,0.6609709791158123,0.04619835457915198,0.0,0.0713588599613199,0.08,0.06,0.04,0.74,0.1,0.9,0.0,0.0,0.0
LTT without hierarchy,2023,0.019401017140704465,0.9035087719298246,0.6886809510894133,0.05442545881927493,0.0,0.07975563858526685,0.08,0.06,0.04,0.74,0.12,0.0,0.0,0.0,0.0
LTT without hierarchy,2023,0.019401017140704465,0.9035087719298246,0.6886809510894133,0.05442545881927493,0.0,0.07975563858526685,0.08,0.06,0.04,0.74,0.12,0.9,0.0,0.0,0.0
LTT without hierarchy,2023,0.019401017140704465,0.9035087719298246,0.6609709791158123,0.04619835457915198,0.0,0.0713588599613199,0.08,0.06,0.04,0.746,0.1,0.0,0.0,0.0,0.0
LTT without hierarchy,2023,0.019401017140704465,0.9035087719298246,0.6609709791158123,0.04619835457915198,0.0,0.0713588599613199,0.08,0.06,0.04,0.746,0.1,0.9,0.0,0.0,0.0
LTT without hierarchy,2023,0.019401017140704465,0.9035087719298246,0.6886809510894133,0.05442545881927493,0.0,0.07975563858526685,0.08,0.06,0.04,0.746,0.12,0.0,0.0,0.0,0.0
LTT without hierarchy,2023,0.019401017140704465,0.9035087719298246,0.6886809510894133,0.05442545881927493,0.0,0.07975563858526685,0.08,0.06,0.04,0.746,0.12,0.9,0.0,0.0,0.0
LTT without hierarchy,2023,0.019401017140704465,0.9035087719298246,0.6609709791158123,0.04619835457915198,0.0,0.0713588599613199,0.08,0.06,0.04,0.75,0.1,0.0,0.0,0.0,0.0
LTT without hierarchy,2023,0.019401017140704465,0.9035087719298246,0.6609709791158123,0.04619835457915198,0.0,0.0713588599613199,0.08,0.06,0.04,0.75,0.1,0.9,0.0,0.0,0.0
LTT without hierarchy,2023,0.019401017140704465,0.9035087719298246,0.6886809510894133,0.05442545881927493,0.0,0.07975563858526685,0.08,0.06,0.04,0.75,0.12,0.0,0.0,0.0,0.0
LTT without hierarchy,2023,0.019401017140704465,0.9035087719298246,0.6886809510894133,0.05442545881927493,0.0,0.07975563858526685,0.08,0.06,0.04,0.75,0.12,0.9,0.0,0.0,0.0
LTT without hierarchy,2023,0.019401017140704465,0.9035087719298246,0.6609709791158123,0.04619835457915198,0.0,0.0713588599613199,0.1,0.04,0.0,0.0,0.1,0.0,0.0,0.0,0.0
LTT without hierarchy,2023,0.019401017140704465,0.9035087719298246,0.6609709791158123,0.04619835457915198,0.0,0.0713588599613199,0.1,0.04,0.0,0.0,0.1,0.9,0.0,0.0,0.0
LTT without hierarchy,2023,0.019401017140704465,0.9035087719298246,0.6886809510894133,0.05442545881927493,0.0,0.07975563858526685,0.1,0.04,0.0,0.0,0.12,0.0,0.0,0.0,0.0
LTT without hierarchy,2023,0.019401017140704465,0.9035087719298246,0.6886809510894133,0.05442545881927493,0.0,0.07975563858526685,0.1,0.04,0.0,0.0,0.12,0.9,0.0,0.0,0.0
LTT without hierarchy,2023,0.019401017140704465,0.9035087719298246,0.6609709791158123,0.04619835457915198,0.0,0.0713588599613199,0.1,0.04,0.0,0.7,0.1,0.0,0.0,0.0,0.0
LTT without hierarchy,2023,0.019401017140704465,0.9035087719298246,0.6609709791158123,0.04619835457915198,0.0,0.0713588599613199,0.1,0.04,0.0,0.7,0.1,0.9,0.0,0.0,0.0
LTT without hierarchy,2023,0.019401017140704465,0.9035087719298246,0.6886809510894133,0.05442545881927493,0.0,0.07975563858526685,0.1,0.04,0.0,0.7,0.12,0.0,0.0,0.0,0.0
LTT without hierarchy,2023,0.019401017140704465,0.9035087719298246,0.6886809510894133,0.05442545881927493,0.0,0.07975563858526685,0.1,0.04,0.0,0.7,0.12,0.9,0.0,0.0,0.0
LTT without hierarchy,2023,0.019401017140704465,0.9035087719298246,0.6609709791158123,0.04619835457915198,0.0,0.0713588599613199,0.1,0.04,0.0,0.72,0.1,0.0,0.0,0.0,0.0
LTT without hierarchy,2023,0.019401017140704465,0.9035087719298246,0.6609709791158123,0.04619835457915198,0.0,0.0713588599613199,0.1,0.04,0.0,0.72,0.1,0.9,0.0,0.0,0.0
LTT without hierarchy,2023,0.019401017140704465,0.9035087719298246,0.6886809510894133,0.05442545881927493,0.0,0.07975563858526685,0.1,0.04,0.0,0.72,0.12,0.0,0.0,0.0,0.0
LTT without hierarchy,2023,0.019401017140704465,0.9035087719298246,0.6886809510894133,0.05442545881927493,0.0,0.07975563858526685,0.1,0.04,0.0,0.72,0.12,0.9,0.0,0.0,0.0
LTT without hierarchy,2023,0.019401017140704465,0.9035087719298246,0.6609709791158123,0.04619835457915198,0.0,0.0713588599613199,0.1,0.04,0.0,0.73,0.1,0.0,0.0,0.0,0.0
LTT without hierarchy,2023,0.019401017140704465,0.9035087719298246,0.6609709791158123,0.04619835457915198,0.0,0.0713588599613199,0.1,0.04,0.0,0.73,0.1,0.9,0.0,0.0,0.0
LTT without hierarchy,2023,0.019401017140704465,0.9035087719298246,0.6886809510894133,0.05442545881927493,0.0,0.07975563858526685,0.1,0.04,0.0,0.73,0.12,0.0,0.0,0.0,0.0
LTT without hierarchy,2023,0.019401017140704465,0.9035087719298246,0.6886809510894133,0.05442545881927493,0.0,0.07975563858526685,0.1,0.04,0.0,0.73,0.12,0.9,0.0,0.0,0.0
LTT without hierarchy,2023,0.019401017140704465,0.9035087719298246,0.6609709791158123,0.04619835457915198,0.0,0.0713588599613199,0.1,0.04,0.0,0.74,0.1,0.0,0.0,0.0,0.0
LTT without hierarchy,2023,0.019401017140704465,0.9035087719298246,0.6609709791158123,0.04619835457915198,0.0,0.0713588599613199,0.1,0.04,0.0,0.74,0.1,0.9,0.0,0.0,0.0
LTT without hierarchy,2023,0.019401017140704465,0.9035087719298246,0.6886809510894133,0.05442545881927493,0.0,0.07975563858526685,0.1,0.04,0.0,0.74,0.12,0.0,0.0,0.0,0.0
LTT without hierarchy,2023,0.019401017140704465,0.9035087719298246,0.6886809510894133,0.05442545881927493,0.0,0.07975563858526685,0.1,0.04,0.0,0.74,0.12,0.9,0.0,0.0,0.0
LTT without hierarchy,2023,0.019401017140704465,0.9035087719298246,0.6609709791158123,0.04619835457915198,0.0,0.0713588599613199,0.1,0.04,0.0,0.746,0.1,0.0,0.0,0.0,0.0
LTT without hierarchy,2023,0.019401017140704465,0.9035087719298246,0.6609709791158123,0.04619835457915198,0.0,0.0713588599613199,0.1,0.04,0.0,0.746,0.1,0.9,0.0,0.0,0.0
LTT without hierarchy,2023,0.019401017140704465,0.9035087719298246,0.6886809510894133,0.05442545881927493,0.0,0.07975563858526685,0.1,0.04,0.0,0.746,0.12,0.0,0.0,0.0,0.0
LTT without hierarchy,2023,0.019401017140704465,0.9035087719298246,0.6886809510894133,0.05442545881927493,0.0,0.07975563858526685,0.1,0.04,0.0,0.746,0.12,0.9,0.0,0.0,0.0
LTT without hierarchy,2023,0.019401017140704465,0.9035087719298246,0.6609709791158123,0.04619835457915198,0.0,0.0713588599613199,0.1,0.04,0.0,0.75,0.1,0.0,0.0,0.0,0.0
LTT without hierarchy,2023,0.019401017140704465,0.9035087719298246,0.6609709791158123,0.04619835457915198,0.0,0.0713588599613199,0.1,0.04,0.0,0.75,0.1,0.9,0.0,0.0,0.0
LTT without hierarchy,2023,0.019401017140704465,0.9035087719298246,0.6886809510894133,0.05442545881927493,0.0,0.07975563858526685,0.1,0.04,0.0,0.75,0.12,0.0,0.0,0.0,0.0
LTT without hierarchy,2023,0.019401017140704465,0.9035087719298246,0.6886809510894133,0.05442545881927493,0.0,0.07975563858526685,0.1,0.04,0.0,0.75,0.12,0.9,0.0,0.0,0.0
LTT without hierarchy,2023,0.019401017140704465,0.9035087719298246,0.6609709791158123,0.04619835457915198,0.0,0.0713588599613199,0.1,0.04,0.02,0.0,0.1,0.0,0.0,0.0,0.0
LTT without hierarchy,2023,0.019401017140704465,0.9035087719298246,0.6609709791158123,0.04619835457915198,0.0,0.0713588599613199,0.1,0.04,0.02,0.0,0.1,0.9,0.0,0.0,0.0
LTT without hierarchy,2023,0.019401017140704465,0.9035087719298246,0.6886809510894133,0.05442545881927493,0.0,0.07975563858526685,0.1,0.04,0.02,0.0,0.12,0.0,0.0,0.0,0.0
LTT without hierarchy,2023,0.019401017140704465,0.9035087719298246,0.6886809510894133,0.05442545881927493,0.0,0.07975563858526685,0.1,0.04,0.02,0.0,0.12,0.9,0.0,0.0,0.0
LTT without hierarchy,2023,0.019401017140704465,0.9035087719298246,0.6609709791158123,0.04619835457915198,0.0,0.0713588599613199,0.1,0.04,0.02,0.7,0.1,0.0,0.0,0.0,0.0
LTT without hierarchy,2023,0.019401017140704465,0.9035087719298246,0.6609709791158123,0.04619835457915198,0.0,0.0713588599613199,0.1,0.04,0.02,0.7,0.1,0.9,0.0,0.0,0.0
LTT without hierarchy,2023,0.019401017140704465,0.9035087719298246,0.6886809510894133,0.05442545881927493,0.0,0.07975563858526685,0.1,0.04,0.02,0.7,0.12,0.0,0.0,0.0,0.0
LTT without hierarchy,2023,0.019401017140704465,0.9035087719298246,0.6886809510894133,0.05442545881927493,0.0,0.07975563858526685,0.1,0.04,0.02,0.7,0.12,0.9,0.0,0.0,0.0
LTT without hierarchy,2023,0.019401017140704465,0.9035087719298246,0.6609709791158123,0.04619835457915198,0.0,0.0713588599613199,0.1,0.04,0.02,0.72,0.1,0.0,0.0,0.0,0.0
LTT without hierarchy,2023,0.019401017140704465,0.9035087719298246,0.6609709791158123,0.04619835457915198,0.0,0.0713588599613199,0.1,0.04,0.02,0.72,0.1,0.9,0.0,0.0,0.0
LTT without hierarchy,2023,0.019401017140704465,0.9035087719298246,0.6886809510894133,0.05442545881927493,0.0,0.07975563858526685,0.1,0.04,0.02,0.72,0.12,0.0,0.0,0.0,0.0
LTT without hierarchy,2023,0.019401017140704465,0.9035087719298246,0.6886809510894133,0.05442545881927493,0.0,0.07975563858526685,0.1,0.04,0.02,0.72,0.12,0.9,0.0,0.0,0.0
LTT without hierarchy,2023,0.019401017140704465,0.9035087719298246,0.6609709791158123,0.04619835457915198,0.0,0.0713588599613199,0.1,0.04,0.02,0.73,0.1,0.0,0.0,0.0,0.0
LTT without hierarchy,2023,0.019401017140704465,0.9035087719298246,0.6609709791158123,0.04619835457915198,0.0,0.0713588599613199,0.1,0.04,0.02,0.73,0.1,0.9,0.0,0.0,0.0
LTT without hierarchy,2023,0.019401017140704465,0.9035087719298246,0.6886809510894133,0.05442545881927493,0.0,0.07975563858526685,0.1,0.04,0.02,0.73,0.12,0.0,0.0,0.0,0.0
LTT without hierarchy,2023,0.019401017140704465,0.9035087719298246,0.6886809510894133,0.05442545881927493,0.0,0.07975563858526685,0.1,0.04,0.02,0.73,0.12,0.9,0.0,0.0,0.0
LTT without hierarchy,2023,0.019401017140704465,0.9035087719298246,0.6609709791158123,0.04619835457915198,0.0,0.0713588599613199,0.1,0.04,0.02,0.74,0.1,0.0,0.0,0.0,0.0
LTT without hierarchy,2023,0.019401017140704465,0.9035087719298246,0.6609709791158123,0.04619835457915198,0.0,0.0713588599613199,0.1,0.04,0.02,0.74,0.1,0.9,0.0,0.0,0.0
LTT without hierarchy,2023,0.019401017140704465,0.9035087719298246,0.6886809510894133,0.05442545881927493,0.0,0.07975563858526685,0.1,0.04,0.02,0.74,0.12,0.0,0.0,0.0,0.0
LTT without hierarchy,2023,0.019401017140704465,0.9035087719298246,0.6886809510894133,0.05442545881927493,0.0,0.07975563858526685,0.1,0.04,0.02,0.74,0.12,0.9,0.0,0.0,0.0
LTT without hierarchy,2023,0.019401017140704465,0.9035087719298246,0.6609709791158123,0.04619835457915198,0.0,0.0713588599613199,0.1,0.04,0.02,0.746,0.1,0.0,0.0,0.0,0.0
LTT without hierarchy,2023,0.019401017140704465,0.9035087719298246,0.6609709791158123,0.04619835457915198,0.0,0.0713588599613199,0.1,0.04,0.02,0.746,0.1,0.9,0.0,0.0,0.0
LTT without hierarchy,2023,0.019401017140704465,0.9035087719298246,0.6886809510894133,0.05442545881927493,0.0,0.07975563858526685,0.1,0.04,0.02,0.746,0.12,0.0,0.0,0.0,0.0
LTT without hierarchy,2023,0.019401017140704465,0.9035087719298246,0.6886809510894133,0.05442545881927493,0.0,0.07975563858526685,0.1,0.04,0.02,0.746,0.12,0.9,0.0,0.0,0.0
LTT without hierarchy,2023,0.019401017140704465,0.9035087719298246,0.6609709791158123,0.04619835457915198,0.0,0.0713588599613199,0.1,0.04,0.02,0.75,0.1,0.0,0.0,0.0,0.0
LTT without hierarchy,2023,0.019401017140704465,0.9035087719298246,0.6609709791158123,0.04619835457915198,0.0,0.0713588599613199,0.1,0.04,0.02,0.75,0.1,0.9,0.0,0.0,0.0
LTT without hierarchy,2023,0.019401017140704465,0.9035087719298246,0.6886809510894133,0.05442545881927493,0.0,0.07975563858526685,0.1,0.04,0.02,0.75,0.12,0.0,0.0,0.0,0.0
LTT without hierarchy,2023,0.019401017140704465,0.9035087719298246,0.6886809510894133,0.05442545881927493,0.0,0.07975563858526685,0.1,0.04,0.02,0.75,0.12,0.9,0.0,0.0,0.0
LTT without hierarchy,2023,0.019401017140704465,0.9035087719298246,0.6609709791158123,0.04619835457915198,0.0,0.0713588599613199,0.1,0.04,0.04,0.0,0.1,0.0,0.0,0.0,0.0
LTT without hierarchy,2023,0.019401017140704465,0.9035087719298246,0.6609709791158123,0.04619835457915198,0.0,0.0713588599613199,0.1,0.04,0.04,0.0,0.1,0.9,0.0,0.0,0.0
LTT without hierarchy,2023,0.019401017140704465,0.9035087719298246,0.6886809510894133,0.05442545881927493,0.0,0.07975563858526685,0.1,0.04,0.04,0.0,0.12,0.0,0.0,0.0,0.0
LTT without hierarchy,2023,0.019401017140704465,0.9035087719298246,0.6886809510894133,0.05442545881927493,0.0,0.07975563858526685,0.1,0.04,0.04,0.0,0.12,0.9,0.0,0.0,0.0
LTT without hierarchy,2023,0.019401017140704465,0.9035087719298246,0.6609709791158123,0.04619835457915198,0.0,0.0713588599613199,0.1,0.04,0.04,0.7,0.1,0.0,0.0,0.0,0.0
LTT without hierarchy,2023,0.019401017140704465,0.9035087719298246,0.6609709791158123,0.04619835457915198,0.0,0.0713588599613199,0.1,0.04,0.04,0.7,0.1,0.9,0.0,0.0,0.0
LTT without hierarchy,2023,0.019401017140704465,0.9035087719298246,0.6886809510894133,0.05442545881927493,0.0,0.07975563858526685,0.1,0.04,0.04,0.7,0.12,0.0,0.0,0.0,0.0
LTT without hierarchy,2023,0.019401017140704465,0.9035087719298246,0.6886809510894133,0.05442545881927493,0.0,0.07975563858526685,0.1,0.04,0.04,0.7,0.12,0.9,0.0,0.0,0.0
LTT without hierarchy,2023,0.019401017140704465,0.9035087719298246,0.6609709791158123,0.04619835457915198,0.0,0.0713588599613199,0.1,0.04,0.04,0.72,0.1,0.0,0.0,0.0,0.0
LTT without hierarchy,2023,0.019401017140704465,0.9035087719298246,0.6609709791158123,0.04619835457915198,0.0,0.0713588599613199,0.1,0.04,0.04,0.72,0.1,0.9,0.0,0.0,0.0
LTT without hierarchy,2023,0.019401017140704465,0.9035087719298246,0.6886809510894133,0.05442545881927493,0.0,0.07975563858526685,0.1,0.04,0.04,0.72,0.12,0.0,0.0,0.0,0.0
LTT without hierarchy,2023,0.019401017140704465,0.9035087719298246,0.6886809510894133,0.05442545881927493,0.0,0.07975563858526685,0.1,0.04,0.04,0.72,0.12,0.9,0.0,0.0,0.0
LTT without hierarchy,2023,0.019401017140704465,0.9035087719298246,0.6609709791158123,0.04619835457915198,0.0,0.0713588599613199,0.1,0.04,0.04,0.73,0.1,0.0,0.0,0.0,0.0
LTT without hierarchy,2023,0.019401017140704465,0.9035087719298246,0.6609709791158123,0.04619835457915198,0.0,0.0713588599613199,0.1,0.04,0.04,0.73,0.1,0.9,0.0,0.0,0.0
LTT without hierarchy,2023,0.019401017140704465,0.9035087719298246,0.6886809510894133,0.05442545881927493,0.0,0.07975563858526685,0.1,0.04,0.04,0.73,0.12,0.0,0.0,0.0,0.0
LTT without hierarchy,2023,0.019401017140704465,0.9035087719298246,0.6886809510894133,0.05442545881927493,0.0,0.07975563858526685,0.1,0.04,0.04,0.73,0.12,0.9,0.0,0.0,0.0
LTT without hierarchy,2023,0.019401017140704465,0.9035087719298246,0.6609709791158123,0.04619835457915198,0.0,0.0713588599613199,0.1,0.04,0.04,0.74,0.1,0.0,0.0,0.0,0.0
LTT without hierarchy,2023,0.019401017140704465,0.9035087719298246,0.6609709791158123,0.04619835457915198,0.0,0.0713588599613199,0.1,0.04,0.04,0.74,0.1,0.9,0.0,0.0,0.0
LTT without hierarchy,2023,0.019401017140704465,0.9035087719298246,0.6886809510894133,0.05442545881927493,0.0,0.07975563858526685,0.1,0.04,0.04,0.74,0.12,0.0,0.0,0.0,0.0
LTT without hierarchy,2023,0.019401017140704465,0.9035087719298246,0.6886809510894133,0.05442545881927493,0.0,0.07975563858526685,0.1,0.04,0.04,0.74,0.12,0.9,0.0,0.0,0.0
LTT without hierarchy,2023,0.019401017140704465,0.9035087719298246,0.6609709791158123,0.04619835457915198,0.0,0.0713588599613199,0.1,0.04,0.04,0.746,0.1,0.0,0.0,0.0,0.0
LTT without hierarchy,2023,0.019401017140704465,0.9035087719298246,0.6609709791158123,0.04619835457915198,0.0,0.0713588599613199,0.1,0.04,0.04,0.746,0.1,0.9,0.0,0.0,0.0
LTT without hierarchy,2023,0.019401017140704465,0.9035087719298246,0.6886809510894133,0.05442545881927493,0.0,0.07975563858526685,0.1,0.04,0.04,0.746,0.12,0.0,0.0,0.0,0.0
LTT without hierarchy,2023,0.019401017140704465,0.9035087719298246,0.6886809510894133,0.05442545881927493,0.0,0.07975563858526685,0.1,0.04,0.04,0.746,0.12,0.9,0.0,0.0,0.0
LTT without hierarchy,2023,0.019401017140704465,0.9035087719298246,0.6609709791158123,0.04619835457915198,0.0,0.0713588599613199,0.1,0.04,0.04,0.75,0.1,0.0,0.0,0.0,0.0
LTT without hierarchy,2023,0.019401017140704465,0.9035087719298246,0.6609709791158123,0.04619835457915198,0.0,0.0713588599613199,0.1,0.04,0.04,0.75,0.1,0.9,0.0,0.0,0.0
LTT without hierarchy,2023,0.019401017140704465,0.9035087719298246,0.6886809510894133,0.05442545881927493,0.0,0.07975563858526685,0.1,0.04,0.04,0.75,0.12,0.0,0.0,0.0,0.0
LTT without hierarchy,2023,0.019401017140704465,0.9035087719298246,0.6886809510894133,0.05442545881927493,0.0,0.07975563858526685,0.1,0.04,0.04,0.75,0.12,0.9,0.0,0.0,0.0
LTT without hierarchy,2023,0.019401017140704465,0.9035087719298246,0.6609709791158123,0.04619835457915198,0.0,0.0713588599613199,0.1,0.06,0.0,0.0,0.1,0.0,0.0,0.0,0.0
LTT without hierarchy,2023,0.019401017140704465,0.9035087719298246,0.6609709791158123,0.04619835457915198,0.0,0.0713588599613199,0.1,0.06,0.0,0.0,0.1,0.9,0.0,0.0,0.0
LTT without hierarchy,2023,0.019401017140704465,0.9035087719298246,0.6886809510894133,0.05442545881927493,0.0,0.07975563858526685,0.1,0.06,0.0,0.0,0.12,0.0,0.0,0.0,0.0
LTT without hierarchy,2023,0.019401017140704465,0.9035087719298246,0.6886809510894133,0.05442545881927493,0.0,0.07975563858526685,0.1,0.06,0.0,0.0,0.12,0.9,0.0,0.0,0.0
LTT without hierarchy,2023,0.019401017140704465,0.9035087719298246,0.6609709791158123,0.04619835457915198,0.0,0.0713588599613199,0.1,0.06,0.0,0.7,0.1,0.0,0.0,0.0,0.0
LTT without hierarchy,2023,0.019401017140704465,0.9035087719298246,0.6609709791158123,0.04619835457915198,0.0,0.0713588599613199,0.1,0.06,0.0,0.7,0.1,0.9,0.0,0.0,0.0
LTT without hierarchy,2023,0.019401017140704465,0.9035087719298246,0.6886809510894133,0.05442545881927493,0.0,0.07975563858526685,0.1,0.06,0.0,0.7,0.12,0.0,0.0,0.0,0.0
LTT without hierarchy,2023,0.019401017140704465,0.9035087719298246,0.6886809510894133,0.05442545881927493,0.0,0.07975563858526685,0.1,0.06,0.0,0.7,0.12,0.9,0.0,0.0,0.0
LTT without hierarchy,2023,0.019401017140704465,0.9035087719298246,0.6609709791158123,0.04619835457915198,0.0,0.0713588599613199,0.1,0.06,0.0,0.72,0.1,0.0,0.0,0.0,0.0
LTT without hierarchy,2023,0.019401017140704465,0.9035087719298246,0.6609709791158123,0.04619835457915198,0.0,0.0713588599613199,0.1,0.06,0.0,0.72,0.1,0.9,0.0,0.0,0.0
LTT without hierarchy,2023,0.019401017140704465,0.9035087719298246,0.6886809510894133,0.05442545881927493,0.0,0.07975563858526685,0.1,0.06,0.0,0.72,0.12,0.0,0.0,0.0,0.0
LTT without hierarchy,2023,0.019401017140704465,0.9035087719298246,0.6886809510894133,0.05442545881927493,0.0,0.07975563858526685,0.1,0.06,0.0,0.72,0.12,0.9,0.0,0.0,0.0
LTT without hierarchy,2023,0.019401017140704465,0.9035087719298246,0.6609709791158123,0.04619835457915198,0.0,0.0713588599613199,0.1,0.06,0.0,0.73,0.1,0.0,0.0,0.0,0.0
LTT without hierarchy,2023,0.019401017140704465,0.9035087719298246,0.6609709791158123,0.04619835457915198,0.0,0.0713588599613199,0.1,0.06,0.0,0.73,0.1,0.9,0.0,0.0,0.0
LTT without hierarchy,2023,0.019401017140704465,0.9035087719298246,0.6886809510894133,0.05442545881927493,0.0,0.07975563858526685,0.1,0.06,0.0,0.73,0.12,0.0,0.0,0.0,0.0
LTT without hierarchy,2023,0.019401017140704465,0.9035087719298246,0.6886809510894133,0.05442545881927493,0.0,0.07975563858526685,0.1,0.06,0.0,0.73,0.12,0.9,0.0,0.0,0.0
LTT without hierarchy,2023,0.019401017140704465,0.9035087719298246,0.6609709791158123,0.04619835457915198,0.0,0.0713588599613199,0.1,0.06,0.0,0.74,0.1,0.0,0.0,0.0,0.0
LTT without hierarchy,2023,0.019401017140704465,0.9035087719298246,0.6609709791158123,0.04619835457915198,0.0,0.0713588599613199,0.1,0.06,0.0,0.74,0.1,0.9,0.0,0.0,0.0
LTT without hierarchy,2023,0.019401017140704465,0.9035087719298246,0.6886809510894133,0.05442545881927493,0.0,0.07975563858526685,0.1,0.06,0.0,0.74,0.12,0.0,0.0,0.0,0.0
LTT without hierarchy,2023,0.019401017140704465,0.9035087719298246,0.6886809510894133,0.05442545881927493,0.0,0.07975563858526685,0.1,0.06,0.0,0.74,0.12,0.9,0.0,0.0,0.0
LTT without hierarchy,2023,0.019401017140704465,0.9035087719298246,0.6609709791158123,0.04619835457915198,0.0,0.0713588599613199,0.1,0.06,0.0,0.746,0.1,0.0,0.0,0.0,0.0
LTT without hierarchy,2023,0.019401017140704465,0.9035087719298246,0.6609709791158123,0.04619835457915198,0.0,0.0713588599613199,0.1,0.06,0.0,0.746,0.1,0.9,0.0,0.0,0.0
LTT without hierarchy,2023,0.019401017140704465,0.9035087719298246,0.6886809510894133,0.05442545881927493,0.0,0.07975563858526685,0.1,0.06,0.0,0.746,0.12,0.0,0.0,0.0,0.0
LTT without hierarchy,2023,0.019401017140704465,0.9035087719298246,0.6886809510894133,0.05442545881927493,0.0,0.07975563858526685,0.1,0.06,0.0,0.746,0.12,0.9,0.0,0.0,0.0
LTT without hierarchy,2023,0.019401017140704465,0.9035087719298246,0.6609709791158123,0.04619835457915198,0.0,0.0713588599613199,0.1,0.06,0.0,0.75,0.1,0.0,0.0,0.0,0.0
LTT without hierarchy,2023,0.019401017140704465,0.9035087719298246,0.6609709791158123,0.04619835457915198,0.0,0.0713588599613199,0.1,0.06,0.0,0.75,0.1,0.9,0.0,0.0,0.0
LTT without hierarchy,2023,0.019401017140704465,0.9035087719298246,0.6886809510894133,0.05442545881927493,0.0,0.07975563858526685,0.1,0.06,0.0,0.75,0.12,0.0,0.0,0.0,0.0
LTT without hierarchy,2023,0.019401017140704465,0.9035087719298246,0.6886809510894133,0.05442545881927493,0.0,0.07975563858526685,0.1,0.06,0.0,0.75,0.12,0.9,0.0,0.0,0.0
LTT without hierarchy,2023,0.019401017140704465,0.9035087719298246,0.6609709791158123,0.04619835457915198,0.0,0.0713588599613199,0.1,0.06,0.02,0.0,0.1,0.0,0.0,0.0,0.0
LTT without hierarchy,2023,0.019401017140704465,0.9035087719298246,0.6609709791158123,0.04619835457915198,0.0,0.0713588599613199,0.1,0.06,0.02,0.0,0.1,0.9,0.0,0.0,0.0
LTT without hierarchy,2023,0.019401017140704465,0.9035087719298246,0.6886809510894133,0.05442545881927493,0.0,0.07975563858526685,0.1,0.06,0.02,0.0,0.12,0.0,0.0,0.0,0.0
LTT without hierarchy,2023,0.019401017140704465,0.9035087719298246,0.6886809510894133,0.05442545881927493,0.0,0.07975563858526685,0.1,0.06,0.02,0.0,0.12,0.9,0.0,0.0,0.0
LTT without hierarchy,2023,0.019401017140704465,0.9035087719298246,0.6609709791158123,0.04619835457915198,0.0,0.0713588599613199,0.1,0.06,0.02,0.7,0.1,0.0,0.0,0.0,0.0
LTT without hierarchy,2023,0.019401017140704465,0.9035087719298246,0.6609709791158123,0.04619835457915198,0.0,0.0713588599613199,0.1,0.06,0.02,0.7,0.1,0.9,0.0,0.0,0.0
LTT without hierarchy,2023,0.019401017140704465,0.9035087719298246,0.6886809510894133,0.05442545881927493,0.0,0.07975563858526685,0.1,0.06,0.02,0.7,0.12,0.0,0.0,0.0,0.0
LTT without hierarchy,2023,0.019401017140704465,0.9035087719298246,0.6886809510894133,0.05442545881927493,0.0,0.07975563858526685,0.1,0.06,0.02,0.7,0.12,0.9,0.0,0.0,0.0
LTT without hierarchy,2023,0.019401017140704465,0.9035087719298246,0.6609709791158123,0.04619835457915198,0.0,0.0713588599613199,0.1,0.06,0.02,0.72,0.1,0.0,0.0,0.0,0.0
LTT without hierarchy,2023,0.019401017140704465,0.9035087719298246,0.6609709791158123,0.04619835457915198,0.0,0.0713588599613199,0.1,0.06,0.02,0.72,0.1,0.9,0.0,0.0,0.0
LTT without hierarchy,2023,0.019401017140704465,0.9035087719298246,0.6886809510894133,0.05442545881927493,0.0,0.07975563858526685,0.1,0.06,0.02,0.72,0.12,0.0,0.0,0.0,0.0
LTT without hierarchy,2023,0.019401017140704465,0.9035087719298246,0.6886809510894133,0.05442545881927493,0.0,0.07975563858526685,0.1,0.06,0.02,0.72,0.12,0.9,0.0,0.0,0.0
LTT without hierarchy,2023,0.019401017140704465,0.9035087719298246,0.6609709791158123,0.04619835457915198,0.0,0.0713588599613199,0.1,0.06,0.02,0.73,0.1,0.0,0.0,0.0,0.0
LTT without hierarchy,2023,0.019401017140704465,0.9035087719298246,0.6609709791158123,0.04619835457915198,0.0,0.0713588599613199,0.1,0.06,0.02,0.73,0.1,0.9,0.0,0.0,0.0
LTT without hierarchy,2023,0.019401017140704465,0.9035087719298246,0.6886809510894133,0.05442545881927493,0.0,0.07975563858526685,0.1,0.06,0.02,0.73,0.12,0.0,0.0,0.0,0.0
LTT without hierarchy,2023,0.019401017140704465,0.9035087719298246,0.6886809510894133,0.05442545881927493,0.0,0.07975563858526685,0.1,0.06,0.02,0.73,0.12,0.9,0.0,0.0,0.0
LTT without hierarchy,2023,0.019401017140704465,0.9035087719298246,0.6609709791158123,0.04619835457915198,0.0,0.0713588599613199,0.1,0.06,0.02,0.74,0.1,0.0,0.0,0.0,0.0
LTT without hierarchy,2023,0.019401017140704465,0.9035087719298246,0.6609709791158123,0.04619835457915198,0.0,0.0713588599613199,0.1,0.06,0.02,0.74,0.1,0.9,0.0,0.0,0.0
LTT without hierarchy,2023,0.019401017140704465,0.9035087719298246,0.6886809510894133,0.05442545881927493,0.0,0.07975563858526685,0.1,0.06,0.02,0.74,0.12,0.0,0.0,0.0,0.0
LTT without hierarchy,2023,0.019401017140704465,0.9035087719298246,0.6886809510894133,0.05442545881927493,0.0,0.07975563858526685,0.1,0.06,0.02,0.74,0.12,0.9,0.0,0.0,0.0
LTT without hierarchy,2023,0.019401017140704465,0.9035087719298246,0.6609709791158123,0.04619835457915198,0.0,0.0713588599613199,0.1,0.06,0.02,0.746,0.1,0.0,0.0,0.0,0.0
LTT without hierarchy,2023,0.019401017140704465,0.9035087719298246,0.6609709791158123,0.04619835457915198,0.0,0.0713588599613199,0.1,0.06,0.02,0.746,0.1,0.9,0.0,0.0,0.0
LTT without hierarchy,2023,0.019401017140704465,0.9035087719298246,0.6886809510894133,0.05442545881927493,0.0,0.07975563858526685,0.1,0.06,0.02,0.746,0.12,0.0,0.0,0.0,0.0
LTT without hierarchy,2023,0.019401017140704465,0.9035087719298246,0.6886809510894133,0.05442545881927493,0.0,0.07975563858526685,0.1,0.06,0.02,0.746,0.12,0.9,0.0,0.0,0.0
LTT without hierarchy,2023,0.019401017140704465,0.9035087719298246,0.6609709791158123,0.04619835457915198,0.0,0.0713588599613199,0.1,0.06,0.02,0.75,0.1,0.0,0.0,0.0,0.0
LTT without hierarchy,2023,0.019401017140704465,0.9035087719298246,0.6609709791158123,0.04619835457915198,0.0,0.0713588599613199,0.1,0.06,0.02,0.75,0.1,0.9,0.0,0.0,0.0
LTT without hierarchy,2023,0.019401017140704465,0.9035087719298246,0.6886809510894133,0.05442545881927493,0.0,0.07975563858526685,0.1,0.06,0.02,0.75,0.12,0.0,0.0,0.0,0.0
LTT without hierarchy,2023,0.019401017140704465,0.9035087719298246,0.6886809510894133,0.05442545881927493,0.0,0.07975563858526685,0.1,0.06,0.02,0.75,0.12,0.9,0.0,0.0,0.0
LTT without hierarchy,2023,0.019401017140704465,0.9035087719298246,0.6609709791158123,0.04619835457915198,0.0,0.0713588599613199,0.1,0.06,0.04,0.0,0.1,0.0,0.0,0.0,0.0
LTT without hierarchy,2023,0.019401017140704465,0.9035087719298246,0.6609709791158123,0.04619835457915198,0.0,0.0713588599613199,0.1,0.06,0.04,0.0,0.1,0.9,0.0,0.0,0.0
LTT without hierarchy,2023,0.019401017140704465,0.9035087719298246,0.6886809510894133,0.05442545881927493,0.0,0.07975563858526685,0.1,0.06,0.04,0.0,0.12,0.0,0.0,0.0,0.0
LTT without hierarchy,2023,0.019401017140704465,0.9035087719298246,0.6886809510894133,0.05442545881927493,0.0,0.07975563858526685,0.1,0.06,0.04,0.0,0.12,0.9,0.0,0.0,0.0
LTT without hierarchy,2023,0.019401017140704465,0.9035087719298246,0.6609709791158123,0.04619835457915198,0.0,0.0713588599613199,0.1,0.06,0.04,0.7,0.1,0.0,0.0,0.0,0.0
LTT without hierarchy,2023,0.019401017140704465,0.9035087719298246,0.6609709791158123,0.04619835457915198,0.0,0.0713588599613199,0.1,0.06,0.04,0.7,0.1,0.9,0.0,0.0,0.0
LTT without hierarchy,2023,0.019401017140704465,0.9035087719298246,0.6886809510894133,0.05442545881927493,0.0,0.07975563858526685,0.1,0.06,0.04,0.7,0.12,0.0,0.0,0.0,0.0
LTT without hierarchy,2023,0.019401017140704465,0.9035087719298246,0.6886809510894133,0.05442545881927493,0.0,0.07975563858526685,0.1,0.06,0.04,0.7,0.12,0.9,0.0,0.0,0.0
LTT without hierarchy,2023,0.019401017140704465,0.9035087719298246,0.6609709791158123,0.04619835457915198,0.0,0.0713588599613199,0.1,0.06,0.04,0.72,0.1,0.0,0.0,0.0,0.0
LTT without hierarchy,2023,0.019401017140704465,0.9035087719298246,0.6609709791158123,0.04619835457915198,0.0,0.0713588599613199,0.1,0.06,0.04,0.72,0.1,0.9,0.0,0.0,0.0
LTT without hierarchy,2023,0.019401017140704465,0.9035087719298246,0.6886809510894133,0.05442545881927493,0.0,0.07975563858526685,0.1,0.06,0.04,0.72,0.12,0.0,0.0,0.0,0.0
LTT without hierarchy,2023,0.019401017140704465,0.9035087719298246,0.6886809510894133,0.05442545881927493,0.0,0.07975563858526685,0.1,0.06,0.04,0.72,0.12,0.9,0.0,0.0,0.0
LTT without hierarchy,2023,0.019401017140704465,0.9035087719298246,0.6609709791158123,0.04619835457915198,0.0,0.0713588599613199,0.1,0.06,0.04,0.73,0.1,0.0,0.0,0.0,0.0
LTT without hierarchy,2023,0.019401017140704465,0.9035087719298246,0.6609709791158123,0.04619835457915198,0.0,0.0713588599613199,0.1,0.06,0.04,0.73,0.1,0.9,0.0,0.0,0.0
LTT without hierarchy,2023,0.019401017140704465,0.9035087719298246,0.6886809510894133,0.05442545881927493,0.0,0.07975563858526685,0.1,0.06,0.04,0.73,0.12,0.0,0.0,0.0,0.0
LTT without hierarchy,2023,0.019401017140704465,0.9035087719298246,0.6886809510894133,0.05442545881927493,0.0,0.07975563858526685,0.1,0.06,0.04,0.73,0.12,0.9,0.0,0.0,0.0
LTT without hierarchy,2023,0.019401017140704465,0.9035087719298246,0.6609709791158123,0.04619835457915198,0.0,0.0713588599613199,0.1,0.06,0.04,0.74,0.1,0.0,0.0,0.0,0.0
LTT without hierarchy,2023,0.019401017140704465,0.9035087719298246,0.6609709791158123,0.04619835457915198,0.0,0.0713588599613199,0.1,0.06,0.04,0.74,0.1,0.9,0.0,0.0,0.0
LTT without hierarchy,2023,0.019401017140704465,0.9035087719298246,0.6886809510894133,0.05442545881927493,0.0,0.07975563858526685,0.1,0.06,0.04,0.74,0.12,0.0,0.0,0.0,0.0
LTT without hierarchy,2023,0.019401017140704465,0.9035087719298246,0.6886809510894133,0.05442545881927493,0.0,0.07975563858526685,0.1,0.06,0.04,0.74,0.12,0.9,0.0,0.0,0.0
LTT without hierarchy,2023,0.019401017140704465,0.9035087719298246,0.6609709791158123,0.04619835457915198,0.0,0.0713588599613199,0.1,0.06,0.04,0.746,0.1,0.0,0.0,0.0,0.0
LTT without hierarchy,2023,0.019401017140704465,0.9035087719298246,0.6609709791158123,0.04619835457915198,0.0,0.0713588599613199,0.1,0.06,0.04,0.746,0.1,0.9,0.0,0.0,0.0
LTT without hierarchy,2023,0.019401017140704465,0.9035087719298246,0.6886809510894133,0.05442545881927493,0.0,0.07975563858526685,0.1,0.06,0.04,0.746,0.12,0.0,0.0,0.0,0.0
LTT without hierarchy,2023,0.019401017140704465,0.9035087719298246,0.6886809510894133,0.05442545881927493,0.0,0.07975563858526685,0.1,0.06,0.04,0.746,0.12,0.9,0.0,0.0,0.0
LTT without hierarchy,2023,0.019401017140704465,0.9035087719298246,0.6609709791158123,0.04619835457915198,0.0,0.0713588599613199,0.1,0.06,0.04,0.75,0.1,0.0,0.0,0.0,0.0
LTT without hierarchy,2023,0.019401017140704465,0.9035087719298246,0.6609709791158123,0.04619835457915198,0.0,0.0713588599613199,0.1,0.06,0.04,0.75,0.1,0.9,0.0,0.0,0.0
LTT without hierarchy,2023,0.019401017140704465,0.9035087719298246,0.6886809510894133,0.05442545881927493,0.0,0.07975563858526685,0.1,0.06,0.04,0.75,0.12,0.0,0.0,0.0,0.0
LTT without hierarchy,2023,0.019401017140704465,0.9035087719298246,0.6886809510894133,0.05442545881927493,0.0,0.07975563858526685,0.1,0.06,0.04,0.75,0.12,0.9,0.0,0.0,0.0
LTT without hierarchy,2023,0.026935392729327556,0.89937106918239,0.6630051532411174,0.0464243739264081,0.0,0.07145539381127375,0.0,0.04,0.06,0.0,0.1,0.0,0.0,0.0,0.0
LTT without hierarchy,2023,0.026935392729327556,0.89937106918239,0.6630051532411174,0.0464243739264081,0.0,0.07145539381127375,0.0,0.04,0.06,0.0,0.1,0.0,0.85,0.0,0.0
LTT without hierarchy,2023,0.026935392729327556,0.89937106918239,0.6630051532411174,0.0464243739264081,0.0,0.07145539381127375,0.0,0.04,0.06,0.0,0.1,0.9,0.0,0.0,0.0
LTT without hierarchy,2023,0.026935392729327556,0.89937106918239,0.6630051532411174,0.0464243739264081,0.0,0.07145539381127375,0.0,0.04,0.06,0.0,0.1,0.9,0.85,0.0,0.0
LTT without hierarchy,2023,0.026935392729327556,0.89937106918239,0.6907151252147185,0.054651478166531056,0.0,0.07984322528580447,0.0,0.04,0.06,0.0,0.12,0.0,0.0,0.0,0.0
LTT without hierarchy,2023,0.026935392729327556,0.89937106918239,0.6907151252147185,0.054651478166531056,0.0,0.07984322528580447,0.0,0.04,0.06,0.0,0.12,0.0,0.85,0.0,0.0
LTT without hierarchy,2023,0.026935392729327556,0.89937106918239,0.6907151252147185,0.054651478166531056,0.0,0.07984322528580447,0.0,0.04,0.06,0.0,0.12,0.9,0.0,0.0,0.0
LTT without hierarchy,2023,0.026935392729327556,0.89937106918239,0.6907151252147185,0.054651478166531056,0.0,0.07984322528580447,0.0,0.04,0.06,0.0,0.12,0.9,0.85,0.0,0.0
LTT without hierarchy,2023,0.026935392729327556,0.89937106918239,0.6630051532411174,0.0464243739264081,0.0,0.07145539381127375,0.0,0.04,0.06,0.7,0.1,0.0,0.0,0.0,0.0
LTT without hierarchy,2023,0.026935392729327556,0.89937106918239,0.6630051532411174,0.0464243739264081,0.0,0.07145539381127375,0.0,0.04,0.06,0.7,0.1,0.0,0.85,0.0,0.0
LTT without hierarchy,2023,0.026935392729327556,0.89937106918239,0.6630051532411174,0.0464243739264081,0.0,0.07145539381127375,0.0,0.04,0.06,0.7,0.1,0.9,0.0,0.0,0.0
LTT without hierarchy,2023,0.026935392729327556,0.89937106918239,0.6630051532411174,0.0464243739264081,0.0,0.07145539381127375,0.0,0.04,0.06,0.7,0.1,0.9,0.85,0.0,0.0
LTT without hierarchy,2023,0.026935392729327556,0.89937106918239,0.6907151252147185,0.054651478166531056,0.0,0.07984322528580447,0.0,0.04,0.06,0.7,0.12,0.0,0.0,0.0,0.0
LTT without hierarchy,2023,0.026935392729327556,0.89937106918239,0.6907151252147185,0.054651478166531056,0.0,0.07984322528580447,0.0,0.04,0.06,0.7,0.12,0.0,0.85,0.0,0.0
LTT without hierarchy,2023,0.026935392729327556,0.89937106918239,0.6907151252147185,0.054651478166531056,0.0,0.07984322528580447,0.0,0.04,0.06,0.7,0.12,0.9,0.0,0.0,0.0
LTT without hierarchy,2023,0.026935392729327556,0.89937106918239,0.6907151252147185,0.054651478166531056,0.0,0.07984322528580447,0.0,0.04,0.06,0.7,0.12,0.9,0.85,0.0,0.0
LTT without hierarchy,2023,0.026935392729327556,0.89937106918239,0.6630051532411174,0.0464243739264081,0.0,0.07145539381127375,0.0,0.04,0.06,0.72,0.1,0.0,0.0,0.0,0.0
LTT without hierarchy,2023,0.026935392729327556,0.89937106918239,0.6630051532411174,0.0464243739264081,0.0,0.07145539381127375,0.0,0.04,0.06,0.72,0.1,0.0,0.85,0.0,0.0
LTT without hierarchy,2023,0.026935392729327556,0.89937106918239,0.6630051532411174,0.0464243739264081,0.0,0.07145539381127375,0.0,0.04,0.06,0.72,0.1,0.9,0.0,0.0,0.0
LTT without hierarchy,2023,0.026935392729327556,0.89937106918239,0.6630051532411174,0.0464243739264081,0.0,0.07145539381127375,0.0,0.04,0.06,0.72,0.1,0.9,0.85,0.0,0.0
LTT without hierarchy,2023,0.026935392729327556,0.89937106918239,0.6907151252147185,0.054651478166531056,0.0,0.07984322528580447,0.0,0.04,0.06,0.72,0.12,0.0,0.0,0.0,0.0
LTT without hierarchy,2023,0.026935392729327556,0.89937106918239,0.6907151252147185,0.054651478166531056,0.0,0.07984322528580447,0.0,0.04,0.06,0.72,0.12,0.0,0.85,0.0,0.0
LTT without hierarchy,2023,0.026935392729327556,0.89937106918239,0.6907151252147185,0.054651478166531056,0.0,0.07984322528580447,0.0,0.04,0.06,0.72,0.12,0.9,0.0,0.0,0.0
LTT without hierarchy,2023,0.026935392729327556,0.89937106918239,0.6907151252147185,0.054651478166531056,0.0,0.07984322528580447,0.0,0.04,0.06,0.72,0.12,0.9,0.85,0.0,0.0
LTT without hierarchy,2023,0.026935392729327556,0.89937106918239,0.6630051532411174,0.0464243739264081,0.0,0.07145539381127375,0.0,0.04,0.06,0.73,0.1,0.0,0.0,0.0,0.0
LTT without hierarchy,2023,0.026935392729327556,0.89937106918239,0.6630051532411174,0.0464243739264081,0.0,0.07145539381127375,0.0,0.04,0.06,0.73,0.1,0.0,0.85,0.0,0.0
LTT without hierarchy,2023,0.026935392729327556,0.89937106918239,0.6630051532411174,0.0464243739264081,0.0,0.07145539381127375,0.0,0.04,0.06,0.73,0.1,0.9,0.0,0.0,0.0
LTT without hierarchy,2023,0.026935392729327556,0.89937106918239,0.6630051532411174,0.0464243739264081,0.0,0.07145539381127375,0.0,0.04,0.06,0.73,0.1,0.9,0.85,0.0,0.0
LTT without hierarchy,2023,0.026935392729327556,0.89937106918239,0.6907151252147185,0.054651478166531056,0.0,0.07984322528580447,0.0,0.04,0.06,0.73,0.12,0.0,0.0,0.0,0.0
LTT without hierarchy,2023,0.026935392729327556,0.89937106918239,0.6907151252147185,0.054651478166531056,0.0,0.07984322528580447,0.0,0.04,0.06,0.73,0.12,0.0,0.85,0.0,0.0
LTT without hierarchy,2023,0.026935392729327556,0.89937106918239,0.6907151252147185,0.054651478166531056,0.0,0.07984322528580447,0.0,0.04,0.06,0.73,0.12,0.9,0.0,0.0,0.0
LTT without hierarchy,2023,0.026935392729327556,0.89937106918239,0.6907151252147185,0.054651478166531056,0.0,0.07984322528580447,0.0,0.04,0.06,0.73,0.12,0.9,0.85,0.0,0.0
LTT without hierarchy,2023,0.026935392729327556,0.89937106918239,0.6630051532411174,0.0464243739264081,0.0,0.07145539381127375,0.0,0.04,0.06,0.74,0.1,0.0,0.0,0.0,0.0
LTT without hierarchy,2023,0.026935392729327556,0.89937106918239,0.6630051532411174,0.0464243739264081,0.0,0.07145539381127375,0.0,0.04,0.06,0.74,0.1,0.0,0.85,0.0,0.0
LTT without hierarchy,2023,0.026935392729327556,0.89937106918239,0.6630051532411174,0.0464243739264081,0.0,0.07145539381127375,0.0,0.04,0.06,0.74,0.1,0.9,0.0,0.0,0.0
LTT without hierarchy,2023,0.026935392729327556,0.89937106918239,0.6630051532411174,0.0464243739264081,0.0,0.07145539381127375,0.0,0.04,0.06,0.74,0.1,0.9,0.85,0.0,0.0
LTT without hierarchy,2023,0.026935392729327556,0.89937106918239,0.6907151252147185,0.054651478166531056,0.0,0.07984322528580447,0.0,0.04,0.06,0.74,0.12,0.0,0.0,0.0,0.0
LTT without hierarchy,2023,0.026935392729327556,0.89937106918239,0.6907151252147185,0.054651478166531056,0.0,0.07984322528580447,0.0,0.04,0.06,0.74,0.12,0.0,0.85,0.0,0.0
LTT without hierarchy,2023,0.026935392729327556,0.89937106918239,0.6907151252147185,0.054651478166531056,0.0,0.07984322528580447,0.0,0.04,0.06,0.74,0.12,0.9,0.0,0.0,0.0
LTT without hierarchy,2023,0.026935392729327556,0.89937106918239,0.6907151252147185,0.054651478166531056,0.0,0.07984322528580447,0.0,0.04,0.06,0.74,0.12,0.9,0.85,0.0,0.0
LTT without hierarchy,2023,0.026935392729327556,0.89937106918239,0.6630051532411174,0.0464243739264081,0.0,0.07145539381127375,0.0,0.04,0.06,0.746,0.1,0.0,0.0,0.0,0.0
LTT without hierarchy,2023,0.026935392729327556,0.89937106918239,0.6630051532411174,0.0464243739264081,0.0,0.07145539381127375,0.0,0.04,0.06,0.746,0.1,0.0,0.85,0.0,0.0
LTT without hierarchy,2023,0.026935392729327556,0.89937106918239,0.6630051532411174,0.0464243739264081,0.0,0.07145539381127375,0.0,0.04,0.06,0.746,0.1,0.9,0.0,0.0,0.0
LTT without hierarchy,2023,0.026935392729327556,0.89937106918239,0.6630051532411174,0.0464243739264081,0.0,0.07145539381127375,0.0,0.04,0.06,0.746,0.1,0.9,0.85,0.0,0.0
LTT without hierarchy,2023,0.026935392729327556,0.89937106918239,0.6907151252147185,0.054651478166531056,0.0,0.07984322528580447,0.0,0.04,0.06,0.746,0.12,0.0,0.0,0.0,0.0
LTT without hierarchy,2023,0.026935392729327556,0.89937106918239,0.6907151252147185,0.054651478166531056,0.0,0.07984322528580447,0.0,0.04,0.06,0.746,0.12,0.0,0.85,0.0,0.0
LTT without hierarchy,2023,0.026935392729327556,0.89937106918239,0.6907151252147185,0.054651478166531056,0.0,0.07984322528580447,0.0,0.04,0.06,0.746,0.12,0.9,0.0,0.0,0.0
LTT without hierarchy,2023,0.026935392729327556,0.89937106918239,0.6907151252147185,0.054651478166531056,0.0,0.07984322528580447,0.0,0.04,0.06,0.746,0.12,0.9,0.85,0.0,0.0
LTT without hierarchy,2023,0.026935392729327556,0.89937106918239,0.6630051532411174,0.0464243739264081,0.0,0.07145539381127375,0.0,0.04,0.06,0.75,0.1,0.0,0.0,0.0,0.0
LTT without hierarchy,2023,0.026935392729327556,0.89937106918239,0.6630051532411174,0.0464243739264081,0.0,0.07145539381127375,0.0,0.04,0.06,0.75,0.1,0.0,0.85,0.0,0.0
LTT without hierarchy,2023,0.026935392729327556,0.89937106918239,0.6630051532411174,0.0464243739264081,0.0,0.07145539381127375,0.0,0.04,0.06,0.75,0.1,0.9,0.0,0.0,0.0
LTT without hierarchy,2023,0.026935392729327556,0.89937106918239,0.6630051532411174,0.0464243739264081,0.0,0.07145539381127375,0.0,0.04,0.06,0.75,0.1,0.9,0.85,0.0,0.0
LTT without hierarchy,2023,0.026935392729327556,0.89937106918239,0.6907151252147185,0.054651478166531056,0.0,0.07984322528580447,0.0,0.04,0.06,0.75,0.12,0.0,0.0,0.0,0.0
LTT without hierarchy,2023,0.026935392729327556,0.89937106918239,0.6907151252147185,0.054651478166531056,0.0,0.07984322528580447,0.0,0.04,0.06,0.75,0.12,0.0,0.85,0.0,0.0
LTT without hierarchy,2023,0.026935392729327556,0.89937106918239,0.6907151252147185,0.054651478166531056,0.0,0.07984322528580447,0.0,0.04,0.06,0.75,0.12,0.9,0.0,0.0,0.0
LTT without hierarchy,2023,0.026935392729327556,0.89937106918239,0.6907151252147185,0.054651478166531056,0.0,0.07984322528580447,0.0,0.04,0.06,0.75,0.12,0.9,0.85,0.0,0.0
LTT without hierarchy,2023,0.026935392729327556,0.89937106918239,0.6630051532411174,0.0464243739264081,0.0,0.07145539381127375,0.0,0.06,0.06,0.0,0.1,0.0,0.0,0.0,0.0
LTT without hierarchy,2023,0.026935392729327556,0.89937106918239,0.6630051532411174,0.0464243739264081,0.0,0.07145539381127375,0.0,0.06,0.06,0.0,0.1,0.0,0.85,0.0,0.0
LTT without hierarchy,2023,0.026935392729327556,0.89937106918239,0.6630051532411174,0.0464243739264081,0.0,0.07145539381127375,0.0,0.06,0.06,0.0,0.1,0.9,0.0,0.0,0.0
LTT without hierarchy,2023,0.026935392729327556,0.89937106918239,0.6630051532411174,0.0464243739264081,0.0,0.07145539381127375,0.0,0.06,0.06,0.0,0.1,0.9,0.85,0.0,0.0
LTT without hierarchy,2023,0.026935392729327556,0.89937106918239,0.6907151252147185,0.054651478166531056,0.0,0.07984322528580447,0.0,0.06,0.06,0.0,0.12,0.0,0.0,0.0,0.0
LTT without hierarchy,2023,0.026935392729327556,0.89937106918239,0.6907151252147185,0.054651478166531056,0.0,0.07984322528580447,0.0,0.06,0.06,0.0,0.12,0.0,0.85,0.0,0.0
LTT without hierarchy,2023,0.026935392729327556,0.89937106918239,0.6907151252147185,0.054651478166531056,0.0,0.07984322528580447,0.0,0.06,0.06,0.0,0.12,0.9,0.0,0.0,0.0
LTT without hierarchy,2023,0.026935392729327556,0.89937106918239,0.6907151252147185,0.054651478166531056,0.0,0.07984322528580447,0.0,0.06,0.06,0.0,0.12,0.9,0.85,0.0,0.0
LTT without hierarchy,2023,0.026935392729327556,0.89937106918239,0.6630051532411174,0.0464243739264081,0.0,0.07145539381127375,0.0,0.06,0.06,0.7,0.1,0.0,0.0,0.0,0.0
LTT without hierarchy,2023,0.026935392729327556,0.89937106918239,0.6630051532411174,0.0464243739264081,0.0,0.07145539381127375,0.0,0.06,0.06,0.7,0.1,0.0,0.85,0.0,0.0
LTT without hierarchy,2023,0.026935392729327556,0.89937106918239,0.6630051532411174,0.0464243739264081,0.0,0.07145539381127375,0.0,0.06,0.06,0.7,0.1,0.9,0.0,0.0,0.0
LTT without hierarchy,2023,0.026935392729327556,0.89937106918239,0.6630051532411174,0.0464243739264081,0.0,0.07145539381127375,0.0,0.06,0.06,0.7,0.1,0.9,0.85,0.0,0.0
LTT without hierarchy,2023,0.026935392729327556,0.89937106918239,0.6907151252147185,0.054651478166531056,0.0,0.07984322528580447,0.0,0.06,0.06,0.7,0.12,0.0,0.0,0.0,0.0
LTT without hierarchy,2023,0.026935392729327556,0.89937106918239,0.6907151252147185,0.054651478166531056,0.0,0.07984322528580447,0.0,0.06,0.06,0.7,0.12,0.0,0.85,0.0,0.0
LTT without hierarchy,2023,0.026935392729327556,0.89937106918239,0.6907151252147185,0.054651478166531056,0.0,0.07984322528580447,0.0,0.06,0.06,0.7,0.12,0.9,0.0,0.0,0.0
LTT without hierarchy,2023,0.026935392729327556,0.89937106918239,0.6907151252147185,0.054651478166531056,0.0,0.07984322528580447,0.0,0.06,0.06,0.7,0.12,0.9,0.85,0.0,0.0
LTT without hierarchy,2023,0.026935392729327556,0.89937106918239,0.6630051532411174,0.0464243739264081,0.0,0.07145539381127375,0.0,0.06,0.06,0.72,0.1,0.0,0.0,0.0,0.0
LTT without hierarchy,2023,0.026935392729327556,0.89937106918239,0.6630051532411174,0.0464243739264081,0.0,0.07145539381127375,0.0,0.06,0.06,0.72,0.1,0.0,0.85,0.0,0.0
LTT without hierarchy,2023,0.026935392729327556,0.89937106918239,0.6630051532411174,0.0464243739264081,0.0,0.07145539381127375,0.0,0.06,0.06,0.72,0.1,0.9,0.0,0.0,0.0
LTT without hierarchy,2023,0.026935392729327556,0.89937106918239,0.6630051532411174,0.0464243739264081,0.0,0.07145539381127375,0.0,0.06,0.06,0.72,0.1,0.9,0.85,0.0,0.0
LTT without hierarchy,2023,0.026935392729327556,0.89937106918239,0.6907151252147185,0.054651478166531056,0.0,0.07984322528580447,0.0,0.06,0.06,0.72,0.12,0.0,0.0,0.0,0.0
LTT without hierarchy,2023,0.026935392729327556,0.89937106918239,0.6907151252147185,0.054651478166531056,0.0,0.07984322528580447,0.0,0.06,0.06,0.72,0.12,0.0,0.85,0.0,0.0
LTT without hierarchy,2023,0.026935392729327556,0.89937106918239,0.6907151252147185,0.054651478166531056,0.0,0.07984322528580447,0.0,0.06,0.06,0.72,0.12,0.9,0.0,0.0,0.0
LTT without hierarchy,2023,0.026935392729327556,0.89937106918239,0.6907151252147185,0.054651478166531056,0.0,0.07984322528580447,0.0,0.06,0.06,0.72,0.12,0.9,0.85,0.0,0.0
LTT without hierarchy,2023,0.026935392729327556,0.89937106918239,0.6630051532411174,0.0464243739264081,0.0,0.07145539381127375,0.0,0.06,0.06,0.73,0.1,0.0,0.0,0.0,0.0
LTT without hierarchy,2023,0.026935392729327556,0.89937106918239,0.6630051532411174,0.0464243739264081,0.0,0.07145539381127375,0.0,0.06,0.06,0.73,0.1,0.0,0.85,0.0,0.0
LTT without hierarchy,2023,0.026935392729327556,0.89937106918239,0.6630051532411174,0.0464243739264081,0.0,0.07145539381127375,0.0,0.06,0.06,0.73,0.1,0.9,0.0,0.0,0.0
LTT without hierarchy,2023,0.026935392729327556,0.89937106918239,0.6630051532411174,0.0464243739264081,0.0,0.07145539381127375,0.0,0.06,0.06,0.73,0.1,0.9,0.85,0.0,0.0
LTT without hierarchy,2023,0.026935392729327556,0.89937106918239,0.6907151252147185,0.054651478166531056,0.0,0.07984322528580447,0.0,0.06,0.06,0.73,0.12,0.0,0.0,0.0,0.0
LTT without hierarchy,2023,0.026935392729327556,0.89937106918239,0.6907151252147185,0.054651478166531056,0.0,0.07984322528580447,0.0,0.06,0.06,0.73,0.12,0.0,0.85,0.0,0.0
LTT without hierarchy,2023,0.026935392729327556,0.89937106918239,0.6907151252147185,0.054651478166531056,0.0,0.07984322528580447,0.0,0.06,0.06,0.73,0.12,0.9,0.0,0.0,0.0
LTT without hierarchy,2023,0.026935392729327556,0.89937106918239,0.6907151252147185,0.054651478166531056,0.0,0.07984322528580447,0.0,0.06,0.06,0.73,0.12,0.9,0.85,0.0,0.0
LTT without hierarchy,2023,0.026935392729327556,0.89937106918239,0.6630051532411174,0.0464243739264081,0.0,0.07145539381127375,0.0,0.06,0.06,0.74,0.1,0.0,0.0,0.0,0.0
LTT without hierarchy,2023,0.026935392729327556,0.89937106918239,0.6630051532411174,0.0464243739264081,0.0,0.07145539381127375,0.0,0.06,0.06,0.74,0.1,0.0,0.85,0.0,0.0
LTT without hierarchy,2023,0.026935392729327556,0.89937106918239,0.6630051532411174,0.0464243739264081,0.0,0.07145539381127375,0.0,0.06,0.06,0.74,0.1,0.9,0.0,0.0,0.0
LTT without hierarchy,2023,0.026935392729327556,0.89937106918239,0.6630051532411174,0.0464243739264081,0.0,0.07145539381127375,0.0,0.06,0.06,0.74,0.1,0.9,0.85,0.0,0.0
LTT without hierarchy,2023,0.026935392729327556,0.89937106918239,0.6907151252147185,0.054651478166531056,0.0,0.07984322528580447,0.0,0.06,0.06,0.74,0.12,0.0,0.0,0.0,0.0
LTT without hierarchy,2023,0.026935392729327556,0.89937106918239,0.6907151252147185,0.054651478166531056,0.0,0.07984322528580447,0.0,0.06,0.06,0.74,0.12,0.0,0.85,0.0,0.0
LTT without hierarchy,2023,0.026935392729327556,0.89937106918239,0.6907151252147185,0.054651478166531056,0.0,0.07984322528580447,0.0,0.06,0.06,0.74,0.12,0.9,0.0,0.0,0.0
LTT without hierarchy,2023,0.026935392729327556,0.89937106918239,0.6907151252147185,0.054651478166531056,0.0,0.07984322528580447,0.0,0.06,0.06,0.74,0.12,0.9,0.85,0.0,0.0
LTT without hierarchy,2023,0.026935392729327556,0.89937106918239,0.6630051532411174,0.0464243739264081,0.0,0.07145539381127375,0.0,0.06,0.06,0.746,0.1,0.0,0.0,0.0,0.0
LTT without hierarchy,2023,0.026935392729327556,0.89937106918239,0.6630051532411174,0.0464243739264081,0.0,0.07145539381127375,0.0,0.06,0.06,0.746,0.1,0.0,0.85,0.0,0.0
LTT without hierarchy,2023,0.026935392729327556,0.89937106918239,0.6630051532411174,0.0464243739264081,0.0,0.07145539381127375,0.0,0.06,0.06,0.746,0.1,0.9,0.0,0.0,0.0
LTT without hierarchy,2023,0.026935392729327556,0.89937106918239,0.6630051532411174,0.0464243739264081,0.0,0.07145539381127375,0.0,0.06,0.06,0.746,0.1,0.9,0.85,0.0,0.0
LTT without hierarchy,2023,0.026935392729327556,0.89937106918239,0.6907151252147185,0.054651478166531056,0.0,0.07984322528580447,0.0,0.06,0.06,0.746,0.12,0.0,0.0,0.0,0.0
LTT without hierarchy,2023,0.026935392729327556,0.89937106918239,0.6907151252147185,0.054651478166531056,0.0,0.07984322528580447,0.0,0.06,0.06,0.746,0.12,0.0,0.85,0.0,0.0
LTT without hierarchy,2023,0.026935392729327556,0.89937106918239,0.6907151252147185,0.054651478166531056,0.0,0.07984322528580447,0.0,0.06,0.06,0.746,0.12,0.9,0.0,0.0,0.0
LTT without hierarchy,2023,0.026935392729327556,0.89937106918239,0.6907151252147185,0.054651478166531056,0.0,0.07984322528580447,0.0,0.06,0.06,0.746,0.12,0.9,0.85,0.0,0.0
LTT without hierarchy,2023,0.026935392729327556,0.89937106918239,0.6630051532411174,0.0464243739264081,0.0,0.07145539381127375,0.0,0.06,0.06,0.75,0.1,0.0,0.0,0.0,0.0
LTT without hierarchy,2023,0.026935392729327556,0.89937106918239,0.6630051532411174,0.0464243739264081,0.0,0.07145539381127375,0.0,0.06,0.06,0.75,0.1,0.0,0.85,0.0,0.0
LTT without hierarchy,2023,0.026935392729327556,0.89937106918239,0.6630051532411174,0.0464243739264081,0.0,0.07145539381127375,0.0,0.06,0.06,0.75,0.1,0.9,0.0,0.0,0.0
LTT without hierarchy,2023,0.026935392729327556,0.89937106918239,0.6630051532411174,0.0464243739264081,0.0,0.07145539381127375,0.0,0.06,0.06,0.75,0.1,0.9,0.85,0.0,0.0
LTT without hierarchy,2023,0.026935392729327556,0.89937106918239,0.6907151252147185,0.054651478166531056,0.0,0.07984322528580447,0.0,0.06,0.06,0.75,0.12,0.0,0.0,0.0,0.0
LTT without hierarchy,2023,0.026935392729327556,0.89937106918239,0.6907151252147185,0.054651478166531056,0.0,0.07984322528580447,0.0,0.06,0.06,0.75,0.12,0.0,0.85,0.0,0.0
LTT without hierarchy,2023,0.026935392729327556,0.89937106918239,0.6907151252147185,0.054651478166531056,0.0,0.07984322528580447,0.0,0.06,0.06,0.75,0.12,0.9,0.0,0.0,0.0
LTT without hierarchy,2023,0.026935392729327556,0.89937106918239,0.6907151252147185,0.054651478166531056,0.0,0.07984322528580447,0.0,0.06,0.06,0.75,0.12,0.9,0.85,0.0,0.0
LTT without hierarchy,2023,0.026935392729327556,0.89937106918239,0.6630051532411174,0.0464243739264081,0.0,0.07145539381127375,0.02,0.04,0.06,0.0,0.1,0.0,0.0,0.0,0.0
LTT without hierarchy,2023,0.026935392729327556,0.89937106918239,0.6630051532411174,0.0464243739264081,0.0,0.07145539381127375,0.02,0.04,0.06,0.0,0.1,0.0,0.85,0.0,0.0
LTT without hierarchy,2023,0.026935392729327556,0.89937106918239,0.6630051532411174,0.0464243739264081,0.0,0.07145539381127375,0.02,0.04,0.06,0.0,0.1,0.9,0.0,0.0,0.0
LTT without hierarchy,2023,0.026935392729327556,0.89937106918239,0.6630051532411174,0.0464243739264081,0.0,0.07145539381127375,0.02,0.04,0.06,0.0,0.1,0.9,0.85,0.0,0.0
LTT without hierarchy,2023,0.026935392729327556,0.89937106918239,0.6907151252147185,0.054651478166531056,0.0,0.07984322528580447,0.02,0.04,0.06,0.0,0.12,0.0,0.0,0.0,0.0
LTT without hierarchy,2023,0.026935392729327556,0.89937106918239,0.6907151252147185,0.054651478166531056,0.0,0.07984322528580447,0.02,0.04,0.06,0.0,0.12,0.0,0.85,0.0,0.0
LTT without hierarchy,2023,0.026935392729327556,0.89937106918239,0.6907151252147185,0.054651478166531056,0.0,0.07984322528580447,0.02,0.04,0.06,0.0,0.12,0.9,0.0,0.0,0.0
LTT without hierarchy,2023,0.026935392729327556,0.89937106918239,0.6907151252147185,0.054651478166531056,0.0,0.07984322528580447,0.02,0.04,0.06,0.0,0.12,0.9,0.85,0.0,0.0
LTT without hierarchy,2023,0.026935392729327556,0.89937106918239,0.6630051532411174,0.0464243739264081,0.0,0.07145539381127375,0.02,0.04,0.06,0.7,0.1,0.0,0.0,0.0,0.0
LTT without hierarchy,2023,0.026935392729327556,0.89937106918239,0.6630051532411174,0.0464243739264081,0.0,0.07145539381127375,0.02,0.04,0.06,0.7,0.1,0.0,0.85,0.0,0.0
LTT without hierarchy,2023,0.026935392729327556,0.89937106918239,0.6630051532411174,0.0464243739264081,0.0,0.07145539381127375,0.02,0.04,0.06,0.7,0.1,0.9,0.0,0.0,0.0
LTT without hierarchy,2023,0.026935392729327556,0.89937106918239,0.6630051532411174,0.0464243739264081,0.0,0.07145539381127375,0.02,0.04,0.06,0.7,0.1,0.9,0.85,0.0,0.0
LTT without hierarchy,2023,0.026935392729327556,0.89937106918239,0.6907151252147185,0.054651478166531056,0.0,0.07984322528580447,0.02,0.04,0.06,0.7,0.12,0.0,0.0,0.0,0.0
LTT without hierarchy,2023,0.026935392729327556,0.89937106918239,0.6907151252147185,0.054651478166531056,0.0,0.07984322528580447,0.02,0.04,0.06,0.7,0.12,0.0,0.85,0.0,0.0
LTT without hierarchy,2023,0.026935392729327556,0.89937106918239,0.6907151252147185,0.054651478166531056,0.0,0.07984322528580447,0.02,0.04,0.06,0.7,0.12,0.9,0.0,0.0,0.0
LTT without hierarchy,2023,0.026935392729327556,0.89937106918239,0.6907151252147185,0.054651478166531056,0.0,0.07984322528580447,0.02,0.04,0.06,0.7,0.12,0.9,0.85,0.0,0.0
LTT without hierarchy,2023,0.026935392729327556,0.89937106918239,0.6630051532411174,0.0464243739264081,0.0,0.07145539381127375,0.02,0.04,0.06,0.72,0.1,0.0,0.0,0.0,0.0
LTT without hierarchy,2023,0.026935392729327556,0.89937106918239,0.6630051532411174,0.0464243739264081,0.0,0.07145539381127375,0.02,0.04,0.06,0.72,0.1,0.0,0.85,0.0,0.0
LTT without hierarchy,2023,0.026935392729327556,0.89937106918239,0.6630051532411174,0.0464243739264081,0.0,0.07145539381127375,0.02,0.04,0.06,0.72,0.1,0.9,0.0,0.0,0.0
LTT without hierarchy,2023,0.026935392729327556,0.89937106918239,0.6630051532411174,0.0464243739264081,0.0,0.07145539381127375,0.02,0.04,0.06,0.72,0.1,0.9,0.85,0.0,0.0
LTT without hierarchy,2023,0.026935392729327556,0.89937106918239,0.6907151252147185,0.054651478166531056,0.0,0.07984322528580447,0.02,0.04,0.06,0.72,0.12,0.0,0.0,0.0,0.0
LTT without hierarchy,2023,0.026935392729327556,0.89937106918239,0.6907151252147185,0.054651478166531056,0.0,0.07984322528580447,0.02,0.04,0.06,0.72,0.12,0.0,0.85,0.0,0.0
LTT without hierarchy,2023,0.026935392729327556,0.89937106918239,0.6907151252147185,0.054651478166531056,0.0,0.07984322528580447,0.02,0.04,0.06,0.72,0.12,0.9,0.0,0.0,0.0
LTT without hierarchy,2023,0.026935392729327556,0.89937106918239,0.6907151252147185,0.054651478166531056,0.0,0.07984322528580447,0.02,0.04,0.06,0.72,0.12,0.9,0.85,0.0,0.0
LTT without hierarchy,2023,0.026935392729327556,0.89937106918239,0.6630051532411174,0.0464243739264081,0.0,0.07145539381127375,0.02,0.04,0.06,0.73,0.1,0.0,0.0,0.0,0.0
LTT without hierarchy,2023,0.026935392729327556,0.89937106918239,0.6630051532411174,0.0464243739264081,0.0,0.07145539381127375,0.02,0.04,0.06,0.73,0.1,0.0,0.85,0.0,0.0
LTT without hierarchy,2023,0.026935392729327556,0.89937106918239,0.6630051532411174,0.0464243739264081,0.0,0.07145539381127375,0.02,0.04,0.06,0.73,0.1,0.9,0.0,0.0,0.0
LTT without hierarchy,2023,0.026935392729327556,0.89937106918239,0.6630051532411174,0.0464243739264081,0.0,0.07145539381127375,0.02,0.04,0.06,0.73,0.1,0.9,0.85,0.0,0.0
LTT without hierarchy,2023,0.026935392729327556,0.89937106918239,0.6907151252147185,0.054651478166531056,0.0,0.07984322528580447,0.02,0.04,0.06,0.73,0.12,0.0,0.0,0.0,0.0
LTT without hierarchy,2023,0.026935392729327556,0.89937106918239,0.6907151252147185,0.054651478166531056,0.0,0.07984322528580447,0.02,0.04,0.06,0.73,0.12,0.0,0.85,0.0,0.0
LTT without hierarchy,2023,0.026935392729327556,0.89937106918239,0.6907151252147185,0.054651478166531056,0.0,0.07984322528580447,0.02,0.04,0.06,0.73,0.12,0.9,0.0,0.0,0.0
LTT without hierarchy,2023,0.026935392729327556,0.89937106918239,0.6907151252147185,0.054651478166531056,0.0,0.07984322528580447,0.02,0.04,0.06,0.73,0.12,0.9,0.85,0.0,0.0
LTT without hierarchy,2023,0.026935392729327556,0.89937106918239,0.6630051532411174,0.0464243739264081,0.0,0.07145539381127375,0.02,0.04,0.06,0.74,0.1,0.0,0.0,0.0,0.0
LTT without hierarchy,2023,0.026935392729327556,0.89937106918239,0.6630051532411174,0.0464243739264081,0.0,0.07145539381127375,0.02,0.04,0.06,0.74,0.1,0.0,0.85,0.0,0.0
LTT without hierarchy,2023,0.026935392729327556,0.89937106918239,0.6630051532411174,0.0464243739264081,0.0,0.07145539381127375,0.02,0.04,0.06,0.74,0.1,0.9,0.0,0.0,0.0
LTT without hierarchy,2023,0.026935392729327556,0.89937106918239,0.6630051532411174,0.0464243739264081,0.0,0.07145539381127375,0.02,0.04,0.06,0.74,0.1,0.9,0.85,0.0,0.0
LTT without hierarchy,2023,0.026935392729327556,0.89937106918239,0.6907151252147185,0.054651478166531056,0.0,0.07984322528580447,0.02,0.04,0.06,0.74,0.12,0.0,0.0,0.0,0.0
LTT without hierarchy,2023,0.026935392729327556,0.89937106918239,0.6907151252147185,0.054651478166531056,0.0,0.07984322528580447,0.02,0.04,0.06,0.74,0.12,0.0,0.85,0.0,0.0
LTT without hierarchy,2023,0.026935392729327556,0.89937106918239,0.6907151252147185,0.054651478166531056,0.0,0.07984322528580447,0.02,0.04,0.06,0.74,0.12,0.9,0.0,0.0,0.0
LTT without hierarchy,2023,0.026935392729327556,0.89937106918239,0.6907151252147185,0.054651478166531056,0.0,0.07984322528580447,0.02,0.04,0.06,0.74,0.12,0.9,0.85,0.0,0.0
LTT without hierarchy,2023,0.026935392729327556,0.89937106918239,0.6630051532411174,0.0464243739264081,0.0,0.07145539381127375,0.02,0.04,0.06,0.746,0.1,0.0,0.0,0.0,0.0
LTT without hierarchy,2023,0.026935392729327556,0.89937106918239,0.6630051532411174,0.0464243739264081,0.0,0.07145539381127375,0.02,0.04,0.06,0.746,0.1,0.0,0.85,0.0,0.0
LTT without hierarchy,2023,0.026935392729327556,0.89937106918239,0.6630051532411174,0.0464243739264081,0.0,0.07145539381127375,0.02,0.04,0.06,0.746,0.1,0.9,0.0,0.0,0.0
LTT without hierarchy,2023,0.026935392729327556,0.89937106918239,0.6630051532411174,0.0464243739264081,0.0,0.07145539381127375,0.02,0.04,0.06,0.746,0.1,0.9,0.85,0.0,0.0
LTT without hierarchy,2023,0.026935392729327556,0.89937106918239,0.6907151252147185,0.054651478166531056,0.0,0.07984322528580447,0.02,0.04,0.06,0.746,0.12,0.0,0.0,0.0,0.0
LTT without hierarchy,2023,0.026935392729327556,0.89937106918239,0.6907151252147185,0.054651478166531056,0.0,0.07984322528580447,0.02,0.04,0.06,0.746,0.12,0.0,0.85,0.0,0.0
LTT without hierarchy,2023,0.026935392729327556,0.89937106918239,0.6907151252147185,0.054651478166531056,0.0,0.07984322528580447,0.02,0.04,0.06,0.746,0.12,0.9,0.0,0.0,0.0
LTT without hierarchy,2023,0.026935392729327556,0.89937106918239,0.6907151252147185,0.054651478166531056,0.0,0.07984322528580447,0.02,0.04,0.06,0.746,0.12,0.9,0.85,0.0,0.0
LTT without hierarchy,2023,0.026935392729327556,0.89937106918239,0.6630051532411174,0.0464243739264081,0.0,0.07145539381127375,0.02,0.04,0.06,0.75,0.1,0.0,0.0,0.0,0.0
LTT without hierarchy,2023,0.026935392729327556,0.89937106918239,0.6630051532411174,0.0464243739264081,0.0,0.07145539381127375,0.02,0.04,0.06,0.75,0.1,0.0,0.85,0.0,0.0
LTT without hierarchy,2023,0.026935392729327556,0.89937106918239,0.6630051532411174,0.0464243739264081,0.0,0.07145539381127375,0.02,0.04,0.06,0.75,0.1,0.9,0.0,0.0,0.0
LTT without hierarchy,2023,0.026935392729327556,0.89937106918239,0.6630051532411174,0.0464243739264081,0.0,0.07145539381127375,0.02,0.04,0.06,0.75,0.1,0.9,0.85,0.0,0.0
LTT without hierarchy,2023,0.026935392729327556,0.89937106918239,0.6907151252147185,0.054651478166531056,0.0,0.07984322528580447,0.02,0.04,0.06,0.75,0.12,0.0,0.0,0.0,0.0
LTT without hierarchy,2023,0.026935392729327556,0.89937106918239,0.6907151252147185,0.054651478166531056,0.0,0.07984322528580447,0.02,0.04,0.06,0.75,0.12,0.0,0.85,0.0,0.0
LTT without hierarchy,2023,0.026935392729327556,0.89937106918239,0.6907151252147185,0.054651478166531056,0.0,0.07984322528580447,0.02,0.04,0.06,0.75,0.12,0.9,0.0,0.0,0.0
LTT without hierarchy,2023,0.026935392729327556,0.89937106918239,0.6907151252147185,0.054651478166531056,0.0,0.07984322528580447,0.02,0.04,0.06,0.75,0.12,0.9,0.85,0.0,0.0
LTT without hierarchy,2023,0.026935392729327556,0.89937106918239,0.6630051532411174,0.0464243739264081,0.0,0.07145539381127375,0.02,0.06,0.06,0.0,0.1,0.0,0.0,0.0,0.0
LTT without hierarchy,2023,0.026935392729327556,0.89937106918239,0.6630051532411174,0.0464243739264081,0.0,0.07145539381127375,0.02,0.06,0.06,0.0,0.1,0.0,0.85,0.0,0.0
LTT without hierarchy,2023,0.026935392729327556,0.89937106918239,0.6630051532411174,0.0464243739264081,0.0,0.07145539381127375,0.02,0.06,0.06,0.0,0.1,0.9,0.0,0.0,0.0
LTT without hierarchy,2023,0.026935392729327556,0.89937106918239,0.6630051532411174,0.0464243739264081,0.0,0.07145539381127375,0.02,0.06,0.06,0.0,0.1,0.9,0.85,0.0,0.0
LTT without hierarchy,2023,0.026935392729327556,0.89937106918239,0.6907151252147185,0.054651478166531056,0.0,0.07984322528580447,0.02,0.06,0.06,0.0,0.12,0.0,0.0,0.0,0.0
LTT without hierarchy,2023,0.026935392729327556,0.89937106918239,0.6907151252147185,0.054651478166531056,0.0,0.07984322528580447,0.02,0.06,0.06,0.0,0.12,0.0,0.85,0.0,0.0
LTT without hierarchy,2023,0.026935392729327556,0.89937106918239,0.6907151252147185,0.054651478166531056,0.0,0.07984322528580447,0.02,0.06,0.06,0.0,0.12,0.9,0.0,0.0,0.0
LTT without hierarchy,2023,0.026935392729327556,0.89937106918239,0.6907151252147185,0.054651478166531056,0.0,0.07984322528580447,0.02,0.06,0.06,0.0,0.12,0.9,0.85,0.0,0.0
LTT without hierarchy,2023,0.026935392729327556,0.89937106918239,0.6630051532411174,0.0464243739264081,0.0,0.07145539381127375,0.02,0.06,0.06,0.7,0.1,0.0,0.0,0.0,0.0
LTT without hierarchy,2023,0.026935392729327556,0.89937106918239,0.6630051532411174,0.0464243739264081,0.0,0.07145539381127375,0.02,0.06,0.06,0.7,0.1,0.0,0.85,0.0,0.0
LTT without hierarchy,2023,0.026935392729327556,0.89937106918239,0.6630051532411174,0.0464243739264081,0.0,0.07145539381127375,0.02,0.06,0.06,0.7,0.1,0.9,0.0,0.0,0.0
LTT without hierarchy,2023,0.026935392729327556,0.89937106918239,0.6630051532411174,0.0464243739264081,0.0,0.07145539381127375,0.02,0.06,0.06,0.7,0.1,0.9,0.85,0.0,0.0
LTT without hierarchy,2023,0.026935392729327556,0.89937106918239,0.6907151252147185,0.054651478166531056,0.0,0.07984322528580447,0.02,0.06,0.06,0.7,0.12,0.0,0.0,0.0,0.0
LTT without hierarchy,2023,0.026935392729327556,0.89937106918239,0.6907151252147185,0.054651478166531056,0.0,0.07984322528580447,0.02,0.06,0.06,0.7,0.12,0.0,0.85,0.0,0.0
LTT without hierarchy,2023,0.026935392729327556,0.89937106918239,0.6907151252147185,0.054651478166531056,0.0,0.07984322528580447,0.02,0.06,0.06,0.7,0.12,0.9,0.0,0.0,0.0
LTT without hierarchy,2023,0.026935392729327556,0.89937106918239,0.6907151252147185,0.054651478166531056,0.0,0.07984322528580447,0.02,0.06,0.06,0.7,0.12,0.9,0.85,0.0,0.0
LTT without hierarchy,2023,0.026935392729327556,0.89937106918239,0.6630051532411174,0.0464243739264081,0.0,0.07145539381127375,0.02,0.06,0.06,0.72,0.1,0.0,0.0,0.0,0.0
LTT without hierarchy,2023,0.026935392729327556,0.89937106918239,0.6630051532411174,0.0464243739264081,0.0,0.07145539381127375,0.02,0.06,0.06,0.72,0.1,0.0,0.85,0.0,0.0
LTT without hierarchy,2023,0.026935392729327556,0.89937106918239,0.6630051532411174,0.0464243739264081,0.0,0.07145539381127375,0.02,0.06,0.06,0.72,0.1,0.9,0.0,0.0,0.0
LTT without hierarchy,2023,0.026935392729327556,0.89937106918239,0.6630051532411174,0.0464243739264081,0.0,0.07145539381127375,0.02,0.06,0.06,0.72,0.1,0.9,0.85,0.0,0.0
LTT without hierarchy,2023,0.026935392729327556,0.89937106918239,0.6907151252147185,0.054651478166531056,0.0,0.07984322528580447,0.02,0.06,0.06,0.72,0.12,0.0,0.0,0.0,0.0
LTT without hierarchy,2023,0.026935392729327556,0.89937106918239,0.6907151252147185,0.054651478166531056,0.0,0.07984322528580447,0.02,0.06,0.06,0.72,0.12,0.0,0.85,0.0,0.0
LTT without hierarchy,2023,0.026935392729327556,0.89937106918239,0.6907151252147185,0.054651478166531056,0.0,0.07984322528580447,0.02,0.06,0.06,0.72,0.12,0.9,0.0,0.0,0.0
LTT without hierarchy,2023,0.026935392729327556,0.89937106918239,0.6907151252147185,0.054651478166531056,0.0,0.07984322528580447,0.02,0.06,0.06,0.72,0.12,0.9,0.85,0.0,0.0
LTT without hierarchy,2023,0.026935392729327556,0.89937106918239,0.6630051532411174,0.0464243739264081,0.0,0.07145539381127375,0.02,0.06,0.06,0.73,0.1,0.0,0.0,0.0,0.0
LTT without hierarchy,2023,0.026935392729327556,0.89937106918239,0.6630051532411174,0.0464243739264081,0.0,0.07145539381127375,0.02,0.06,0.06,0.73,0.1,0.0,0.85,0.0,0.0
LTT without hierarchy,2023,0.026935392729327556,0.89937106918239,0.6630051532411174,0.0464243739264081,0.0,0.07145539381127375,0.02,0.06,0.06,0.73,0.1,0.9,0.0,0.0,0.0
LTT without hierarchy,2023,0.026935392729327556,0.89937106918239,0.6630051532411174,0.0464243739264081,0.0,0.07145539381127375,0.02,0.06,0.06,0.73,0.1,0.9,0.85,0.0,0.0
LTT without hierarchy,2023,0.026935392729327556,0.89937106918239,0.6907151252147185,0.054651478166531056,0.0,0.07984322528580447,0.02,0.06,0.06,0.73,0.12,0.0,0.0,0.0,0.0
LTT without hierarchy,2023,0.026935392729327556,0.89937106918239,0.6907151252147185,0.054651478166531056,0.0,0.07984322528580447,0.02,0.06,0.06,0.73,0.12,0.0,0.85,0.0,0.0
LTT without hierarchy,2023,0.026935392729327556,0.89937106918239,0.6907151252147185,0.054651478166531056,0.0,0.07984322528580447,0.02,0.06,0.06,0.73,0.12,0.9,0.0,0.0,0.0
LTT without hierarchy,2023,0.026935392729327556,0.89937106918239,0.6907151252147185,0.054651478166531056,0.0,0.07984322528580447,0.02,0.06,0.06,0.73,0.12,0.9,0.85,0.0,0.0
LTT without hierarchy,2023,0.026935392729327556,0.89937106918239,0.6630051532411174,0.0464243739264081,0.0,0.07145539381127375,0.02,0.06,0.06,0.74,0.1,0.0,0.0,0.0,0.0
LTT without hierarchy,2023,0.026935392729327556,0.89937106918239,0.6630051532411174,0.0464243739264081,0.0,0.07145539381127375,0.02,0.06,0.06,0.74,0.1,0.0,0.85,0.0,0.0
LTT without hierarchy,2023,0.026935392729327556,0.89937106918239,0.6630051532411174,0.0464243739264081,0.0,0.07145539381127375,0.02,0.06,0.06,0.74,0.1,0.9,0.0,0.0,0.0
LTT without hierarchy,2023,0.026935392729327556,0.89937106918239,0.6630051532411174,0.0464243739264081,0.0,0.07145539381127375,0.02,0.06,0.06,0.74,0.1,0.9,0.85,0.0,0.0
LTT without hierarchy,2023,0.026935392729327556,0.89937106918239,0.6907151252147185,0.054651478166531056,0.0,0.07984322528580447,0.02,0.06,0.06,0.74,0.12,0.0,0.0,0.0,0.0
LTT without hierarchy,2023,0.026935392729327556,0.89937106918239,0.6907151252147185,0.054651478166531056,0.0,0.07984322528580447,0.02,0.06,0.06,0.74,0.12,0.0,0.85,0.0,0.0
LTT without hierarchy,2023,0.026935392729327556,0.89937106918239,0.6907151252147185,0.054651478166531056,0.0,0.07984322528580447,0.02,0.06,0.06,0.74,0.12,0.9,0.0,0.0,0.0
LTT without hierarchy,2023,0.026935392729327556,0.89937106918239,0.6907151252147185,0.054651478166531056,0.0,0.07984322528580447,0.02,0.06,0.06,0.74,0.12,0.9,0.85,0.0,0.0
LTT without hierarchy,2023,0.026935392729327556,0.89937106918239,0.6630051532411174,0.0464243739264081,0.0,0.07145539381127375,0.02,0.06,0.06,0.746,0.1,0.0,0.0,0.0,0.0
LTT without hierarchy,2023,0.026935392729327556,0.89937106918239,0.6630051532411174,0.0464243739264081,0.0,0.07145539381127375,0.02,0.06,0.06,0.746,0.1,0.0,0.85,0.0,0.0
LTT without hierarchy,2023,0.026935392729327556,0.89937106918239,0.6630051532411174,0.0464243739264081,0.0,0.07145539381127375,0.02,0.06,0.06,0.746,0.1,0.9,0.0,0.0,0.0
LTT without hierarchy,2023,0.026935392729327556,0.89937106918239,0.6630051532411174,0.0464243739264081,0.0,0.07145539381127375,0.02,0.06,0.06,0.746,0.1,0.9,0.85,0.0,0.0
LTT without hierarchy,2023,0.026935392729327556,0.89937106918239,0.6907151252147185,0.054651478166531056,0.0,0.07984322528580447,0.02,0.06,0.06,0.746,0.12,0.0,0.0,0.0,0.0
LTT without hierarchy,2023,0.026935392729327556,0.89937106918239,0.6907151252147185,0.054651478166531056,0.0,0.07984322528580447,0.02,0.06,0.06,0.746,0.12,0.0,0.85,0.0,0.0
LTT without hierarchy,2023,0.026935392729327556,0.89937106918239,0.6907151252147185,0.054651478166531056,0.0,0.07984322528580447,0.02,0.06,0.06,0.746,0.12,0.9,0.0,0.0,0.0
LTT without hierarchy,2023,0.026935392729327556,0.89937106918239,0.6907151252147185,0.054651478166531056,0.0,0.07984322528580447,0.02,0.06,0.06,0.746,0.12,0.9,0.85,0.0,0.0
LTT without hierarchy,2023,0.026935392729327556,0.89937106918239,0.6630051532411174,0.0464243739264081,0.0,0.07145539381127375,0.02,0.06,0.06,0.75,0.1,0.0,0.0,0.0,0.0
LTT without hierarchy,2023,0.026935392729327556,0.89937106918239,0.6630051532411174,0.0464243739264081,0.0,0.07145539381127375,0.02,0.06,0.06,0.75,0.1,0.0,0.85,0.0,0.0
LTT without hierarchy,2023,0.026935392729327556,0.89937106918239,0.6630051532411174,0.0464243739264081,0.0,0.07145539381127375,0.02,0.06,0.06,0.75,0.1,0.9,0.0,0.0,0.0
LTT without hierarchy,2023,0.026935392729327556,0.89937106918239,0.6630051532411174,0.0464243739264081,0.0,0.07145539381127375,0.02,0.06,0.06,0.75,0.1,0.9,0.85,0.0,0.0
LTT without hierarchy,2023,0.026935392729327556,0.89937106918239,0.6907151252147185,0.054651478166531056,0.0,0.07984322528580447,0.02,0.06,0.06,0.75,0.12,0.0,0.0,0.0,0.0
LTT without hierarchy,2023,0.026935392729327556,0.89937106918239,0.6907151252147185,0.054651478166531056,0.0,0.07984322528580447,0.02,0.06,0.06,0.75,0.12,0.0,0.85,0.0,0.0
LTT without hierarchy,2023,0.026935392729327556,0.89937106918239,0.6907151252147185,0.054651478166531056,0.0,0.07984322528580447,0.02,0.06,0.06,0.75,0.12,0.9,0.0,0.0,0.0
LTT without hierarchy,2023,0.026935392729327556,0.89937106918239,0.6907151252147185,0.054651478166531056,0.0,0.07984322528580447,0.02,0.06,0.06,0.75,0.12,0.9,0.85,0.0,0.0
LTT without hierarchy,2023,0.026935392729327556,0.89937106918239,0.6630051532411174,0.0464243739264081,0.0,0.07145539381127375,0.06,0.04,0.06,0.0,0.1,0.0,0.0,0.0,0.0
LTT without hierarchy,2023,0.026935392729327556,0.89937106918239,0.6630051532411174,0.0464243739264081,0.0,0.07145539381127375,0.06,0.04,0.06,0.0,0.1,0.0,0.85,0.0,0.0
LTT without hierarchy,2023,0.026935392729327556,0.89937106918239,0.6630051532411174,0.0464243739264081,0.0,0.07145539381127375,0.06,0.04,0.06,0.0,0.1,0.9,0.0,0.0,0.0
LTT without hierarchy,2023,0.026935392729327556,0.89937106918239,0.6630051532411174,0.0464243739264081,0.0,0.07145539381127375,0.06,0.04,0.06,0.0,0.1,0.9,0.85,0.0,0.0
LTT without hierarchy,2023,0.026935392729327556,0.89937106918239,0.6907151252147185,0.054651478166531056,0.0,0.07984322528580447,0.06,0.04,0.06,0.0,0.12,0.0,0.0,0.0,0.0
LTT without hierarchy,2023,0.026935392729327556,0.89937106918239,0.6907151252147185,0.054651478166531056,0.0,0.07984322528580447,0.06,0.04,0.06,0.0,0.12,0.0,0.85,0.0,0.0
LTT without hierarchy,2023,0.026935392729327556,0.89937106918239,0.6907151252147185,0.054651478166531056,0.0,0.07984322528580447,0.06,0.04,0.06,0.0,0.12,0.9,0.0,0.0,0.0
LTT without hierarchy,2023,0.026935392729327556,0.89937106918239,0.6907151252147185,0.054651478166531056,0.0,0.07984322528580447,0.06,0.04,0.06,0.0,0.12,0.9,0.85,0.0,0.0
LTT without hierarchy,2023,0.026935392729327556,0.89937106918239,0.6630051532411174,0.0464243739264081,0.0,0.07145539381127375,0.06,0.04,0.06,0.7,0.1,0.0,0.0,0.0,0.0
LTT without hierarchy,2023,0.026935392729327556,0.89937106918239,0.6630051532411174,0.0464243739264081,0.0,0.07145539381127375,0.06,0.04,0.06,0.7,0.1,0.0,0.85,0.0,0.0
LTT without hierarchy,2023,0.026935392729327556,0.89937106918239,0.6630051532411174,0.0464243739264081,0.0,0.07145539381127375,0.06,0.04,0.06,0.7,0.1,0.9,0.0,0.0,0.0
LTT without hierarchy,2023,0.026935392729327556,0.89937106918239,0.6630051532411174,0.0464243739264081,0.0,0.07145539381127375,0.06,0.04,0.06,0.7,0.1,0.9,0.85,0.0,0.0
LTT without hierarchy,2023,0.026935392729327556,0.89937106918239,0.6907151252147185,0.054651478166531056,0.0,0.07984322528580447,0.06,0.04,0.06,0.7,0.12,0.0,0.0,0.0,0.0
LTT without hierarchy,2023,0.026935392729327556,0.89937106918239,0.6907151252147185,0.054651478166531056,0.0,0.07984322528580447,0.06,0.04,0.06,0.7,0.12,0.0,0.85,0.0,0.0
LTT without hierarchy,2023,0.026935392729327556,0.89937106918239,0.6907151252147185,0.054651478166531056,0.0,0.07984322528580447,0.06,0.04,0.06,0.7,0.12,0.9,0.0,0.0,0.0
LTT without hierarchy,2023,0.026935392729327556,0.89937106918239,0.6907151252147185,0.054651478166531056,0.0,0.07984322528580447,0.06,0.04,0.06,0.7,0.12,0.9,0.85,0.0,0.0
LTT without hierarchy,2023,0.026935392729327556,0.89937106918239,0.6630051532411174,0.0464243739264081,0.0,0.07145539381127375,0.06,0.04,0.06,0.72,0.1,0.0,0.0,0.0,0.0
LTT without hierarchy,2023,0.026935392729327556,0.89937106918239,0.6630051532411174,0.0464243739264081,0.0,0.07145539381127375,0.06,0.04,0.06,0.72,0.1,0.0,0.85,0.0,0.0
LTT without hierarchy,2023,0.026935392729327556,0.89937106918239,0.6630051532411174,0.0464243739264081,0.0,0.07145539381127375,0.06,0.04,0.06,0.72,0.1,0.9,0.0,0.0,0.0
LTT without hierarchy,2023,0.026935392729327556,0.89937106918239,0.6630051532411174,0.0464243739264081,0.0,0.07145539381127375,0.06,0.04,0.06,0.72,0.1,0.9,0.85,0.0,0.0
LTT without hierarchy,2023,0.026935392729327556,0.89937106918239,0.6907151252147185,0.054651478166531056,0.0,0.07984322528580447,0.06,0.04,0.06,0.72,0.12,0.0,0.0,0.0,0.0
LTT without hierarchy,2023,0.026935392729327556,0.89937106918239,0.6907151252147185,0.054651478166531056,0.0,0.07984322528580447,0.06,0.04,0.06,0.72,0.12,0.0,0.85,0.0,0.0
LTT without hierarchy,2023,0.026935392729327556,0.89937106918239,0.6907151252147185,0.054651478166531056,0.0,0.07984322528580447,0.06,0.04,0.06,0.72,0.12,0.9,0.0,0.0,0.0
LTT without hierarchy,2023,0.026935392729327556,0.89937106918239,0.6907151252147185,0.054651478166531056,0.0,0.07984322528580447,0.06,0.04,0.06,0.72,0.12,0.9,0.85,0.0,0.0
LTT without hierarchy,2023,0.026935392729327556,0.89937106918239,0.6630051532411174,0.0464243739264081,0.0,0.07145539381127375,0.06,0.04,0.06,0.73,0.1,0.0,0.0,0.0,0.0
LTT without hierarchy,2023,0.026935392729327556,0.89937106918239,0.6630051532411174,0.0464243739264081,0.0,0.07145539381127375,0.06,0.04,0.06,0.73,0.1,0.0,0.85,0.0,0.0
LTT without hierarchy,2023,0.026935392729327556,0.89937106918239,0.6630051532411174,0.0464243739264081,0.0,0.07145539381127375,0.06,0.04,0.06,0.73,0.1,0.9,0.0,0.0,0.0
LTT without hierarchy,2023,0.026935392729327556,0.89937106918239,0.6630051532411174,0.0464243739264081,0.0,0.07145539381127375,0.06,0.04,0.06,0.73,0.1,0.9,0.85,0.0,0.0
LTT without hierarchy,2023,0.026935392729327556,0.89937106918239,0.6907151252147185,0.054651478166531056,0.0,0.07984322528580447,0.06,0.04,0.06,0.73,0.12,0.0,0.0,0.0,0.0
LTT without hierarchy,2023,0.026935392729327556,0.89937106918239,0.6907151252147185,0.054651478166531056,0.0,0.07984322528580447,0.06,0.04,0.06,0.73,0.12,0.0,0.85,0.0,0.0
LTT without hierarchy,2023,0.026935392729327556,0.89937106918239,0.6907151252147185,0.054651478166531056,0.0,0.07984322528580447,0.06,0.04,0.06,0.73,0.12,0.9,0.0,0.0,0.0
LTT without hierarchy,2023,0.026935392729327556,0.89937106918239,0.6907151252147185,0.054651478166531056,0.0,0.07984322528580447,0.06,0.04,0.06,0.73,0.12,0.9,0.85,0.0,0.0
LTT without hierarchy,2023,0.026935392729327556,0.89937106918239,0.6630051532411174,0.0464243739264081,0.0,0.07145539381127375,0.06,0.04,0.06,0.74,0.1,0.0,0.0,0.0,0.0
LTT without hierarchy,2023,0.026935392729327556,0.89937106918239,0.6630051532411174,0.0464243739264081,0.0,0.07145539381127375,0.06,0.04,0.06,0.74,0.1,0.0,0.85,0.0,0.0
LTT without hierarchy,2023,0.026935392729327556,0.89937106918239,0.6630051532411174,0.0464243739264081,0.0,0.07145539381127375,0.06,0.04,0.06,0.74,0.1,0.9,0.0,0.0,0.0
LTT without hierarchy,2023,0.026935392729327556,0.89937106918239,0.6630051532411174,0.0464243739264081,0.0,0.07145539381127375,0.06,0.04,0.06,0.74,0.1,0.9,0.85,0.0,0.0
LTT without hierarchy,2023,0.026935392729327556,0.89937106918239,0.6907151252147185,0.054651478166531056,0.0,0.07984322528580447,0.06,0.04,0.06,0.74,0.12,0.0,0.0,0.0,0.0
LTT without hierarchy,2023,0.026935392729327556,0.89937106918239,0.6907151252147185,0.054651478166531056,0.0,0.07984322528580447,0.06,0.04,0.06,0.74,0.12,0.0,0.85,0.0,0.0
LTT without hierarchy,2023,0.026935392729327556,0.89937106918239,0.6907151252147185,0.054651478166531056,0.0,0.07984322528580447,0.06,0.04,0.06,0.74,0.12,0.9,0.0,0.0,0.0
LTT without hierarchy,2023,0.026935392729327556,0.89937106918239,0.6907151252147185,0.054651478166531056,0.0,0.07984322528580447,0.06,0.04,0.06,0.74,0.12,0.9,0.85,0.0,0.0
LTT without hierarchy,2023,0.026935392729327556,0.89937106918239,0.6630051532411174,0.0464243739264081,0.0,0.07145539381127375,0.06,0.04,0.06,0.746,0.1,0.0,0.0,0.0,0.0
LTT without hierarchy,2023,0.026935392729327556,0.89937106918239,0.6630051532411174,0.0464243739264081,0.0,0.07145539381127375,0.06,0.04,0.06,0.746,0.1,0.0,0.85,0.0,0.0
LTT without hierarchy,2023,0.026935392729327556,0.89937106918239,0.6630051532411174,0.0464243739264081,0.0,0.07145539381127375,0.06,0.04,0.06,0.746,0.1,0.9,0.0,0.0,0.0
LTT without hierarchy,2023,0.026935392729327556,0.89937106918239,0.6630051532411174,0.0464243739264081,0.0,0.07145539381127375,0.06,0.04,0.06,0.746,0.1,0.9,0.85,0.0,0.0
LTT without hierarchy,2023,0.026935392729327556,0.89937106918239,0.6907151252147185,0.054651478166531056,0.0,0.07984322528580447,0.06,0.04,0.06,0.746,0.12,0.0,0.0,0.0,0.0
LTT without hierarchy,2023,0.026935392729327556,0.89937106918239,0.6907151252147185,0.054651478166531056,0.0,0.07984322528580447,0.06,0.04,0.06,0.746,0.12,0.0,0.85,0.0,0.0
LTT without hierarchy,2023,0.026935392729327556,0.89937106918239,0.6907151252147185,0.054651478166531056,0.0,0.07984322528580447,0.06,0.04,0.06,0.746,0.12,0.9,0.0,0.0,0.0
LTT without hierarchy,2023,0.026935392729327556,0.89937106918239,0.6907151252147185,0.054651478166531056,0.0,0.07984322528580447,0.06,0.04,0.06,0.746,0.12,0.9,0.85,0.0,0.0
LTT without hierarchy,2023,0.026935392729327556,0.89937106918239,0.6630051532411174,0.0464243739264081,0.0,0.07145539381127375,0.06,0.04,0.06,0.75,0.1,0.0,0.0,0.0,0.0
LTT without hierarchy,2023,0.026935392729327556,0.89937106918239,0.6630051532411174,0.0464243739264081,0.0,0.07145539381127375,0.06,0.04,0.06,0.75,0.1,0.0,0.85,0.0,0.0
LTT without hierarchy,2023,0.026935392729327556,0.89937106918239,0.6630051532411174,0.0464243739264081,0.0,0.07145539381127375,0.06,0.04,0.06,0.75,0.1,0.9,0.0,0.0,0.0
LTT without hierarchy,2023,0.026935392729327556,0.89937106918239,0.6630051532411174,0.0464243739264081,0.0,0.07145539381127375,0.06,0.04,0.06,0.75,0.1,0.9,0.85,0.0,0.0
LTT without hierarchy,2023,0.026935392729327556,0.89937106918239,0.6907151252147185,0.054651478166531056,0.0,0.07984322528580447,0.06,0.04,0.06,0.75,0.12,0.0,0.0,0.0,0.0
LTT without hierarchy,2023,0.026935392729327556,0.89937106918239,0.6907151252147185,0.054651478166531056,0.0,0.07984322528580447,0.06,0.04,0.06,0.75,0.12,0.0,0.85,0.0,0.0
LTT without hierarchy,2023,0.026935392729327556,0.89937106918239,0.6907151252147185,0.054651478166531056,0.0,0.07984322528580447,0.06,0.04,0.06,0.75,0.12,0.9,0.0,0.0,0.0
LTT without hierarchy,2023,0.026935392729327556,0.89937106918239,0.6907151252147185,0.054651478166531056,0.0,0.07984322528580447,0.06,0.04,0.06,0.75,0.12,0.9,0.85,0.0,0.0
LTT without hierarchy,2023,0.026935392729327556,0.89937106918239,0.6630051532411174,0.0464243739264081,0.0,0.07145539381127375,0.06,0.06,0.06,0.0,0.1,0.0,0.0,0.0,0.0
LTT without hierarchy,2023,0.026935392729327556,0.89937106918239,0.6630051532411174,0.0464243739264081,0.0,0.07145539381127375,0.06,0.06,0.06,0.0,0.1,0.0,0.85,0.0,0.0
LTT without hierarchy,2023,0.026935392729327556,0.89937106918239,0.6630051532411174,0.0464243739264081,0.0,0.07145539381127375,0.06,0.06,0.06,0.0,0.1,0.9,0.0,0.0,0.0
LTT without hierarchy,2023,0.026935392729327556,0.89937106918239,0.6630051532411174,0.0464243739264081,0.0,0.07145539381127375,0.06,0.06,0.06,0.0,0.1,0.9,0.85,0.0,0.0
LTT without hierarchy,2023,0.026935392729327556,0.89937106918239,0.6907151252147185,0.054651478166531056,0.0,0.07984322528580447,0.06,0.06,0.06,0.0,0.12,0.0,0.0,0.0,0.0
LTT without hierarchy,2023,0.026935392729327556,0.89937106918239,0.6907151252147185,0.054651478166531056,0.0,0.07984322528580447,0.06,0.06,0.06,0.0,0.12,0.0,0.85,0.0,0.0
LTT without hierarchy,2023,0.026935392729327556,0.89937106918239,0.6907151252147185,0.054651478166531056,0.0,0.07984322528580447,0.06,0.06,0.06,0.0,0.12,0.9,0.0,0.0,0.0
LTT without hierarchy,2023,0.026935392729327556,0.89937106918239,0.6907151252147185,0.054651478166531056,0.0,0.07984322528580447,0.06,0.06,0.06,0.0,0.12,0.9,0.85,0.0,0.0
LTT without hierarchy,2023,0.026935392729327556,0.89937106918239,0.6630051532411174,0.0464243739264081,0.0,0.07145539381127375,0.06,0.06,0.06,0.7,0.1,0.0,0.0,0.0,0.0
LTT without hierarchy,2023,0.026935392729327556,0.89937106918239,0.6630051532411174,0.0464243739264081,0.0,0.07145539381127375,0.06,0.06,0.06,0.7,0.1,0.0,0.85,0.0,0.0
LTT without hierarchy,2023,0.026935392729327556,0.89937106918239,0.6630051532411174,0.0464243739264081,0.0,0.07145539381127375,0.06,0.06,0.06,0.7,0.1,0.9,0.0,0.0,0.0
LTT without hierarchy,2023,0.026935392729327556,0.89937106918239,0.6630051532411174,0.0464243739264081,0.0,0.07145539381127375,0.06,0.06,0.06,0.7,0.1,0.9,0.85,0.0,0.0
LTT without hierarchy,2023,0.026935392729327556,0.89937106918239,0.6907151252147185,0.054651478166531056,0.0,0.07984322528580447,0.06,0.06,0.06,0.7,0.12,0.0,0.0,0.0,0.0
LTT without hierarchy,2023,0.026935392729327556,0.89937106918239,0.6907151252147185,0.054651478166531056,0.0,0.07984322528580447,0.06,0.06,0.06,0.7,0.12,0.0,0.85,0.0,0.0
LTT without hierarchy,2023,0.026935392729327556,0.89937106918239,0.6907151252147185,0.054651478166531056,0.0,0.07984322528580447,0.06,0.06,0.06,0.7,0.12,0.9,0.0,0.0,0.0
LTT without hierarchy,2023,0.026935392729327556,0.89937106918239,0.6907151252147185,0.054651478166531056,0.0,0.07984322528580447,0.06,0.06,0.06,0.7,0.12,0.9,0.85,0.0,0.0
LTT without hierarchy,2023,0.026935392729327556,0.89937106918239,0.6630051532411174,0.0464243739264081,0.0,0.07145539381127375,0.06,0.06,0.06,0.72,0.1,0.0,0.0,0.0,0.0
LTT without hierarchy,2023,0.026935392729327556,0.89937106918239,0.6630051532411174,0.0464243739264081,0.0,0.07145539381127375,0.06,0.06,0.06,0.72,0.1,0.0,0.85,0.0,0.0
LTT without hierarchy,2023,0.026935392729327556,0.89937106918239,0.6630051532411174,0.0464243739264081,0.0,0.07145539381127375,0.06,0.06,0.06,0.72,0.1,0.9,0.0,0.0,0.0
LTT without hierarchy,2023,0.026935392729327556,0.89937106918239,0.6630051532411174,0.0464243739264081,0.0,0.07145539381127375,0.06,0.06,0.06,0.72,0.1,0.9,0.85,0.0,0.0
LTT without hierarchy,2023,0.026935392729327556,0.89937106918239,0.6907151252147185,0.054651478166531056,0.0,0.07984322528580447,0.06,0.06,0.06,0.72,0.12,0.0,0.0,0.0,0.0
LTT without hierarchy,2023,0.026935392729327556,0.89937106918239,0.6907151252147185,0.054651478166531056,0.0,0.07984322528580447,0.06,0.06,0.06,0.72,0.12,0.0,0.85,0.0,0.0
LTT without hierarchy,2023,0.026935392729327556,0.89937106918239,0.6907151252147185,0.054651478166531056,0.0,0.07984322528580447,0.06,0.06,0.06,0.72,0.12,0.9,0.0,0.0,0.0
LTT without hierarchy,2023,0.026935392729327556,0.89937106918239,0.6907151252147185,0.054651478166531056,0.0,0.07984322528580447,0.06,0.06,0.06,0.72,0.12,0.9,0.85,0.0,0.0
LTT without hierarchy,2023,0.026935392729327556,0.89937106918239,0.6630051532411174,0.0464243739264081,0.0,0.07145539381127375,0.06,0.06,0.06,0.73,0.1,0.0,0.0,0.0,0.0
LTT without hierarchy,2023,0.026935392729327556,0.89937106918239,0.6630051532411174,0.0464243739264081,0.0,0.07145539381127375,0.06,0.06,0.06,0.73,0.1,0.0,0.85,0.0,0.0
LTT without hierarchy,2023,0.026935392729327556,0.89937106918239,0.6630051532411174,0.0464243739264081,0.0,0.07145539381127375,0.06,0.06,0.06,0.73,0.1,0.9,0.0,0.0,0.0
LTT without hierarchy,2023,0.026935392729327556,0.89937106918239,0.6630051532411174,0.0464243739264081,0.0,0.07145539381127375,0.06,0.06,0.06,0.73,0.1,0.9,0.85,0.0,0.0
LTT without hierarchy,2023,0.026935392729327556,0.89937106918239,0.6907151252147185,0.054651478166531056,0.0,0.07984322528580447,0.06,0.06,0.06,0.73,0.12,0.0,0.0,0.0,0.0
LTT without hierarchy,2023,0.026935392729327556,0.89937106918239,0.6907151252147185,0.054651478166531056,0.0,0.07984322528580447,0.06,0.06,0.06,0.73,0.12,0.0,0.85,0.0,0.0
LTT without hierarchy,2023,0.026935392729327556,0.89937106918239,0.6907151252147185,0.054651478166531056,0.0,0.07984322528580447,0.06,0.06,0.06,0.73,0.12,0.9,0.0,0.0,0.0
LTT without hierarchy,2023,0.026935392729327556,0.89937106918239,0.6907151252147185,0.054651478166531056,0.0,0.07984322528580447,0.06,0.06,0.06,0.73,0.12,0.9,0.85,0.0,0.0
LTT without hierarchy,2023,0.026935392729327556,0.89937106918239,0.6630051532411174,0.0464243739264081,0.0,0.07145539381127375,0.06,0.06,0.06,0.74,0.1,0.0,0.0,0.0,0.0
LTT without hierarchy,2023,0.026935392729327556,0.89937106918239,0.6630051532411174,0.0464243739264081,0.0,0.07145539381127375,0.06,0.06,0.06,0.74,0.1,0.0,0.85,0.0,0.0
LTT without hierarchy,2023,0.026935392729327556,0.89937106918239,0.6630051532411174,0.0464243739264081,0.0,0.07145539381127375,0.06,0.06,0.06,0.74,0.1,0.9,0.0,0.0,0.0
LTT without hierarchy,2023,0.026935392729327556,0.89937106918239,0.6630051532411174,0.0464243739264081,0.0,0.07145539381127375,0.06,0.06,0.06,0.74,0.1,0.9,0.85,0.0,0.0
LTT without hierarchy,2023,0.026935392729327556,0.89937106918239,0.6907151252147185,0.054651478166531056,0.0,0.07984322528580447,0.06,0.06,0.06,0.74,0.12,0.0,0.0,0.0,0.0
LTT without hierarchy,2023,0.026935392729327556,0.89937106918239,0.6907151252147185,0.054651478166531056,0.0,0.07984322528580447,0.06,0.06,0.06,0.74,0.12,0.0,0.85,0.0,0.0
LTT without hierarchy,2023,0.026935392729327556,0.89937106918239,0.6907151252147185,0.054651478166531056,0.0,0.07984322528580447,0.06,0.06,0.06,0.74,0.12,0.9,0.0,0.0,0.0
LTT without hierarchy,2023,0.026935392729327556,0.89937106918239,0.6907151252147185,0.054651478166531056,0.0,0.07984322528580447,0.06,0.06,0.06,0.74,0.12,0.9,0.85,0.0,0.0
LTT without hierarchy,2023,0.026935392729327556,0.89937106918239,0.6630051532411174,0.0464243739264081,0.0,0.07145539381127375,0.06,0.06,0.06,0.746,0.1,0.0,0.0,0.0,0.0
LTT without hierarchy,2023,0.026935392729327556,0.89937106918239,0.6630051532411174,0.0464243739264081,0.0,0.07145539381127375,0.06,0.06,0.06,0.746,0.1,0.0,0.85,0.0,0.0
LTT without hierarchy,2023,0.026935392729327556,0.89937106918239,0.6630051532411174,0.0464243739264081,0.0,0.07145539381127375,0.06,0.06,0.06,0.746,0.1,0.9,0.0,0.0,0.0
LTT without hierarchy,2023,0.026935392729327556,0.89937106918239,0.6630051532411174,0.0464243739264081,0.0,0.07145539381127375,0.06,0.06,0.06,0.746,0.1,0.9,0.85,0.0,0.0
LTT without hierarchy,2023,0.026935392729327556,0.89937106918239,0.6907151252147185,0.054651478166531056,0.0,0.07984322528580447,0.06,0.06,0.06,0.746,0.12,0.0,0.0,0.0,0.0
LTT without hierarchy,2023,0.026935392729327556,0.89937106918239,0.6907151252147185,0.054651478166531056,0.0,0.07984322528580447,0.06,0.06,0.06,0.746,0.12,0.0,0.85,0.0,0.0
LTT without hierarchy,2023,0.026935392729327556,0.89937106918239,0.6907151252147185,0.054651478166531056,0.0,0.07984322528580447,0.06,0.06,0.06,0.746,0.12,0.9,0.0,0.0,0.0
LTT without hierarchy,2023,0.026935392729327556,0.89937106918239,0.6907151252147185,0.054651478166531056,0.0,0.07984322528580447,0.06,0.06,0.06,0.746,0.12,0.9,0.85,0.0,0.0
LTT without hierarchy,2023,0.026935392729327556,0.89937106918239,0.6630051532411174,0.0464243739264081,0.0,0.07145539381127375,0.06,0.06,0.06,0.75,0.1,0.0,0.0,0.0,0.0
LTT without hierarchy,2023,0.026935392729327556,0.89937106918239,0.6630051532411174,0.0464243739264081,0.0,0.07145539381127375,0.06,0.06,0.06,0.75,0.1,0.0,0.85,0.0,0.0
LTT without hierarchy,2023,0.026935392729327556,0.89937106918239,0.6630051532411174,0.0464243739264081,0.0,0.07145539381127375,0.06,0.06,0.06,0.75,0.1,0.9,0.0,0.0,0.0
LTT without hierarchy,2023,0.026935392729327556,0.89937106918239,0.6630051532411174,0.0464243739264081,0.0,0.07145539381127375,0.06,0.06,0.06,0.75,0.1,0.9,0.85,0.0,0.0
LTT without hierarchy,2023,0.026935392729327556,0.89937106918239,0.6907151252147185,0.054651478166531056,0.0,0.07984322528580447,0.06,0.06,0.06,0.75,0.12,0.0,0.0,0.0,0.0
LTT without hierarchy,2023,0.026935392729327556,0.89937106918239,0.6907151252147185,0.054651478166531056,0.0,0.07984322528580447,0.06,0.06,0.06,0.75,0.12,0.0,0.85,0.0,0.0
LTT without hierarchy,2023,0.026935392729327556,0.89937106918239,0.6907151252147185,0.054651478166531056,0.0,0.07984322528580447,0.06,0.06,0.06,0.75,0.12,0.9,0.0,0.0,0.0
LTT without hierarchy,2023,0.026935392729327556,0.89937106918239,0.6907151252147185,0.054651478166531056,0.0,0.07984322528580447,0.06,0.06,0.06,0.75,0.12,0.9,0.85,0.0,0.0
LTT without hierarchy,2023,0.026935392729327556,0.89937106918239,0.6630051532411174,0.0464243739264081,0.0,0.07145539381127375,0.08,0.04,0.06,0.0,0.1,0.0,0.85,0.0,0.0
LTT without hierarchy,2023,0.026935392729327556,0.89937106918239,0.6630051532411174,0.0464243739264081,0.0,0.07145539381127375,0.08,0.04,0.06,0.0,0.1,0.9,0.85,0.0,0.0
LTT without hierarchy,2023,0.026935392729327556,0.89937106918239,0.6907151252147185,0.054651478166531056,0.0,0.07984322528580447,0.08,0.04,0.06,0.0,0.12,0.0,0.85,0.0,0.0
LTT without hierarchy,2023,0.026935392729327556,0.89937106918239,0.6907151252147185,0.054651478166531056,0.0,0.07984322528580447,0.08,0.04,0.06,0.0,0.12,0.9,0.85,0.0,0.0
LTT without hierarchy,2023,0.026935392729327556,0.89937106918239,0.6630051532411174,0.0464243739264081,0.0,0.07145539381127375,0.08,0.04,0.06,0.7,0.1,0.0,0.85,0.0,0.0
LTT without hierarchy,2023,0.026935392729327556,0.89937106918239,0.6630051532411174,0.0464243739264081,0.0,0.07145539381127375,0.08,0.04,0.06,0.7,0.1,0.9,0.85,0.0,0.0
LTT without hierarchy,2023,0.026935392729327556,0.89937106918239,0.6907151252147185,0.054651478166531056,0.0,0.07984322528580447,0.08,0.04,0.06,0.7,0.12,0.0,0.85,0.0,0.0
LTT without hierarchy,2023,0.026935392729327556,0.89937106918239,0.6907151252147185,0.054651478166531056,0.0,0.07984322528580447,0.08,0.04,0.06,0.7,0.12,0.9,0.85,0.0,0.0
LTT without hierarchy,2023,0.026935392729327556,0.89937106918239,0.6630051532411174,0.0464243739264081,0.0,0.07145539381127375,0.08,0.04,0.06,0.72,0.1,0.0,0.85,0.0,0.0
LTT without hierarchy,2023,0.026935392729327556,0.89937106918239,0.6630051532411174,0.0464243739264081,0.0,0.07145539381127375,0.08,0.04,0.06,0.72,0.1,0.9,0.85,0.0,0.0
LTT without hierarchy,2023,0.026935392729327556,0.89937106918239,0.6907151252147185,0.054651478166531056,0.0,0.07984322528580447,0.08,0.04,0.06,0.72,0.12,0.0,0.85,0.0,0.0
LTT without hierarchy,2023,0.026935392729327556,0.89937106918239,0.6907151252147185,0.054651478166531056,0.0,0.07984322528580447,0.08,0.04,0.06,0.72,0.12,0.9,0.85,0.0,0.0
LTT without hierarchy,2023,0.026935392729327556,0.89937106918239,0.6630051532411174,0.0464243739264081,0.0,0.07145539381127375,0.08,0.04,0.06,0.73,0.1,0.0,0.85,0.0,0.0
LTT without hierarchy,2023,0.026935392729327556,0.89937106918239,0.6630051532411174,0.0464243739264081,0.0,0.07145539381127375,0.08,0.04,0.06,0.73,0.1,0.9,0.85,0.0,0.0
LTT without hierarchy,2023,0.026935392729327556,0.89937106918239,0.6907151252147185,0.054651478166531056,0.0,0.07984322528580447,0.08,0.04,0.06,0.73,0.12,0.0,0.85,0.0,0.0
LTT without hierarchy,2023,0.026935392729327556,0.89937106918239,0.6907151252147185,0.054651478166531056,0.0,0.07984322528580447,0.08,0.04,0.06,0.73,0.12,0.9,0.85,0.0,0.0
LTT without hierarchy,2023,0.026935392729327556,0.89937106918239,0.6630051532411174,0.0464243739264081,0.0,0.07145539381127375,0.08,0.04,0.06,0.74,0.1,0.0,0.85,0.0,0.0
LTT without hierarchy,2023,0.026935392729327556,0.89937106918239,0.6630051532411174,0.0464243739264081,0.0,0.07145539381127375,0.08,0.04,0.06,0.74,0.1,0.9,0.85,0.0,0.0
LTT without hierarchy,2023,0.026935392729327556,0.89937106918239,0.6907151252147185,0.054651478166531056,0.0,0.07984322528580447,0.08,0.04,0.06,0.74,0.12,0.0,0.85,0.0,0.0
LTT without hierarchy,2023,0.026935392729327556,0.89937106918239,0.6907151252147185,0.054651478166531056,0.0,0.07984322528580447,0.08,0.04,0.06,0.74,0.12,0.9,0.85,0.0,0.0
LTT without hierarchy,2023,0.026935392729327556,0.89937106918239,0.6630051532411174,0.0464243739264081,0.0,0.07145539381127375,0.08,0.04,0.06,0.746,0.1,0.0,0.85,0.0,0.0
LTT without hierarchy,2023,0.026935392729327556,0.89937106918239,0.6630051532411174,0.0464243739264081,0.0,0.07145539381127375,0.08,0.04,0.06,0.746,0.1,0.9,0.85,0.0,0.0
LTT without hierarchy,2023,0.026935392729327556,0.89937106918239,0.6907151252147185,0.054651478166531056,0.0,0.07984322528580447,0.08,0.04,0.06,0.746,0.12,0.0,0.85,0.0,0.0
LTT without hierarchy,2023,0.026935392729327556,0.89937106918239,0.6907151252147185,0.054651478166531056,0.0,0.07984322528580447,0.08,0.04,0.06,0.746,0.12,0.9,0.85,0.0,0.0
LTT without hierarchy,2023,0.026935392729327556,0.89937106918239,0.6630051532411174,0.0464243739264081,0.0,0.07145539381127375,0.08,0.04,0.06,0.75,0.1,0.0,0.85,0.0,0.0
LTT without hierarchy,2023,0.026935392729327556,0.89937106918239,0.6630051532411174,0.0464243739264081,0.0,0.07145539381127375,0.08,0.04,0.06,0.75,0.1,0.9,0.85,0.0,0.0
LTT without hierarchy,2023,0.026935392729327556,0.89937106918239,0.6907151252147185,0.054651478166531056,0.0,0.07984322528580447,0.08,0.04,0.06,0.75,0.12,0.0,0.85,0.0,0.0
LTT without hierarchy,2023,0.026935392729327556,0.89937106918239,0.6907151252147185,0.054651478166531056,0.0,0.07984322528580447,0.08,0.04,0.06,0.75,0.12,0.9,0.85,0.0,0.0
LTT without hierarchy,2023,0.026935392729327556,0.89937106918239,0.6630051532411174,0.0464243739264081,0.0,0.07145539381127375,0.08,0.06,0.06,0.0,0.1,0.0,0.85,0.0,0.0
LTT without hierarchy,2023,0.026935392729327556,0.89937106918239,0.6630051532411174,0.0464243739264081,0.0,0.07145539381127375,0.08,0.06,0.06,0.0,0.1,0.9,0.85,0.0,0.0
LTT without hierarchy,2023,0.026935392729327556,0.89937106918239,0.6907151252147185,0.054651478166531056,0.0,0.07984322528580447,0.08,0.06,0.06,0.0,0.12,0.0,0.85,0.0,0.0
LTT without hierarchy,2023,0.026935392729327556,0.89937106918239,0.6907151252147185,0.054651478166531056,0.0,0.07984322528580447,0.08,0.06,0.06,0.0,0.12,0.9,0.85,0.0,0.0
LTT without hierarchy,2023,0.026935392729327556,0.89937106918239,0.6630051532411174,0.0464243739264081,0.0,0.07145539381127375,0.08,0.06,0.06,0.7,0.1,0.0,0.85,0.0,0.0
LTT without hierarchy,2023,0.026935392729327556,0.89937106918239,0.6630051532411174,0.0464243739264081,0.0,0.07145539381127375,0.08,0.06,0.06,0.7,0.1,0.9,0.85,0.0,0.0
LTT without hierarchy,2023,0.026935392729327556,0.89937106918239,0.6907151252147185,0.054651478166531056,0.0,0.07984322528580447,0.08,0.06,0.06,0.7,0.12,0.0,0.85,0.0,0.0
LTT without hierarchy,2023,0.026935392729327556,0.89937106918239,0.6907151252147185,0.054651478166531056,0.0,0.07984322528580447,0.08,0.06,0.06,0.7,0.12,0.9,0.85,0.0,0.0
LTT without hierarchy,2023,0.026935392729327556,0.89937106918239,0.6630051532411174,0.0464243739264081,0.0,0.07145539381127375,0.08,0.06,0.06,0.72,0.1,0.0,0.85,0.0,0.0
LTT without hierarchy,2023,0.026935392729327556,0.89937106918239,0.6630051532411174,0.0464243739264081,0.0,0.07145539381127375,0.08,0.06,0.06,0.72,0.1,0.9,0.85,0.0,0.0
LTT without hierarchy,2023,0.026935392729327556,0.89937106918239,0.6907151252147185,0.054651478166531056,0.0,0.07984322528580447,0.08,0.06,0.06,0.72,0.12,0.0,0.85,0.0,0.0
LTT without hierarchy,2023,0.026935392729327556,0.89937106918239,0.6907151252147185,0.054651478166531056,0.0,0.07984322528580447,0.08,0.06,0.06,0.72,0.12,0.9,0.85,0.0,0.0
LTT without hierarchy,2023,0.026935392729327556,0.89937106918239,0.6630051532411174,0.0464243739264081,0.0,0.07145539381127375,0.08,0.06,0.06,0.73,0.1,0.0,0.85,0.0,0.0
LTT without hierarchy,2023,0.026935392729327556,0.89937106918239,0.6630051532411174,0.0464243739264081,0.0,0.07145539381127375,0.08,0.06,0.06,0.73,0.1,0.9,0.85,0.0,0.0
LTT without hierarchy,2023,0.026935392729327556,0.89937106918239,0.6907151252147185,0.054651478166531056,0.0,0.07984322528580447,0.08,0.06,0.06,0.73,0.12,0.0,0.85,0.0,0.0
LTT without hierarchy,2023,0.026935392729327556,0.89937106918239,0.6907151252147185,0.054651478166531056,0.0,0.07984322528580447,0.08,0.06,0.06,0.73,0.12,0.9,0.85,0.0,0.0
LTT without hierarchy,2023,0.026935392729327556,0.89937106918239,0.6630051532411174,0.0464243739264081,0.0,0.07145539381127375,0.08,0.06,0.06,0.74,0.1,0.0,0.85,0.0,0.0
LTT without hierarchy,2023,0.026935392729327556,0.89937106918239,0.6630051532411174,0.0464243739264081,0.0,0.07145539381127375,0.08,0.06,0.06,0.74,0.1,0.9,0.85,0.0,0.0
LTT without hierarchy,2023,0.026935392729327556,0.89937106918239,0.6907151252147185,0.054651478166531056,0.0,0.07984322528580447,0.08,0.06,0.06,0.74,0.12,0.0,0.85,0.0,0.0
LTT without hierarchy,2023,0.026935392729327556,0.89937106918239,0.6907151252147185,0.054651478166531056,0.0,0.07984322528580447,0.08,0.06,0.06,0.74,0.12,0.9,0.85,0.0,0.0
LTT without hierarchy,2023,0.026935392729327556,0.89937106918239,0.6630051532411174,0.0464243739264081,0.0,0.07145539381127375,0.08,0.06,0.06,0.746,0.1,0.0,0.85,0.0,0.0
LTT without hierarchy,2023,0.026935392729327556,0.89937106918239,0.6630051532411174,0.0464243739264081,0.0,0.07145539381127375,0.08,0.06,0.06,0.746,0.1,0.9,0.85,0.0,0.0
LTT without hierarchy,2023,0.026935392729327556,0.89937106918239,0.6907151252147185,0.054651478166531056,0.0,0.07984322528580447,0.08,0.06,0.06,0.746,0.12,0.0,0.85,0.0,0.0
LTT without hierarchy,2023,0.026935392729327556,0.89937106918239,0.6907151252147185,0.054651478166531056,0.0,0.07984322528580447,0.08,0.06,0.06,0.746,0.12,0.9,0.85,0.0,0.0
LTT without hierarchy,2023,0.026935392729327556,0.89937106918239,0.6630051532411174,0.0464243739264081,0.0,0.07145539381127375,0.08,0.06,0.06,0.75,0.1,0.0,0.85,0.0,0.0
LTT without hierarchy,2023,0.026935392729327556,0.89937106918239,0.6630051532411174,0.0464243739264081,0.0,0.07145539381127375,0.08,0.06,0.06,0.75,0.1,0.9,0.85,0.0,0.0
LTT without hierarchy,2023,0.026935392729327556,0.89937106918239,0.6907151252147185,0.054651478166531056,0.0,0.07984322528580447,0.08,0.06,0.06,0.75,0.12,0.0,0.85,0.0,0.0
LTT without hierarchy,2023,0.026935392729327556,0.89937106918239,0.6907151252147185,0.054651478166531056,0.0,0.07984322528580447,0.08,0.06,0.06,0.75,0.12,0.9,0.85,0.0,0.0
LTT without hierarchy,2023,0.026935392729327556,0.89937106918239,0.6630051532411174,0.0464243739264081,0.0,0.07145539381127375,0.1,0.04,0.06,0.0,0.1,0.0,0.85,0.0,0.0
LTT without hierarchy,2023,0.026935392729327556,0.89937106918239,0.6630051532411174,0.0464243739264081,0.0,0.07145539381127375,0.1,0.04,0.06,0.0,0.1,0.9,0.85,0.0,0.0
LTT without hierarchy,2023,0.026935392729327556,0.89937106918239,0.6907151252147185,0.054651478166531056,0.0,0.07984322528580447,0.1,0.04,0.06,0.0,0.12,0.0,0.85,0.0,0.0
LTT without hierarchy,2023,0.026935392729327556,0.89937106918239,0.6907151252147185,0.054651478166531056,0.0,0.07984322528580447,0.1,0.04,0.06,0.0,0.12,0.9,0.85,0.0,0.0
LTT without hierarchy,2023,0.026935392729327556,0.89937106918239,0.6630051532411174,0.0464243739264081,0.0,0.07145539381127375,0.1,0.04,0.06,0.7,0.1,0.0,0.85,0.0,0.0
LTT without hierarchy,2023,0.026935392729327556,0.89937106918239,0.6630051532411174,0.0464243739264081,0.0,0.07145539381127375,0.1,0.04,0.06,0.7,0.1,0.9,0.85,0.0,0.0
LTT without hierarchy,2023,0.026935392729327556,0.89937106918239,0.6907151252147185,0.054651478166531056,0.0,0.07984322528580447,0.1,0.04,0.06,0.7,0.12,0.0,0.85,0.0,0.0
LTT without hierarchy,2023,0.026935392729327556,0.89937106918239,0.6907151252147185,0.054651478166531056,0.0,0.07984322528580447,0.1,0.04,0.06,0.7,0.12,0.9,0.85,0.0,0.0
LTT without hierarchy,2023,0.026935392729327556,0.89937106918239,0.6630051532411174,0.0464243739264081,0.0,0.07145539381127375,0.1,0.04,0.06,0.72,0.1,0.0,0.85,0.0,0.0
LTT without hierarchy,2023,0.026935392729327556,0.89937106918239,0.6630051532411174,0.0464243739264081,0.0,0.07145539381127375,0.1,0.04,0.06,0.72,0.1,0.9,0.85,0.0,0.0
LTT without hierarchy,2023,0.026935392729327556,0.89937106918239,0.6907151252147185,0.054651478166531056,0.0,0.07984322528580447,0.1,0.04,0.06,0.72,0.12,0.0,0.85,0.0,0.0
LTT without hierarchy,2023,0.026935392729327556,0.89937106918239,0.6907151252147185,0.054651478166531056,0.0,0.07984322528580447,0.1,0.04,0.06,0.72,0.12,0.9,0.85,0.0,0.0
LTT without hierarchy,2023,0.026935392729327556,0.89937106918239,0.6630051532411174,0.0464243739264081,0.0,0.07145539381127375,0.1,0.04,0.06,0.73,0.1,0.0,0.85,0.0,0.0
LTT without hierarchy,2023,0.026935392729327556,0.89937106918239,0.6630051532411174,0.0464243739264081,0.0,0.07145539381127375,0.1,0.04,0.06,0.73,0.1,0.9,0.85,0.0,0.0
LTT without hierarchy,2023,0.026935392729327556,0.89937106918239,0.6907151252147185,0.054651478166531056,0.0,0.07984322528580447,0.1,0.04,0.06,0.73,0.12,0.0,0.85,0.0,0.0
LTT without hierarchy,2023,0.026935392729327556,0.89937106918239,0.6907151252147185,0.054651478166531056,0.0,0.07984322528580447,0.1,0.04,0.06,0.73,0.12,0.9,0.85,0.0,0.0
LTT without hierarchy,2023,0.026935392729327556,0.89937106918239,0.6630051532411174,0.0464243739264081,0.0,0.07145539381127375,0.1,0.04,0.06,0.74,0.1,0.0,0.85,0.0,0.0
LTT without hierarchy,2023,0.026935392729327556,0.89937106918239,0.6630051532411174,0.0464243739264081,0.0,0.07145539381127375,0.1,0.04,0.06,0.74,0.1,0.9,0.85,0.0,0.0
LTT without hierarchy,2023,0.026935392729327556,0.89937106918239,0.6907151252147185,0.054651478166531056,0.0,0.07984322528580447,0.1,0.04,0.06,0.74,0.12,0.0,0.85,0.0,0.0
LTT without hierarchy,2023,0.026935392729327556,0.89937106918239,0.6907151252147185,0.054651478166531056,0.0,0.07984322528580447,0.1,0.04,0.06,0.74,0.12,0.9,0.85,0.0,0.0
LTT without hierarchy,2023,0.026935392729327556,0.89937106918239,0.6630051532411174,0.0464243739264081,0.0,0.07145539381127375,0.1,0.04,0.06,0.746,0.1,0.0,0.85,0.0,0.0
LTT without hierarchy,2023,0.026935392729327556,0.89937106918239,0.6630051532411174,0.0464243739264081,0.0,0.07145539381127375,0.1,0.04,0.06,0.746,0.1,0.9,0.85,0.0,0.0
LTT without hierarchy,2023,0.026935392729327556,0.89937106918239,0.6907151252147185,0.054651478166531056,0.0,0.07984322528580447,0.1,0.04,0.06,0.746,0.12,0.0,0.85,0.0,0.0
LTT without hierarchy,2023,0.026935392729327556,0.89937106918239,0.6907151252147185,0.054651478166531056,0.0,0.07984322528580447,0.1,0.04,0.06,0.746,0.12,0.9,0.85,0.0,0.0
LTT without hierarchy,2023,0.026935392729327556,0.89937106918239,0.6630051532411174,0.0464243739264081,0.0,0.07145539381127375,0.1,0.04,0.06,0.75,0.1,0.0,0.85,0.0,0.0
LTT without hierarchy,2023,0.026935392729327556,0.89937106918239,0.6630051532411174,0.0464243739264081,0.0,0.07145539381127375,0.1,0.04,0.06,0.75,0.1,0.9,0.85,0.0,0.0
LTT without hierarchy,2023,0.026935392729327556,0.89937106918239,0.6907151252147185,0.054651478166531056,0.0,0.07984322528580447,0.1,0.04,0.06,0.75,0.12,0.0,0.85,0.0,0.0
LTT without hierarchy,2023,0.026935392729327556,0.89937106918239,0.6907151252147185,0.054651478166531056,0.0,0.07984322528580447,0.1,0.04,0.06,0.75,0.12,0.9,0.85,0.0,0.0
LTT without hierarchy,2023,0.026935392729327556,0.89937106918239,0.6630051532411174,0.0464243739264081,0.0,0.07145539381127375,0.1,0.06,0.06,0.0,0.1,0.0,0.85,0.0,0.0
LTT without hierarchy,2023,0.026935392729327556,0.89937106918239,0.6630051532411174,0.0464243739264081,0.0,0.07145539381127375,0.1,0.06,0.06,0.0,0.1,0.9,0.85,0.0,0.0
LTT without hierarchy,2023,0.026935392729327556,0.89937106918239,0.6907151252147185,0.054651478166531056,0.0,0.07984322528580447,0.1,0.06,0.06,0.0,0.12,0.0,0.85,0.0,0.0
LTT without hierarchy,2023,0.026935392729327556,0.89937106918239,0.6907151252147185,0.054651478166531056,0.0,0.07984322528580447,0.1,0.06,0.06,0.0,0.12,0.9,0.85,0.0,0.0
LTT without hierarchy,2023,0.026935392729327556,0.89937106918239,0.6630051532411174,0.0464243739264081,0.0,0.07145539381127375,0.1,0.06,0.06,0.7,0.1,0.0,0.85,0.0,0.0
LTT without hierarchy,2023,0.026935392729327556,0.89937106918239,0.6630051532411174,0.0464243739264081,0.0,0.07145539381127375,0.1,0.06,0.06,0.7,0.1,0.9,0.85,0.0,0.0
LTT without hierarchy,2023,0.026935392729327556,0.89937106918239,0.6907151252147185,0.054651478166531056,0.0,0.07984322528580447,0.1,0.06,0.06,0.7,0.12,0.0,0.85,0.0,0.0
LTT without hierarchy,2023,0.026935392729327556,0.89937106918239,0.6907151252147185,0.054651478166531056,0.0,0.07984322528580447,0.1,0.06,0.06,0.7,0.12,0.9,0.85,0.0,0.0
LTT without hierarchy,2023,0.026935392729327556,0.89937106918239,0.6630051532411174,0.0464243739264081,0.0,0.07145539381127375,0.1,0.06,0.06,0.72,0.1,0.0,0.85,0.0,0.0
LTT without hierarchy,2023,0.026935392729327556,0.89937106918239,0.6630051532411174,0.0464243739264081,0.0,0.07145539381127375,0.1,0.06,0.06,0.72,0.1,0.9,0.85,0.0,0.0
LTT without hierarchy,2023,0.026935392729327556,0.89937106918239,0.6907151252147185,0.054651478166531056,0.0,0.07984322528580447,0.1,0.06,0.06,0.72,0.12,0.0,0.85,0.0,0.0
LTT without hierarchy,2023,0.026935392729327556,0.89937106918239,0.6907151252147185,0.054651478166531056,0.0,0.07984322528580447,0.1,0.06,0.06,0.72,0.12,0.9,0.85,0.0,0.0
LTT without hierarchy,2023,0.026935392729327556,0.89937106918239,0.6630051532411174,0.0464243739264081,0.0,0.07145539381127375,0.1,0.06,0.06,0.73,0.1,0.0,0.85,0.0,0.0
LTT without hierarchy,2023,0.026935392729327556,0.89937106918239,0.6630051532411174,0.0464243739264081,0.0,0.07145539381127375,0.1,0.06,0.06,0.73,0.1,0.9,0.85,0.0,0.0
LTT without hierarchy,2023,0.026935392729327556,0.89937106918239,0.6907151252147185,0.054651478166531056,0.0,0.07984322528580447,0.1,0.06,0.06,0.73,0.12,0.0,0.85,0.0,0.0
LTT without hierarchy,2023,0.026935392729327556,0.89937106918239,0.6907151252147185,0.054651478166531056,0.0,0.07984322528580447,0.1,0.06,0.06,0.73,0.12,0.9,0.85,0.0,0.0
LTT without hierarchy,2023,0.026935392729327556,0.89937106918239,0.6630051532411174,0.0464243739264081,0.0,0.07145539381127375,0.1,0.06,0.06,0.74,0.1,0.0,0.85,0.0,0.0
LTT without hierarchy,2023,0.026935392729327556,0.89937106918239,0.6630051532411174,0.0464243739264081,0.0,0.07145539381127375,0.1,0.06,0.06,0.74,0.1,0.9,0.85,0.0,0.0
LTT without hierarchy,2023,0.026935392729327556,0.89937106918239,0.6907151252147185,0.054651478166531056,0.0,0.07984322528580447,0.1,0.06,0.06,0.74,0.12,0.0,0.85,0.0,0.0
LTT without hierarchy,2023,0.026935392729327556,0.89937106918239,0.6907151252147185,0.054651478166531056,0.0,0.07984322528580447,0.1,0.06,0.06,0.74,0.12,0.9,0.85,0.0,0.0
LTT without hierarchy,2023,0.026935392729327556,0.89937106918239,0.6630051532411174,0.0464243739264081,0.0,0.07145539381127375,0.1,0.06,0.06,0.746,0.1,0.0,0.85,0.0,0.0
LTT without hierarchy,2023,0.026935392729327556,0.89937106918239,0.6630051532411174,0.0464243739264081,0.0,0.07145539381127375,0.1,0.06,0.06,0.746,0.1,0.9,0.85,0.0,0.0
LTT without hierarchy,2023,0.026935392729327556,0.89937106918239,0.6907151252147185,0.054651478166531056,0.0,0.07984322528580447,0.1,0.06,0.06,0.746,0.12,0.0,0.85,0.0,0.0
LTT without hierarchy,2023,0.026935392729327556,0.89937106918239,0.6907151252147185,0.054651478166531056,0.0,0.07984322528580447,0.1,0.06,0.06,0.746,0.12,0.9,0.85,0.0,0.0
LTT without hierarchy,2023,0.026935392729327556,0.89937106918239,0.6630051532411174,0.0464243739264081,0.0,0.07145539381127375,0.1,0.06,0.06,0.75,0.1,0.0,0.85,0.0,0.0
LTT without hierarchy,2023,0.026935392729327556,0.89937106918239,0.6630051532411174,0.0464243739264081,0.0,0.07145539381127375,0.1,0.06,0.06,0.75,0.1,0.9,0.85,0.0,0.0
LTT without hierarchy,2023,0.026935392729327556,0.89937106918239,0.6907151252147185,0.054651478166531056,0.0,0.07984322528580447,0.1,0.06,0.06,0.75,0.12,0.0,0.85,0.0,0.0
LTT without hierarchy,2023,0.026935392729327556,0.89937106918239,0.6907151252147185,0.054651478166531056,0.0,0.07984322528580447,0.1,0.06,0.06,0.75,0.12,0.9,0.85,0.0,0.0
LTT without hierarchy,2023,0.013185157280090412,0.8974358974358975,0.6593436398155682,0.0460627429707983,0.0,0.07126228901160905,0.0,0.04,0.0,0.0,0.1,0.0,0.0,0.0,0.0
LTT without hierarchy,2023,0.013185157280090412,0.8974358974358975,0.6593436398155682,0.0460627429707983,0.0,0.07126228901160905,0.0,0.04,0.0,0.0,0.1,0.0,0.85,0.0,0.0
LTT without hierarchy,2023,0.013185157280090412,0.8974358974358975,0.6593436398155682,0.0460627429707983,0.0,0.07126228901160905,0.0,0.04,0.0,0.0,0.1,0.9,0.0,0.0,0.0
LTT without hierarchy,2023,0.013185157280090412,0.8974358974358975,0.6593436398155682,0.0460627429707983,0.0,0.07126228901160905,0.0,0.04,0.0,0.0,0.1,0.9,0.85,0.0,0.0
LTT without hierarchy,2023,0.013185157280090412,0.8974358974358975,0.6870536117891691,0.05428984721092126,0.0,0.07965532674080644,0.0,0.04,0.0,0.0,0.12,0.0,0.0,0.0,0.0
LTT without hierarchy,2023,0.013185157280090412,0.8974358974358975,0.6870536117891691,0.05428984721092126,0.0,0.07965532674080644,0.0,0.04,0.0,0.0,0.12,0.0,0.85,0.0,0.0
LTT without hierarchy,2023,0.013185157280090412,0.8974358974358975,0.6870536117891691,0.05428984721092126,0.0,0.07965532674080644,0.0,0.04,0.0,0.0,0.12,0.9,0.0,0.0,0.0
LTT without hierarchy,2023,0.013185157280090412,0.8974358974358975,0.6870536117891691,0.05428984721092126,0.0,0.07965532674080644,0.0,0.04,0.0,0.0,0.12,0.9,0.85,0.0,0.0
LTT without hierarchy,2023,0.013185157280090412,0.8974358974358975,0.6593436398155682,0.0460627429707983,0.0,0.07126228901160905,0.0,0.04,0.0,0.7,0.1,0.0,0.0,0.0,0.0
LTT without hierarchy,2023,0.013185157280090412,0.8974358974358975,0.6593436398155682,0.0460627429707983,0.0,0.07126228901160905,0.0,0.04,0.0,0.7,0.1,0.0,0.85,0.0,0.0
LTT without hierarchy,2023,0.013185157280090412,0.8974358974358975,0.6593436398155682,0.0460627429707983,0.0,0.07126228901160905,0.0,0.04,0.0,0.7,0.1,0.9,0.0,0.0,0.0
LTT without hierarchy,2023,0.013185157280090412,0.8974358974358975,0.6593436398155682,0.0460627429707983,0.0,0.07126228901160905,0.0,0.04,0.0,0.7,0.1,0.9,0.85,0.0,0.0
LTT without hierarchy,2023,0.013185157280090412,0.8974358974358975,0.6870536117891691,0.05428984721092126,0.0,0.07965532674080644,0.0,0.04,0.0,0.7,0.12,0.0,0.0,0.0,0.0
LTT without hierarchy,2023,0.013185157280090412,0.8974358974358975,0.6870536117891691,0.05428984721092126,0.0,0.07965532674080644,0.0,0.04,0.0,0.7,0.12,0.0,0.85,0.0,0.0
LTT without hierarchy,2023,0.013185157280090412,0.8974358974358975,0.6870536117891691,0.05428984721092126,0.0,0.07965532674080644,0.0,0.04,0.0,0.7,0.12,0.9,0.0,0.0,0.0
LTT without hierarchy,2023,0.013185157280090412,0.8974358974358975,0.6870536117891691,0.05428984721092126,0.0,0.07965532674080644,0.0,0.04,0.0,0.7,0.12,0.9,0.85,0.0,0.0
LTT without hierarchy,2023,0.013185157280090412,0.8974358974358975,0.6593436398155682,0.0460627429707983,0.0,0.07126228901160905,0.0,0.04,0.0,0.72,0.1,0.0,0.0,0.0,0.0
LTT without hierarchy,2023,0.013185157280090412,0.8974358974358975,0.6593436398155682,0.0460627429707983,0.0,0.07126228901160905,0.0,0.04,0.0,0.72,0.1,0.0,0.85,0.0,0.0
LTT without hierarchy,2023,0.013185157280090412,0.8974358974358975,0.6593436398155682,0.0460627429707983,0.0,0.07126228901160905,0.0,0.04,0.0,0.72,0.1,0.9,0.0,0.0,0.0
LTT without hierarchy,2023,0.013185157280090412,0.8974358974358975,0.6593436398155682,0.0460627429707983,0.0,0.07126228901160905,0.0,0.04,0.0,0.72,0.1,0.9,0.85,0.0,0.0
LTT without hierarchy,2023,0.013185157280090412,0.8974358974358975,0.6870536117891691,0.05428984721092126,0.0,0.07965532674080644,0.0,0.04,0.0,0.72,0.12,0.0,0.0,0.0,0.0
LTT without hierarchy,2023,0.013185157280090412,0.8974358974358975,0.6870536117891691,0.05428984721092126,0.0,0.07965532674080644,0.0,0.04,0.0,0.72,0.12,0.0,0.85,0.0,0.0
LTT without hierarchy,2023,0.013185157280090412,0.8974358974358975,0.6870536117891691,0.05428984721092126,0.0,0.07965532674080644,0.0,0.04,0.0,0.72,0.12,0.9,0.0,0.0,0.0
LTT without hierarchy,2023,0.013185157280090412,0.8974358974358975,0.6870536117891691,0.05428984721092126,0.0,0.07965532674080644,0.0,0.04,0.0,0.72,0.12,0.9,0.85,0.0,0.0
LTT without hierarchy,2023,0.013185157280090412,0.8974358974358975,0.6593436398155682,0.0460627429707983,0.0,0.07126228901160905,0.0,0.04,0.0,0.73,0.1,0.0,0.0,0.0,0.0
LTT without hierarchy,2023,0.013185157280090412,0.8974358974358975,0.6593436398155682,0.0460627429707983,0.0,0.07126228901160905,0.0,0.04,0.0,0.73,0.1,0.0,0.85,0.0,0.0
LTT without hierarchy,2023,0.013185157280090412,0.8974358974358975,0.6593436398155682,0.0460627429707983,0.0,0.07126228901160905,0.0,0.04,0.0,0.73,0.1,0.9,0.0,0.0,0.0
LTT without hierarchy,2023,0.013185157280090412,0.8974358974358975,0.6593436398155682,0.0460627429707983,0.0,0.07126228901160905,0.0,0.04,0.0,0.73,0.1,0.9,0.85,0.0,0.0
LTT without hierarchy,2023,0.013185157280090412,0.8974358974358975,0.6870536117891691,0.05428984721092126,0.0,0.07965532674080644,0.0,0.04,0.0,0.73,0.12,0.0,0.0,0.0,0.0
LTT without hierarchy,2023,0.013185157280090412,0.8974358974358975,0.6870536117891691,0.05428984721092126,0.0,0.07965532674080644,0.0,0.04,0.0,0.73,0.12,0.0,0.85,0.0,0.0
LTT without hierarchy,2023,0.013185157280090412,0.8974358974358975,0.6870536117891691,0.05428984721092126,0.0,0.07965532674080644,0.0,0.04,0.0,0.73,0.12,0.9,0.0,0.0,0.0
LTT without hierarchy,2023,0.013185157280090412,0.8974358974358975,0.6870536117891691,0.05428984721092126,0.0,0.07965532674080644,0.0,0.04,0.0,0.73,0.12,0.9,0.85,0.0,0.0
LTT without hierarchy,2023,0.013185157280090412,0.8974358974358975,0.6593436398155682,0.0460627429707983,0.0,0.07126228901160905,0.0,0.04,0.0,0.74,0.1,0.0,0.0,0.0,0.0
LTT without hierarchy,2023,0.013185157280090412,0.8974358974358975,0.6593436398155682,0.0460627429707983,0.0,0.07126228901160905,0.0,0.04,0.0,0.74,0.1,0.0,0.85,0.0,0.0
LTT without hierarchy,2023,0.013185157280090412,0.8974358974358975,0.6593436398155682,0.0460627429707983,0.0,0.07126228901160905,0.0,0.04,0.0,0.74,0.1,0.9,0.0,0.0,0.0
LTT without hierarchy,2023,0.013185157280090412,0.8974358974358975,0.6593436398155682,0.0460627429707983,0.0,0.07126228901160905,0.0,0.04,0.0,0.74,0.1,0.9,0.85,0.0,0.0
LTT without hierarchy,2023,0.013185157280090412,0.8974358974358975,0.6870536117891691,0.05428984721092126,0.0,0.07965532674080644,0.0,0.04,0.0,0.74,0.12,0.0,0.0,0.0,0.0
LTT without hierarchy,2023,0.013185157280090412,0.8974358974358975,0.6870536117891691,0.05428984721092126,0.0,0.07965532674080644,0.0,0.04,0.0,0.74,0.12,0.0,0.85,0.0,0.0
LTT without hierarchy,2023,0.013185157280090412,0.8974358974358975,0.6870536117891691,0.05428984721092126,0.0,0.07965532674080644,0.0,0.04,0.0,0.74,0.12,0.9,0.0,0.0,0.0
LTT without hierarchy,2023,0.013185157280090412,0.8974358974358975,0.6870536117891691,0.05428984721092126,0.0,0.07965532674080644,0.0,0.04,0.0,0.74,0.12,0.9,0.85,0.0,0.0
LTT without hierarchy,2023,0.013185157280090412,0.8974358974358975,0.6593436398155682,0.0460627429707983,0.0,0.07126228901160905,0.0,0.04,0.0,0.746,0.1,0.0,0.0,0.0,0.0
LTT without hierarchy,2023,0.013185157280090412,0.8974358974358975,0.6593436398155682,0.0460627429707983,0.0,0.07126228901160905,0.0,0.04,0.0,0.746,0.1,0.0,0.85,0.0,0.0
LTT without hierarchy,2023,0.013185157280090412,0.8974358974358975,0.6593436398155682,0.0460627429707983,0.0,0.07126228901160905,0.0,0.04,0.0,0.746,0.1,0.9,0.0,0.0,0.0
LTT without hierarchy,2023,0.013185157280090412,0.8974358974358975,0.6593436398155682,0.0460627429707983,0.0,0.07126228901160905,0.0,0.04,0.0,0.746,0.1,0.9,0.85,0.0,0.0
LTT without hierarchy,2023,0.013185157280090412,0.8974358974358975,0.6870536117891691,0.05428984721092126,0.0,0.07965532674080644,0.0,0.04,0.0,0.746,0.12,0.0,0.0,0.0,0.0
LTT without hierarchy,2023,0.013185157280090412,0.8974358974358975,0.6870536117891691,0.05428984721092126,0.0,0.07965532674080644,0.0,0.04,0.0,0.746,0.12,0.0,0.85,0.0,0.0
LTT without hierarchy,2023,0.013185157280090412,0.8974358974358975,0.6870536117891691,0.05428984721092126,0.0,0.07965532674080644,0.0,0.04,0.0,0.746,0.12,0.9,0.0,0.0,0.0
LTT without hierarchy,2023,0.013185157280090412,0.8974358974358975,0.6870536117891691,0.05428984721092126,0.0,0.07965532674080644,0.0,0.04,0.0,0.746,0.12,0.9,0.85,0.0,0.0
LTT without hierarchy,2023,0.013185157280090412,0.8974358974358975,0.6593436398155682,0.0460627429707983,0.0,0.07126228901160905,0.0,0.04,0.0,0.75,0.1,0.0,0.0,0.0,0.0
LTT without hierarchy,2023,0.013185157280090412,0.8974358974358975,0.6593436398155682,0.0460627429707983,0.0,0.07126228901160905,0.0,0.04,0.0,0.75,0.1,0.0,0.85,0.0,0.0
LTT without hierarchy,2023,0.013185157280090412,0.8974358974358975,0.6593436398155682,0.0460627429707983,0.0,0.07126228901160905,0.0,0.04,0.0,0.75,0.1,0.9,0.0,0.0,0.0
LTT without hierarchy,2023,0.013185157280090412,0.8974358974358975,0.6593436398155682,0.0460627429707983,0.0,0.07126228901160905,0.0,0.04,0.0,0.75,0.1,0.9,0.85,0.0,0.0
LTT without hierarchy,2023,0.013185157280090412,0.8974358974358975,0.6870536117891691,0.05428984721092126,0.0,0.07965532674080644,0.0,0.04,0.0,0.75,0.12,0.0,0.0,0.0,0.0
LTT without hierarchy,2023,0.013185157280090412,0.8974358974358975,0.6870536117891691,0.05428984721092126,0.0,0.07965532674080644,0.0,0.04,0.0,0.75,0.12,0.0,0.85,0.0,0.0
LTT without hierarchy,2023,0.013185157280090412,0.8974358974358975,0.6870536117891691,0.05428984721092126,0.0,0.07965532674080644,0.0,0.04,0.0,0.75,0.12,0.9,0.0,0.0,0.0
LTT without hierarchy,2023,0.013185157280090412,0.8974358974358975,0.6870536117891691,0.05428984721092126,0.0,0.07965532674080644,0.0,0.04,0.0,0.75,0.12,0.9,0.85,0.0,0.0
LTT without hierarchy,2023,0.013185157280090412,0.8974358974358975,0.6593436398155682,0.0460627429707983,0.0,0.07126228901160905,0.0,0.04,0.02,0.0,0.1,0.0,0.0,0.0,0.0
LTT without hierarchy,2023,0.013185157280090412,0.8974358974358975,0.6593436398155682,0.0460627429707983,0.0,0.07126228901160905,0.0,0.04,0.02,0.0,0.1,0.0,0.85,0.0,0.0
LTT without hierarchy,2023,0.013185157280090412,0.8974358974358975,0.6593436398155682,0.0460627429707983,0.0,0.07126228901160905,0.0,0.04,0.02,0.0,0.1,0.9,0.0,0.0,0.0
LTT without hierarchy,2023,0.013185157280090412,0.8974358974358975,0.6593436398155682,0.0460627429707983,0.0,0.07126228901160905,0.0,0.04,0.02,0.0,0.1,0.9,0.85,0.0,0.0
LTT without hierarchy,2023,0.013185157280090412,0.8974358974358975,0.6870536117891691,0.05428984721092126,0.0,0.07965532674080644,0.0,0.04,0.02,0.0,0.12,0.0,0.0,0.0,0.0
LTT without hierarchy,2023,0.013185157280090412,0.8974358974358975,0.6870536117891691,0.05428984721092126,0.0,0.07965532674080644,0.0,0.04,0.02,0.0,0.12,0.0,0.85,0.0,0.0
LTT without hierarchy,2023,0.013185157280090412,0.8974358974358975,0.6870536117891691,0.05428984721092126,0.0,0.07965532674080644,0.0,0.04,0.02,0.0,0.12,0.9,0.0,0.0,0.0
LTT without hierarchy,2023,0.013185157280090412,0.8974358974358975,0.6870536117891691,0.05428984721092126,0.0,0.07965532674080644,0.0,0.04,0.02,0.0,0.12,0.9,0.85,0.0,0.0
LTT without hierarchy,2023,0.013185157280090412,0.8974358974358975,0.6593436398155682,0.0460627429707983,0.0,0.07126228901160905,0.0,0.04,0.02,0.7,0.1,0.0,0.0,0.0,0.0
LTT without hierarchy,2023,0.013185157280090412,0.8974358974358975,0.6593436398155682,0.0460627429707983,0.0,0.07126228901160905,0.0,0.04,0.02,0.7,0.1,0.0,0.85,0.0,0.0
LTT without hierarchy,2023,0.013185157280090412,0.8974358974358975,0.6593436398155682,0.0460627429707983,0.0,0.07126228901160905,0.0,0.04,0.02,0.7,0.1,0.9,0.0,0.0,0.0
LTT without hierarchy,2023,0.013185157280090412,0.8974358974358975,0.6593436398155682,0.0460627429707983,0.0,0.07126228901160905,0.0,0.04,0.02,0.7,0.1,0.9,0.85,0.0,0.0
LTT without hierarchy,2023,0.013185157280090412,0.8974358974358975,0.6870536117891691,0.05428984721092126,0.0,0.07965532674080644,0.0,0.04,0.02,0.7,0.12,0.0,0.0,0.0,0.0
LTT without hierarchy,2023,0.013185157280090412,0.8974358974358975,0.6870536117891691,0.05428984721092126,0.0,0.07965532674080644,0.0,0.04,0.02,0.7,0.12,0.0,0.85,0.0,0.0
LTT without hierarchy,2023,0.013185157280090412,0.8974358974358975,0.6870536117891691,0.05428984721092126,0.0,0.07965532674080644,0.0,0.04,0.02,0.7,0.12,0.9,0.0,0.0,0.0
LTT without hierarchy,2023,0.013185157280090412,0.8974358974358975,0.6870536117891691,0.05428984721092126,0.0,0.07965532674080644,0.0,0.04,0.02,0.7,0.12,0.9,0.85,0.0,0.0
LTT without hierarchy,2023,0.013185157280090412,0.8974358974358975,0.6593436398155682,0.0460627429707983,0.0,0.07126228901160905,0.0,0.04,0.02,0.72,0.1,0.0,0.0,0.0,0.0
LTT without hierarchy,2023,0.013185157280090412,0.8974358974358975,0.6593436398155682,0.0460627429707983,0.0,0.07126228901160905,0.0,0.04,0.02,0.72,0.1,0.0,0.85,0.0,0.0
LTT without hierarchy,2023,0.013185157280090412,0.8974358974358975,0.6593436398155682,0.0460627429707983,0.0,0.07126228901160905,0.0,0.04,0.02,0.72,0.1,0.9,0.0,0.0,0.0
LTT without hierarchy,2023,0.013185157280090412,0.8974358974358975,0.6593436398155682,0.0460627429707983,0.0,0.07126228901160905,0.0,0.04,0.02,0.72,0.1,0.9,0.85,0.0,0.0
LTT without hierarchy,2023,0.013185157280090412,0.8974358974358975,0.6870536117891691,0.05428984721092126,0.0,0.07965532674080644,0.0,0.04,0.02,0.72,0.12,0.0,0.0,0.0,0.0
LTT without hierarchy,2023,0.013185157280090412,0.8974358974358975,0.6870536117891691,0.05428984721092126,0.0,0.07965532674080644,0.0,0.04,0.02,0.72,0.12,0.0,0.85,0.0,0.0
LTT without hierarchy,2023,0.013185157280090412,0.8974358974358975,0.6870536117891691,0.05428984721092126,0.0,0.07965532674080644,0.0,0.04,0.02,0.72,0.12,0.9,0.0,0.0,0.0
LTT without hierarchy,2023,0.013185157280090412,0.8974358974358975,0.6870536117891691,0.05428984721092126,0.0,0.07965532674080644,0.0,0.04,0.02,0.72,0.12,0.9,0.85,0.0,0.0
LTT without hierarchy,2023,0.013185157280090412,0.8974358974358975,0.6593436398155682,0.0460627429707983,0.0,0.07126228901160905,0.0,0.04,0.02,0.73,0.1,0.0,0.0,0.0,0.0
LTT without hierarchy,2023,0.013185157280090412,0.8974358974358975,0.6593436398155682,0.0460627429707983,0.0,0.07126228901160905,0.0,0.04,0.02,0.73,0.1,0.0,0.85,0.0,0.0
LTT without hierarchy,2023,0.013185157280090412,0.8974358974358975,0.6593436398155682,0.0460627429707983,0.0,0.07126228901160905,0.0,0.04,0.02,0.73,0.1,0.9,0.0,0.0,0.0
LTT without hierarchy,2023,0.013185157280090412,0.8974358974358975,0.6593436398155682,0.0460627429707983,0.0,0.07126228901160905,0.0,0.04,0.02,0.73,0.1,0.9,0.85,0.0,0.0
LTT without hierarchy,2023,0.013185157280090412,0.8974358974358975,0.6870536117891691,0.05428984721092126,0.0,0.07965532674080644,0.0,0.04,0.02,0.73,0.12,0.0,0.0,0.0,0.0
LTT without hierarchy,2023,0.013185157280090412,0.8974358974358975,0.6870536117891691,0.05428984721092126,0.0,0.07965532674080644,0.0,0.04,0.02,0.73,0.12,0.0,0.85,0.0,0.0
LTT without hierarchy,2023,0.013185157280090412,0.8974358974358975,0.6870536117891691,0.05428984721092126,0.0,0.07965532674080644,0.0,0.04,0.02,0.73,0.12,0.9,0.0,0.0,0.0
LTT without hierarchy,2023,0.013185157280090412,0.8974358974358975,0.6870536117891691,0.05428984721092126,0.0,0.07965532674080644,0.0,0.04,0.02,0.73,0.12,0.9,0.85,0.0,0.0
LTT without hierarchy,2023,0.013185157280090412,0.8974358974358975,0.6593436398155682,0.0460627429707983,0.0,0.07126228901160905,0.0,0.04,0.02,0.74,0.1,0.0,0.0,0.0,0.0
LTT without hierarchy,2023,0.013185157280090412,0.8974358974358975,0.6593436398155682,0.0460627429707983,0.0,0.07126228901160905,0.0,0.04,0.02,0.74,0.1,0.0,0.85,0.0,0.0
LTT without hierarchy,2023,0.013185157280090412,0.8974358974358975,0.6593436398155682,0.0460627429707983,0.0,0.07126228901160905,0.0,0.04,0.02,0.74,0.1,0.9,0.0,0.0,0.0
LTT without hierarchy,2023,0.013185157280090412,0.8974358974358975,0.6593436398155682,0.0460627429707983,0.0,0.07126228901160905,0.0,0.04,0.02,0.74,0.1,0.9,0.85,0.0,0.0
LTT without hierarchy,2023,0.013185157280090412,0.8974358974358975,0.6870536117891691,0.05428984721092126,0.0,0.07965532674080644,0.0,0.04,0.02,0.74,0.12,0.0,0.0,0.0,0.0
LTT without hierarchy,2023,0.013185157280090412,0.8974358974358975,0.6870536117891691,0.05428984721092126,0.0,0.07965532674080644,0.0,0.04,0.02,0.74,0.12,0.0,0.85,0.0,0.0
LTT without hierarchy,2023,0.013185157280090412,0.8974358974358975,0.6870536117891691,0.05428984721092126,0.0,0.07965532674080644,0.0,0.04,0.02,0.74,0.12,0.9,0.0,0.0,0.0
LTT without hierarchy,2023,0.013185157280090412,0.8974358974358975,0.6870536117891691,0.05428984721092126,0.0,0.07965532674080644,0.0,0.04,0.02,0.74,0.12,0.9,0.85,0.0,0.0
LTT without hierarchy,2023,0.013185157280090412,0.8974358974358975,0.6593436398155682,0.0460627429707983,0.0,0.07126228901160905,0.0,0.04,0.02,0.746,0.1,0.0,0.0,0.0,0.0
LTT without hierarchy,2023,0.013185157280090412,0.8974358974358975,0.6593436398155682,0.0460627429707983,0.0,0.07126228901160905,0.0,0.04,0.02,0.746,0.1,0.0,0.85,0.0,0.0
LTT without hierarchy,2023,0.013185157280090412,0.8974358974358975,0.6593436398155682,0.0460627429707983,0.0,0.07126228901160905,0.0,0.04,0.02,0.746,0.1,0.9,0.0,0.0,0.0
LTT without hierarchy,2023,0.013185157280090412,0.8974358974358975,0.6593436398155682,0.0460627429707983,0.0,0.07126228901160905,0.0,0.04,0.02,0.746,0.1,0.9,0.85,0.0,0.0
LTT without hierarchy,2023,0.013185157280090412,0.8974358974358975,0.6870536117891691,0.05428984721092126,0.0,0.07965532674080644,0.0,0.04,0.02,0.746,0.12,0.0,0.0,0.0,0.0
LTT without hierarchy,2023,0.013185157280090412,0.8974358974358975,0.6870536117891691,0.05428984721092126,0.0,0.07965532674080644,0.0,0.04,0.02,0.746,0.12,0.0,0.85,0.0,0.0
LTT without hierarchy,2023,0.013185157280090412,0.8974358974358975,0.6870536117891691,0.05428984721092126,0.0,0.07965532674080644,0.0,0.04,0.02,0.746,0.12,0.9,0.0,0.0,0.0
LTT without hierarchy,2023,0.013185157280090412,0.8974358974358975,0.6870536117891691,0.05428984721092126,0.0,0.07965532674080644,0.0,0.04,0.02,0.746,0.12,0.9,0.85,0.0,0.0
LTT without hierarchy,2023,0.013185157280090412,0.8974358974358975,0.6593436398155682,0.0460627429707983,0.0,0.07126228901160905,0.0,0.04,0.02,0.75,0.1,0.0,0.0,0.0,0.0
LTT without hierarchy,2023,0.013185157280090412,0.8974358974358975,0.6593436398155682,0.0460627429707983,0.0,0.07126228901160905,0.0,0.04,0.02,0.75,0.1,0.0,0.85,0.0,0.0
LTT without hierarchy,2023,0.013185157280090412,0.8974358974358975,0.6593436398155682,0.0460627429707983,0.0,0.07126228901160905,0.0,0.04,0.02,0.75,0.1,0.9,0.0,0.0,0.0
LTT without hierarchy,2023,0.013185157280090412,0.8974358974358975,0.6593436398155682,0.0460627429707983,0.0,0.07126228901160905,0.0,0.04,0.02,0.75,0.1,0.9,0.85,0.0,0.0
LTT without hierarchy,2023,0.013185157280090412,0.8974358974358975,0.6870536117891691,0.05428984721092126,0.0,0.07965532674080644,0.0,0.04,0.02,0.75,0.12,0.0,0.0,0.0,0.0
LTT without hierarchy,2023,0.013185157280090412,0.8974358974358975,0.6870536117891691,0.05428984721092126,0.0,0.07965532674080644,0.0,0.04,0.02,0.75,0.12,0.0,0.85,0.0,0.0
LTT without hierarchy,2023,0.013185157280090412,0.8974358974358975,0.6870536117891691,0.05428984721092126,0.0,0.07965532674080644,0.0,0.04,0.02,0.75,0.12,0.9,0.0,0.0,0.0
LTT without hierarchy,2023,0.013185157280090412,0.8974358974358975,0.6870536117891691,0.05428984721092126,0.0,0.07965532674080644,0.0,0.04,0.02,0.75,0.12,0.9,0.85,0.0,0.0
LTT without hierarchy,2023,0.013185157280090412,0.8974358974358975,0.6593436398155682,0.0460627429707983,0.0,0.07126228901160905,0.0,0.04,0.04,0.0,0.1,0.0,0.0,0.0,0.0
LTT without hierarchy,2023,0.013185157280090412,0.8974358974358975,0.6593436398155682,0.0460627429707983,0.0,0.07126228901160905,0.0,0.04,0.04,0.0,0.1,0.0,0.85,0.0,0.0
LTT without hierarchy,2023,0.013185157280090412,0.8974358974358975,0.6593436398155682,0.0460627429707983,0.0,0.07126228901160905,0.0,0.04,0.04,0.0,0.1,0.9,0.0,0.0,0.0
LTT without hierarchy,2023,0.013185157280090412,0.8974358974358975,0.6593436398155682,0.0460627429707983,0.0,0.07126228901160905,0.0,0.04,0.04,0.0,0.1,0.9,0.85,0.0,0.0
LTT without hierarchy,2023,0.013185157280090412,0.8974358974358975,0.6870536117891691,0.05428984721092126,0.0,0.07965532674080644,0.0,0.04,0.04,0.0,0.12,0.0,0.0,0.0,0.0
LTT without hierarchy,2023,0.013185157280090412,0.8974358974358975,0.6870536117891691,0.05428984721092126,0.0,0.07965532674080644,0.0,0.04,0.04,0.0,0.12,0.0,0.85,0.0,0.0
LTT without hierarchy,2023,0.013185157280090412,0.8974358974358975,0.6870536117891691,0.05428984721092126,0.0,0.07965532674080644,0.0,0.04,0.04,0.0,0.12,0.9,0.0,0.0,0.0
LTT without hierarchy,2023,0.013185157280090412,0.8974358974358975,0.6870536117891691,0.05428984721092126,0.0,0.07965532674080644,0.0,0.04,0.04,0.0,0.12,0.9,0.85,0.0,0.0
LTT without hierarchy,2023,0.013185157280090412,0.8974358974358975,0.6593436398155682,0.0460627429707983,0.0,0.07126228901160905,0.0,0.04,0.04,0.7,0.1,0.0,0.0,0.0,0.0
LTT without hierarchy,2023,0.013185157280090412,0.8974358974358975,0.6593436398155682,0.0460627429707983,0.0,0.07126228901160905,0.0,0.04,0.04,0.7,0.1,0.0,0.85,0.0,0.0
LTT without hierarchy,2023,0.013185157280090412,0.8974358974358975,0.6593436398155682,0.0460627429707983,0.0,0.07126228901160905,0.0,0.04,0.04,0.7,0.1,0.9,0.0,0.0,0.0
LTT without hierarchy,2023,0.013185157280090412,0.8974358974358975,0.6593436398155682,0.0460627429707983,0.0,0.07126228901160905,0.0,0.04,0.04,0.7,0.1,0.9,0.85,0.0,0.0
LTT without hierarchy,2023,0.013185157280090412,0.8974358974358975,0.6870536117891691,0.05428984721092126,0.0,0.07965532674080644,0.0,0.04,0.04,0.7,0.12,0.0,0.0,0.0,0.0
LTT without hierarchy,2023,0.013185157280090412,0.8974358974358975,0.6870536117891691,0.05428984721092126,0.0,0.07965532674080644,0.0,0.04,0.04,0.7,0.12,0.0,0.85,0.0,0.0
LTT without hierarchy,2023,0.013185157280090412,0.8974358974358975,0.6870536117891691,0.05428984721092126,0.0,0.07965532674080644,0.0,0.04,0.04,0.7,0.12,0.9,0.0,0.0,0.0
LTT without hierarchy,2023,0.013185157280090412,0.8974358974358975,0.6870536117891691,0.05428984721092126,0.0,0.07965532674080644,0.0,0.04,0.04,0.7,0.12,0.9,0.85,0.0,0.0
LTT without hierarchy,2023,0.013185157280090412,0.8974358974358975,0.6593436398155682,0.0460627429707983,0.0,0.07126228901160905,0.0,0.04,0.04,0.72,0.1,0.0,0.0,0.0,0.0
LTT without hierarchy,2023,0.013185157280090412,0.8974358974358975,0.6593436398155682,0.0460627429707983,0.0,0.07126228901160905,0.0,0.04,0.04,0.72,0.1,0.0,0.85,0.0,0.0
LTT without hierarchy,2023,0.013185157280090412,0.8974358974358975,0.6593436398155682,0.0460627429707983,0.0,0.07126228901160905,0.0,0.04,0.04,0.72,0.1,0.9,0.0,0.0,0.0
LTT without hierarchy,2023,0.013185157280090412,0.8974358974358975,0.6593436398155682,0.0460627429707983,0.0,0.07126228901160905,0.0,0.04,0.04,0.72,0.1,0.9,0.85,0.0,0.0
LTT without hierarchy,2023,0.013185157280090412,0.8974358974358975,0.6870536117891691,0.05428984721092126,0.0,0.07965532674080644,0.0,0.04,0.04,0.72,0.12,0.0,0.0,0.0,0.0
LTT without hierarchy,2023,0.013185157280090412,0.8974358974358975,0.6870536117891691,0.05428984721092126,0.0,0.07965532674080644,0.0,0.04,0.04,0.72,0.12,0.0,0.85,0.0,0.0
LTT without hierarchy,2023,0.013185157280090412,0.8974358974358975,0.6870536117891691,0.05428984721092126,0.0,0.07965532674080644,0.0,0.04,0.04,0.72,0.12,0.9,0.0,0.0,0.0
LTT without hierarchy,2023,0.013185157280090412,0.8974358974358975,0.6870536117891691,0.05428984721092126,0.0,0.07965532674080644,0.0,0.04,0.04,0.72,0.12,0.9,0.85,0.0,0.0
LTT without hierarchy,2023,0.013185157280090412,0.8974358974358975,0.6593436398155682,0.0460627429707983,0.0,0.07126228901160905,0.0,0.04,0.04,0.73,0.1,0.0,0.0,0.0,0.0
LTT without hierarchy,2023,0.013185157280090412,0.8974358974358975,0.6593436398155682,0.0460627429707983,0.0,0.07126228901160905,0.0,0.04,0.04,0.73,0.1,0.0,0.85,0.0,0.0
LTT without hierarchy,2023,0.013185157280090412,0.8974358974358975,0.6593436398155682,0.0460627429707983,0.0,0.07126228901160905,0.0,0.04,0.04,0.73,0.1,0.9,0.0,0.0,0.0
LTT without hierarchy,2023,0.013185157280090412,0.8974358974358975,0.6593436398155682,0.0460627429707983,0.0,0.07126228901160905,0.0,0.04,0.04,0.73,0.1,0.9,0.85,0.0,0.0
LTT without hierarchy,2023,0.013185157280090412,0.8974358974358975,0.6870536117891691,0.05428984721092126,0.0,0.07965532674080644,0.0,0.04,0.04,0.73,0.12,0.0,0.0,0.0,0.0
LTT without hierarchy,2023,0.013185157280090412,0.8974358974358975,0.6870536117891691,0.05428984721092126,0.0,0.07965532674080644,0.0,0.04,0.04,0.73,0.12,0.0,0.85,0.0,0.0
LTT without hierarchy,2023,0.013185157280090412,0.8974358974358975,0.6870536117891691,0.05428984721092126,0.0,0.07965532674080644,0.0,0.04,0.04,0.73,0.12,0.9,0.0,0.0,0.0
LTT without hierarchy,2023,0.013185157280090412,0.8974358974358975,0.6870536117891691,0.05428984721092126,0.0,0.07965532674080644,0.0,0.04,0.04,0.73,0.12,0.9,0.85,0.0,0.0
LTT without hierarchy,2023,0.013185157280090412,0.8974358974358975,0.6593436398155682,0.0460627429707983,0.0,0.07126228901160905,0.0,0.04,0.04,0.74,0.1,0.0,0.0,0.0,0.0
LTT without hierarchy,2023,0.013185157280090412,0.8974358974358975,0.6593436398155682,0.0460627429707983,0.0,0.07126228901160905,0.0,0.04,0.04,0.74,0.1,0.0,0.85,0.0,0.0
LTT without hierarchy,2023,0.013185157280090412,0.8974358974358975,0.6593436398155682,0.0460627429707983,0.0,0.07126228901160905,0.0,0.04,0.04,0.74,0.1,0.9,0.0,0.0,0.0
LTT without hierarchy,2023,0.013185157280090412,0.8974358974358975,0.6593436398155682,0.0460627429707983,0.0,0.07126228901160905,0.0,0.04,0.04,0.74,0.1,0.9,0.85,0.0,0.0
LTT without hierarchy,2023,0.013185157280090412,0.8974358974358975,0.6870536117891691,0.05428984721092126,0.0,0.07965532674080644,0.0,0.04,0.04,0.74,0.12,0.0,0.0,0.0,0.0
LTT without hierarchy,2023,0.013185157280090412,0.8974358974358975,0.6870536117891691,0.05428984721092126,0.0,0.07965532674080644,0.0,0.04,0.04,0.74,0.12,0.0,0.85,0.0,0.0
LTT without hierarchy,2023,0.013185157280090412,0.8974358974358975,0.6870536117891691,0.05428984721092126,0.0,0.07965532674080644,0.0,0.04,0.04,0.74,0.12,0.9,0.0,0.0,0.0
LTT without hierarchy,2023,0.013185157280090412,0.8974358974358975,0.6870536117891691,0.05428984721092126,0.0,0.07965532674080644,0.0,0.04,0.04,0.74,0.12,0.9,0.85,0.0,0.0
LTT without hierarchy,2023,0.013185157280090412,0.8974358974358975,0.6593436398155682,0.0460627429707983,0.0,0.07126228901160905,0.0,0.04,0.04,0.746,0.1,0.0,0.0,0.0,0.0
LTT without hierarchy,2023,0.013185157280090412,0.8974358974358975,0.6593436398155682,0.0460627429707983,0.0,0.07126228901160905,0.0,0.04,0.04,0.746,0.1,0.0,0.85,0.0,0.0
LTT without hierarchy,2023,0.013185157280090412,0.8974358974358975,0.6593436398155682,0.0460627429707983,0.0,0.07126228901160905,0.0,0.04,0.04,0.746,0.1,0.9,0.0,0.0,0.0
LTT without hierarchy,2023,0.013185157280090412,0.8974358974358975,0.6593436398155682,0.0460627429707983,0.0,0.07126228901160905,0.0,0.04,0.04,0.746,0.1,0.9,0.85,0.0,0.0
LTT without hierarchy,2023,0.013185157280090412,0.8974358974358975,0.6870536117891691,0.05428984721092126,0.0,0.07965532674080644,0.0,0.04,0.04,0.746,0.12,0.0,0.0,0.0,0.0
LTT without hierarchy,2023,0.013185157280090412,0.8974358974358975,0.6870536117891691,0.05428984721092126,0.0,0.07965532674080644,0.0,0.04,0.04,0.746,0.12,0.0,0.85,0.0,0.0
LTT without hierarchy,2023,0.013185157280090412,0.8974358974358975,0.6870536117891691,0.05428984721092126,0.0,0.07965532674080644,0.0,0.04,0.04,0.746,0.12,0.9,0.0,0.0,0.0
LTT without hierarchy,2023,0.013185157280090412,0.8974358974358975,0.6870536117891691,0.05428984721092126,0.0,0.07965532674080644,0.0,0.04,0.04,0.746,0.12,0.9,0.85,0.0,0.0
LTT without hierarchy,2023,0.013185157280090412,0.8974358974358975,0.6593436398155682,0.0460627429707983,0.0,0.07126228901160905,0.0,0.04,0.04,0.75,0.1,0.0,0.0,0.0,0.0
LTT without hierarchy,2023,0.013185157280090412,0.8974358974358975,0.6593436398155682,0.0460627429707983,0.0,0.07126228901160905,0.0,0.04,0.04,0.75,0.1,0.0,0.85,0.0,0.0
LTT without hierarchy,2023,0.013185157280090412,0.8974358974358975,0.6593436398155682,0.0460627429707983,0.0,0.07126228901160905,0.0,0.04,0.04,0.75,0.1,0.9,0.0,0.0,0.0
LTT without hierarchy,2023,0.013185157280090412,0.8974358974358975,0.6593436398155682,0.0460627429707983,0.0,0.07126228901160905,0.0,0.04,0.04,0.75,0.1,0.9,0.85,0.0,0.0
LTT without hierarchy,2023,0.013185157280090412,0.8974358974358975,0.6870536117891691,0.05428984721092126,0.0,0.07965532674080644,0.0,0.04,0.04,0.75,0.12,0.0,0.0,0.0,0.0
LTT without hierarchy,2023,0.013185157280090412,0.8974358974358975,0.6870536117891691,0.05428984721092126,0.0,0.07965532674080644,0.0,0.04,0.04,0.75,0.12,0.0,0.85,0.0,0.0
LTT without hierarchy,2023,0.013185157280090412,0.8974358974358975,0.6870536117891691,0.05428984721092126,0.0,0.07965532674080644,0.0,0.04,0.04,0.75,0.12,0.9,0.0,0.0,0.0
LTT without hierarchy,2023,0.013185157280090412,0.8974358974358975,0.6870536117891691,0.05428984721092126,0.0,0.07965532674080644,0.0,0.04,0.04,0.75,0.12,0.9,0.85,0.0,0.0
LTT without hierarchy,2023,0.013185157280090412,0.8974358974358975,0.6593436398155682,0.0460627429707983,0.0,0.07126228901160905,0.0,0.06,0.0,0.0,0.1,0.0,0.0,0.0,0.0
LTT without hierarchy,2023,0.013185157280090412,0.8974358974358975,0.6593436398155682,0.0460627429707983,0.0,0.07126228901160905,0.0,0.06,0.0,0.0,0.1,0.0,0.85,0.0,0.0
LTT without hierarchy,2023,0.013185157280090412,0.8974358974358975,0.6593436398155682,0.0460627429707983,0.0,0.07126228901160905,0.0,0.06,0.0,0.0,0.1,0.9,0.0,0.0,0.0
LTT without hierarchy,2023,0.013185157280090412,0.8974358974358975,0.6593436398155682,0.0460627429707983,0.0,0.07126228901160905,0.0,0.06,0.0,0.0,0.1,0.9,0.85,0.0,0.0
LTT without hierarchy,2023,0.013185157280090412,0.8974358974358975,0.6870536117891691,0.05428984721092126,0.0,0.07965532674080644,0.0,0.06,0.0,0.0,0.12,0.0,0.0,0.0,0.0
LTT without hierarchy,2023,0.013185157280090412,0.8974358974358975,0.6870536117891691,0.05428984721092126,0.0,0.07965532674080644,0.0,0.06,0.0,0.0,0.12,0.0,0.85,0.0,0.0
LTT without hierarchy,2023,0.013185157280090412,0.8974358974358975,0.6870536117891691,0.05428984721092126,0.0,0.07965532674080644,0.0,0.06,0.0,0.0,0.12,0.9,0.0,0.0,0.0
LTT without hierarchy,2023,0.013185157280090412,0.8974358974358975,0.6870536117891691,0.05428984721092126,0.0,0.07965532674080644,0.0,0.06,0.0,0.0,0.12,0.9,0.85,0.0,0.0
LTT without hierarchy,2023,0.013185157280090412,0.8974358974358975,0.6593436398155682,0.0460627429707983,0.0,0.07126228901160905,0.0,0.06,0.0,0.7,0.1,0.0,0.0,0.0,0.0
LTT without hierarchy,2023,0.013185157280090412,0.8974358974358975,0.6593436398155682,0.0460627429707983,0.0,0.07126228901160905,0.0,0.06,0.0,0.7,0.1,0.0,0.85,0.0,0.0
LTT without hierarchy,2023,0.013185157280090412,0.8974358974358975,0.6593436398155682,0.0460627429707983,0.0,0.07126228901160905,0.0,0.06,0.0,0.7,0.1,0.9,0.0,0.0,0.0
LTT without hierarchy,2023,0.013185157280090412,0.8974358974358975,0.6593436398155682,0.0460627429707983,0.0,0.07126228901160905,0.0,0.06,0.0,0.7,0.1,0.9,0.85,0.0,0.0
LTT without hierarchy,2023,0.013185157280090412,0.8974358974358975,0.6870536117891691,0.05428984721092126,0.0,0.07965532674080644,0.0,0.06,0.0,0.7,0.12,0.0,0.0,0.0,0.0
LTT without hierarchy,2023,0.013185157280090412,0.8974358974358975,0.6870536117891691,0.05428984721092126,0.0,0.07965532674080644,0.0,0.06,0.0,0.7,0.12,0.0,0.85,0.0,0.0
LTT without hierarchy,2023,0.013185157280090412,0.8974358974358975,0.6870536117891691,0.05428984721092126,0.0,0.07965532674080644,0.0,0.06,0.0,0.7,0.12,0.9,0.0,0.0,0.0
LTT without hierarchy,2023,0.013185157280090412,0.8974358974358975,0.6870536117891691,0.05428984721092126,0.0,0.07965532674080644,0.0,0.06,0.0,0.7,0.12,0.9,0.85,0.0,0.0
LTT without hierarchy,2023,0.013185157280090412,0.8974358974358975,0.6593436398155682,0.0460627429707983,0.0,0.07126228901160905,0.0,0.06,0.0,0.72,0.1,0.0,0.0,0.0,0.0
LTT without hierarchy,2023,0.013185157280090412,0.8974358974358975,0.6593436398155682,0.0460627429707983,0.0,0.07126228901160905,0.0,0.06,0.0,0.72,0.1,0.0,0.85,0.0,0.0
LTT without hierarchy,2023,0.013185157280090412,0.8974358974358975,0.6593436398155682,0.0460627429707983,0.0,0.07126228901160905,0.0,0.06,0.0,0.72,0.1,0.9,0.0,0.0,0.0
LTT without hierarchy,2023,0.013185157280090412,0.8974358974358975,0.6593436398155682,0.0460627429707983,0.0,0.07126228901160905,0.0,0.06,0.0,0.72,0.1,0.9,0.85,0.0,0.0
LTT without hierarchy,2023,0.013185157280090412,0.8974358974358975,0.6870536117891691,0.05428984721092126,0.0,0.07965532674080644,0.0,0.06,0.0,0.72,0.12,0.0,0.0,0.0,0.0
LTT without hierarchy,2023,0.013185157280090412,0.8974358974358975,0.6870536117891691,0.05428984721092126,0.0,0.07965532674080644,0.0,0.06,0.0,0.72,0.12,0.0,0.85,0.0,0.0
LTT without hierarchy,2023,0.013185157280090412,0.8974358974358975,0.6870536117891691,0.05428984721092126,0.0,0.07965532674080644,0.0,0.06,0.0,0.72,0.12,0.9,0.0,0.0,0.0
LTT without hierarchy,2023,0.013185157280090412,0.8974358974358975,0.6870536117891691,0.05428984721092126,0.0,0.07965532674080644,0.0,0.06,0.0,0.72,0.12,0.9,0.85,0.0,0.0
LTT without hierarchy,2023,0.013185157280090412,0.8974358974358975,0.6593436398155682,0.0460627429707983,0.0,0.07126228901160905,0.0,0.06,0.0,0.73,0.1,0.0,0.0,0.0,0.0
LTT without hierarchy,2023,0.013185157280090412,0.8974358974358975,0.6593436398155682,0.0460627429707983,0.0,0.07126228901160905,0.0,0.06,0.0,0.73,0.1,0.0,0.85,0.0,0.0
LTT without hierarchy,2023,0.013185157280090412,0.8974358974358975,0.6593436398155682,0.0460627429707983,0.0,0.07126228901160905,0.0,0.06,0.0,0.73,0.1,0.9,0.0,0.0,0.0
LTT without hierarchy,2023,0.013185157280090412,0.8974358974358975,0.6593436398155682,0.0460627429707983,0.0,0.07126228901160905,0.0,0.06,0.0,0.73,0.1,0.9,0.85,0.0,0.0
LTT without hierarchy,2023,0.013185157280090412,0.8974358974358975,0.6870536117891691,0.05428984721092126,0.0,0.07965532674080644,0.0,0.06,0.0,0.73,0.12,0.0,0.0,0.0,0.0
LTT without hierarchy,2023,0.013185157280090412,0.8974358974358975,0.6870536117891691,0.05428984721092126,0.0,0.07965532674080644,0.0,0.06,0.0,0.73,0.12,0.0,0.85,0.0,0.0
LTT without hierarchy,2023,0.013185157280090412,0.8974358974358975,0.6870536117891691,0.05428984721092126,0.0,0.07965532674080644,0.0,0.06,0.0,0.73,0.12,0.9,0.0,0.0,0.0
LTT without hierarchy,2023,0.013185157280090412,0.8974358974358975,0.6870536117891691,0.05428984721092126,0.0,0.07965532674080644,0.0,0.06,0.0,0.73,0.12,0.9,0.85,0.0,0.0
LTT without hierarchy,2023,0.013185157280090412,0.8974358974358975,0.6593436398155682,0.0460627429707983,0.0,0.07126228901160905,0.0,0.06,0.0,0.74,0.1,0.0,0.0,0.0,0.0
LTT without hierarchy,2023,0.013185157280090412,0.8974358974358975,0.6593436398155682,0.0460627429707983,0.0,0.07126228901160905,0.0,0.06,0.0,0.74,0.1,0.0,0.85,0.0,0.0
LTT without hierarchy,2023,0.013185157280090412,0.8974358974358975,0.6593436398155682,0.0460627429707983,0.0,0.07126228901160905,0.0,0.06,0.0,0.74,0.1,0.9,0.0,0.0,0.0
LTT without hierarchy,2023,0.013185157280090412,0.8974358974358975,0.6593436398155682,0.0460627429707983,0.0,0.07126228901160905,0.0,0.06,0.0,0.74,0.1,0.9,0.85,0.0,0.0
LTT without hierarchy,2023,0.013185157280090412,0.8974358974358975,0.6870536117891691,0.05428984721092126,0.0,0.07965532674080644,0.0,0.06,0.0,0.74,0.12,0.0,0.0,0.0,0.0
LTT without hierarchy,2023,0.013185157280090412,0.8974358974358975,0.6870536117891691,0.05428984721092126,0.0,0.07965532674080644,0.0,0.06,0.0,0.74,0.12,0.0,0.85,0.0,0.0
LTT without hierarchy,2023,0.013185157280090412,0.8974358974358975,0.6870536117891691,0.05428984721092126,0.0,0.07965532674080644,0.0,0.06,0.0,0.74,0.12,0.9,0.0,0.0,0.0
LTT without hierarchy,2023,0.013185157280090412,0.8974358974358975,0.6870536117891691,0.05428984721092126,0.0,0.07965532674080644,0.0,0.06,0.0,0.74,0.12,0.9,0.85,0.0,0.0
LTT without hierarchy,2023,0.013185157280090412,0.8974358974358975,0.6593436398155682,0.0460627429707983,0.0,0.07126228901160905,0.0,0.06,0.0,0.746,0.1,0.0,0.0,0.0,0.0
LTT without hierarchy,2023,0.013185157280090412,0.8974358974358975,0.6593436398155682,0.0460627429707983,0.0,0.07126228901160905,0.0,0.06,0.0,0.746,0.1,0.0,0.85,0.0,0.0
LTT without hierarchy,2023,0.013185157280090412,0.8974358974358975,0.6593436398155682,0.0460627429707983,0.0,0.07126228901160905,0.0,0.06,0.0,0.746,0.1,0.9,0.0,0.0,0.0
LTT without hierarchy,2023,0.013185157280090412,0.8974358974358975,0.6593436398155682,0.0460627429707983,0.0,0.07126228901160905,0.0,0.06,0.0,0.746,0.1,0.9,0.85,0.0,0.0
LTT without hierarchy,2023,0.013185157280090412,0.8974358974358975,0.6870536117891691,0.05428984721092126,0.0,0.07965532674080644,0.0,0.06,0.0,0.746,0.12,0.0,0.0,0.0,0.0
LTT without hierarchy,2023,0.013185157280090412,0.8974358974358975,0.6870536117891691,0.05428984721092126,0.0,0.07965532674080644,0.0,0.06,0.0,0.746,0.12,0.0,0.85,0.0,0.0
LTT without hierarchy,2023,0.013185157280090412,0.8974358974358975,0.6870536117891691,0.05428984721092126,0.0,0.07965532674080644,0.0,0.06,0.0,0.746,0.12,0.9,0.0,0.0,0.0
LTT without hierarchy,2023,0.013185157280090412,0.8974358974358975,0.6870536117891691,0.05428984721092126,0.0,0.07965532674080644,0.0,0.06,0.0,0.746,0.12,0.9,0.85,0.0,0.0
LTT without hierarchy,2023,0.013185157280090412,0.8974358974358975,0.6593436398155682,0.0460627429707983,0.0,0.07126228901160905,0.0,0.06,0.0,0.75,0.1,0.0,0.0,0.0,0.0
LTT without hierarchy,2023,0.013185157280090412,0.8974358974358975,0.6593436398155682,0.0460627429707983,0.0,0.07126228901160905,0.0,0.06,0.0,0.75,0.1,0.0,0.85,0.0,0.0
LTT without hierarchy,2023,0.013185157280090412,0.8974358974358975,0.6593436398155682,0.0460627429707983,0.0,0.07126228901160905,0.0,0.06,0.0,0.75,0.1,0.9,0.0,0.0,0.0
LTT without hierarchy,2023,0.013185157280090412,0.8974358974358975,0.6593436398155682,0.0460627429707983,0.0,0.07126228901160905,0.0,0.06,0.0,0.75,0.1,0.9,0.85,0.0,0.0
LTT without hierarchy,2023,0.013185157280090412,0.8974358974358975,0.6870536117891691,0.05428984721092126,0.0,0.07965532674080644,0.0,0.06,0.0,0.75,0.12,0.0,0.0,0.0,0.0
LTT without hierarchy,2023,0.013185157280090412,0.8974358974358975,0.6870536117891691,0.05428984721092126,0.0,0.07965532674080644,0.0,0.06,0.0,0.75,0.12,0.0,0.85,0.0,0.0
LTT without hierarchy,2023,0.013185157280090412,0.8974358974358975,0.6870536117891691,0.05428984721092126,0.0,0.07965532674080644,0.0,0.06,0.0,0.75,0.12,0.9,0.0,0.0,0.0
LTT without hierarchy,2023,0.013185157280090412,0.8974358974358975,0.6870536117891691,0.05428984721092126,0.0,0.07965532674080644,0.0,0.06,0.0,0.75,0.12,0.9,0.85,0.0,0.0
LTT without hierarchy,2023,0.013185157280090412,0.8974358974358975,0.6593436398155682,0.0460627429707983,0.0,0.07126228901160905,0.0,0.06,0.02,0.0,0.1,0.0,0.0,0.0,0.0
LTT without hierarchy,2023,0.013185157280090412,0.8974358974358975,0.6593436398155682,0.0460627429707983,0.0,0.07126228901160905,0.0,0.06,0.02,0.0,0.1,0.0,0.85,0.0,0.0
LTT without hierarchy,2023,0.013185157280090412,0.8974358974358975,0.6593436398155682,0.0460627429707983,0.0,0.07126228901160905,0.0,0.06,0.02,0.0,0.1,0.9,0.0,0.0,0.0
LTT without hierarchy,2023,0.013185157280090412,0.8974358974358975,0.6593436398155682,0.0460627429707983,0.0,0.07126228901160905,0.0,0.06,0.02,0.0,0.1,0.9,0.85,0.0,0.0
LTT without hierarchy,2023,0.013185157280090412,0.8974358974358975,0.6870536117891691,0.05428984721092126,0.0,0.07965532674080644,0.0,0.06,0.02,0.0,0.12,0.0,0.0,0.0,0.0
LTT without hierarchy,2023,0.013185157280090412,0.8974358974358975,0.6870536117891691,0.05428984721092126,0.0,0.07965532674080644,0.0,0.06,0.02,0.0,0.12,0.0,0.85,0.0,0.0
LTT without hierarchy,2023,0.013185157280090412,0.8974358974358975,0.6870536117891691,0.05428984721092126,0.0,0.07965532674080644,0.0,0.06,0.02,0.0,0.12,0.9,0.0,0.0,0.0
LTT without hierarchy,2023,0.013185157280090412,0.8974358974358975,0.6870536117891691,0.05428984721092126,0.0,0.07965532674080644,0.0,0.06,0.02,0.0,0.12,0.9,0.85,0.0,0.0
LTT without hierarchy,2023,0.013185157280090412,0.8974358974358975,0.6593436398155682,0.0460627429707983,0.0,0.07126228901160905,0.0,0.06,0.02,0.7,0.1,0.0,0.0,0.0,0.0
LTT without hierarchy,2023,0.013185157280090412,0.8974358974358975,0.6593436398155682,0.0460627429707983,0.0,0.07126228901160905,0.0,0.06,0.02,0.7,0.1,0.0,0.85,0.0,0.0
LTT without hierarchy,2023,0.013185157280090412,0.8974358974358975,0.6593436398155682,0.0460627429707983,0.0,0.07126228901160905,0.0,0.06,0.02,0.7,0.1,0.9,0.0,0.0,0.0
LTT without hierarchy,2023,0.013185157280090412,0.8974358974358975,0.6593436398155682,0.0460627429707983,0.0,0.07126228901160905,0.0,0.06,0.02,0.7,0.1,0.9,0.85,0.0,0.0
LTT without hierarchy,2023,0.013185157280090412,0.8974358974358975,0.6870536117891691,0.05428984721092126,0.0,0.07965532674080644,0.0,0.06,0.02,0.7,0.12,0.0,0.0,0.0,0.0
LTT without hierarchy,2023,0.013185157280090412,0.8974358974358975,0.6870536117891691,0.05428984721092126,0.0,0.07965532674080644,0.0,0.06,0.02,0.7,0.12,0.0,0.85,0.0,0.0
LTT without hierarchy,2023,0.013185157280090412,0.8974358974358975,0.6870536117891691,0.05428984721092126,0.0,0.07965532674080644,0.0,0.06,0.02,0.7,0.12,0.9,0.0,0.0,0.0
LTT without hierarchy,2023,0.013185157280090412,0.8974358974358975,0.6870536117891691,0.05428984721092126,0.0,0.07965532674080644,0.0,0.06,0.02,0.7,0.12,0.9,0.85,0.0,0.0
LTT without hierarchy,2023,0.013185157280090412,0.8974358974358975,0.6593436398155682,0.0460627429707983,0.0,0.07126228901160905,0.0,0.06,0.02,0.72,0.1,0.0,0.0,0.0,0.0
LTT without hierarchy,2023,0.013185157280090412,0.8974358974358975,0.6593436398155682,0.0460627429707983,0.0,0.07126228901160905,0.0,0.06,0.02,0.72,0.1,0.0,0.85,0.0,0.0
LTT without hierarchy,2023,0.013185157280090412,0.8974358974358975,0.6593436398155682,0.0460627429707983,0.0,0.07126228901160905,0.0,0.06,0.02,0.72,0.1,0.9,0.0,0.0,0.0
LTT without hierarchy,2023,0.013185157280090412,0.8974358974358975,0.6593436398155682,0.0460627429707983,0.0,0.07126228901160905,0.0,0.06,0.02,0.72,0.1,0.9,0.85,0.0,0.0
LTT without hierarchy,2023,0.013185157280090412,0.8974358974358975,0.6870536117891691,0.05428984721092126,0.0,0.07965532674080644,0.0,0.06,0.02,0.72,0.12,0.0,0.0,0.0,0.0
LTT without hierarchy,2023,0.013185157280090412,0.8974358974358975,0.6870536117891691,0.05428984721092126,0.0,0.07965532674080644,0.0,0.06,0.02,0.72,0.12,0.0,0.85,0.0,0.0
LTT without hierarchy,2023,0.013185157280090412,0.8974358974358975,0.6870536117891691,0.05428984721092126,0.0,0.07965532674080644,0.0,0.06,0.02,0.72,0.12,0.9,0.0,0.0,0.0
LTT without hierarchy,2023,0.013185157280090412,0.8974358974358975,0.6870536117891691,0.05428984721092126,0.0,0.07965532674080644,0.0,0.06,0.02,0.72,0.12,0.9,0.85,0.0,0.0
LTT without hierarchy,2023,0.013185157280090412,0.8974358974358975,0.6593436398155682,0.0460627429707983,0.0,0.07126228901160905,0.0,0.06,0.02,0.73,0.1,0.0,0.0,0.0,0.0
LTT without hierarchy,2023,0.013185157280090412,0.8974358974358975,0.6593436398155682,0.0460627429707983,0.0,0.07126228901160905,0.0,0.06,0.02,0.73,0.1,0.0,0.85,0.0,0.0
LTT without hierarchy,2023,0.013185157280090412,0.8974358974358975,0.6593436398155682,0.0460627429707983,0.0,0.07126228901160905,0.0,0.06,0.02,0.73,0.1,0.9,0.0,0.0,0.0
LTT without hierarchy,2023,0.013185157280090412,0.8974358974358975,0.6593436398155682,0.0460627429707983,0.0,0.07126228901160905,0.0,0.06,0.02,0.73,0.1,0.9,0.85,0.0,0.0
LTT without hierarchy,2023,0.013185157280090412,0.8974358974358975,0.6870536117891691,0.05428984721092126,0.0,0.07965532674080644,0.0,0.06,0.02,0.73,0.12,0.0,0.0,0.0,0.0
LTT without hierarchy,2023,0.013185157280090412,0.8974358974358975,0.6870536117891691,0.05428984721092126,0.0,0.07965532674080644,0.0,0.06,0.02,0.73,0.12,0.0,0.85,0.0,0.0
LTT without hierarchy,2023,0.013185157280090412,0.8974358974358975,0.6870536117891691,0.05428984721092126,0.0,0.07965532674080644,0.0,0.06,0.02,0.73,0.12,0.9,0.0,0.0,0.0
LTT without hierarchy,2023,0.013185157280090412,0.8974358974358975,0.6870536117891691,0.05428984721092126,0.0,0.07965532674080644,0.0,0.06,0.02,0.73,0.12,0.9,0.85,0.0,0.0
LTT without hierarchy,2023,0.013185157280090412,0.8974358974358975,0.6593436398155682,0.0460627429707983,0.0,0.07126228901160905,0.0,0.06,0.02,0.74,0.1,0.0,0.0,0.0,0.0
LTT without hierarchy,2023,0.013185157280090412,0.8974358974358975,0.6593436398155682,0.0460627429707983,0.0,0.07126228901160905,0.0,0.06,0.02,0.74,0.1,0.0,0.85,0.0,0.0
LTT without hierarchy,2023,0.013185157280090412,0.8974358974358975,0.6593436398155682,0.0460627429707983,0.0,0.07126228901160905,0.0,0.06,0.02,0.74,0.1,0.9,0.0,0.0,0.0
LTT without hierarchy,2023,0.013185157280090412,0.8974358974358975,0.6593436398155682,0.0460627429707983,0.0,0.07126228901160905,0.0,0.06,0.02,0.74,0.1,0.9,0.85,0.0,0.0
LTT without hierarchy,2023,0.013185157280090412,0.8974358974358975,0.6870536117891691,0.05428984721092126,0.0,0.07965532674080644,0.0,0.06,0.02,0.74,0.12,0.0,0.0,0.0,0.0
LTT without hierarchy,2023,0.013185157280090412,0.8974358974358975,0.6870536117891691,0.05428984721092126,0.0,0.07965532674080644,0.0,0.06,0.02,0.74,0.12,0.0,0.85,0.0,0.0
LTT without hierarchy,2023,0.013185157280090412,0.8974358974358975,0.6870536117891691,0.05428984721092126,0.0,0.07965532674080644,0.0,0.06,0.02,0.74,0.12,0.9,0.0,0.0,0.0
LTT without hierarchy,2023,0.013185157280090412,0.8974358974358975,0.6870536117891691,0.05428984721092126,0.0,0.07965532674080644,0.0,0.06,0.02,0.74,0.12,0.9,0.85,0.0,0.0
LTT without hierarchy,2023,0.013185157280090412,0.8974358974358975,0.6593436398155682,0.0460627429707983,0.0,0.07126228901160905,0.0,0.06,0.02,0.746,0.1,0.0,0.0,0.0,0.0
LTT without hierarchy,2023,0.013185157280090412,0.8974358974358975,0.6593436398155682,0.0460627429707983,0.0,0.07126228901160905,0.0,0.06,0.02,0.746,0.1,0.0,0.85,0.0,0.0
LTT without hierarchy,2023,0.013185157280090412,0.8974358974358975,0.6593436398155682,0.0460627429707983,0.0,0.07126228901160905,0.0,0.06,0.02,0.746,0.1,0.9,0.0,0.0,0.0
LTT without hierarchy,2023,0.013185157280090412,0.8974358974358975,0.6593436398155682,0.0460627429707983,0.0,0.07126228901160905,0.0,0.06,0.02,0.746,0.1,0.9,0.85,0.0,0.0
LTT without hierarchy,2023,0.013185157280090412,0.8974358974358975,0.6870536117891691,0.05428984721092126,0.0,0.07965532674080644,0.0,0.06,0.02,0.746,0.12,0.0,0.0,0.0,0.0
LTT without hierarchy,2023,0.013185157280090412,0.8974358974358975,0.6870536117891691,0.05428984721092126,0.0,0.07965532674080644,0.0,0.06,0.02,0.746,0.12,0.0,0.85,0.0,0.0
LTT without hierarchy,2023,0.013185157280090412,0.8974358974358975,0.6870536117891691,0.05428984721092126,0.0,0.07965532674080644,0.0,0.06,0.02,0.746,0.12,0.9,0.0,0.0,0.0
LTT without hierarchy,2023,0.013185157280090412,0.8974358974358975,0.6870536117891691,0.05428984721092126,0.0,0.07965532674080644,0.0,0.06,0.02,0.746,0.12,0.9,0.85,0.0,0.0
LTT without hierarchy,2023,0.013185157280090412,0.8974358974358975,0.6593436398155682,0.0460627429707983,0.0,0.07126228901160905,0.0,0.06,0.02,0.75,0.1,0.0,0.0,0.0,0.0
LTT without hierarchy,2023,0.013185157280090412,0.8974358974358975,0.6593436398155682,0.0460627429707983,0.0,0.07126228901160905,0.0,0.06,0.02,0.75,0.1,0.0,0.85,0.0,0.0
LTT without hierarchy,2023,0.013185157280090412,0.8974358974358975,0.6593436398155682,0.0460627429707983,0.0,0.07126228901160905,0.0,0.06,0.02,0.75,0.1,0.9,0.0,0.0,0.0
LTT without hierarchy,2023,0.013185157280090412,0.8974358974358975,0.6593436398155682,0.0460627429707983,0.0,0.07126228901160905,0.0,0.06,0.02,0.75,0.1,0.9,0.85,0.0,0.0
LTT without hierarchy,2023,0.013185157280090412,0.8974358974358975,0.6870536117891691,0.05428984721092126,0.0,0.07965532674080644,0.0,0.06,0.02,0.75,0.12,0.0,0.0,0.0,0.0
LTT without hierarchy,2023,0.013185157280090412,0.8974358974358975,0.6870536117891691,0.05428984721092126,0.0,0.07965532674080644,0.0,0.06,0.02,0.75,0.12,0.0,0.85,0.0,0.0
LTT without hierarchy,2023,0.013185157280090412,0.8974358974358975,0.6870536117891691,0.05428984721092126,0.0,0.07965532674080644,0.0,0.06,0.02,0.75,0.12,0.9,0.0,0.0,0.0
LTT without hierarchy,2023,0.013185157280090412,0.8974358974358975,0.6870536117891691,0.05428984721092126,0.0,0.07965532674080644,0.0,0.06,0.02,0.75,0.12,0.9,0.85,0.0,0.0
LTT without hierarchy,2023,0.013185157280090412,0.8974358974358975,0.6593436398155682,0.0460627429707983,0.0,0.07126228901160905,0.0,0.06,0.04,0.0,0.1,0.0,0.0,0.0,0.0
LTT without hierarchy,2023,0.013185157280090412,0.8974358974358975,0.6593436398155682,0.0460627429707983,0.0,0.07126228901160905,0.0,0.06,0.04,0.0,0.1,0.0,0.85,0.0,0.0
LTT without hierarchy,2023,0.013185157280090412,0.8974358974358975,0.6593436398155682,0.0460627429707983,0.0,0.07126228901160905,0.0,0.06,0.04,0.0,0.1,0.9,0.0,0.0,0.0
LTT without hierarchy,2023,0.013185157280090412,0.8974358974358975,0.6593436398155682,0.0460627429707983,0.0,0.07126228901160905,0.0,0.06,0.04,0.0,0.1,0.9,0.85,0.0,0.0
LTT without hierarchy,2023,0.013185157280090412,0.8974358974358975,0.6870536117891691,0.05428984721092126,0.0,0.07965532674080644,0.0,0.06,0.04,0.0,0.12,0.0,0.0,0.0,0.0
LTT without hierarchy,2023,0.013185157280090412,0.8974358974358975,0.6870536117891691,0.05428984721092126,0.0,0.07965532674080644,0.0,0.06,0.04,0.0,0.12,0.0,0.85,0.0,0.0
LTT without hierarchy,2023,0.013185157280090412,0.8974358974358975,0.6870536117891691,0.05428984721092126,0.0,0.07965532674080644,0.0,0.06,0.04,0.0,0.12,0.9,0.0,0.0,0.0
LTT without hierarchy,2023,0.013185157280090412,0.8974358974358975,0.6870536117891691,0.05428984721092126,0.0,0.07965532674080644,0.0,0.06,0.04,0.0,0.12,0.9,0.85,0.0,0.0
LTT without hierarchy,2023,0.013185157280090412,0.8974358974358975,0.6593436398155682,0.0460627429707983,0.0,0.07126228901160905,0.0,0.06,0.04,0.7,0.1,0.0,0.0,0.0,0.0
LTT without hierarchy,2023,0.013185157280090412,0.8974358974358975,0.6593436398155682,0.0460627429707983,0.0,0.07126228901160905,0.0,0.06,0.04,0.7,0.1,0.0,0.85,0.0,0.0
LTT without hierarchy,2023,0.013185157280090412,0.8974358974358975,0.6593436398155682,0.0460627429707983,0.0,0.07126228901160905,0.0,0.06,0.04,0.7,0.1,0.9,0.0,0.0,0.0
LTT without hierarchy,2023,0.013185157280090412,0.8974358974358975,0.6593436398155682,0.0460627429707983,0.0,0.07126228901160905,0.0,0.06,0.04,0.7,0.1,0.9,0.85,0.0,0.0
LTT without hierarchy,2023,0.013185157280090412,0.8974358974358975,0.6870536117891691,0.05428984721092126,0.0,0.07965532674080644,0.0,0.06,0.04,0.7,0.12,0.0,0.0,0.0,0.0
LTT without hierarchy,2023,0.013185157280090412,0.8974358974358975,0.6870536117891691,0.05428984721092126,0.0,0.07965532674080644,0.0,0.06,0.04,0.7,0.12,0.0,0.85,0.0,0.0
LTT without hierarchy,2023,0.013185157280090412,0.8974358974358975,0.6870536117891691,0.05428984721092126,0.0,0.07965532674080644,0.0,0.06,0.04,0.7,0.12,0.9,0.0,0.0,0.0
LTT without hierarchy,2023,0.013185157280090412,0.8974358974358975,0.6870536117891691,0.05428984721092126,0.0,0.07965532674080644,0.0,0.06,0.04,0.7,0.12,0.9,0.85,0.0,0.0
LTT without hierarchy,2023,0.013185157280090412,0.8974358974358975,0.6593436398155682,0.0460627429707983,0.0,0.07126228901160905,0.0,0.06,0.04,0.72,0.1,0.0,0.0,0.0,0.0
LTT without hierarchy,2023,0.013185157280090412,0.8974358974358975,0.6593436398155682,0.0460627429707983,0.0,0.07126228901160905,0.0,0.06,0.04,0.72,0.1,0.0,0.85,0.0,0.0
LTT without hierarchy,2023,0.013185157280090412,0.8974358974358975,0.6593436398155682,0.0460627429707983,0.0,0.07126228901160905,0.0,0.06,0.04,0.72,0.1,0.9,0.0,0.0,0.0
LTT without hierarchy,2023,0.013185157280090412,0.8974358974358975,0.6593436398155682,0.0460627429707983,0.0,0.07126228901160905,0.0,0.06,0.04,0.72,0.1,0.9,0.85,0.0,0.0
LTT without hierarchy,2023,0.013185157280090412,0.8974358974358975,0.6870536117891691,0.05428984721092126,0.0,0.07965532674080644,0.0,0.06,0.04,0.72,0.12,0.0,0.0,0.0,0.0
LTT without hierarchy,2023,0.013185157280090412,0.8974358974358975,0.6870536117891691,0.05428984721092126,0.0,0.07965532674080644,0.0,0.06,0.04,0.72,0.12,0.0,0.85,0.0,0.0
LTT without hierarchy,2023,0.013185157280090412,0.8974358974358975,0.6870536117891691,0.05428984721092126,0.0,0.07965532674080644,0.0,0.06,0.04,0.72,0.12,0.9,0.0,0.0,0.0
LTT without hierarchy,2023,0.013185157280090412,0.8974358974358975,0.6870536117891691,0.05428984721092126,0.0,0.07965532674080644,0.0,0.06,0.04,0.72,0.12,0.9,0.85,0.0,0.0
LTT without hierarchy,2023,0.013185157280090412,0.8974358974358975,0.6593436398155682,0.0460627429707983,0.0,0.07126228901160905,0.0,0.06,0.04,0.73,0.1,0.0,0.0,0.0,0.0
LTT without hierarchy,2023,0.013185157280090412,0.8974358974358975,0.6593436398155682,0.0460627429707983,0.0,0.07126228901160905,0.0,0.06,0.04,0.73,0.1,0.0,0.85,0.0,0.0
LTT without hierarchy,2023,0.013185157280090412,0.8974358974358975,0.6593436398155682,0.0460627429707983,0.0,0.07126228901160905,0.0,0.06,0.04,0.73,0.1,0.9,0.0,0.0,0.0
LTT without hierarchy,2023,0.013185157280090412,0.8974358974358975,0.6593436398155682,0.0460627429707983,0.0,0.07126228901160905,0.0,0.06,0.04,0.73,0.1,0.9,0.85,0.0,0.0
LTT without hierarchy,2023,0.013185157280090412,0.8974358974358975,0.6870536117891691,0.05428984721092126,0.0,0.07965532674080644,0.0,0.06,0.04,0.73,0.12,0.0,0.0,0.0,0.0
LTT without hierarchy,2023,0.013185157280090412,0.8974358974358975,0.6870536117891691,0.05428984721092126,0.0,0.07965532674080644,0.0,0.06,0.04,0.73,0.12,0.0,0.85,0.0,0.0
LTT without hierarchy,2023,0.013185157280090412,0.8974358974358975,0.6870536117891691,0.05428984721092126,0.0,0.07965532674080644,0.0,0.06,0.04,0.73,0.12,0.9,0.0,0.0,0.0
LTT without hierarchy,2023,0.013185157280090412,0.8974358974358975,0.6870536117891691,0.05428984721092126,0.0,0.07965532674080644,0.0,0.06,0.04,0.73,0.12,0.9,0.85,0.0,0.0
LTT without hierarchy,2023,0.013185157280090412,0.8974358974358975,0.6593436398155682,0.0460627429707983,0.0,0.07126228901160905,0.0,0.06,0.04,0.74,0.1,0.0,0.0,0.0,0.0
LTT without hierarchy,2023,0.013185157280090412,0.8974358974358975,0.6593436398155682,0.0460627429707983,0.0,0.07126228901160905,0.0,0.06,0.04,0.74,0.1,0.0,0.85,0.0,0.0
LTT without hierarchy,2023,0.013185157280090412,0.8974358974358975,0.6593436398155682,0.0460627429707983,0.0,0.07126228901160905,0.0,0.06,0.04,0.74,0.1,0.9,0.0,0.0,0.0
LTT without hierarchy,2023,0.013185157280090412,0.8974358974358975,0.6593436398155682,0.0460627429707983,0.0,0.07126228901160905,0.0,0.06,0.04,0.74,0.1,0.9,0.85,0.0,0.0
LTT without hierarchy,2023,0.013185157280090412,0.8974358974358975,0.6870536117891691,0.05428984721092126,0.0,0.07965532674080644,0.0,0.06,0.04,0.74,0.12,0.0,0.0,0.0,0.0
LTT without hierarchy,2023,0.013185157280090412,0.8974358974358975,0.6870536117891691,0.05428984721092126,0.0,0.07965532674080644,0.0,0.06,0.04,0.74,0.12,0.0,0.85,0.0,0.0
LTT without hierarchy,2023,0.013185157280090412,0.8974358974358975,0.6870536117891691,0.05428984721092126,0.0,0.07965532674080644,0.0,0.06,0.04,0.74,0.12,0.9,0.0,0.0,0.0
LTT without hierarchy,2023,0.013185157280090412,0.8974358974358975,0.6870536117891691,0.05428984721092126,0.0,0.07965532674080644,0.0,0.06,0.04,0.74,0.12,0.9,0.85,0.0,0.0
LTT without hierarchy,2023,0.013185157280090412,0.8974358974358975,0.6593436398155682,0.0460627429707983,0.0,0.07126228901160905,0.0,0.06,0.04,0.746,0.1,0.0,0.0,0.0,0.0
LTT without hierarchy,2023,0.013185157280090412,0.8974358974358975,0.6593436398155682,0.0460627429707983,0.0,0.07126228901160905,0.0,0.06,0.04,0.746,0.1,0.0,0.85,0.0,0.0
LTT without hierarchy,2023,0.013185157280090412,0.8974358974358975,0.6593436398155682,0.0460627429707983,0.0,0.07126228901160905,0.0,0.06,0.04,0.746,0.1,0.9,0.0,0.0,0.0
LTT without hierarchy,2023,0.013185157280090412,0.8974358974358975,0.6593436398155682,0.0460627429707983,0.0,0.07126228901160905,0.0,0.06,0.04,0.746,0.1,0.9,0.85,0.0,0.0
LTT without hierarchy,2023,0.013185157280090412,0.8974358974358975,0.6870536117891691,0.05428984721092126,0.0,0.07965532674080644,0.0,0.06,0.04,0.746,0.12,0.0,0.0,0.0,0.0
LTT without hierarchy,2023,0.013185157280090412,0.8974358974358975,0.6870536117891691,0.05428984721092126,0.0,0.07965532674080644,0.0,0.06,0.04,0.746,0.12,0.0,0.85,0.0,0.0
LTT without hierarchy,2023,0.013185157280090412,0.8974358974358975,0.6870536117891691,0.05428984721092126,0.0,0.07965532674080644,0.0,0.06,0.04,0.746,0.12,0.9,0.0,0.0,0.0
LTT without hierarchy,2023,0.013185157280090412,0.8974358974358975,0.6870536117891691,0.05428984721092126,0.0,0.07965532674080644,0.0,0.06,0.04,0.746,0.12,0.9,0.85,0.0,0.0
LTT without hierarchy,2023,0.013185157280090412,0.8974358974358975,0.6593436398155682,0.0460627429707983,0.0,0.07126228901160905,0.0,0.06,0.04,0.75,0.1,0.0,0.0,0.0,0.0
LTT without hierarchy,2023,0.013185157280090412,0.8974358974358975,0.6593436398155682,0.0460627429707983,0.0,0.07126228901160905,0.0,0.06,0.04,0.75,0.1,0.0,0.85,0.0,0.0
LTT without hierarchy,2023,0.013185157280090412,0.8974358974358975,0.6593436398155682,0.0460627429707983,0.0,0.07126228901160905,0.0,0.06,0.04,0.75,0.1,0.9,0.0,0.0,0.0
LTT without hierarchy,2023,0.013185157280090412,0.8974358974358975,0.6593436398155682,0.0460627429707983,0.0,0.07126228901160905,0.0,0.06,0.04,0.75,0.1,0.9,0.85,0.0,0.0
LTT without hierarchy,2023,0.013185157280090412,0.8974358974358975,0.6870536117891691,0.05428984721092126,0.0,0.07965532674080644,0.0,0.06,0.04,0.75,0.12,0.0,0.0,0.0,0.0
LTT without hierarchy,2023,0.013185157280090412,0.8974358974358975,0.6870536117891691,0.05428984721092126,0.0,0.07965532674080644,0.0,0.06,0.04,0.75,0.12,0.0,0.85,0.0,0.0
LTT without hierarchy,2023,0.013185157280090412,0.8974358974358975,0.6870536117891691,0.05428984721092126,0.0,0.07965532674080644,0.0,0.06,0.04,0.75,0.12,0.9,0.0,0.0,0.0
LTT without hierarchy,2023,0.013185157280090412,0.8974358974358975,0.6870536117891691,0.05428984721092126,0.0,0.07965532674080644,0.0,0.06,0.04,0.75,0.12,0.9,0.85,0.0,0.0
LTT without hierarchy,2023,0.013185157280090412,0.8974358974358975,0.6593436398155682,0.0460627429707983,0.0,0.07126228901160905,0.02,0.04,0.0,0.0,0.1,0.0,0.0,0.0,0.0
LTT without hierarchy,2023,0.013185157280090412,0.8974358974358975,0.6593436398155682,0.0460627429707983,0.0,0.07126228901160905,0.02,0.04,0.0,0.0,0.1,0.0,0.85,0.0,0.0
LTT without hierarchy,2023,0.013185157280090412,0.8974358974358975,0.6593436398155682,0.0460627429707983,0.0,0.07126228901160905,0.02,0.04,0.0,0.0,0.1,0.9,0.0,0.0,0.0
LTT without hierarchy,2023,0.013185157280090412,0.8974358974358975,0.6593436398155682,0.0460627429707983,0.0,0.07126228901160905,0.02,0.04,0.0,0.0,0.1,0.9,0.85,0.0,0.0
LTT without hierarchy,2023,0.013185157280090412,0.8974358974358975,0.6870536117891691,0.05428984721092126,0.0,0.07965532674080644,0.02,0.04,0.0,0.0,0.12,0.0,0.0,0.0,0.0
LTT without hierarchy,2023,0.013185157280090412,0.8974358974358975,0.6870536117891691,0.05428984721092126,0.0,0.07965532674080644,0.02,0.04,0.0,0.0,0.12,0.0,0.85,0.0,0.0
LTT without hierarchy,2023,0.013185157280090412,0.8974358974358975,0.6870536117891691,0.05428984721092126,0.0,0.07965532674080644,0.02,0.04,0.0,0.0,0.12,0.9,0.0,0.0,0.0
LTT without hierarchy,2023,0.013185157280090412,0.8974358974358975,0.6870536117891691,0.05428984721092126,0.0,0.07965532674080644,0.02,0.04,0.0,0.0,0.12,0.9,0.85,0.0,0.0
LTT without hierarchy,2023,0.013185157280090412,0.8974358974358975,0.6593436398155682,0.0460627429707983,0.0,0.07126228901160905,0.02,0.04,0.0,0.7,0.1,0.0,0.0,0.0,0.0
LTT without hierarchy,2023,0.013185157280090412,0.8974358974358975,0.6593436398155682,0.0460627429707983,0.0,0.07126228901160905,0.02,0.04,0.0,0.7,0.1,0.0,0.85,0.0,0.0
LTT without hierarchy,2023,0.013185157280090412,0.8974358974358975,0.6593436398155682,0.0460627429707983,0.0,0.07126228901160905,0.02,0.04,0.0,0.7,0.1,0.9,0.0,0.0,0.0
LTT without hierarchy,2023,0.013185157280090412,0.8974358974358975,0.6593436398155682,0.0460627429707983,0.0,0.07126228901160905,0.02,0.04,0.0,0.7,0.1,0.9,0.85,0.0,0.0
LTT without hierarchy,2023,0.013185157280090412,0.8974358974358975,0.6870536117891691,0.05428984721092126,0.0,0.07965532674080644,0.02,0.04,0.0,0.7,0.12,0.0,0.0,0.0,0.0
LTT without hierarchy,2023,0.013185157280090412,0.8974358974358975,0.6870536117891691,0.05428984721092126,0.0,0.07965532674080644,0.02,0.04,0.0,0.7,0.12,0.0,0.85,0.0,0.0
LTT without hierarchy,2023,0.013185157280090412,0.8974358974358975,0.6870536117891691,0.05428984721092126,0.0,0.07965532674080644,0.02,0.04,0.0,0.7,0.12,0.9,0.0,0.0,0.0
LTT without hierarchy,2023,0.013185157280090412,0.8974358974358975,0.6870536117891691,0.05428984721092126,0.0,0.07965532674080644,0.02,0.04,0.0,0.7,0.12,0.9,0.85,0.0,0.0
LTT without hierarchy,2023,0.013185157280090412,0.8974358974358975,0.6593436398155682,0.0460627429707983,0.0,0.07126228901160905,0.02,0.04,0.0,0.72,0.1,0.0,0.0,0.0,0.0
LTT without hierarchy,2023,0.013185157280090412,0.8974358974358975,0.6593436398155682,0.0460627429707983,0.0,0.07126228901160905,0.02,0.04,0.0,0.72,0.1,0.0,0.85,0.0,0.0
LTT without hierarchy,2023,0.013185157280090412,0.8974358974358975,0.6593436398155682,0.0460627429707983,0.0,0.07126228901160905,0.02,0.04,0.0,0.72,0.1,0.9,0.0,0.0,0.0
LTT without hierarchy,2023,0.013185157280090412,0.8974358974358975,0.6593436398155682,0.0460627429707983,0.0,0.07126228901160905,0.02,0.04,0.0,0.72,0.1,0.9,0.85,0.0,0.0
LTT without hierarchy,2023,0.013185157280090412,0.8974358974358975,0.6870536117891691,0.05428984721092126,0.0,0.07965532674080644,0.02,0.04,0.0,0.72,0.12,0.0,0.0,0.0,0.0
LTT without hierarchy,2023,0.013185157280090412,0.8974358974358975,0.6870536117891691,0.05428984721092126,0.0,0.07965532674080644,0.02,0.04,0.0,0.72,0.12,0.0,0.85,0.0,0.0
LTT without hierarchy,2023,0.013185157280090412,0.8974358974358975,0.6870536117891691,0.05428984721092126,0.0,0.07965532674080644,0.02,0.04,0.0,0.72,0.12,0.9,0.0,0.0,0.0
LTT without hierarchy,2023,0.013185157280090412,0.8974358974358975,0.6870536117891691,0.05428984721092126,0.0,0.07965532674080644,0.02,0.04,0.0,0.72,0.12,0.9,0.85,0.0,0.0
LTT without hierarchy,2023,0.013185157280090412,0.8974358974358975,0.6593436398155682,0.0460627429707983,0.0,0.07126228901160905,0.02,0.04,0.0,0.73,0.1,0.0,0.0,0.0,0.0
LTT without hierarchy,2023,0.013185157280090412,0.8974358974358975,0.6593436398155682,0.0460627429707983,0.0,0.07126228901160905,0.02,0.04,0.0,0.73,0.1,0.0,0.85,0.0,0.0
LTT without hierarchy,2023,0.013185157280090412,0.8974358974358975,0.6593436398155682,0.0460627429707983,0.0,0.07126228901160905,0.02,0.04,0.0,0.73,0.1,0.9,0.0,0.0,0.0
LTT without hierarchy,2023,0.013185157280090412,0.8974358974358975,0.6593436398155682,0.0460627429707983,0.0,0.07126228901160905,0.02,0.04,0.0,0.73,0.1,0.9,0.85,0.0,0.0
LTT without hierarchy,2023,0.013185157280090412,0.8974358974358975,0.6870536117891691,0.05428984721092126,0.0,0.07965532674080644,0.02,0.04,0.0,0.73,0.12,0.0,0.0,0.0,0.0
LTT without hierarchy,2023,0.013185157280090412,0.8974358974358975,0.6870536117891691,0.05428984721092126,0.0,0.07965532674080644,0.02,0.04,0.0,0.73,0.12,0.0,0.85,0.0,0.0
LTT without hierarchy,2023,0.013185157280090412,0.8974358974358975,0.6870536117891691,0.05428984721092126,0.0,0.07965532674080644,0.02,0.04,0.0,0.73,0.12,0.9,0.0,0.0,0.0
LTT without hierarchy,2023,0.013185157280090412,0.8974358974358975,0.6870536117891691,0.05428984721092126,0.0,0.07965532674080644,0.02,0.04,0.0,0.73,0.12,0.9,0.85,0.0,0.0
LTT without hierarchy,2023,0.013185157280090412,0.8974358974358975,0.6593436398155682,0.0460627429707983,0.0,0.07126228901160905,0.02,0.04,0.0,0.74,0.1,0.0,0.0,0.0,0.0
LTT without hierarchy,2023,0.013185157280090412,0.8974358974358975,0.6593436398155682,0.0460627429707983,0.0,0.07126228901160905,0.02,0.04,0.0,0.74,0.1,0.0,0.85,0.0,0.0
LTT without hierarchy,2023,0.013185157280090412,0.8974358974358975,0.6593436398155682,0.0460627429707983,0.0,0.07126228901160905,0.02,0.04,0.0,0.74,0.1,0.9,0.0,0.0,0.0
LTT without hierarchy,2023,0.013185157280090412,0.8974358974358975,0.6593436398155682,0.0460627429707983,0.0,0.07126228901160905,0.02,0.04,0.0,0.74,0.1,0.9,0.85,0.0,0.0
LTT without hierarchy,2023,0.013185157280090412,0.8974358974358975,0.6870536117891691,0.05428984721092126,0.0,0.07965532674080644,0.02,0.04,0.0,0.74,0.12,0.0,0.0,0.0,0.0
LTT without hierarchy,2023,0.013185157280090412,0.8974358974358975,0.6870536117891691,0.05428984721092126,0.0,0.07965532674080644,0.02,0.04,0.0,0.74,0.12,0.0,0.85,0.0,0.0
LTT without hierarchy,2023,0.013185157280090412,0.8974358974358975,0.6870536117891691,0.05428984721092126,0.0,0.07965532674080644,0.02,0.04,0.0,0.74,0.12,0.9,0.0,0.0,0.0
LTT without hierarchy,2023,0.013185157280090412,0.8974358974358975,0.6870536117891691,0.05428984721092126,0.0,0.07965532674080644,0.02,0.04,0.0,0.74,0.12,0.9,0.85,0.0,0.0
LTT without hierarchy,2023,0.013185157280090412,0.8974358974358975,0.6593436398155682,0.0460627429707983,0.0,0.07126228901160905,0.02,0.04,0.0,0.746,0.1,0.0,0.0,0.0,0.0
LTT without hierarchy,2023,0.013185157280090412,0.8974358974358975,0.6593436398155682,0.0460627429707983,0.0,0.07126228901160905,0.02,0.04,0.0,0.746,0.1,0.0,0.85,0.0,0.0
LTT without hierarchy,2023,0.013185157280090412,0.8974358974358975,0.6593436398155682,0.0460627429707983,0.0,0.07126228901160905,0.02,0.04,0.0,0.746,0.1,0.9,0.0,0.0,0.0
LTT without hierarchy,2023,0.013185157280090412,0.8974358974358975,0.6593436398155682,0.0460627429707983,0.0,0.07126228901160905,0.02,0.04,0.0,0.746,0.1,0.9,0.85,0.0,0.0
LTT without hierarchy,2023,0.013185157280090412,0.8974358974358975,0.6870536117891691,0.05428984721092126,0.0,0.07965532674080644,0.02,0.04,0.0,0.746,0.12,0.0,0.0,0.0,0.0
LTT without hierarchy,2023,0.013185157280090412,0.8974358974358975,0.6870536117891691,0.05428984721092126,0.0,0.07965532674080644,0.02,0.04,0.0,0.746,0.12,0.0,0.85,0.0,0.0
LTT without hierarchy,2023,0.013185157280090412,0.8974358974358975,0.6870536117891691,0.05428984721092126,0.0,0.07965532674080644,0.02,0.04,0.0,0.746,0.12,0.9,0.0,0.0,0.0
LTT without hierarchy,2023,0.013185157280090412,0.8974358974358975,0.6870536117891691,0.05428984721092126,0.0,0.07965532674080644,0.02,0.04,0.0,0.746,0.12,0.9,0.85,0.0,0.0
LTT without hierarchy,2023,0.013185157280090412,0.8974358974358975,0.6593436398155682,0.0460627429707983,0.0,0.07126228901160905,0.02,0.04,0.0,0.75,0.1,0.0,0.0,0.0,0.0
LTT without hierarchy,2023,0.013185157280090412,0.8974358974358975,0.6593436398155682,0.0460627429707983,0.0,0.07126228901160905,0.02,0.04,0.0,0.75,0.1,0.0,0.85,0.0,0.0
LTT without hierarchy,2023,0.013185157280090412,0.8974358974358975,0.6593436398155682,0.0460627429707983,0.0,0.07126228901160905,0.02,0.04,0.0,0.75,0.1,0.9,0.0,0.0,0.0
LTT without hierarchy,2023,0.013185157280090412,0.8974358974358975,0.6593436398155682,0.0460627429707983,0.0,0.07126228901160905,0.02,0.04,0.0,0.75,0.1,0.9,0.85,0.0,0.0
LTT without hierarchy,2023,0.013185157280090412,0.8974358974358975,0.6870536117891691,0.05428984721092126,0.0,0.07965532674080644,0.02,0.04,0.0,0.75,0.12,0.0,0.0,0.0,0.0
LTT without hierarchy,2023,0.013185157280090412,0.8974358974358975,0.6870536117891691,0.05428984721092126,0.0,0.07965532674080644,0.02,0.04,0.0,0.75,0.12,0.0,0.85,0.0,0.0
LTT without hierarchy,2023,0.013185157280090412,0.8974358974358975,0.6870536117891691,0.05428984721092126,0.0,0.07965532674080644,0.02,0.04,0.0,0.75,0.12,0.9,0.0,0.0,0.0
LTT without hierarchy,2023,0.013185157280090412,0.8974358974358975,0.6870536117891691,0.05428984721092126,0.0,0.07965532674080644,0.02,0.04,0.0,0.75,0.12,0.9,0.85,0.0,0.0
LTT without hierarchy,2023,0.013185157280090412,0.8974358974358975,0.6593436398155682,0.0460627429707983,0.0,0.07126228901160905,0.02,0.04,0.02,0.0,0.1,0.0,0.0,0.0,0.0
LTT without hierarchy,2023,0.013185157280090412,0.8974358974358975,0.6593436398155682,0.0460627429707983,0.0,0.07126228901160905,0.02,0.04,0.02,0.0,0.1,0.0,0.85,0.0,0.0
LTT without hierarchy,2023,0.013185157280090412,0.8974358974358975,0.6593436398155682,0.0460627429707983,0.0,0.07126228901160905,0.02,0.04,0.02,0.0,0.1,0.9,0.0,0.0,0.0
LTT without hierarchy,2023,0.013185157280090412,0.8974358974358975,0.6593436398155682,0.0460627429707983,0.0,0.07126228901160905,0.02,0.04,0.02,0.0,0.1,0.9,0.85,0.0,0.0
LTT without hierarchy,2023,0.013185157280090412,0.8974358974358975,0.6870536117891691,0.05428984721092126,0.0,0.07965532674080644,0.02,0.04,0.02,0.0,0.12,0.0,0.0,0.0,0.0
LTT without hierarchy,2023,0.013185157280090412,0.8974358974358975,0.6870536117891691,0.05428984721092126,0.0,0.07965532674080644,0.02,0.04,0.02,0.0,0.12,0.0,0.85,0.0,0.0
LTT without hierarchy,2023,0.013185157280090412,0.8974358974358975,0.6870536117891691,0.05428984721092126,0.0,0.07965532674080644,0.02,0.04,0.02,0.0,0.12,0.9,0.0,0.0,0.0
LTT without hierarchy,2023,0.013185157280090412,0.8974358974358975,0.6870536117891691,0.05428984721092126,0.0,0.07965532674080644,0.02,0.04,0.02,0.0,0.12,0.9,0.85,0.0,0.0
LTT without hierarchy,2023,0.013185157280090412,0.8974358974358975,0.6593436398155682,0.0460627429707983,0.0,0.07126228901160905,0.02,0.04,0.02,0.7,0.1,0.0,0.0,0.0,0.0
LTT without hierarchy,2023,0.013185157280090412,0.8974358974358975,0.6593436398155682,0.0460627429707983,0.0,0.07126228901160905,0.02,0.04,0.02,0.7,0.1,0.0,0.85,0.0,0.0
LTT without hierarchy,2023,0.013185157280090412,0.8974358974358975,0.6593436398155682,0.0460627429707983,0.0,0.07126228901160905,0.02,0.04,0.02,0.7,0.1,0.9,0.0,0.0,0.0
LTT without hierarchy,2023,0.013185157280090412,0.8974358974358975,0.6593436398155682,0.0460627429707983,0.0,0.07126228901160905,0.02,0.04,0.02,0.7,0.1,0.9,0.85,0.0,0.0
LTT without hierarchy,2023,0.013185157280090412,0.8974358974358975,0.6870536117891691,0.05428984721092126,0.0,0.07965532674080644,0.02,0.04,0.02,0.7,0.12,0.0,0.0,0.0,0.0
LTT without hierarchy,2023,0.013185157280090412,0.8974358974358975,0.6870536117891691,0.05428984721092126,0.0,0.07965532674080644,0.02,0.04,0.02,0.7,0.12,0.0,0.85,0.0,0.0
LTT without hierarchy,2023,0.013185157280090412,0.8974358974358975,0.6870536117891691,0.05428984721092126,0.0,0.07965532674080644,0.02,0.04,0.02,0.7,0.12,0.9,0.0,0.0,0.0
LTT without hierarchy,2023,0.013185157280090412,0.8974358974358975,0.6870536117891691,0.05428984721092126,0.0,0.07965532674080644,0.02,0.04,0.02,0.7,0.12,0.9,0.85,0.0,0.0
LTT without hierarchy,2023,0.013185157280090412,0.8974358974358975,0.6593436398155682,0.0460627429707983,0.0,0.07126228901160905,0.02,0.04,0.02,0.72,0.1,0.0,0.0,0.0,0.0
LTT without hierarchy,2023,0.013185157280090412,0.8974358974358975,0.6593436398155682,0.0460627429707983,0.0,0.07126228901160905,0.02,0.04,0.02,0.72,0.1,0.0,0.85,0.0,0.0
LTT without hierarchy,2023,0.013185157280090412,0.8974358974358975,0.6593436398155682,0.0460627429707983,0.0,0.07126228901160905,0.02,0.04,0.02,0.72,0.1,0.9,0.0,0.0,0.0
LTT without hierarchy,2023,0.013185157280090412,0.8974358974358975,0.6593436398155682,0.0460627429707983,0.0,0.07126228901160905,0.02,0.04,0.02,0.72,0.1,0.9,0.85,0.0,0.0
LTT without hierarchy,2023,0.013185157280090412,0.8974358974358975,0.6870536117891691,0.05428984721092126,0.0,0.07965532674080644,0.02,0.04,0.02,0.72,0.12,0.0,0.0,0.0,0.0
LTT without hierarchy,2023,0.013185157280090412,0.8974358974358975,0.6870536117891691,0.05428984721092126,0.0,0.07965532674080644,0.02,0.04,0.02,0.72,0.12,0.0,0.85,0.0,0.0
LTT without hierarchy,2023,0.013185157280090412,0.8974358974358975,0.6870536117891691,0.05428984721092126,0.0,0.07965532674080644,0.02,0.04,0.02,0.72,0.12,0.9,0.0,0.0,0.0
LTT without hierarchy,2023,0.013185157280090412,0.8974358974358975,0.6870536117891691,0.05428984721092126,0.0,0.07965532674080644,0.02,0.04,0.02,0.72,0.12,0.9,0.85,0.0,0.0
LTT without hierarchy,2023,0.013185157280090412,0.8974358974358975,0.6593436398155682,0.0460627429707983,0.0,0.07126228901160905,0.02,0.04,0.02,0.73,0.1,0.0,0.0,0.0,0.0
LTT without hierarchy,2023,0.013185157280090412,0.8974358974358975,0.6593436398155682,0.0460627429707983,0.0,0.07126228901160905,0.02,0.04,0.02,0.73,0.1,0.0,0.85,0.0,0.0
LTT without hierarchy,2023,0.013185157280090412,0.8974358974358975,0.6593436398155682,0.0460627429707983,0.0,0.07126228901160905,0.02,0.04,0.02,0.73,0.1,0.9,0.0,0.0,0.0
LTT without hierarchy,2023,0.013185157280090412,0.8974358974358975,0.6593436398155682,0.0460627429707983,0.0,0.07126228901160905,0.02,0.04,0.02,0.73,0.1,0.9,0.85,0.0,0.0
LTT without hierarchy,2023,0.013185157280090412,0.8974358974358975,0.6870536117891691,0.05428984721092126,0.0,0.07965532674080644,0.02,0.04,0.02,0.73,0.12,0.0,0.0,0.0,0.0
LTT without hierarchy,2023,0.013185157280090412,0.8974358974358975,0.6870536117891691,0.05428984721092126,0.0,0.07965532674080644,0.02,0.04,0.02,0.73,0.12,0.0,0.85,0.0,0.0
LTT without hierarchy,2023,0.013185157280090412,0.8974358974358975,0.6870536117891691,0.05428984721092126,0.0,0.07965532674080644,0.02,0.04,0.02,0.73,0.12,0.9,0.0,0.0,0.0
LTT without hierarchy,2023,0.013185157280090412,0.8974358974358975,0.6870536117891691,0.05428984721092126,0.0,0.07965532674080644,0.02,0.04,0.02,0.73,0.12,0.9,0.85,0.0,0.0
LTT without hierarchy,2023,0.013185157280090412,0.8974358974358975,0.6593436398155682,0.0460627429707983,0.0,0.07126228901160905,0.02,0.04,0.02,0.74,0.1,0.0,0.0,0.0,0.0
LTT without hierarchy,2023,0.013185157280090412,0.8974358974358975,0.6593436398155682,0.0460627429707983,0.0,0.07126228901160905,0.02,0.04,0.02,0.74,0.1,0.0,0.85,0.0,0.0
LTT without hierarchy,2023,0.013185157280090412,0.8974358974358975,0.6593436398155682,0.0460627429707983,0.0,0.07126228901160905,0.02,0.04,0.02,0.74,0.1,0.9,0.0,0.0,0.0
LTT without hierarchy,2023,0.013185157280090412,0.8974358974358975,0.6593436398155682,0.0460627429707983,0.0,0.07126228901160905,0.02,0.04,0.02,0.74,0.1,0.9,0.85,0.0,0.0
LTT without hierarchy,2023,0.013185157280090412,0.8974358974358975,0.6870536117891691,0.05428984721092126,0.0,0.07965532674080644,0.02,0.04,0.02,0.74,0.12,0.0,0.0,0.0,0.0
LTT without hierarchy,2023,0.013185157280090412,0.8974358974358975,0.6870536117891691,0.05428984721092126,0.0,0.07965532674080644,0.02,0.04,0.02,0.74,0.12,0.0,0.85,0.0,0.0
LTT without hierarchy,2023,0.013185157280090412,0.8974358974358975,0.6870536117891691,0.05428984721092126,0.0,0.07965532674080644,0.02,0.04,0.02,0.74,0.12,0.9,0.0,0.0,0.0
LTT without hierarchy,2023,0.013185157280090412,0.8974358974358975,0.6870536117891691,0.05428984721092126,0.0,0.07965532674080644,0.02,0.04,0.02,0.74,0.12,0.9,0.85,0.0,0.0
LTT without hierarchy,2023,0.013185157280090412,0.8974358974358975,0.6593436398155682,0.0460627429707983,0.0,0.07126228901160905,0.02,0.04,0.02,0.746,0.1,0.0,0.0,0.0,0.0
LTT without hierarchy,2023,0.013185157280090412,0.8974358974358975,0.6593436398155682,0.0460627429707983,0.0,0.07126228901160905,0.02,0.04,0.02,0.746,0.1,0.0,0.85,0.0,0.0
LTT without hierarchy,2023,0.013185157280090412,0.8974358974358975,0.6593436398155682,0.0460627429707983,0.0,0.07126228901160905,0.02,0.04,0.02,0.746,0.1,0.9,0.0,0.0,0.0
LTT without hierarchy,2023,0.013185157280090412,0.8974358974358975,0.6593436398155682,0.0460627429707983,0.0,0.07126228901160905,0.02,0.04,0.02,0.746,0.1,0.9,0.85,0.0,0.0
LTT without hierarchy,2023,0.013185157280090412,0.8974358974358975,0.6870536117891691,0.05428984721092126,0.0,0.07965532674080644,0.02,0.04,0.02,0.746,0.12,0.0,0.0,0.0,0.0
LTT without hierarchy,2023,0.013185157280090412,0.8974358974358975,0.6870536117891691,0.05428984721092126,0.0,0.07965532674080644,0.02,0.04,0.02,0.746,0.12,0.0,0.85,0.0,0.0
LTT without hierarchy,2023,0.013185157280090412,0.8974358974358975,0.6870536117891691,0.05428984721092126,0.0,0.07965532674080644,0.02,0.04,0.02,0.746,0.12,0.9,0.0,0.0,0.0
LTT without hierarchy,2023,0.013185157280090412,0.8974358974358975,0.6870536117891691,0.05428984721092126,0.0,0.07965532674080644,0.02,0.04,0.02,0.746,0.12,0.9,0.85,0.0,0.0
LTT without hierarchy,2023,0.013185157280090412,0.8974358974358975,0.6593436398155682,0.0460627429707983,0.0,0.07126228901160905,0.02,0.04,0.02,0.75,0.1,0.0,0.0,0.0,0.0
LTT without hierarchy,2023,0.013185157280090412,0.8974358974358975,0.6593436398155682,0.0460627429707983,0.0,0.07126228901160905,0.02,0.04,0.02,0.75,0.1,0.0,0.85,0.0,0.0
LTT without hierarchy,2023,0.013185157280090412,0.8974358974358975,0.6593436398155682,0.0460627429707983,0.0,0.07126228901160905,0.02,0.04,0.02,0.75,0.1,0.9,0.0,0.0,0.0
LTT without hierarchy,2023,0.013185157280090412,0.8974358974358975,0.6593436398155682,0.0460627429707983,0.0,0.07126228901160905,0.02,0.04,0.02,0.75,0.1,0.9,0.85,0.0,0.0
LTT without hierarchy,2023,0.013185157280090412,0.8974358974358975,0.6870536117891691,0.05428984721092126,0.0,0.07965532674080644,0.02,0.04,0.02,0.75,0.12,0.0,0.0,0.0,0.0
LTT without hierarchy,2023,0.013185157280090412,0.8974358974358975,0.6870536117891691,0.05428984721092126,0.0,0.07965532674080644,0.02,0.04,0.02,0.75,0.12,0.0,0.85,0.0,0.0
LTT without hierarchy,2023,0.013185157280090412,0.8974358974358975,0.6870536117891691,0.05428984721092126,0.0,0.07965532674080644,0.02,0.04,0.02,0.75,0.12,0.9,0.0,0.0,0.0
LTT without hierarchy,2023,0.013185157280090412,0.8974358974358975,0.6870536117891691,0.05428984721092126,0.0,0.07965532674080644,0.02,0.04,0.02,0.75,0.12,0.9,0.85,0.0,0.0
LTT without hierarchy,2023,0.013185157280090412,0.8974358974358975,0.6593436398155682,0.0460627429707983,0.0,0.07126228901160905,0.02,0.04,0.04,0.0,0.1,0.0,0.0,0.0,0.0
LTT without hierarchy,2023,0.013185157280090412,0.8974358974358975,0.6593436398155682,0.0460627429707983,0.0,0.07126228901160905,0.02,0.04,0.04,0.0,0.1,0.0,0.85,0.0,0.0
LTT without hierarchy,2023,0.013185157280090412,0.8974358974358975,0.6593436398155682,0.0460627429707983,0.0,0.07126228901160905,0.02,0.04,0.04,0.0,0.1,0.9,0.0,0.0,0.0
LTT without hierarchy,2023,0.013185157280090412,0.8974358974358975,0.6593436398155682,0.0460627429707983,0.0,0.07126228901160905,0.02,0.04,0.04,0.0,0.1,0.9,0.85,0.0,0.0
LTT without hierarchy,2023,0.013185157280090412,0.8974358974358975,0.6870536117891691,0.05428984721092126,0.0,0.07965532674080644,0.02,0.04,0.04,0.0,0.12,0.0,0.0,0.0,0.0
LTT without hierarchy,2023,0.013185157280090412,0.8974358974358975,0.6870536117891691,0.05428984721092126,0.0,0.07965532674080644,0.02,0.04,0.04,0.0,0.12,0.0,0.85,0.0,0.0
LTT without hierarchy,2023,0.013185157280090412,0.8974358974358975,0.6870536117891691,0.05428984721092126,0.0,0.07965532674080644,0.02,0.04,0.04,0.0,0.12,0.9,0.0,0.0,0.0
LTT without hierarchy,2023,0.013185157280090412,0.8974358974358975,0.6870536117891691,0.05428984721092126,0.0,0.07965532674080644,0.02,0.04,0.04,0.0,0.12,0.9,0.85,0.0,0.0
LTT without hierarchy,2023,0.013185157280090412,0.8974358974358975,0.6593436398155682,0.0460627429707983,0.0,0.07126228901160905,0.02,0.04,0.04,0.7,0.1,0.0,0.0,0.0,0.0
LTT without hierarchy,2023,0.013185157280090412,0.8974358974358975,0.6593436398155682,0.0460627429707983,0.0,0.07126228901160905,0.02,0.04,0.04,0.7,0.1,0.0,0.85,0.0,0.0
LTT without hierarchy,2023,0.013185157280090412,0.8974358974358975,0.6593436398155682,0.0460627429707983,0.0,0.07126228901160905,0.02,0.04,0.04,0.7,0.1,0.9,0.0,0.0,0.0
LTT without hierarchy,2023,0.013185157280090412,0.8974358974358975,0.6593436398155682,0.0460627429707983,0.0,0.07126228901160905,0.02,0.04,0.04,0.7,0.1,0.9,0.85,0.0,0.0
LTT without hierarchy,2023,0.013185157280090412,0.8974358974358975,0.6870536117891691,0.05428984721092126,0.0,0.07965532674080644,0.02,0.04,0.04,0.7,0.12,0.0,0.0,0.0,0.0
LTT without hierarchy,2023,0.013185157280090412,0.8974358974358975,0.6870536117891691,0.05428984721092126,0.0,0.07965532674080644,0.02,0.04,0.04,0.7,0.12,0.0,0.85,0.0,0.0
LTT without hierarchy,2023,0.013185157280090412,0.8974358974358975,0.6870536117891691,0.05428984721092126,0.0,0.07965532674080644,0.02,0.04,0.04,0.7,0.12,0.9,0.0,0.0,0.0
LTT without hierarchy,2023,0.013185157280090412,0.8974358974358975,0.6870536117891691,0.05428984721092126,0.0,0.07965532674080644,0.02,0.04,0.04,0.7,0.12,0.9,0.85,0.0,0.0
LTT without hierarchy,2023,0.013185157280090412,0.8974358974358975,0.6593436398155682,0.0460627429707983,0.0,0.07126228901160905,0.02,0.04,0.04,0.72,0.1,0.0,0.0,0.0,0.0
LTT without hierarchy,2023,0.013185157280090412,0.8974358974358975,0.6593436398155682,0.0460627429707983,0.0,0.07126228901160905,0.02,0.04,0.04,0.72,0.1,0.0,0.85,0.0,0.0
LTT without hierarchy,2023,0.013185157280090412,0.8974358974358975,0.6593436398155682,0.0460627429707983,0.0,0.07126228901160905,0.02,0.04,0.04,0.72,0.1,0.9,0.0,0.0,0.0
LTT without hierarchy,2023,0.013185157280090412,0.8974358974358975,0.6593436398155682,0.0460627429707983,0.0,0.07126228901160905,0.02,0.04,0.04,0.72,0.1,0.9,0.85,0.0,0.0
LTT without hierarchy,2023,0.013185157280090412,0.8974358974358975,0.6870536117891691,0.05428984721092126,0.0,0.07965532674080644,0.02,0.04,0.04,0.72,0.12,0.0,0.0,0.0,0.0
LTT without hierarchy,2023,0.013185157280090412,0.8974358974358975,0.6870536117891691,0.05428984721092126,0.0,0.07965532674080644,0.02,0.04,0.04,0.72,0.12,0.0,0.85,0.0,0.0
LTT without hierarchy,2023,0.013185157280090412,0.8974358974358975,0.6870536117891691,0.05428984721092126,0.0,0.07965532674080644,0.02,0.04,0.04,0.72,0.12,0.9,0.0,0.0,0.0
LTT without hierarchy,2023,0.013185157280090412,0.8974358974358975,0.6870536117891691,0.05428984721092126,0.0,0.07965532674080644,0.02,0.04,0.04,0.72,0.12,0.9,0.85,0.0,0.0
LTT without hierarchy,2023,0.013185157280090412,0.8974358974358975,0.6593436398155682,0.0460627429707983,0.0,0.07126228901160905,0.02,0.04,0.04,0.73,0.1,0.0,0.0,0.0,0.0
LTT without hierarchy,2023,0.013185157280090412,0.8974358974358975,0.6593436398155682,0.0460627429707983,0.0,0.07126228901160905,0.02,0.04,0.04,0.73,0.1,0.0,0.85,0.0,0.0
LTT without hierarchy,2023,0.013185157280090412,0.8974358974358975,0.6593436398155682,0.0460627429707983,0.0,0.07126228901160905,0.02,0.04,0.04,0.73,0.1,0.9,0.0,0.0,0.0
LTT without hierarchy,2023,0.013185157280090412,0.8974358974358975,0.6593436398155682,0.0460627429707983,0.0,0.07126228901160905,0.02,0.04,0.04,0.73,0.1,0.9,0.85,0.0,0.0
LTT without hierarchy,2023,0.013185157280090412,0.8974358974358975,0.6870536117891691,0.05428984721092126,0.0,0.07965532674080644,0.02,0.04,0.04,0.73,0.12,0.0,0.0,0.0,0.0
LTT without hierarchy,2023,0.013185157280090412,0.8974358974358975,0.6870536117891691,0.05428984721092126,0.0,0.07965532674080644,0.02,0.04,0.04,0.73,0.12,0.0,0.85,0.0,0.0
LTT without hierarchy,2023,0.013185157280090412,0.8974358974358975,0.6870536117891691,0.05428984721092126,0.0,0.07965532674080644,0.02,0.04,0.04,0.73,0.12,0.9,0.0,0.0,0.0
LTT without hierarchy,2023,0.013185157280090412,0.8974358974358975,0.6870536117891691,0.05428984721092126,0.0,0.07965532674080644,0.02,0.04,0.04,0.73,0.12,0.9,0.85,0.0,0.0
LTT without hierarchy,2023,0.013185157280090412,0.8974358974358975,0.6593436398155682,0.0460627429707983,0.0,0.07126228901160905,0.02,0.04,0.04,0.74,0.1,0.0,0.0,0.0,0.0
LTT without hierarchy,2023,0.013185157280090412,0.8974358974358975,0.6593436398155682,0.0460627429707983,0.0,0.07126228901160905,0.02,0.04,0.04,0.74,0.1,0.0,0.85,0.0,0.0
LTT without hierarchy,2023,0.013185157280090412,0.8974358974358975,0.6593436398155682,0.0460627429707983,0.0,0.07126228901160905,0.02,0.04,0.04,0.74,0.1,0.9,0.0,0.0,0.0
LTT without hierarchy,2023,0.013185157280090412,0.8974358974358975,0.6593436398155682,0.0460627429707983,0.0,0.07126228901160905,0.02,0.04,0.04,0.74,0.1,0.9,0.85,0.0,0.0
LTT without hierarchy,2023,0.013185157280090412,0.8974358974358975,0.6870536117891691,0.05428984721092126,0.0,0.07965532674080644,0.02,0.04,0.04,0.74,0.12,0.0,0.0,0.0,0.0
LTT without hierarchy,2023,0.013185157280090412,0.8974358974358975,0.6870536117891691,0.05428984721092126,0.0,0.07965532674080644,0.02,0.04,0.04,0.74,0.12,0.0,0.85,0.0,0.0
LTT without hierarchy,2023,0.013185157280090412,0.8974358974358975,0.6870536117891691,0.05428984721092126,0.0,0.07965532674080644,0.02,0.04,0.04,0.74,0.12,0.9,0.0,0.0,0.0
LTT without hierarchy,2023,0.013185157280090412,0.8974358974358975,0.6870536117891691,0.05428984721092126,0.0,0.07965532674080644,0.02,0.04,0.04,0.74,0.12,0.9,0.85,0.0,0.0
LTT without hierarchy,2023,0.013185157280090412,0.8974358974358975,0.6593436398155682,0.0460627429707983,0.0,0.07126228901160905,0.02,0.04,0.04,0.746,0.1,0.0,0.0,0.0,0.0
LTT without hierarchy,2023,0.013185157280090412,0.8974358974358975,0.6593436398155682,0.0460627429707983,0.0,0.07126228901160905,0.02,0.04,0.04,0.746,0.1,0.0,0.85,0.0,0.0
LTT without hierarchy,2023,0.013185157280090412,0.8974358974358975,0.6593436398155682,0.0460627429707983,0.0,0.07126228901160905,0.02,0.04,0.04,0.746,0.1,0.9,0.0,0.0,0.0
LTT without hierarchy,2023,0.013185157280090412,0.8974358974358975,0.6593436398155682,0.0460627429707983,0.0,0.07126228901160905,0.02,0.04,0.04,0.746,0.1,0.9,0.85,0.0,0.0
LTT without hierarchy,2023,0.013185157280090412,0.8974358974358975,0.6870536117891691,0.05428984721092126,0.0,0.07965532674080644,0.02,0.04,0.04,0.746,0.12,0.0,0.0,0.0,0.0
LTT without hierarchy,2023,0.013185157280090412,0.8974358974358975,0.6870536117891691,0.05428984721092126,0.0,0.07965532674080644,0.02,0.04,0.04,0.746,0.12,0.0,0.85,0.0,0.0
LTT without hierarchy,2023,0.013185157280090412,0.8974358974358975,0.6870536117891691,0.05428984721092126,0.0,0.07965532674080644,0.02,0.04,0.04,0.746,0.12,0.9,0.0,0.0,0.0
LTT without hierarchy,2023,0.013185157280090412,0.8974358974358975,0.6870536117891691,0.05428984721092126,0.0,0.07965532674080644,0.02,0.04,0.04,0.746,0.12,0.9,0.85,0.0,0.0
LTT without hierarchy,2023,0.013185157280090412,0.8974358974358975,0.6593436398155682,0.0460627429707983,0.0,0.07126228901160905,0.02,0.04,0.04,0.75,0.1,0.0,0.0,0.0,0.0
LTT without hierarchy,2023,0.013185157280090412,0.8974358974358975,0.6593436398155682,0.0460627429707983,0.0,0.07126228901160905,0.02,0.04,0.04,0.75,0.1,0.0,0.85,0.0,0.0
LTT without hierarchy,2023,0.013185157280090412,0.8974358974358975,0.6593436398155682,0.0460627429707983,0.0,0.07126228901160905,0.02,0.04,0.04,0.75,0.1,0.9,0.0,0.0,0.0
LTT without hierarchy,2023,0.013185157280090412,0.8974358974358975,0.6593436398155682,0.0460627429707983,0.0,0.07126228901160905,0.02,0.04,0.04,0.75,0.1,0.9,0.85,0.0,0.0
LTT without hierarchy,2023,0.013185157280090412,0.8974358974358975,0.6870536117891691,0.05428984721092126,0.0,0.07965532674080644,0.02,0.04,0.04,0.75,0.12,0.0,0.0,0.0,0.0
LTT without hierarchy,2023,0.013185157280090412,0.8974358974358975,0.6870536117891691,0.05428984721092126,0.0,0.07965532674080644,0.02,0.04,0.04,0.75,0.12,0.0,0.85,0.0,0.0
LTT without hierarchy,2023,0.013185157280090412,0.8974358974358975,0.6870536117891691,0.05428984721092126,0.0,0.07965532674080644,0.02,0.04,0.04,0.75,0.12,0.9,0.0,0.0,0.0
LTT without hierarchy,2023,0.013185157280090412,0.8974358974358975,0.6870536117891691,0.05428984721092126,0.0,0.07965532674080644,0.02,0.04,0.04,0.75,0.12,0.9,0.85,0.0,0.0
LTT without hierarchy,2023,0.013185157280090412,0.8974358974358975,0.6593436398155682,0.0460627429707983,0.0,0.07126228901160905,0.02,0.06,0.0,0.0,0.1,0.0,0.0,0.0,0.0
LTT without hierarchy,2023,0.013185157280090412,0.8974358974358975,0.6593436398155682,0.0460627429707983,0.0,0.07126228901160905,0.02,0.06,0.0,0.0,0.1,0.0,0.85,0.0,0.0
LTT without hierarchy,2023,0.013185157280090412,0.8974358974358975,0.6593436398155682,0.0460627429707983,0.0,0.07126228901160905,0.02,0.06,0.0,0.0,0.1,0.9,0.0,0.0,0.0
LTT without hierarchy,2023,0.013185157280090412,0.8974358974358975,0.6593436398155682,0.0460627429707983,0.0,0.07126228901160905,0.02,0.06,0.0,0.0,0.1,0.9,0.85,0.0,0.0
LTT without hierarchy,2023,0.013185157280090412,0.8974358974358975,0.6870536117891691,0.05428984721092126,0.0,0.07965532674080644,0.02,0.06,0.0,0.0,0.12,0.0,0.0,0.0,0.0
LTT without hierarchy,2023,0.013185157280090412,0.8974358974358975,0.6870536117891691,0.05428984721092126,0.0,0.07965532674080644,0.02,0.06,0.0,0.0,0.12,0.0,0.85,0.0,0.0
LTT without hierarchy,2023,0.013185157280090412,0.8974358974358975,0.6870536117891691,0.05428984721092126,0.0,0.07965532674080644,0.02,0.06,0.0,0.0,0.12,0.9,0.0,0.0,0.0
LTT without hierarchy,2023,0.013185157280090412,0.8974358974358975,0.6870536117891691,0.05428984721092126,0.0,0.07965532674080644,0.02,0.06,0.0,0.0,0.12,0.9,0.85,0.0,0.0
LTT without hierarchy,2023,0.013185157280090412,0.8974358974358975,0.6593436398155682,0.0460627429707983,0.0,0.07126228901160905,0.02,0.06,0.0,0.7,0.1,0.0,0.0,0.0,0.0
LTT without hierarchy,2023,0.013185157280090412,0.8974358974358975,0.6593436398155682,0.0460627429707983,0.0,0.07126228901160905,0.02,0.06,0.0,0.7,0.1,0.0,0.85,0.0,0.0
LTT without hierarchy,2023,0.013185157280090412,0.8974358974358975,0.6593436398155682,0.0460627429707983,0.0,0.07126228901160905,0.02,0.06,0.0,0.7,0.1,0.9,0.0,0.0,0.0
LTT without hierarchy,2023,0.013185157280090412,0.8974358974358975,0.6593436398155682,0.0460627429707983,0.0,0.07126228901160905,0.02,0.06,0.0,0.7,0.1,0.9,0.85,0.0,0.0
LTT without hierarchy,2023,0.013185157280090412,0.8974358974358975,0.6870536117891691,0.05428984721092126,0.0,0.07965532674080644,0.02,0.06,0.0,0.7,0.12,0.0,0.0,0.0,0.0
LTT without hierarchy,2023,0.013185157280090412,0.8974358974358975,0.6870536117891691,0.05428984721092126,0.0,0.07965532674080644,0.02,0.06,0.0,0.7,0.12,0.0,0.85,0.0,0.0
LTT without hierarchy,2023,0.013185157280090412,0.8974358974358975,0.6870536117891691,0.05428984721092126,0.0,0.07965532674080644,0.02,0.06,0.0,0.7,0.12,0.9,0.0,0.0,0.0
LTT without hierarchy,2023,0.013185157280090412,0.8974358974358975,0.6870536117891691,0.05428984721092126,0.0,0.07965532674080644,0.02,0.06,0.0,0.7,0.12,0.9,0.85,0.0,0.0
LTT without hierarchy,2023,0.013185157280090412,0.8974358974358975,0.6593436398155682,0.0460627429707983,0.0,0.07126228901160905,0.02,0.06,0.0,0.72,0.1,0.0,0.0,0.0,0.0
LTT without hierarchy,2023,0.013185157280090412,0.8974358974358975,0.6593436398155682,0.0460627429707983,0.0,0.07126228901160905,0.02,0.06,0.0,0.72,0.1,0.0,0.85,0.0,0.0
LTT without hierarchy,2023,0.013185157280090412,0.8974358974358975,0.6593436398155682,0.0460627429707983,0.0,0.07126228901160905,0.02,0.06,0.0,0.72,0.1,0.9,0.0,0.0,0.0
LTT without hierarchy,2023,0.013185157280090412,0.8974358974358975,0.6593436398155682,0.0460627429707983,0.0,0.07126228901160905,0.02,0.06,0.0,0.72,0.1,0.9,0.85,0.0,0.0
LTT without hierarchy,2023,0.013185157280090412,0.8974358974358975,0.6870536117891691,0.05428984721092126,0.0,0.07965532674080644,0.02,0.06,0.0,0.72,0.12,0.0,0.0,0.0,0.0
LTT without hierarchy,2023,0.013185157280090412,0.8974358974358975,0.6870536117891691,0.05428984721092126,0.0,0.07965532674080644,0.02,0.06,0.0,0.72,0.12,0.0,0.85,0.0,0.0
LTT without hierarchy,2023,0.013185157280090412,0.8974358974358975,0.6870536117891691,0.05428984721092126,0.0,0.07965532674080644,0.02,0.06,0.0,0.72,0.12,0.9,0.0,0.0,0.0
LTT without hierarchy,2023,0.013185157280090412,0.8974358974358975,0.6870536117891691,0.05428984721092126,0.0,0.07965532674080644,0.02,0.06,0.0,0.72,0.12,0.9,0.85,0.0,0.0
LTT without hierarchy,2023,0.013185157280090412,0.8974358974358975,0.6593436398155682,0.0460627429707983,0.0,0.07126228901160905,0.02,0.06,0.0,0.73,0.1,0.0,0.0,0.0,0.0
LTT without hierarchy,2023,0.013185157280090412,0.8974358974358975,0.6593436398155682,0.0460627429707983,0.0,0.07126228901160905,0.02,0.06,0.0,0.73,0.1,0.0,0.85,0.0,0.0
LTT without hierarchy,2023,0.013185157280090412,0.8974358974358975,0.6593436398155682,0.0460627429707983,0.0,0.07126228901160905,0.02,0.06,0.0,0.73,0.1,0.9,0.0,0.0,0.0
LTT without hierarchy,2023,0.013185157280090412,0.8974358974358975,0.6593436398155682,0.0460627429707983,0.0,0.07126228901160905,0.02,0.06,0.0,0.73,0.1,0.9,0.85,0.0,0.0
LTT without hierarchy,2023,0.013185157280090412,0.8974358974358975,0.6870536117891691,0.05428984721092126,0.0,0.07965532674080644,0.02,0.06,0.0,0.73,0.12,0.0,0.0,0.0,0.0
LTT without hierarchy,2023,0.013185157280090412,0.8974358974358975,0.6870536117891691,0.05428984721092126,0.0,0.07965532674080644,0.02,0.06,0.0,0.73,0.12,0.0,0.85,0.0,0.0
LTT without hierarchy,2023,0.013185157280090412,0.8974358974358975,0.6870536117891691,0.05428984721092126,0.0,0.07965532674080644,0.02,0.06,0.0,0.73,0.12,0.9,0.0,0.0,0.0
LTT without hierarchy,2023,0.013185157280090412,0.8974358974358975,0.6870536117891691,0.05428984721092126,0.0,0.07965532674080644,0.02,0.06,0.0,0.73,0.12,0.9,0.85,0.0,0.0
LTT without hierarchy,2023,0.013185157280090412,0.8974358974358975,0.6593436398155682,0.0460627429707983,0.0,0.07126228901160905,0.02,0.06,0.0,0.74,0.1,0.0,0.0,0.0,0.0
LTT without hierarchy,2023,0.013185157280090412,0.8974358974358975,0.6593436398155682,0.0460627429707983,0.0,0.07126228901160905,0.02,0.06,0.0,0.74,0.1,0.0,0.85,0.0,0.0
LTT without hierarchy,2023,0.013185157280090412,0.8974358974358975,0.6593436398155682,0.0460627429707983,0.0,0.07126228901160905,0.02,0.06,0.0,0.74,0.1,0.9,0.0,0.0,0.0
LTT without hierarchy,2023,0.013185157280090412,0.8974358974358975,0.6593436398155682,0.0460627429707983,0.0,0.07126228901160905,0.02,0.06,0.0,0.74,0.1,0.9,0.85,0.0,0.0
LTT without hierarchy,2023,0.013185157280090412,0.8974358974358975,0.6870536117891691,0.05428984721092126,0.0,0.07965532674080644,0.02,0.06,0.0,0.74,0.12,0.0,0.0,0.0,0.0
LTT without hierarchy,2023,0.013185157280090412,0.8974358974358975,0.6870536117891691,0.05428984721092126,0.0,0.07965532674080644,0.02,0.06,0.0,0.74,0.12,0.0,0.85,0.0,0.0
LTT without hierarchy,2023,0.013185157280090412,0.8974358974358975,0.6870536117891691,0.05428984721092126,0.0,0.07965532674080644,0.02,0.06,0.0,0.74,0.12,0.9,0.0,0.0,0.0
LTT without hierarchy,2023,0.013185157280090412,0.8974358974358975,0.6870536117891691,0.05428984721092126,0.0,0.07965532674080644,0.02,0.06,0.0,0.74,0.12,0.9,0.85,0.0,0.0
LTT without hierarchy,2023,0.013185157280090412,0.8974358974358975,0.6593436398155682,0.0460627429707983,0.0,0.07126228901160905,0.02,0.06,0.0,0.746,0.1,0.0,0.0,0.0,0.0
LTT without hierarchy,2023,0.013185157280090412,0.8974358974358975,0.6593436398155682,0.0460627429707983,0.0,0.07126228901160905,0.02,0.06,0.0,0.746,0.1,0.0,0.85,0.0,0.0
LTT without hierarchy,2023,0.013185157280090412,0.8974358974358975,0.6593436398155682,0.0460627429707983,0.0,0.07126228901160905,0.02,0.06,0.0,0.746,0.1,0.9,0.0,0.0,0.0
LTT without hierarchy,2023,0.013185157280090412,0.8974358974358975,0.6593436398155682,0.0460627429707983,0.0,0.07126228901160905,0.02,0.06,0.0,0.746,0.1,0.9,0.85,0.0,0.0
LTT without hierarchy,2023,0.013185157280090412,0.8974358974358975,0.6870536117891691,0.05428984721092126,0.0,0.07965532674080644,0.02,0.06,0.0,0.746,0.12,0.0,0.0,0.0,0.0
LTT without hierarchy,2023,0.013185157280090412,0.8974358974358975,0.6870536117891691,0.05428984721092126,0.0,0.07965532674080644,0.02,0.06,0.0,0.746,0.12,0.0,0.85,0.0,0.0
LTT without hierarchy,2023,0.013185157280090412,0.8974358974358975,0.6870536117891691,0.05428984721092126,0.0,0.07965532674080644,0.02,0.06,0.0,0.746,0.12,0.9,0.0,0.0,0.0
LTT without hierarchy,2023,0.013185157280090412,0.8974358974358975,0.6870536117891691,0.05428984721092126,0.0,0.07965532674080644,0.02,0.06,0.0,0.746,0.12,0.9,0.85,0.0,0.0
LTT without hierarchy,2023,0.013185157280090412,0.8974358974358975,0.6593436398155682,0.0460627429707983,0.0,0.07126228901160905,0.02,0.06,0.0,0.75,0.1,0.0,0.0,0.0,0.0
LTT without hierarchy,2023,0.013185157280090412,0.8974358974358975,0.6593436398155682,0.0460627429707983,0.0,0.07126228901160905,0.02,0.06,0.0,0.75,0.1,0.0,0.85,0.0,0.0
LTT without hierarchy,2023,0.013185157280090412,0.8974358974358975,0.6593436398155682,0.0460627429707983,0.0,0.07126228901160905,0.02,0.06,0.0,0.75,0.1,0.9,0.0,0.0,0.0
LTT without hierarchy,2023,0.013185157280090412,0.8974358974358975,0.6593436398155682,0.0460627429707983,0.0,0.07126228901160905,0.02,0.06,0.0,0.75,0.1,0.9,0.85,0.0,0.0
LTT without hierarchy,2023,0.013185157280090412,0.8974358974358975,0.6870536117891691,0.05428984721092126,0.0,0.07965532674080644,0.02,0.06,0.0,0.75,0.12,0.0,0.0,0.0,0.0
LTT without hierarchy,2023,0.013185157280090412,0.8974358974358975,0.6870536117891691,0.05428984721092126,0.0,0.07965532674080644,0.02,0.06,0.0,0.75,0.12,0.0,0.85,0.0,0.0
LTT without hierarchy,2023,0.013185157280090412,0.8974358974358975,0.6870536117891691,0.05428984721092126,0.0,0.07965532674080644,0.02,0.06,0.0,0.75,0.12,0.9,0.0,0.0,0.0
LTT without hierarchy,2023,0.013185157280090412,0.8974358974358975,0.6870536117891691,0.05428984721092126,0.0,0.07965532674080644,0.02,0.06,0.0,0.75,0.12,0.9,0.85,0.0,0.0
LTT without hierarchy,2023,0.013185157280090412,0.8974358974358975,0.6593436398155682,0.0460627429707983,0.0,0.07126228901160905,0.02,0.06,0.02,0.0,0.1,0.0,0.0,0.0,0.0
LTT without hierarchy,2023,0.013185157280090412,0.8974358974358975,0.6593436398155682,0.0460627429707983,0.0,0.07126228901160905,0.02,0.06,0.02,0.0,0.1,0.0,0.85,0.0,0.0
LTT without hierarchy,2023,0.013185157280090412,0.8974358974358975,0.6593436398155682,0.0460627429707983,0.0,0.07126228901160905,0.02,0.06,0.02,0.0,0.1,0.9,0.0,0.0,0.0
LTT without hierarchy,2023,0.013185157280090412,0.8974358974358975,0.6593436398155682,0.0460627429707983,0.0,0.07126228901160905,0.02,0.06,0.02,0.0,0.1,0.9,0.85,0.0,0.0
LTT without hierarchy,2023,0.013185157280090412,0.8974358974358975,0.6870536117891691,0.05428984721092126,0.0,0.07965532674080644,0.02,0.06,0.02,0.0,0.12,0.0,0.0,0.0,0.0
LTT without hierarchy,2023,0.013185157280090412,0.8974358974358975,0.6870536117891691,0.05428984721092126,0.0,0.07965532674080644,0.02,0.06,0.02,0.0,0.12,0.0,0.85,0.0,0.0
LTT without hierarchy,2023,0.013185157280090412,0.8974358974358975,0.6870536117891691,0.05428984721092126,0.0,0.07965532674080644,0.02,0.06,0.02,0.0,0.12,0.9,0.0,0.0,0.0
LTT without hierarchy,2023,0.013185157280090412,0.8974358974358975,0.6870536117891691,0.05428984721092126,0.0,0.07965532674080644,0.02,0.06,0.02,0.0,0.12,0.9,0.85,0.0,0.0
LTT without hierarchy,2023,0.013185157280090412,0.8974358974358975,0.6593436398155682,0.0460627429707983,0.0,0.07126228901160905,0.02,0.06,0.02,0.7,0.1,0.0,0.0,0.0,0.0
LTT without hierarchy,2023,0.013185157280090412,0.8974358974358975,0.6593436398155682,0.0460627429707983,0.0,0.07126228901160905,0.02,0.06,0.02,0.7,0.1,0.0,0.85,0.0,0.0
LTT without hierarchy,2023,0.013185157280090412,0.8974358974358975,0.6593436398155682,0.0460627429707983,0.0,0.07126228901160905,0.02,0.06,0.02,0.7,0.1,0.9,0.0,0.0,0.0
LTT without hierarchy,2023,0.013185157280090412,0.8974358974358975,0.6593436398155682,0.0460627429707983,0.0,0.07126228901160905,0.02,0.06,0.02,0.7,0.1,0.9,0.85,0.0,0.0
LTT without hierarchy,2023,0.013185157280090412,0.8974358974358975,0.6870536117891691,0.05428984721092126,0.0,0.07965532674080644,0.02,0.06,0.02,0.7,0.12,0.0,0.0,0.0,0.0
LTT without hierarchy,2023,0.013185157280090412,0.8974358974358975,0.6870536117891691,0.05428984721092126,0.0,0.07965532674080644,0.02,0.06,0.02,0.7,0.12,0.0,0.85,0.0,0.0
LTT without hierarchy,2023,0.013185157280090412,0.8974358974358975,0.6870536117891691,0.05428984721092126,0.0,0.07965532674080644,0.02,0.06,0.02,0.7,0.12,0.9,0.0,0.0,0.0
LTT without hierarchy,2023,0.013185157280090412,0.8974358974358975,0.6870536117891691,0.05428984721092126,0.0,0.07965532674080644,0.02,0.06,0.02,0.7,0.12,0.9,0.85,0.0,0.0
LTT without hierarchy,2023,0.013185157280090412,0.8974358974358975,0.6593436398155682,0.0460627429707983,0.0,0.07126228901160905,0.02,0.06,0.02,0.72,0.1,0.0,0.0,0.0,0.0
LTT without hierarchy,2023,0.013185157280090412,0.8974358974358975,0.6593436398155682,0.0460627429707983,0.0,0.07126228901160905,0.02,0.06,0.02,0.72,0.1,0.0,0.85,0.0,0.0
LTT without hierarchy,2023,0.013185157280090412,0.8974358974358975,0.6593436398155682,0.0460627429707983,0.0,0.07126228901160905,0.02,0.06,0.02,0.72,0.1,0.9,0.0,0.0,0.0
LTT without hierarchy,2023,0.013185157280090412,0.8974358974358975,0.6593436398155682,0.0460627429707983,0.0,0.07126228901160905,0.02,0.06,0.02,0.72,0.1,0.9,0.85,0.0,0.0
LTT without hierarchy,2023,0.013185157280090412,0.8974358974358975,0.6870536117891691,0.05428984721092126,0.0,0.07965532674080644,0.02,0.06,0.02,0.72,0.12,0.0,0.0,0.0,0.0
LTT without hierarchy,2023,0.013185157280090412,0.8974358974358975,0.6870536117891691,0.05428984721092126,0.0,0.07965532674080644,0.02,0.06,0.02,0.72,0.12,0.0,0.85,0.0,0.0
LTT without hierarchy,2023,0.013185157280090412,0.8974358974358975,0.6870536117891691,0.05428984721092126,0.0,0.07965532674080644,0.02,0.06,0.02,0.72,0.12,0.9,0.0,0.0,0.0
LTT without hierarchy,2023,0.013185157280090412,0.8974358974358975,0.6870536117891691,0.05428984721092126,0.0,0.07965532674080644,0.02,0.06,0.02,0.72,0.12,0.9,0.85,0.0,0.0
LTT without hierarchy,2023,0.013185157280090412,0.8974358974358975,0.6593436398155682,0.0460627429707983,0.0,0.07126228901160905,0.02,0.06,0.02,0.73,0.1,0.0,0.0,0.0,0.0
LTT without hierarchy,2023,0.013185157280090412,0.8974358974358975,0.6593436398155682,0.0460627429707983,0.0,0.07126228901160905,0.02,0.06,0.02,0.73,0.1,0.0,0.85,0.0,0.0
LTT without hierarchy,2023,0.013185157280090412,0.8974358974358975,0.6593436398155682,0.0460627429707983,0.0,0.07126228901160905,0.02,0.06,0.02,0.73,0.1,0.9,0.0,0.0,0.0
LTT without hierarchy,2023,0.013185157280090412,0.8974358974358975,0.6593436398155682,0.0460627429707983,0.0,0.07126228901160905,0.02,0.06,0.02,0.73,0.1,0.9,0.85,0.0,0.0
LTT without hierarchy,2023,0.013185157280090412,0.8974358974358975,0.6870536117891691,0.05428984721092126,0.0,0.07965532674080644,0.02,0.06,0.02,0.73,0.12,0.0,0.0,0.0,0.0
LTT without hierarchy,2023,0.013185157280090412,0.8974358974358975,0.6870536117891691,0.05428984721092126,0.0,0.07965532674080644,0.02,0.06,0.02,0.73,0.12,0.0,0.85,0.0,0.0
LTT without hierarchy,2023,0.013185157280090412,0.8974358974358975,0.6870536117891691,0.05428984721092126,0.0,0.07965532674080644,0.02,0.06,0.02,0.73,0.12,0.9,0.0,0.0,0.0
LTT without hierarchy,2023,0.013185157280090412,0.8974358974358975,0.6870536117891691,0.05428984721092126,0.0,0.07965532674080644,0.02,0.06,0.02,0.73,0.12,0.9,0.85,0.0,0.0
LTT without hierarchy,2023,0.013185157280090412,0.8974358974358975,0.6593436398155682,0.0460627429707983,0.0,0.07126228901160905,0.02,0.06,0.02,0.74,0.1,0.0,0.0,0.0,0.0
LTT without hierarchy,2023,0.013185157280090412,0.8974358974358975,0.6593436398155682,0.0460627429707983,0.0,0.07126228901160905,0.02,0.06,0.02,0.74,0.1,0.0,0.85,0.0,0.0
LTT without hierarchy,2023,0.013185157280090412,0.8974358974358975,0.6593436398155682,0.0460627429707983,0.0,0.07126228901160905,0.02,0.06,0.02,0.74,0.1,0.9,0.0,0.0,0.0
LTT without hierarchy,2023,0.013185157280090412,0.8974358974358975,0.6593436398155682,0.0460627429707983,0.0,0.07126228901160905,0.02,0.06,0.02,0.74,0.1,0.9,0.85,0.0,0.0
LTT without hierarchy,2023,0.013185157280090412,0.8974358974358975,0.6870536117891691,0.05428984721092126,0.0,0.07965532674080644,0.02,0.06,0.02,0.74,0.12,0.0,0.0,0.0,0.0
LTT without hierarchy,2023,0.013185157280090412,0.8974358974358975,0.6870536117891691,0.05428984721092126,0.0,0.07965532674080644,0.02,0.06,0.02,0.74,0.12,0.0,0.85,0.0,0.0
LTT without hierarchy,2023,0.013185157280090412,0.8974358974358975,0.6870536117891691,0.05428984721092126,0.0,0.07965532674080644,0.02,0.06,0.02,0.74,0.12,0.9,0.0,0.0,0.0
LTT without hierarchy,2023,0.013185157280090412,0.8974358974358975,0.6870536117891691,0.05428984721092126,0.0,0.07965532674080644,0.02,0.06,0.02,0.74,0.12,0.9,0.85,0.0,0.0
LTT without hierarchy,2023,0.013185157280090412,0.8974358974358975,0.6593436398155682,0.0460627429707983,0.0,0.07126228901160905,0.02,0.06,0.02,0.746,0.1,0.0,0.0,0.0,0.0
LTT without hierarchy,2023,0.013185157280090412,0.8974358974358975,0.6593436398155682,0.0460627429707983,0.0,0.07126228901160905,0.02,0.06,0.02,0.746,0.1,0.0,0.85,0.0,0.0
LTT without hierarchy,2023,0.013185157280090412,0.8974358974358975,0.6593436398155682,0.0460627429707983,0.0,0.07126228901160905,0.02,0.06,0.02,0.746,0.1,0.9,0.0,0.0,0.0
LTT without hierarchy,2023,0.013185157280090412,0.8974358974358975,0.6593436398155682,0.0460627429707983,0.0,0.07126228901160905,0.02,0.06,0.02,0.746,0.1,0.9,0.85,0.0,0.0
LTT without hierarchy,2023,0.013185157280090412,0.8974358974358975,0.6870536117891691,0.05428984721092126,0.0,0.07965532674080644,0.02,0.06,0.02,0.746,0.12,0.0,0.0,0.0,0.0
LTT without hierarchy,2023,0.013185157280090412,0.8974358974358975,0.6870536117891691,0.05428984721092126,0.0,0.07965532674080644,0.02,0.06,0.02,0.746,0.12,0.0,0.85,0.0,0.0
LTT without hierarchy,2023,0.013185157280090412,0.8974358974358975,0.6870536117891691,0.05428984721092126,0.0,0.07965532674080644,0.02,0.06,0.02,0.746,0.12,0.9,0.0,0.0,0.0
LTT without hierarchy,2023,0.013185157280090412,0.8974358974358975,0.6870536117891691,0.05428984721092126,0.0,0.07965532674080644,0.02,0.06,0.02,0.746,0.12,0.9,0.85,0.0,0.0
LTT without hierarchy,2023,0.013185157280090412,0.8974358974358975,0.6593436398155682,0.0460627429707983,0.0,0.07126228901160905,0.02,0.06,0.02,0.75,0.1,0.0,0.0,0.0,0.0
LTT without hierarchy,2023,0.013185157280090412,0.8974358974358975,0.6593436398155682,0.0460627429707983,0.0,0.07126228901160905,0.02,0.06,0.02,0.75,0.1,0.0,0.85,0.0,0.0
LTT without hierarchy,2023,0.013185157280090412,0.8974358974358975,0.6593436398155682,0.0460627429707983,0.0,0.07126228901160905,0.02,0.06,0.02,0.75,0.1,0.9,0.0,0.0,0.0
LTT without hierarchy,2023,0.013185157280090412,0.8974358974358975,0.6593436398155682,0.0460627429707983,0.0,0.07126228901160905,0.02,0.06,0.02,0.75,0.1,0.9,0.85,0.0,0.0
LTT without hierarchy,2023,0.013185157280090412,0.8974358974358975,0.6870536117891691,0.05428984721092126,0.0,0.07965532674080644,0.02,0.06,0.02,0.75,0.12,0.0,0.0,0.0,0.0
LTT without hierarchy,2023,0.013185157280090412,0.8974358974358975,0.6870536117891691,0.05428984721092126,0.0,0.07965532674080644,0.02,0.06,0.02,0.75,0.12,0.0,0.85,0.0,0.0
LTT without hierarchy,2023,0.013185157280090412,0.8974358974358975,0.6870536117891691,0.05428984721092126,0.0,0.07965532674080644,0.02,0.06,0.02,0.75,0.12,0.9,0.0,0.0,0.0
LTT without hierarchy,2023,0.013185157280090412,0.8974358974358975,0.6870536117891691,0.05428984721092126,0.0,0.07965532674080644,0.02,0.06,0.02,0.75,0.12,0.9,0.85,0.0,0.0
LTT without hierarchy,2023,0.013185157280090412,0.8974358974358975,0.6593436398155682,0.0460627429707983,0.0,0.07126228901160905,0.02,0.06,0.04,0.0,0.1,0.0,0.0,0.0,0.0
LTT without hierarchy,2023,0.013185157280090412,0.8974358974358975,0.6593436398155682,0.0460627429707983,0.0,0.07126228901160905,0.02,0.06,0.04,0.0,0.1,0.0,0.85,0.0,0.0
LTT without hierarchy,2023,0.013185157280090412,0.8974358974358975,0.6593436398155682,0.0460627429707983,0.0,0.07126228901160905,0.02,0.06,0.04,0.0,0.1,0.9,0.0,0.0,0.0
LTT without hierarchy,2023,0.013185157280090412,0.8974358974358975,0.6593436398155682,0.0460627429707983,0.0,0.07126228901160905,0.02,0.06,0.04,0.0,0.1,0.9,0.85,0.0,0.0
LTT without hierarchy,2023,0.013185157280090412,0.8974358974358975,0.6870536117891691,0.05428984721092126,0.0,0.07965532674080644,0.02,0.06,0.04,0.0,0.12,0.0,0.0,0.0,0.0
LTT without hierarchy,2023,0.013185157280090412,0.8974358974358975,0.6870536117891691,0.05428984721092126,0.0,0.07965532674080644,0.02,0.06,0.04,0.0,0.12,0.0,0.85,0.0,0.0
LTT without hierarchy,2023,0.013185157280090412,0.8974358974358975,0.6870536117891691,0.05428984721092126,0.0,0.07965532674080644,0.02,0.06,0.04,0.0,0.12,0.9,0.0,0.0,0.0
LTT without hierarchy,2023,0.013185157280090412,0.8974358974358975,0.6870536117891691,0.05428984721092126,0.0,0.07965532674080644,0.02,0.06,0.04,0.0,0.12,0.9,0.85,0.0,0.0
LTT without hierarchy,2023,0.013185157280090412,0.8974358974358975,0.6593436398155682,0.0460627429707983,0.0,0.07126228901160905,0.02,0.06,0.04,0.7,0.1,0.0,0.0,0.0,0.0
LTT without hierarchy,2023,0.013185157280090412,0.8974358974358975,0.6593436398155682,0.0460627429707983,0.0,0.07126228901160905,0.02,0.06,0.04,0.7,0.1,0.0,0.85,0.0,0.0
LTT without hierarchy,2023,0.013185157280090412,0.8974358974358975,0.6593436398155682,0.0460627429707983,0.0,0.07126228901160905,0.02,0.06,0.04,0.7,0.1,0.9,0.0,0.0,0.0
LTT without hierarchy,2023,0.013185157280090412,0.8974358974358975,0.6593436398155682,0.0460627429707983,0.0,0.07126228901160905,0.02,0.06,0.04,0.7,0.1,0.9,0.85,0.0,0.0
LTT without hierarchy,2023,0.013185157280090412,0.8974358974358975,0.6870536117891691,0.05428984721092126,0.0,0.07965532674080644,0.02,0.06,0.04,0.7,0.12,0.0,0.0,0.0,0.0
LTT without hierarchy,2023,0.013185157280090412,0.8974358974358975,0.6870536117891691,0.05428984721092126,0.0,0.07965532674080644,0.02,0.06,0.04,0.7,0.12,0.0,0.85,0.0,0.0
LTT without hierarchy,2023,0.013185157280090412,0.8974358974358975,0.6870536117891691,0.05428984721092126,0.0,0.07965532674080644,0.02,0.06,0.04,0.7,0.12,0.9,0.0,0.0,0.0
LTT without hierarchy,2023,0.013185157280090412,0.8974358974358975,0.6870536117891691,0.05428984721092126,0.0,0.07965532674080644,0.02,0.06,0.04,0.7,0.12,0.9,0.85,0.0,0.0
LTT without hierarchy,2023,0.013185157280090412,0.8974358974358975,0.6593436398155682,0.0460627429707983,0.0,0.07126228901160905,0.02,0.06,0.04,0.72,0.1,0.0,0.0,0.0,0.0
LTT without hierarchy,2023,0.013185157280090412,0.8974358974358975,0.6593436398155682,0.0460627429707983,0.0,0.07126228901160905,0.02,0.06,0.04,0.72,0.1,0.0,0.85,0.0,0.0
LTT without hierarchy,2023,0.013185157280090412,0.8974358974358975,0.6593436398155682,0.0460627429707983,0.0,0.07126228901160905,0.02,0.06,0.04,0.72,0.1,0.9,0.0,0.0,0.0
LTT without hierarchy,2023,0.013185157280090412,0.8974358974358975,0.6593436398155682,0.0460627429707983,0.0,0.07126228901160905,0.02,0.06,0.04,0.72,0.1,0.9,0.85,0.0,0.0
LTT without hierarchy,2023,0.013185157280090412,0.8974358974358975,0.6870536117891691,0.05428984721092126,0.0,0.07965532674080644,0.02,0.06,0.04,0.72,0.12,0.0,0.0,0.0,0.0
LTT without hierarchy,2023,0.013185157280090412,0.8974358974358975,0.6870536117891691,0.05428984721092126,0.0,0.07965532674080644,0.02,0.06,0.04,0.72,0.12,0.0,0.85,0.0,0.0
LTT without hierarchy,2023,0.013185157280090412,0.8974358974358975,0.6870536117891691,0.05428984721092126,0.0,0.07965532674080644,0.02,0.06,0.04,0.72,0.12,0.9,0.0,0.0,0.0
LTT without hierarchy,2023,0.013185157280090412,0.8974358974358975,0.6870536117891691,0.05428984721092126,0.0,0.07965532674080644,0.02,0.06,0.04,0.72,0.12,0.9,0.85,0.0,0.0
LTT without hierarchy,2023,0.013185157280090412,0.8974358974358975,0.6593436398155682,0.0460627429707983,0.0,0.07126228901160905,0.02,0.06,0.04,0.73,0.1,0.0,0.0,0.0,0.0
LTT without hierarchy,2023,0.013185157280090412,0.8974358974358975,0.6593436398155682,0.0460627429707983,0.0,0.07126228901160905,0.02,0.06,0.04,0.73,0.1,0.0,0.85,0.0,0.0
LTT without hierarchy,2023,0.013185157280090412,0.8974358974358975,0.6593436398155682,0.0460627429707983,0.0,0.07126228901160905,0.02,0.06,0.04,0.73,0.1,0.9,0.0,0.0,0.0
LTT without hierarchy,2023,0.013185157280090412,0.8974358974358975,0.6593436398155682,0.0460627429707983,0.0,0.07126228901160905,0.02,0.06,0.04,0.73,0.1,0.9,0.85,0.0,0.0
LTT without hierarchy,2023,0.013185157280090412,0.8974358974358975,0.6870536117891691,0.05428984721092126,0.0,0.07965532674080644,0.02,0.06,0.04,0.73,0.12,0.0,0.0,0.0,0.0
LTT without hierarchy,2023,0.013185157280090412,0.8974358974358975,0.6870536117891691,0.05428984721092126,0.0,0.07965532674080644,0.02,0.06,0.04,0.73,0.12,0.0,0.85,0.0,0.0
LTT without hierarchy,2023,0.013185157280090412,0.8974358974358975,0.6870536117891691,0.05428984721092126,0.0,0.07965532674080644,0.02,0.06,0.04,0.73,0.12,0.9,0.0,0.0,0.0
LTT without hierarchy,2023,0.013185157280090412,0.8974358974358975,0.6870536117891691,0.05428984721092126,0.0,0.07965532674080644,0.02,0.06,0.04,0.73,0.12,0.9,0.85,0.0,0.0
LTT without hierarchy,2023,0.013185157280090412,0.8974358974358975,0.6593436398155682,0.0460627429707983,0.0,0.07126228901160905,0.02,0.06,0.04,0.74,0.1,0.0,0.0,0.0,0.0
LTT without hierarchy,2023,0.013185157280090412,0.8974358974358975,0.6593436398155682,0.0460627429707983,0.0,0.07126228901160905,0.02,0.06,0.04,0.74,0.1,0.0,0.85,0.0,0.0
LTT without hierarchy,2023,0.013185157280090412,0.8974358974358975,0.6593436398155682,0.0460627429707983,0.0,0.07126228901160905,0.02,0.06,0.04,0.74,0.1,0.9,0.0,0.0,0.0
LTT without hierarchy,2023,0.013185157280090412,0.8974358974358975,0.6593436398155682,0.0460627429707983,0.0,0.07126228901160905,0.02,0.06,0.04,0.74,0.1,0.9,0.85,0.0,0.0
LTT without hierarchy,2023,0.013185157280090412,0.8974358974358975,0.6870536117891691,0.05428984721092126,0.0,0.07965532674080644,0.02,0.06,0.04,0.74,0.12,0.0,0.0,0.0,0.0
LTT without hierarchy,2023,0.013185157280090412,0.8974358974358975,0.6870536117891691,0.05428984721092126,0.0,0.07965532674080644,0.02,0.06,0.04,0.74,0.12,0.0,0.85,0.0,0.0
LTT without hierarchy,2023,0.013185157280090412,0.8974358974358975,0.6870536117891691,0.05428984721092126,0.0,0.07965532674080644,0.02,0.06,0.04,0.74,0.12,0.9,0.0,0.0,0.0
LTT without hierarchy,2023,0.013185157280090412,0.8974358974358975,0.6870536117891691,0.05428984721092126,0.0,0.07965532674080644,0.02,0.06,0.04,0.74,0.12,0.9,0.85,0.0,0.0
LTT without hierarchy,2023,0.013185157280090412,0.8974358974358975,0.6593436398155682,0.0460627429707983,0.0,0.07126228901160905,0.02,0.06,0.04,0.746,0.1,0.0,0.0,0.0,0.0
LTT without hierarchy,2023,0.013185157280090412,0.8974358974358975,0.6593436398155682,0.0460627429707983,0.0,0.07126228901160905,0.02,0.06,0.04,0.746,0.1,0.0,0.85,0.0,0.0
LTT without hierarchy,2023,0.013185157280090412,0.8974358974358975,0.6593436398155682,0.0460627429707983,0.0,0.07126228901160905,0.02,0.06,0.04,0.746,0.1,0.9,0.0,0.0,0.0
LTT without hierarchy,2023,0.013185157280090412,0.8974358974358975,0.6593436398155682,0.0460627429707983,0.0,0.07126228901160905,0.02,0.06,0.04,0.746,0.1,0.9,0.85,0.0,0.0
LTT without hierarchy,2023,0.013185157280090412,0.8974358974358975,0.6870536117891691,0.05428984721092126,0.0,0.07965532674080644,0.02,0.06,0.04,0.746,0.12,0.0,0.0,0.0,0.0
LTT without hierarchy,2023,0.013185157280090412,0.8974358974358975,0.6870536117891691,0.05428984721092126,0.0,0.07965532674080644,0.02,0.06,0.04,0.746,0.12,0.0,0.85,0.0,0.0
LTT without hierarchy,2023,0.013185157280090412,0.8974358974358975,0.6870536117891691,0.05428984721092126,0.0,0.07965532674080644,0.02,0.06,0.04,0.746,0.12,0.9,0.0,0.0,0.0
LTT without hierarchy,2023,0.013185157280090412,0.8974358974358975,0.6870536117891691,0.05428984721092126,0.0,0.07965532674080644,0.02,0.06,0.04,0.746,0.12,0.9,0.85,0.0,0.0
LTT without hierarchy,2023,0.013185157280090412,0.8974358974358975,0.6593436398155682,0.0460627429707983,0.0,0.07126228901160905,0.02,0.06,0.04,0.75,0.1,0.0,0.0,0.0,0.0
LTT without hierarchy,2023,0.013185157280090412,0.8974358974358975,0.6593436398155682,0.0460627429707983,0.0,0.07126228901160905,0.02,0.06,0.04,0.75,0.1,0.0,0.85,0.0,0.0
LTT without hierarchy,2023,0.013185157280090412,0.8974358974358975,0.6593436398155682,0.0460627429707983,0.0,0.07126228901160905,0.02,0.06,0.04,0.75,0.1,0.9,0.0,0.0,0.0
LTT without hierarchy,2023,0.013185157280090412,0.8974358974358975,0.6593436398155682,0.0460627429707983,0.0,0.07126228901160905,0.02,0.06,0.04,0.75,0.1,0.9,0.85,0.0,0.0
LTT without hierarchy,2023,0.013185157280090412,0.8974358974358975,0.6870536117891691,0.05428984721092126,0.0,0.07965532674080644,0.02,0.06,0.04,0.75,0.12,0.0,0.0,0.0,0.0
LTT without hierarchy,2023,0.013185157280090412,0.8974358974358975,0.6870536117891691,0.05428984721092126,0.0,0.07965532674080644,0.02,0.06,0.04,0.75,0.12,0.0,0.85,0.0,0.0
LTT without hierarchy,2023,0.013185157280090412,0.8974358974358975,0.6870536117891691,0.05428984721092126,0.0,0.07965532674080644,0.02,0.06,0.04,0.75,0.12,0.9,0.0,0.0,0.0
LTT without hierarchy,2023,0.013185157280090412,0.8974358974358975,0.6870536117891691,0.05428984721092126,0.0,0.07965532674080644,0.02,0.06,0.04,0.75,0.12,0.9,0.85,0.0,0.0
LTT without hierarchy,2023,0.013185157280090412,0.8974358974358975,0.6593436398155682,0.0460627429707983,0.0,0.07126228901160905,0.06,0.04,0.0,0.0,0.1,0.0,0.0,0.0,0.0
LTT without hierarchy,2023,0.013185157280090412,0.8974358974358975,0.6593436398155682,0.0460627429707983,0.0,0.07126228901160905,0.06,0.04,0.0,0.0,0.1,0.0,0.85,0.0,0.0
LTT without hierarchy,2023,0.013185157280090412,0.8974358974358975,0.6593436398155682,0.0460627429707983,0.0,0.07126228901160905,0.06,0.04,0.0,0.0,0.1,0.9,0.0,0.0,0.0
LTT without hierarchy,2023,0.013185157280090412,0.8974358974358975,0.6593436398155682,0.0460627429707983,0.0,0.07126228901160905,0.06,0.04,0.0,0.0,0.1,0.9,0.85,0.0,0.0
LTT without hierarchy,2023,0.013185157280090412,0.8974358974358975,0.6870536117891691,0.05428984721092126,0.0,0.07965532674080644,0.06,0.04,0.0,0.0,0.12,0.0,0.0,0.0,0.0
LTT without hierarchy,2023,0.013185157280090412,0.8974358974358975,0.6870536117891691,0.05428984721092126,0.0,0.07965532674080644,0.06,0.04,0.0,0.0,0.12,0.0,0.85,0.0,0.0
LTT without hierarchy,2023,0.013185157280090412,0.8974358974358975,0.6870536117891691,0.05428984721092126,0.0,0.07965532674080644,0.06,0.04,0.0,0.0,0.12,0.9,0.0,0.0,0.0
LTT without hierarchy,2023,0.013185157280090412,0.8974358974358975,0.6870536117891691,0.05428984721092126,0.0,0.07965532674080644,0.06,0.04,0.0,0.0,0.12,0.9,0.85,0.0,0.0
LTT without hierarchy,2023,0.013185157280090412,0.8974358974358975,0.6593436398155682,0.0460627429707983,0.0,0.07126228901160905,0.06,0.04,0.0,0.7,0.1,0.0,0.0,0.0,0.0
LTT without hierarchy,2023,0.013185157280090412,0.8974358974358975,0.6593436398155682,0.0460627429707983,0.0,0.07126228901160905,0.06,0.04,0.0,0.7,0.1,0.0,0.85,0.0,0.0
LTT without hierarchy,2023,0.013185157280090412,0.8974358974358975,0.6593436398155682,0.0460627429707983,0.0,0.07126228901160905,0.06,0.04,0.0,0.7,0.1,0.9,0.0,0.0,0.0
LTT without hierarchy,2023,0.013185157280090412,0.8974358974358975,0.6593436398155682,0.0460627429707983,0.0,0.07126228901160905,0.06,0.04,0.0,0.7,0.1,0.9,0.85,0.0,0.0
LTT without hierarchy,2023,0.013185157280090412,0.8974358974358975,0.6870536117891691,0.05428984721092126,0.0,0.07965532674080644,0.06,0.04,0.0,0.7,0.12,0.0,0.0,0.0,0.0
LTT without hierarchy,2023,0.013185157280090412,0.8974358974358975,0.6870536117891691,0.05428984721092126,0.0,0.07965532674080644,0.06,0.04,0.0,0.7,0.12,0.0,0.85,0.0,0.0
LTT without hierarchy,2023,0.013185157280090412,0.8974358974358975,0.6870536117891691,0.05428984721092126,0.0,0.07965532674080644,0.06,0.04,0.0,0.7,0.12,0.9,0.0,0.0,0.0
LTT without hierarchy,2023,0.013185157280090412,0.8974358974358975,0.6870536117891691,0.05428984721092126,0.0,0.07965532674080644,0.06,0.04,0.0,0.7,0.12,0.9,0.85,0.0,0.0
LTT without hierarchy,2023,0.013185157280090412,0.8974358974358975,0.6593436398155682,0.0460627429707983,0.0,0.07126228901160905,0.06,0.04,0.0,0.72,0.1,0.0,0.0,0.0,0.0
LTT without hierarchy,2023,0.013185157280090412,0.8974358974358975,0.6593436398155682,0.0460627429707983,0.0,0.07126228901160905,0.06,0.04,0.0,0.72,0.1,0.0,0.85,0.0,0.0
LTT without hierarchy,2023,0.013185157280090412,0.8974358974358975,0.6593436398155682,0.0460627429707983,0.0,0.07126228901160905,0.06,0.04,0.0,0.72,0.1,0.9,0.0,0.0,0.0
LTT without hierarchy,2023,0.013185157280090412,0.8974358974358975,0.6593436398155682,0.0460627429707983,0.0,0.07126228901160905,0.06,0.04,0.0,0.72,0.1,0.9,0.85,0.0,0.0
LTT without hierarchy,2023,0.013185157280090412,0.8974358974358975,0.6870536117891691,0.05428984721092126,0.0,0.07965532674080644,0.06,0.04,0.0,0.72,0.12,0.0,0.0,0.0,0.0
LTT without hierarchy,2023,0.013185157280090412,0.8974358974358975,0.6870536117891691,0.05428984721092126,0.0,0.07965532674080644,0.06,0.04,0.0,0.72,0.12,0.0,0.85,0.0,0.0
LTT without hierarchy,2023,0.013185157280090412,0.8974358974358975,0.6870536117891691,0.05428984721092126,0.0,0.07965532674080644,0.06,0.04,0.0,0.72,0.12,0.9,0.0,0.0,0.0
LTT without hierarchy,2023,0.013185157280090412,0.8974358974358975,0.6870536117891691,0.05428984721092126,0.0,0.07965532674080644,0.06,0.04,0.0,0.72,0.12,0.9,0.85,0.0,0.0
LTT without hierarchy,2023,0.013185157280090412,0.8974358974358975,0.6593436398155682,0.0460627429707983,0.0,0.07126228901160905,0.06,0.04,0.0,0.73,0.1,0.0,0.0,0.0,0.0
LTT without hierarchy,2023,0.013185157280090412,0.8974358974358975,0.6593436398155682,0.0460627429707983,0.0,0.07126228901160905,0.06,0.04,0.0,0.73,0.1,0.0,0.85,0.0,0.0
LTT without hierarchy,2023,0.013185157280090412,0.8974358974358975,0.6593436398155682,0.0460627429707983,0.0,0.07126228901160905,0.06,0.04,0.0,0.73,0.1,0.9,0.0,0.0,0.0
LTT without hierarchy,2023,0.013185157280090412,0.8974358974358975,0.6593436398155682,0.0460627429707983,0.0,0.07126228901160905,0.06,0.04,0.0,0.73,0.1,0.9,0.85,0.0,0.0
LTT without hierarchy,2023,0.013185157280090412,0.8974358974358975,0.6870536117891691,0.05428984721092126,0.0,0.07965532674080644,0.06,0.04,0.0,0.73,0.12,0.0,0.0,0.0,0.0
LTT without hierarchy,2023,0.013185157280090412,0.8974358974358975,0.6870536117891691,0.05428984721092126,0.0,0.07965532674080644,0.06,0.04,0.0,0.73,0.12,0.0,0.85,0.0,0.0
LTT without hierarchy,2023,0.013185157280090412,0.8974358974358975,0.6870536117891691,0.05428984721092126,0.0,0.07965532674080644,0.06,0.04,0.0,0.73,0.12,0.9,0.0,0.0,0.0
LTT without hierarchy,2023,0.013185157280090412,0.8974358974358975,0.6870536117891691,0.05428984721092126,0.0,0.07965532674080644,0.06,0.04,0.0,0.73,0.12,0.9,0.85,0.0,0.0
LTT without hierarchy,2023,0.013185157280090412,0.8974358974358975,0.6593436398155682,0.0460627429707983,0.0,0.07126228901160905,0.06,0.04,0.0,0.74,0.1,0.0,0.0,0.0,0.0
LTT without hierarchy,2023,0.013185157280090412,0.8974358974358975,0.6593436398155682,0.0460627429707983,0.0,0.07126228901160905,0.06,0.04,0.0,0.74,0.1,0.0,0.85,0.0,0.0
LTT without hierarchy,2023,0.013185157280090412,0.8974358974358975,0.6593436398155682,0.0460627429707983,0.0,0.07126228901160905,0.06,0.04,0.0,0.74,0.1,0.9,0.0,0.0,0.0
LTT without hierarchy,2023,0.013185157280090412,0.8974358974358975,0.6593436398155682,0.0460627429707983,0.0,0.07126228901160905,0.06,0.04,0.0,0.74,0.1,0.9,0.85,0.0,0.0
LTT without hierarchy,2023,0.013185157280090412,0.8974358974358975,0.6870536117891691,0.05428984721092126,0.0,0.07965532674080644,0.06,0.04,0.0,0.74,0.12,0.0,0.0,0.0,0.0
LTT without hierarchy,2023,0.013185157280090412,0.8974358974358975,0.6870536117891691,0.05428984721092126,0.0,0.07965532674080644,0.06,0.04,0.0,0.74,0.12,0.0,0.85,0.0,0.0
LTT without hierarchy,2023,0.013185157280090412,0.8974358974358975,0.6870536117891691,0.05428984721092126,0.0,0.07965532674080644,0.06,0.04,0.0,0.74,0.12,0.9,0.0,0.0,0.0
LTT without hierarchy,2023,0.013185157280090412,0.8974358974358975,0.6870536117891691,0.05428984721092126,0.0,0.07965532674080644,0.06,0.04,0.0,0.74,0.12,0.9,0.85,0.0,0.0
LTT without hierarchy,2023,0.013185157280090412,0.8974358974358975,0.6593436398155682,0.0460627429707983,0.0,0.07126228901160905,0.06,0.04,0.0,0.746,0.1,0.0,0.0,0.0,0.0
LTT without hierarchy,2023,0.013185157280090412,0.8974358974358975,0.6593436398155682,0.0460627429707983,0.0,0.07126228901160905,0.06,0.04,0.0,0.746,0.1,0.0,0.85,0.0,0.0
LTT without hierarchy,2023,0.013185157280090412,0.8974358974358975,0.6593436398155682,0.0460627429707983,0.0,0.07126228901160905,0.06,0.04,0.0,0.746,0.1,0.9,0.0,0.0,0.0
LTT without hierarchy,2023,0.013185157280090412,0.8974358974358975,0.6593436398155682,0.0460627429707983,0.0,0.07126228901160905,0.06,0.04,0.0,0.746,0.1,0.9,0.85,0.0,0.0
LTT without hierarchy,2023,0.013185157280090412,0.8974358974358975,0.6870536117891691,0.05428984721092126,0.0,0.07965532674080644,0.06,0.04,0.0,0.746,0.12,0.0,0.0,0.0,0.0
LTT without hierarchy,2023,0.013185157280090412,0.8974358974358975,0.6870536117891691,0.05428984721092126,0.0,0.07965532674080644,0.06,0.04,0.0,0.746,0.12,0.0,0.85,0.0,0.0
LTT without hierarchy,2023,0.013185157280090412,0.8974358974358975,0.6870536117891691,0.05428984721092126,0.0,0.07965532674080644,0.06,0.04,0.0,0.746,0.12,0.9,0.0,0.0,0.0
LTT without hierarchy,2023,0.013185157280090412,0.8974358974358975,0.6870536117891691,0.05428984721092126,0.0,0.07965532674080644,0.06,0.04,0.0,0.746,0.12,0.9,0.85,0.0,0.0
LTT without hierarchy,2023,0.013185157280090412,0.8974358974358975,0.6593436398155682,0.0460627429707983,0.0,0.07126228901160905,0.06,0.04,0.0,0.75,0.1,0.0,0.0,0.0,0.0
LTT without hierarchy,2023,0.013185157280090412,0.8974358974358975,0.6593436398155682,0.0460627429707983,0.0,0.07126228901160905,0.06,0.04,0.0,0.75,0.1,0.0,0.85,0.0,0.0
LTT without hierarchy,2023,0.013185157280090412,0.8974358974358975,0.6593436398155682,0.0460627429707983,0.0,0.07126228901160905,0.06,0.04,0.0,0.75,0.1,0.9,0.0,0.0,0.0
LTT without hierarchy,2023,0.013185157280090412,0.8974358974358975,0.6593436398155682,0.0460627429707983,0.0,0.07126228901160905,0.06,0.04,0.0,0.75,0.1,0.9,0.85,0.0,0.0
LTT without hierarchy,2023,0.013185157280090412,0.8974358974358975,0.6870536117891691,0.05428984721092126,0.0,0.07965532674080644,0.06,0.04,0.0,0.75,0.12,0.0,0.0,0.0,0.0
LTT without hierarchy,2023,0.013185157280090412,0.8974358974358975,0.6870536117891691,0.05428984721092126,0.0,0.07965532674080644,0.06,0.04,0.0,0.75,0.12,0.0,0.85,0.0,0.0
LTT without hierarchy,2023,0.013185157280090412,0.8974358974358975,0.6870536117891691,0.05428984721092126,0.0,0.07965532674080644,0.06,0.04,0.0,0.75,0.12,0.9,0.0,0.0,0.0
LTT without hierarchy,2023,0.013185157280090412,0.8974358974358975,0.6870536117891691,0.05428984721092126,0.0,0.07965532674080644,0.06,0.04,0.0,0.75,0.12,0.9,0.85,0.0,0.0
LTT without hierarchy,2023,0.013185157280090412,0.8974358974358975,0.6593436398155682,0.0460627429707983,0.0,0.07126228901160905,0.06,0.04,0.02,0.0,0.1,0.0,0.0,0.0,0.0
LTT without hierarchy,2023,0.013185157280090412,0.8974358974358975,0.6593436398155682,0.0460627429707983,0.0,0.07126228901160905,0.06,0.04,0.02,0.0,0.1,0.0,0.85,0.0,0.0
LTT without hierarchy,2023,0.013185157280090412,0.8974358974358975,0.6593436398155682,0.0460627429707983,0.0,0.07126228901160905,0.06,0.04,0.02,0.0,0.1,0.9,0.0,0.0,0.0
LTT without hierarchy,2023,0.013185157280090412,0.8974358974358975,0.6593436398155682,0.0460627429707983,0.0,0.07126228901160905,0.06,0.04,0.02,0.0,0.1,0.9,0.85,0.0,0.0
LTT without hierarchy,2023,0.013185157280090412,0.8974358974358975,0.6870536117891691,0.05428984721092126,0.0,0.07965532674080644,0.06,0.04,0.02,0.0,0.12,0.0,0.0,0.0,0.0
LTT without hierarchy,2023,0.013185157280090412,0.8974358974358975,0.6870536117891691,0.05428984721092126,0.0,0.07965532674080644,0.06,0.04,0.02,0.0,0.12,0.0,0.85,0.0,0.0
LTT without hierarchy,2023,0.013185157280090412,0.8974358974358975,0.6870536117891691,0.05428984721092126,0.0,0.07965532674080644,0.06,0.04,0.02,0.0,0.12,0.9,0.0,0.0,0.0
LTT without hierarchy,2023,0.013185157280090412,0.8974358974358975,0.6870536117891691,0.05428984721092126,0.0,0.07965532674080644,0.06,0.04,0.02,0.0,0.12,0.9,0.85,0.0,0.0
LTT without hierarchy,2023,0.013185157280090412,0.8974358974358975,0.6593436398155682,0.0460627429707983,0.0,0.07126228901160905,0.06,0.04,0.02,0.7,0.1,0.0,0.0,0.0,0.0
LTT without hierarchy,2023,0.013185157280090412,0.8974358974358975,0.6593436398155682,0.0460627429707983,0.0,0.07126228901160905,0.06,0.04,0.02,0.7,0.1,0.0,0.85,0.0,0.0
LTT without hierarchy,2023,0.013185157280090412,0.8974358974358975,0.6593436398155682,0.0460627429707983,0.0,0.07126228901160905,0.06,0.04,0.02,0.7,0.1,0.9,0.0,0.0,0.0
LTT without hierarchy,2023,0.013185157280090412,0.8974358974358975,0.6593436398155682,0.0460627429707983,0.0,0.07126228901160905,0.06,0.04,0.02,0.7,0.1,0.9,0.85,0.0,0.0
LTT without hierarchy,2023,0.013185157280090412,0.8974358974358975,0.6870536117891691,0.05428984721092126,0.0,0.07965532674080644,0.06,0.04,0.02,0.7,0.12,0.0,0.0,0.0,0.0
LTT without hierarchy,2023,0.013185157280090412,0.8974358974358975,0.6870536117891691,0.05428984721092126,0.0,0.07965532674080644,0.06,0.04,0.02,0.7,0.12,0.0,0.85,0.0,0.0
LTT without hierarchy,2023,0.013185157280090412,0.8974358974358975,0.6870536117891691,0.05428984721092126,0.0,0.07965532674080644,0.06,0.04,0.02,0.7,0.12,0.9,0.0,0.0,0.0
LTT without hierarchy,2023,0.013185157280090412,0.8974358974358975,0.6870536117891691,0.05428984721092126,0.0,0.07965532674080644,0.06,0.04,0.02,0.7,0.12,0.9,0.85,0.0,0.0
LTT without hierarchy,2023,0.013185157280090412,0.8974358974358975,0.6593436398155682,0.0460627429707983,0.0,0.07126228901160905,0.06,0.04,0.02,0.72,0.1,0.0,0.0,0.0,0.0
LTT without hierarchy,2023,0.013185157280090412,0.8974358974358975,0.6593436398155682,0.0460627429707983,0.0,0.07126228901160905,0.06,0.04,0.02,0.72,0.1,0.0,0.85,0.0,0.0
LTT without hierarchy,2023,0.013185157280090412,0.8974358974358975,0.6593436398155682,0.0460627429707983,0.0,0.07126228901160905,0.06,0.04,0.02,0.72,0.1,0.9,0.0,0.0,0.0
LTT without hierarchy,2023,0.013185157280090412,0.8974358974358975,0.6593436398155682,0.0460627429707983,0.0,0.07126228901160905,0.06,0.04,0.02,0.72,0.1,0.9,0.85,0.0,0.0
LTT without hierarchy,2023,0.013185157280090412,0.8974358974358975,0.6870536117891691,0.05428984721092126,0.0,0.07965532674080644,0.06,0.04,0.02,0.72,0.12,0.0,0.0,0.0,0.0
LTT without hierarchy,2023,0.013185157280090412,0.8974358974358975,0.6870536117891691,0.05428984721092126,0.0,0.07965532674080644,0.06,0.04,0.02,0.72,0.12,0.0,0.85,0.0,0.0
LTT without hierarchy,2023,0.013185157280090412,0.8974358974358975,0.6870536117891691,0.05428984721092126,0.0,0.07965532674080644,0.06,0.04,0.02,0.72,0.12,0.9,0.0,0.0,0.0
LTT without hierarchy,2023,0.013185157280090412,0.8974358974358975,0.6870536117891691,0.05428984721092126,0.0,0.07965532674080644,0.06,0.04,0.02,0.72,0.12,0.9,0.85,0.0,0.0
LTT without hierarchy,2023,0.013185157280090412,0.8974358974358975,0.6593436398155682,0.0460627429707983,0.0,0.07126228901160905,0.06,0.04,0.02,0.73,0.1,0.0,0.0,0.0,0.0
LTT without hierarchy,2023,0.013185157280090412,0.8974358974358975,0.6593436398155682,0.0460627429707983,0.0,0.07126228901160905,0.06,0.04,0.02,0.73,0.1,0.0,0.85,0.0,0.0
LTT without hierarchy,2023,0.013185157280090412,0.8974358974358975,0.6593436398155682,0.0460627429707983,0.0,0.07126228901160905,0.06,0.04,0.02,0.73,0.1,0.9,0.0,0.0,0.0
LTT without hierarchy,2023,0.013185157280090412,0.8974358974358975,0.6593436398155682,0.0460627429707983,0.0,0.07126228901160905,0.06,0.04,0.02,0.73,0.1,0.9,0.85,0.0,0.0
LTT without hierarchy,2023,0.013185157280090412,0.8974358974358975,0.6870536117891691,0.05428984721092126,0.0,0.07965532674080644,0.06,0.04,0.02,0.73,0.12,0.0,0.0,0.0,0.0
LTT without hierarchy,2023,0.013185157280090412,0.8974358974358975,0.6870536117891691,0.05428984721092126,0.0,0.07965532674080644,0.06,0.04,0.02,0.73,0.12,0.0,0.85,0.0,0.0
LTT without hierarchy,2023,0.013185157280090412,0.8974358974358975,0.6870536117891691,0.05428984721092126,0.0,0.07965532674080644,0.06,0.04,0.02,0.73,0.12,0.9,0.0,0.0,0.0
LTT without hierarchy,2023,0.013185157280090412,0.8974358974358975,0.6870536117891691,0.05428984721092126,0.0,0.07965532674080644,0.06,0.04,0.02,0.73,0.12,0.9,0.85,0.0,0.0
LTT without hierarchy,2023,0.013185157280090412,0.8974358974358975,0.6593436398155682,0.0460627429707983,0.0,0.07126228901160905,0.06,0.04,0.02,0.74,0.1,0.0,0.0,0.0,0.0
LTT without hierarchy,2023,0.013185157280090412,0.8974358974358975,0.6593436398155682,0.0460627429707983,0.0,0.07126228901160905,0.06,0.04,0.02,0.74,0.1,0.0,0.85,0.0,0.0
LTT without hierarchy,2023,0.013185157280090412,0.8974358974358975,0.6593436398155682,0.0460627429707983,0.0,0.07126228901160905,0.06,0.04,0.02,0.74,0.1,0.9,0.0,0.0,0.0
LTT without hierarchy,2023,0.013185157280090412,0.8974358974358975,0.6593436398155682,0.0460627429707983,0.0,0.07126228901160905,0.06,0.04,0.02,0.74,0.1,0.9,0.85,0.0,0.0
LTT without hierarchy,2023,0.013185157280090412,0.8974358974358975,0.6870536117891691,0.05428984721092126,0.0,0.07965532674080644,0.06,0.04,0.02,0.74,0.12,0.0,0.0,0.0,0.0
LTT without hierarchy,2023,0.013185157280090412,0.8974358974358975,0.6870536117891691,0.05428984721092126,0.0,0.07965532674080644,0.06,0.04,0.02,0.74,0.12,0.0,0.85,0.0,0.0
LTT without hierarchy,2023,0.013185157280090412,0.8974358974358975,0.6870536117891691,0.05428984721092126,0.0,0.07965532674080644,0.06,0.04,0.02,0.74,0.12,0.9,0.0,0.0,0.0
LTT without hierarchy,2023,0.013185157280090412,0.8974358974358975,0.6870536117891691,0.05428984721092126,0.0,0.07965532674080644,0.06,0.04,0.02,0.74,0.12,0.9,0.85,0.0,0.0
LTT without hierarchy,2023,0.013185157280090412,0.8974358974358975,0.6593436398155682,0.0460627429707983,0.0,0.07126228901160905,0.06,0.04,0.02,0.746,0.1,0.0,0.0,0.0,0.0
LTT without hierarchy,2023,0.013185157280090412,0.8974358974358975,0.6593436398155682,0.0460627429707983,0.0,0.07126228901160905,0.06,0.04,0.02,0.746,0.1,0.0,0.85,0.0,0.0
LTT without hierarchy,2023,0.013185157280090412,0.8974358974358975,0.6593436398155682,0.0460627429707983,0.0,0.07126228901160905,0.06,0.04,0.02,0.746,0.1,0.9,0.0,0.0,0.0
LTT without hierarchy,2023,0.013185157280090412,0.8974358974358975,0.6593436398155682,0.0460627429707983,0.0,0.07126228901160905,0.06,0.04,0.02,0.746,0.1,0.9,0.85,0.0,0.0
LTT without hierarchy,2023,0.013185157280090412,0.8974358974358975,0.6870536117891691,0.05428984721092126,0.0,0.07965532674080644,0.06,0.04,0.02,0.746,0.12,0.0,0.0,0.0,0.0
LTT without hierarchy,2023,0.013185157280090412,0.8974358974358975,0.6870536117891691,0.05428984721092126,0.0,0.07965532674080644,0.06,0.04,0.02,0.746,0.12,0.0,0.85,0.0,0.0
LTT without hierarchy,2023,0.013185157280090412,0.8974358974358975,0.6870536117891691,0.05428984721092126,0.0,0.07965532674080644,0.06,0.04,0.02,0.746,0.12,0.9,0.0,0.0,0.0
LTT without hierarchy,2023,0.013185157280090412,0.8974358974358975,0.6870536117891691,0.05428984721092126,0.0,0.07965532674080644,0.06,0.04,0.02,0.746,0.12,0.9,0.85,0.0,0.0
LTT without hierarchy,2023,0.013185157280090412,0.8974358974358975,0.6593436398155682,0.0460627429707983,0.0,0.07126228901160905,0.06,0.04,0.02,0.75,0.1,0.0,0.0,0.0,0.0
LTT without hierarchy,2023,0.013185157280090412,0.8974358974358975,0.6593436398155682,0.0460627429707983,0.0,0.07126228901160905,0.06,0.04,0.02,0.75,0.1,0.0,0.85,0.0,0.0
LTT without hierarchy,2023,0.013185157280090412,0.8974358974358975,0.6593436398155682,0.0460627429707983,0.0,0.07126228901160905,0.06,0.04,0.02,0.75,0.1,0.9,0.0,0.0,0.0
LTT without hierarchy,2023,0.013185157280090412,0.8974358974358975,0.6593436398155682,0.0460627429707983,0.0,0.07126228901160905,0.06,0.04,0.02,0.75,0.1,0.9,0.85,0.0,0.0
LTT without hierarchy,2023,0.013185157280090412,0.8974358974358975,0.6870536117891691,0.05428984721092126,0.0,0.07965532674080644,0.06,0.04,0.02,0.75,0.12,0.0,0.0,0.0,0.0
LTT without hierarchy,2023,0.013185157280090412,0.8974358974358975,0.6870536117891691,0.05428984721092126,0.0,0.07965532674080644,0.06,0.04,0.02,0.75,0.12,0.0,0.85,0.0,0.0
LTT without hierarchy,2023,0.013185157280090412,0.8974358974358975,0.6870536117891691,0.05428984721092126,0.0,0.07965532674080644,0.06,0.04,0.02,0.75,0.12,0.9,0.0,0.0,0.0
LTT without hierarchy,2023,0.013185157280090412,0.8974358974358975,0.6870536117891691,0.05428984721092126,0.0,0.07965532674080644,0.06,0.04,0.02,0.75,0.12,0.9,0.85,0.0,0.0
LTT without hierarchy,2023,0.013185157280090412,0.8974358974358975,0.6593436398155682,0.0460627429707983,0.0,0.07126228901160905,0.06,0.04,0.04,0.0,0.1,0.0,0.0,0.0,0.0
LTT without hierarchy,2023,0.013185157280090412,0.8974358974358975,0.6593436398155682,0.0460627429707983,0.0,0.07126228901160905,0.06,0.04,0.04,0.0,0.1,0.0,0.85,0.0,0.0
LTT without hierarchy,2023,0.013185157280090412,0.8974358974358975,0.6593436398155682,0.0460627429707983,0.0,0.07126228901160905,0.06,0.04,0.04,0.0,0.1,0.9,0.0,0.0,0.0
LTT without hierarchy,2023,0.013185157280090412,0.8974358974358975,0.6593436398155682,0.0460627429707983,0.0,0.07126228901160905,0.06,0.04,0.04,0.0,0.1,0.9,0.85,0.0,0.0
LTT without hierarchy,2023,0.013185157280090412,0.8974358974358975,0.6870536117891691,0.05428984721092126,0.0,0.07965532674080644,0.06,0.04,0.04,0.0,0.12,0.0,0.0,0.0,0.0
LTT without hierarchy,2023,0.013185157280090412,0.8974358974358975,0.6870536117891691,0.05428984721092126,0.0,0.07965532674080644,0.06,0.04,0.04,0.0,0.12,0.0,0.85,0.0,0.0
LTT without hierarchy,2023,0.013185157280090412,0.8974358974358975,0.6870536117891691,0.05428984721092126,0.0,0.07965532674080644,0.06,0.04,0.04,0.0,0.12,0.9,0.0,0.0,0.0
LTT without hierarchy,2023,0.013185157280090412,0.8974358974358975,0.6870536117891691,0.05428984721092126,0.0,0.07965532674080644,0.06,0.04,0.04,0.0,0.12,0.9,0.85,0.0,0.0
LTT without hierarchy,2023,0.013185157280090412,0.8974358974358975,0.6593436398155682,0.0460627429707983,0.0,0.07126228901160905,0.06,0.04,0.04,0.7,0.1,0.0,0.0,0.0,0.0
LTT without hierarchy,2023,0.013185157280090412,0.8974358974358975,0.6593436398155682,0.0460627429707983,0.0,0.07126228901160905,0.06,0.04,0.04,0.7,0.1,0.0,0.85,0.0,0.0
LTT without hierarchy,2023,0.013185157280090412,0.8974358974358975,0.6593436398155682,0.0460627429707983,0.0,0.07126228901160905,0.06,0.04,0.04,0.7,0.1,0.9,0.0,0.0,0.0
LTT without hierarchy,2023,0.013185157280090412,0.8974358974358975,0.6593436398155682,0.0460627429707983,0.0,0.07126228901160905,0.06,0.04,0.04,0.7,0.1,0.9,0.85,0.0,0.0
LTT without hierarchy,2023,0.013185157280090412,0.8974358974358975,0.6870536117891691,0.05428984721092126,0.0,0.07965532674080644,0.06,0.04,0.04,0.7,0.12,0.0,0.0,0.0,0.0
LTT without hierarchy,2023,0.013185157280090412,0.8974358974358975,0.6870536117891691,0.05428984721092126,0.0,0.07965532674080644,0.06,0.04,0.04,0.7,0.12,0.0,0.85,0.0,0.0
LTT without hierarchy,2023,0.013185157280090412,0.8974358974358975,0.6870536117891691,0.05428984721092126,0.0,0.07965532674080644,0.06,0.04,0.04,0.7,0.12,0.9,0.0,0.0,0.0
LTT without hierarchy,2023,0.013185157280090412,0.8974358974358975,0.6870536117891691,0.05428984721092126,0.0,0.07965532674080644,0.06,0.04,0.04,0.7,0.12,0.9,0.85,0.0,0.0
LTT without hierarchy,2023,0.013185157280090412,0.8974358974358975,0.6593436398155682,0.0460627429707983,0.0,0.07126228901160905,0.06,0.04,0.04,0.72,0.1,0.0,0.0,0.0,0.0
LTT without hierarchy,2023,0.013185157280090412,0.8974358974358975,0.6593436398155682,0.0460627429707983,0.0,0.07126228901160905,0.06,0.04,0.04,0.72,0.1,0.0,0.85,0.0,0.0
LTT without hierarchy,2023,0.013185157280090412,0.8974358974358975,0.6593436398155682,0.0460627429707983,0.0,0.07126228901160905,0.06,0.04,0.04,0.72,0.1,0.9,0.0,0.0,0.0
LTT without hierarchy,2023,0.013185157280090412,0.8974358974358975,0.6593436398155682,0.0460627429707983,0.0,0.07126228901160905,0.06,0.04,0.04,0.72,0.1,0.9,0.85,0.0,0.0
LTT without hierarchy,2023,0.013185157280090412,0.8974358974358975,0.6870536117891691,0.05428984721092126,0.0,0.07965532674080644,0.06,0.04,0.04,0.72,0.12,0.0,0.0,0.0,0.0
LTT without hierarchy,2023,0.013185157280090412,0.8974358974358975,0.6870536117891691,0.05428984721092126,0.0,0.07965532674080644,0.06,0.04,0.04,0.72,0.12,0.0,0.85,0.0,0.0
LTT without hierarchy,2023,0.013185157280090412,0.8974358974358975,0.6870536117891691,0.05428984721092126,0.0,0.07965532674080644,0.06,0.04,0.04,0.72,0.12,0.9,0.0,0.0,0.0
LTT without hierarchy,2023,0.013185157280090412,0.8974358974358975,0.6870536117891691,0.05428984721092126,0.0,0.07965532674080644,0.06,0.04,0.04,0.72,0.12,0.9,0.85,0.0,0.0
LTT without hierarchy,2023,0.013185157280090412,0.8974358974358975,0.6593436398155682,0.0460627429707983,0.0,0.07126228901160905,0.06,0.04,0.04,0.73,0.1,0.0,0.0,0.0,0.0
LTT without hierarchy,2023,0.013185157280090412,0.8974358974358975,0.6593436398155682,0.0460627429707983,0.0,0.07126228901160905,0.06,0.04,0.04,0.73,0.1,0.0,0.85,0.0,0.0
LTT without hierarchy,2023,0.013185157280090412,0.8974358974358975,0.6593436398155682,0.0460627429707983,0.0,0.07126228901160905,0.06,0.04,0.04,0.73,0.1,0.9,0.0,0.0,0.0
LTT without hierarchy,2023,0.013185157280090412,0.8974358974358975,0.6593436398155682,0.0460627429707983,0.0,0.07126228901160905,0.06,0.04,0.04,0.73,0.1,0.9,0.85,0.0,0.0
LTT without hierarchy,2023,0.013185157280090412,0.8974358974358975,0.6870536117891691,0.05428984721092126,0.0,0.07965532674080644,0.06,0.04,0.04,0.73,0.12,0.0,0.0,0.0,0.0
LTT without hierarchy,2023,0.013185157280090412,0.8974358974358975,0.6870536117891691,0.05428984721092126,0.0,0.07965532674080644,0.06,0.04,0.04,0.73,0.12,0.0,0.85,0.0,0.0
LTT without hierarchy,2023,0.013185157280090412,0.8974358974358975,0.6870536117891691,0.05428984721092126,0.0,0.07965532674080644,0.06,0.04,0.04,0.73,0.12,0.9,0.0,0.0,0.0
LTT without hierarchy,2023,0.013185157280090412,0.8974358974358975,0.6870536117891691,0.05428984721092126,0.0,0.07965532674080644,0.06,0.04,0.04,0.73,0.12,0.9,0.85,0.0,0.0
LTT without hierarchy,2023,0.013185157280090412,0.8974358974358975,0.6593436398155682,0.0460627429707983,0.0,0.07126228901160905,0.06,0.04,0.04,0.74,0.1,0.0,0.0,0.0,0.0
LTT without hierarchy,2023,0.013185157280090412,0.8974358974358975,0.6593436398155682,0.0460627429707983,0.0,0.07126228901160905,0.06,0.04,0.04,0.74,0.1,0.0,0.85,0.0,0.0
LTT without hierarchy,2023,0.013185157280090412,0.8974358974358975,0.6593436398155682,0.0460627429707983,0.0,0.07126228901160905,0.06,0.04,0.04,0.74,0.1,0.9,0.0,0.0,0.0
LTT without hierarchy,2023,0.013185157280090412,0.8974358974358975,0.6593436398155682,0.0460627429707983,0.0,0.07126228901160905,0.06,0.04,0.04,0.74,0.1,0.9,0.85,0.0,0.0
LTT without hierarchy,2023,0.013185157280090412,0.8974358974358975,0.6870536117891691,0.05428984721092126,0.0,0.07965532674080644,0.06,0.04,0.04,0.74,0.12,0.0,0.0,0.0,0.0
LTT without hierarchy,2023,0.013185157280090412,0.8974358974358975,0.6870536117891691,0.05428984721092126,0.0,0.07965532674080644,0.06,0.04,0.04,0.74,0.12,0.0,0.85,0.0,0.0
LTT without hierarchy,2023,0.013185157280090412,0.8974358974358975,0.6870536117891691,0.05428984721092126,0.0,0.07965532674080644,0.06,0.04,0.04,0.74,0.12,0.9,0.0,0.0,0.0
LTT without hierarchy,2023,0.013185157280090412,0.8974358974358975,0.6870536117891691,0.05428984721092126,0.0,0.07965532674080644,0.06,0.04,0.04,0.74,0.12,0.9,0.85,0.0,0.0
LTT without hierarchy,2023,0.013185157280090412,0.8974358974358975,0.6593436398155682,0.0460627429707983,0.0,0.07126228901160905,0.06,0.04,0.04,0.746,0.1,0.0,0.0,0.0,0.0
LTT without hierarchy,2023,0.013185157280090412,0.8974358974358975,0.6593436398155682,0.0460627429707983,0.0,0.07126228901160905,0.06,0.04,0.04,0.746,0.1,0.0,0.85,0.0,0.0
LTT without hierarchy,2023,0.013185157280090412,0.8974358974358975,0.6593436398155682,0.0460627429707983,0.0,0.07126228901160905,0.06,0.04,0.04,0.746,0.1,0.9,0.0,0.0,0.0
LTT without hierarchy,2023,0.013185157280090412,0.8974358974358975,0.6593436398155682,0.0460627429707983,0.0,0.07126228901160905,0.06,0.04,0.04,0.746,0.1,0.9,0.85,0.0,0.0
LTT without hierarchy,2023,0.013185157280090412,0.8974358974358975,0.6870536117891691,0.05428984721092126,0.0,0.07965532674080644,0.06,0.04,0.04,0.746,0.12,0.0,0.0,0.0,0.0
LTT without hierarchy,2023,0.013185157280090412,0.8974358974358975,0.6870536117891691,0.05428984721092126,0.0,0.07965532674080644,0.06,0.04,0.04,0.746,0.12,0.0,0.85,0.0,0.0
LTT without hierarchy,2023,0.013185157280090412,0.8974358974358975,0.6870536117891691,0.05428984721092126,0.0,0.07965532674080644,0.06,0.04,0.04,0.746,0.12,0.9,0.0,0.0,0.0
LTT without hierarchy,2023,0.013185157280090412,0.8974358974358975,0.6870536117891691,0.05428984721092126,0.0,0.07965532674080644,0.06,0.04,0.04,0.746,0.12,0.9,0.85,0.0,0.0
LTT without hierarchy,2023,0.013185157280090412,0.8974358974358975,0.6593436398155682,0.0460627429707983,0.0,0.07126228901160905,0.06,0.04,0.04,0.75,0.1,0.0,0.0,0.0,0.0
LTT without hierarchy,2023,0.013185157280090412,0.8974358974358975,0.6593436398155682,0.0460627429707983,0.0,0.07126228901160905,0.06,0.04,0.04,0.75,0.1,0.0,0.85,0.0,0.0
LTT without hierarchy,2023,0.013185157280090412,0.8974358974358975,0.6593436398155682,0.0460627429707983,0.0,0.07126228901160905,0.06,0.04,0.04,0.75,0.1,0.9,0.0,0.0,0.0
LTT without hierarchy,2023,0.013185157280090412,0.8974358974358975,0.6593436398155682,0.0460627429707983,0.0,0.07126228901160905,0.06,0.04,0.04,0.75,0.1,0.9,0.85,0.0,0.0
LTT without hierarchy,2023,0.013185157280090412,0.8974358974358975,0.6870536117891691,0.05428984721092126,0.0,0.07965532674080644,0.06,0.04,0.04,0.75,0.12,0.0,0.0,0.0,0.0
LTT without hierarchy,2023,0.013185157280090412,0.8974358974358975,0.6870536117891691,0.05428984721092126,0.0,0.07965532674080644,0.06,0.04,0.04,0.75,0.12,0.0,0.85,0.0,0.0
LTT without hierarchy,2023,0.013185157280090412,0.8974358974358975,0.6870536117891691,0.05428984721092126,0.0,0.07965532674080644,0.06,0.04,0.04,0.75,0.12,0.9,0.0,0.0,0.0
LTT without hierarchy,2023,0.013185157280090412,0.8974358974358975,0.6870536117891691,0.05428984721092126,0.0,0.07965532674080644,0.06,0.04,0.04,0.75,0.12,0.9,0.85,0.0,0.0
LTT without hierarchy,2023,0.013185157280090412,0.8974358974358975,0.6593436398155682,0.0460627429707983,0.0,0.07126228901160905,0.06,0.06,0.0,0.0,0.1,0.0,0.0,0.0,0.0
LTT without hierarchy,2023,0.013185157280090412,0.8974358974358975,0.6593436398155682,0.0460627429707983,0.0,0.07126228901160905,0.06,0.06,0.0,0.0,0.1,0.0,0.85,0.0,0.0
LTT without hierarchy,2023,0.013185157280090412,0.8974358974358975,0.6593436398155682,0.0460627429707983,0.0,0.07126228901160905,0.06,0.06,0.0,0.0,0.1,0.9,0.0,0.0,0.0
LTT without hierarchy,2023,0.013185157280090412,0.8974358974358975,0.6593436398155682,0.0460627429707983,0.0,0.07126228901160905,0.06,0.06,0.0,0.0,0.1,0.9,0.85,0.0,0.0
LTT without hierarchy,2023,0.013185157280090412,0.8974358974358975,0.6870536117891691,0.05428984721092126,0.0,0.07965532674080644,0.06,0.06,0.0,0.0,0.12,0.0,0.0,0.0,0.0
LTT without hierarchy,2023,0.013185157280090412,0.8974358974358975,0.6870536117891691,0.05428984721092126,0.0,0.07965532674080644,0.06,0.06,0.0,0.0,0.12,0.0,0.85,0.0,0.0
LTT without hierarchy,2023,0.013185157280090412,0.8974358974358975,0.6870536117891691,0.05428984721092126,0.0,0.07965532674080644,0.06,0.06,0.0,0.0,0.12,0.9,0.0,0.0,0.0
LTT without hierarchy,2023,0.013185157280090412,0.8974358974358975,0.6870536117891691,0.05428984721092126,0.0,0.07965532674080644,0.06,0.06,0.0,0.0,0.12,0.9,0.85,0.0,0.0
LTT without hierarchy,2023,0.013185157280090412,0.8974358974358975,0.6593436398155682,0.0460627429707983,0.0,0.07126228901160905,0.06,0.06,0.0,0.7,0.1,0.0,0.0,0.0,0.0
LTT without hierarchy,2023,0.013185157280090412,0.8974358974358975,0.6593436398155682,0.0460627429707983,0.0,0.07126228901160905,0.06,0.06,0.0,0.7,0.1,0.0,0.85,0.0,0.0
LTT without hierarchy,2023,0.013185157280090412,0.8974358974358975,0.6593436398155682,0.0460627429707983,0.0,0.07126228901160905,0.06,0.06,0.0,0.7,0.1,0.9,0.0,0.0,0.0
LTT without hierarchy,2023,0.013185157280090412,0.8974358974358975,0.6593436398155682,0.0460627429707983,0.0,0.07126228901160905,0.06,0.06,0.0,0.7,0.1,0.9,0.85,0.0,0.0
LTT without hierarchy,2023,0.013185157280090412,0.8974358974358975,0.6870536117891691,0.05428984721092126,0.0,0.07965532674080644,0.06,0.06,0.0,0.7,0.12,0.0,0.0,0.0,0.0
LTT without hierarchy,2023,0.013185157280090412,0.8974358974358975,0.6870536117891691,0.05428984721092126,0.0,0.07965532674080644,0.06,0.06,0.0,0.7,0.12,0.0,0.85,0.0,0.0
LTT without hierarchy,2023,0.013185157280090412,0.8974358974358975,0.6870536117891691,0.05428984721092126,0.0,0.07965532674080644,0.06,0.06,0.0,0.7,0.12,0.9,0.0,0.0,0.0
LTT without hierarchy,2023,0.013185157280090412,0.8974358974358975,0.6870536117891691,0.05428984721092126,0.0,0.07965532674080644,0.06,0.06,0.0,0.7,0.12,0.9,0.85,0.0,0.0
LTT without hierarchy,2023,0.013185157280090412,0.8974358974358975,0.6593436398155682,0.0460627429707983,0.0,0.07126228901160905,0.06,0.06,0.0,0.72,0.1,0.0,0.0,0.0,0.0
LTT without hierarchy,2023,0.013185157280090412,0.8974358974358975,0.6593436398155682,0.0460627429707983,0.0,0.07126228901160905,0.06,0.06,0.0,0.72,0.1,0.0,0.85,0.0,0.0
LTT without hierarchy,2023,0.013185157280090412,0.8974358974358975,0.6593436398155682,0.0460627429707983,0.0,0.07126228901160905,0.06,0.06,0.0,0.72,0.1,0.9,0.0,0.0,0.0
LTT without hierarchy,2023,0.013185157280090412,0.8974358974358975,0.6593436398155682,0.0460627429707983,0.0,0.07126228901160905,0.06,0.06,0.0,0.72,0.1,0.9,0.85,0.0,0.0
LTT without hierarchy,2023,0.013185157280090412,0.8974358974358975,0.6870536117891691,0.05428984721092126,0.0,0.07965532674080644,0.06,0.06,0.0,0.72,0.12,0.0,0.0,0.0,0.0
LTT without hierarchy,2023,0.013185157280090412,0.8974358974358975,0.6870536117891691,0.05428984721092126,0.0,0.07965532674080644,0.06,0.06,0.0,0.72,0.12,0.0,0.85,0.0,0.0
LTT without hierarchy,2023,0.013185157280090412,0.8974358974358975,0.6870536117891691,0.05428984721092126,0.0,0.07965532674080644,0.06,0.06,0.0,0.72,0.12,0.9,0.0,0.0,0.0
LTT without hierarchy,2023,0.013185157280090412,0.8974358974358975,0.6870536117891691,0.05428984721092126,0.0,0.07965532674080644,0.06,0.06,0.0,0.72,0.12,0.9,0.85,0.0,0.0
LTT without hierarchy,2023,0.013185157280090412,0.8974358974358975,0.6593436398155682,0.0460627429707983,0.0,0.07126228901160905,0.06,0.06,0.0,0.73,0.1,0.0,0.0,0.0,0.0
LTT without hierarchy,2023,0.013185157280090412,0.8974358974358975,0.6593436398155682,0.0460627429707983,0.0,0.07126228901160905,0.06,0.06,0.0,0.73,0.1,0.0,0.85,0.0,0.0
LTT without hierarchy,2023,0.013185157280090412,0.8974358974358975,0.6593436398155682,0.0460627429707983,0.0,0.07126228901160905,0.06,0.06,0.0,0.73,0.1,0.9,0.0,0.0,0.0
LTT without hierarchy,2023,0.013185157280090412,0.8974358974358975,0.6593436398155682,0.0460627429707983,0.0,0.07126228901160905,0.06,0.06,0.0,0.73,0.1,0.9,0.85,0.0,0.0
LTT without hierarchy,2023,0.013185157280090412,0.8974358974358975,0.6870536117891691,0.05428984721092126,0.0,0.07965532674080644,0.06,0.06,0.0,0.73,0.12,0.0,0.0,0.0,0.0
LTT without hierarchy,2023,0.013185157280090412,0.8974358974358975,0.6870536117891691,0.05428984721092126,0.0,0.07965532674080644,0.06,0.06,0.0,0.73,0.12,0.0,0.85,0.0,0.0
LTT without hierarchy,2023,0.013185157280090412,0.8974358974358975,0.6870536117891691,0.05428984721092126,0.0,0.07965532674080644,0.06,0.06,0.0,0.73,0.12,0.9,0.0,0.0,0.0
LTT without hierarchy,2023,0.013185157280090412,0.8974358974358975,0.6870536117891691,0.05428984721092126,0.0,0.07965532674080644,0.06,0.06,0.0,0.73,0.12,0.9,0.85,0.0,0.0
LTT without hierarchy,2023,0.013185157280090412,0.8974358974358975,0.6593436398155682,0.0460627429707983,0.0,0.07126228901160905,0.06,0.06,0.0,0.74,0.1,0.0,0.0,0.0,0.0
LTT without hierarchy,2023,0.013185157280090412,0.8974358974358975,0.6593436398155682,0.0460627429707983,0.0,0.07126228901160905,0.06,0.06,0.0,0.74,0.1,0.0,0.85,0.0,0.0
LTT without hierarchy,2023,0.013185157280090412,0.8974358974358975,0.6593436398155682,0.0460627429707983,0.0,0.07126228901160905,0.06,0.06,0.0,0.74,0.1,0.9,0.0,0.0,0.0
LTT without hierarchy,2023,0.013185157280090412,0.8974358974358975,0.6593436398155682,0.0460627429707983,0.0,0.07126228901160905,0.06,0.06,0.0,0.74,0.1,0.9,0.85,0.0,0.0
LTT without hierarchy,2023,0.013185157280090412,0.8974358974358975,0.6870536117891691,0.05428984721092126,0.0,0.07965532674080644,0.06,0.06,0.0,0.74,0.12,0.0,0.0,0.0,0.0
LTT without hierarchy,2023,0.013185157280090412,0.8974358974358975,0.6870536117891691,0.05428984721092126,0.0,0.07965532674080644,0.06,0.06,0.0,0.74,0.12,0.0,0.85,0.0,0.0
LTT without hierarchy,2023,0.013185157280090412,0.8974358974358975,0.6870536117891691,0.05428984721092126,0.0,0.07965532674080644,0.06,0.06,0.0,0.74,0.12,0.9,0.0,0.0,0.0
LTT without hierarchy,2023,0.013185157280090412,0.8974358974358975,0.6870536117891691,0.05428984721092126,0.0,0.07965532674080644,0.06,0.06,0.0,0.74,0.12,0.9,0.85,0.0,0.0
LTT without hierarchy,2023,0.013185157280090412,0.8974358974358975,0.6593436398155682,0.0460627429707983,0.0,0.07126228901160905,0.06,0.06,0.0,0.746,0.1,0.0,0.0,0.0,0.0
LTT without hierarchy,2023,0.013185157280090412,0.8974358974358975,0.6593436398155682,0.0460627429707983,0.0,0.07126228901160905,0.06,0.06,0.0,0.746,0.1,0.0,0.85,0.0,0.0
LTT without hierarchy,2023,0.013185157280090412,0.8974358974358975,0.6593436398155682,0.0460627429707983,0.0,0.07126228901160905,0.06,0.06,0.0,0.746,0.1,0.9,0.0,0.0,0.0
LTT without hierarchy,2023,0.013185157280090412,0.8974358974358975,0.6593436398155682,0.0460627429707983,0.0,0.07126228901160905,0.06,0.06,0.0,0.746,0.1,0.9,0.85,0.0,0.0
LTT without hierarchy,2023,0.013185157280090412,0.8974358974358975,0.6870536117891691,0.05428984721092126,0.0,0.07965532674080644,0.06,0.06,0.0,0.746,0.12,0.0,0.0,0.0,0.0
LTT without hierarchy,2023,0.013185157280090412,0.8974358974358975,0.6870536117891691,0.05428984721092126,0.0,0.07965532674080644,0.06,0.06,0.0,0.746,0.12,0.0,0.85,0.0,0.0
LTT without hierarchy,2023,0.013185157280090412,0.8974358974358975,0.6870536117891691,0.05428984721092126,0.0,0.07965532674080644,0.06,0.06,0.0,0.746,0.12,0.9,0.0,0.0,0.0
LTT without hierarchy,2023,0.013185157280090412,0.8974358974358975,0.6870536117891691,0.05428984721092126,0.0,0.07965532674080644,0.06,0.06,0.0,0.746,0.12,0.9,0.85,0.0,0.0
LTT without hierarchy,2023,0.013185157280090412,0.8974358974358975,0.6593436398155682,0.0460627429707983,0.0,0.07126228901160905,0.06,0.06,0.0,0.75,0.1,0.0,0.0,0.0,0.0
LTT without hierarchy,2023,0.013185157280090412,0.8974358974358975,0.6593436398155682,0.0460627429707983,0.0,0.07126228901160905,0.06,0.06,0.0,0.75,0.1,0.0,0.85,0.0,0.0
LTT without hierarchy,2023,0.013185157280090412,0.8974358974358975,0.6593436398155682,0.0460627429707983,0.0,0.07126228901160905,0.06,0.06,0.0,0.75,0.1,0.9,0.0,0.0,0.0
LTT without hierarchy,2023,0.013185157280090412,0.8974358974358975,0.6593436398155682,0.0460627429707983,0.0,0.07126228901160905,0.06,0.06,0.0,0.75,0.1,0.9,0.85,0.0,0.0
LTT without hierarchy,2023,0.013185157280090412,0.8974358974358975,0.6870536117891691,0.05428984721092126,0.0,0.07965532674080644,0.06,0.06,0.0,0.75,0.12,0.0,0.0,0.0,0.0
LTT without hierarchy,2023,0.013185157280090412,0.8974358974358975,0.6870536117891691,0.05428984721092126,0.0,0.07965532674080644,0.06,0.06,0.0,0.75,0.12,0.0,0.85,0.0,0.0
LTT without hierarchy,2023,0.013185157280090412,0.8974358974358975,0.6870536117891691,0.05428984721092126,0.0,0.07965532674080644,0.06,0.06,0.0,0.75,0.12,0.9,0.0,0.0,0.0
LTT without hierarchy,2023,0.013185157280090412,0.8974358974358975,0.6870536117891691,0.05428984721092126,0.0,0.07965532674080644,0.06,0.06,0.0,0.75,0.12,0.9,0.85,0.0,0.0
LTT without hierarchy,2023,0.013185157280090412,0.8974358974358975,0.6593436398155682,0.0460627429707983,0.0,0.07126228901160905,0.06,0.06,0.02,0.0,0.1,0.0,0.0,0.0,0.0
LTT without hierarchy,2023,0.013185157280090412,0.8974358974358975,0.6593436398155682,0.0460627429707983,0.0,0.07126228901160905,0.06,0.06,0.02,0.0,0.1,0.0,0.85,0.0,0.0
LTT without hierarchy,2023,0.013185157280090412,0.8974358974358975,0.6593436398155682,0.0460627429707983,0.0,0.07126228901160905,0.06,0.06,0.02,0.0,0.1,0.9,0.0,0.0,0.0
LTT without hierarchy,2023,0.013185157280090412,0.8974358974358975,0.6593436398155682,0.0460627429707983,0.0,0.07126228901160905,0.06,0.06,0.02,0.0,0.1,0.9,0.85,0.0,0.0
LTT without hierarchy,2023,0.013185157280090412,0.8974358974358975,0.6870536117891691,0.05428984721092126,0.0,0.07965532674080644,0.06,0.06,0.02,0.0,0.12,0.0,0.0,0.0,0.0
LTT without hierarchy,2023,0.013185157280090412,0.8974358974358975,0.6870536117891691,0.05428984721092126,0.0,0.07965532674080644,0.06,0.06,0.02,0.0,0.12,0.0,0.85,0.0,0.0
LTT without hierarchy,2023,0.013185157280090412,0.8974358974358975,0.6870536117891691,0.05428984721092126,0.0,0.07965532674080644,0.06,0.06,0.02,0.0,0.12,0.9,0.0,0.0,0.0
LTT without hierarchy,2023,0.013185157280090412,0.8974358974358975,0.6870536117891691,0.05428984721092126,0.0,0.07965532674080644,0.06,0.06,0.02,0.0,0.12,0.9,0.85,0.0,0.0
LTT without hierarchy,2023,0.013185157280090412,0.8974358974358975,0.6593436398155682,0.0460627429707983,0.0,0.07126228901160905,0.06,0.06,0.02,0.7,0.1,0.0,0.0,0.0,0.0
LTT without hierarchy,2023,0.013185157280090412,0.8974358974358975,0.6593436398155682,0.0460627429707983,0.0,0.07126228901160905,0.06,0.06,0.02,0.7,0.1,0.0,0.85,0.0,0.0
LTT without hierarchy,2023,0.013185157280090412,0.8974358974358975,0.6593436398155682,0.0460627429707983,0.0,0.07126228901160905,0.06,0.06,0.02,0.7,0.1,0.9,0.0,0.0,0.0
LTT without hierarchy,2023,0.013185157280090412,0.8974358974358975,0.6593436398155682,0.0460627429707983,0.0,0.07126228901160905,0.06,0.06,0.02,0.7,0.1,0.9,0.85,0.0,0.0
LTT without hierarchy,2023,0.013185157280090412,0.8974358974358975,0.6870536117891691,0.05428984721092126,0.0,0.07965532674080644,0.06,0.06,0.02,0.7,0.12,0.0,0.0,0.0,0.0
LTT without hierarchy,2023,0.013185157280090412,0.8974358974358975,0.6870536117891691,0.05428984721092126,0.0,0.07965532674080644,0.06,0.06,0.02,0.7,0.12,0.0,0.85,0.0,0.0
LTT without hierarchy,2023,0.013185157280090412,0.8974358974358975,0.6870536117891691,0.05428984721092126,0.0,0.07965532674080644,0.06,0.06,0.02,0.7,0.12,0.9,0.0,0.0,0.0
LTT without hierarchy,2023,0.013185157280090412,0.8974358974358975,0.6870536117891691,0.05428984721092126,0.0,0.07965532674080644,0.06,0.06,0.02,0.7,0.12,0.9,0.85,0.0,0.0
LTT without hierarchy,2023,0.013185157280090412,0.8974358974358975,0.6593436398155682,0.0460627429707983,0.0,0.07126228901160905,0.06,0.06,0.02,0.72,0.1,0.0,0.0,0.0,0.0
LTT without hierarchy,2023,0.013185157280090412,0.8974358974358975,0.6593436398155682,0.0460627429707983,0.0,0.07126228901160905,0.06,0.06,0.02,0.72,0.1,0.0,0.85,0.0,0.0
LTT without hierarchy,2023,0.013185157280090412,0.8974358974358975,0.6593436398155682,0.0460627429707983,0.0,0.07126228901160905,0.06,0.06,0.02,0.72,0.1,0.9,0.0,0.0,0.0
LTT without hierarchy,2023,0.013185157280090412,0.8974358974358975,0.6593436398155682,0.0460627429707983,0.0,0.07126228901160905,0.06,0.06,0.02,0.72,0.1,0.9,0.85,0.0,0.0
LTT without hierarchy,2023,0.013185157280090412,0.8974358974358975,0.6870536117891691,0.05428984721092126,0.0,0.07965532674080644,0.06,0.06,0.02,0.72,0.12,0.0,0.0,0.0,0.0
LTT without hierarchy,2023,0.013185157280090412,0.8974358974358975,0.6870536117891691,0.05428984721092126,0.0,0.07965532674080644,0.06,0.06,0.02,0.72,0.12,0.0,0.85,0.0,0.0
LTT without hierarchy,2023,0.013185157280090412,0.8974358974358975,0.6870536117891691,0.05428984721092126,0.0,0.07965532674080644,0.06,0.06,0.02,0.72,0.12,0.9,0.0,0.0,0.0
LTT without hierarchy,2023,0.013185157280090412,0.8974358974358975,0.6870536117891691,0.05428984721092126,0.0,0.07965532674080644,0.06,0.06,0.02,0.72,0.12,0.9,0.85,0.0,0.0
LTT without hierarchy,2023,0.013185157280090412,0.8974358974358975,0.6593436398155682,0.0460627429707983,0.0,0.07126228901160905,0.06,0.06,0.02,0.73,0.1,0.0,0.0,0.0,0.0
LTT without hierarchy,2023,0.013185157280090412,0.8974358974358975,0.6593436398155682,0.0460627429707983,0.0,0.07126228901160905,0.06,0.06,0.02,0.73,0.1,0.0,0.85,0.0,0.0
LTT without hierarchy,2023,0.013185157280090412,0.8974358974358975,0.6593436398155682,0.0460627429707983,0.0,0.07126228901160905,0.06,0.06,0.02,0.73,0.1,0.9,0.0,0.0,0.0
LTT without hierarchy,2023,0.013185157280090412,0.8974358974358975,0.6593436398155682,0.0460627429707983,0.0,0.07126228901160905,0.06,0.06,0.02,0.73,0.1,0.9,0.85,0.0,0.0
LTT without hierarchy,2023,0.013185157280090412,0.8974358974358975,0.6870536117891691,0.05428984721092126,0.0,0.07965532674080644,0.06,0.06,0.02,0.73,0.12,0.0,0.0,0.0,0.0
LTT without hierarchy,2023,0.013185157280090412,0.8974358974358975,0.6870536117891691,0.05428984721092126,0.0,0.07965532674080644,0.06,0.06,0.02,0.73,0.12,0.0,0.85,0.0,0.0
LTT without hierarchy,2023,0.013185157280090412,0.8974358974358975,0.6870536117891691,0.05428984721092126,0.0,0.07965532674080644,0.06,0.06,0.02,0.73,0.12,0.9,0.0,0.0,0.0
LTT without hierarchy,2023,0.013185157280090412,0.8974358974358975,0.6870536117891691,0.05428984721092126,0.0,0.07965532674080644,0.06,0.06,0.02,0.73,0.12,0.9,0.85,0.0,0.0
LTT without hierarchy,2023,0.013185157280090412,0.8974358974358975,0.6593436398155682,0.0460627429707983,0.0,0.07126228901160905,0.06,0.06,0.02,0.74,0.1,0.0,0.0,0.0,0.0
LTT without hierarchy,2023,0.013185157280090412,0.8974358974358975,0.6593436398155682,0.0460627429707983,0.0,0.07126228901160905,0.06,0.06,0.02,0.74,0.1,0.0,0.85,0.0,0.0
LTT without hierarchy,2023,0.013185157280090412,0.8974358974358975,0.6593436398155682,0.0460627429707983,0.0,0.07126228901160905,0.06,0.06,0.02,0.74,0.1,0.9,0.0,0.0,0.0
LTT without hierarchy,2023,0.013185157280090412,0.8974358974358975,0.6593436398155682,0.0460627429707983,0.0,0.07126228901160905,0.06,0.06,0.02,0.74,0.1,0.9,0.85,0.0,0.0
LTT without hierarchy,2023,0.013185157280090412,0.8974358974358975,0.6870536117891691,0.05428984721092126,0.0,0.07965532674080644,0.06,0.06,0.02,0.74,0.12,0.0,0.0,0.0,0.0
LTT without hierarchy,2023,0.013185157280090412,0.8974358974358975,0.6870536117891691,0.05428984721092126,0.0,0.07965532674080644,0.06,0.06,0.02,0.74,0.12,0.0,0.85,0.0,0.0
LTT without hierarchy,2023,0.013185157280090412,0.8974358974358975,0.6870536117891691,0.05428984721092126,0.0,0.07965532674080644,0.06,0.06,0.02,0.74,0.12,0.9,0.0,0.0,0.0
LTT without hierarchy,2023,0.013185157280090412,0.8974358974358975,0.6870536117891691,0.05428984721092126,0.0,0.07965532674080644,0.06,0.06,0.02,0.74,0.12,0.9,0.85,0.0,0.0
LTT without hierarchy,2023,0.013185157280090412,0.8974358974358975,0.6593436398155682,0.0460627429707983,0.0,0.07126228901160905,0.06,0.06,0.02,0.746,0.1,0.0,0.0,0.0,0.0
LTT without hierarchy,2023,0.013185157280090412,0.8974358974358975,0.6593436398155682,0.0460627429707983,0.0,0.07126228901160905,0.06,0.06,0.02,0.746,0.1,0.0,0.85,0.0,0.0
LTT without hierarchy,2023,0.013185157280090412,0.8974358974358975,0.6593436398155682,0.0460627429707983,0.0,0.07126228901160905,0.06,0.06,0.02,0.746,0.1,0.9,0.0,0.0,0.0
LTT without hierarchy,2023,0.013185157280090412,0.8974358974358975,0.6593436398155682,0.0460627429707983,0.0,0.07126228901160905,0.06,0.06,0.02,0.746,0.1,0.9,0.85,0.0,0.0
LTT without hierarchy,2023,0.013185157280090412,0.8974358974358975,0.6870536117891691,0.05428984721092126,0.0,0.07965532674080644,0.06,0.06,0.02,0.746,0.12,0.0,0.0,0.0,0.0
LTT without hierarchy,2023,0.013185157280090412,0.8974358974358975,0.6870536117891691,0.05428984721092126,0.0,0.07965532674080644,0.06,0.06,0.02,0.746,0.12,0.0,0.85,0.0,0.0
LTT without hierarchy,2023,0.013185157280090412,0.8974358974358975,0.6870536117891691,0.05428984721092126,0.0,0.07965532674080644,0.06,0.06,0.02,0.746,0.12,0.9,0.0,0.0,0.0
LTT without hierarchy,2023,0.013185157280090412,0.8974358974358975,0.6870536117891691,0.05428984721092126,0.0,0.07965532674080644,0.06,0.06,0.02,0.746,0.12,0.9,0.85,0.0,0.0
LTT without hierarchy,2023,0.013185157280090412,0.8974358974358975,0.6593436398155682,0.0460627429707983,0.0,0.07126228901160905,0.06,0.06,0.02,0.75,0.1,0.0,0.0,0.0,0.0
LTT without hierarchy,2023,0.013185157280090412,0.8974358974358975,0.6593436398155682,0.0460627429707983,0.0,0.07126228901160905,0.06,0.06,0.02,0.75,0.1,0.0,0.85,0.0,0.0
LTT without hierarchy,2023,0.013185157280090412,0.8974358974358975,0.6593436398155682,0.0460627429707983,0.0,0.07126228901160905,0.06,0.06,0.02,0.75,0.1,0.9,0.0,0.0,0.0
LTT without hierarchy,2023,0.013185157280090412,0.8974358974358975,0.6593436398155682,0.0460627429707983,0.0,0.07126228901160905,0.06,0.06,0.02,0.75,0.1,0.9,0.85,0.0,0.0
LTT without hierarchy,2023,0.013185157280090412,0.8974358974358975,0.6870536117891691,0.05428984721092126,0.0,0.07965532674080644,0.06,0.06,0.02,0.75,0.12,0.0,0.0,0.0,0.0
LTT without hierarchy,2023,0.013185157280090412,0.8974358974358975,0.6870536117891691,0.05428984721092126,0.0,0.07965532674080644,0.06,0.06,0.02,0.75,0.12,0.0,0.85,0.0,0.0
LTT without hierarchy,2023,0.013185157280090412,0.8974358974358975,0.6870536117891691,0.05428984721092126,0.0,0.07965532674080644,0.06,0.06,0.02,0.75,0.12,0.9,0.0,0.0,0.0
LTT without hierarchy,2023,0.013185157280090412,0.8974358974358975,0.6870536117891691,0.05428984721092126,0.0,0.07965532674080644,0.06,0.06,0.02,0.75,0.12,0.9,0.85,0.0,0.0
LTT without hierarchy,2023,0.013185157280090412,0.8974358974358975,0.6593436398155682,0.0460627429707983,0.0,0.07126228901160905,0.06,0.06,0.04,0.0,0.1,0.0,0.0,0.0,0.0
LTT without hierarchy,2023,0.013185157280090412,0.8974358974358975,0.6593436398155682,0.0460627429707983,0.0,0.07126228901160905,0.06,0.06,0.04,0.0,0.1,0.0,0.85,0.0,0.0
LTT without hierarchy,2023,0.013185157280090412,0.8974358974358975,0.6593436398155682,0.0460627429707983,0.0,0.07126228901160905,0.06,0.06,0.04,0.0,0.1,0.9,0.0,0.0,0.0
LTT without hierarchy,2023,0.013185157280090412,0.8974358974358975,0.6593436398155682,0.0460627429707983,0.0,0.07126228901160905,0.06,0.06,0.04,0.0,0.1,0.9,0.85,0.0,0.0
LTT without hierarchy,2023,0.013185157280090412,0.8974358974358975,0.6870536117891691,0.05428984721092126,0.0,0.07965532674080644,0.06,0.06,0.04,0.0,0.12,0.0,0.0,0.0,0.0
LTT without hierarchy,2023,0.013185157280090412,0.8974358974358975,0.6870536117891691,0.05428984721092126,0.0,0.07965532674080644,0.06,0.06,0.04,0.0,0.12,0.0,0.85,0.0,0.0
LTT without hierarchy,2023,0.013185157280090412,0.8974358974358975,0.6870536117891691,0.05428984721092126,0.0,0.07965532674080644,0.06,0.06,0.04,0.0,0.12,0.9,0.0,0.0,0.0
LTT without hierarchy,2023,0.013185157280090412,0.8974358974358975,0.6870536117891691,0.05428984721092126,0.0,0.07965532674080644,0.06,0.06,0.04,0.0,0.12,0.9,0.85,0.0,0.0
LTT without hierarchy,2023,0.013185157280090412,0.8974358974358975,0.6593436398155682,0.0460627429707983,0.0,0.07126228901160905,0.06,0.06,0.04,0.7,0.1,0.0,0.0,0.0,0.0
LTT without hierarchy,2023,0.013185157280090412,0.8974358974358975,0.6593436398155682,0.0460627429707983,0.0,0.07126228901160905,0.06,0.06,0.04,0.7,0.1,0.0,0.85,0.0,0.0
LTT without hierarchy,2023,0.013185157280090412,0.8974358974358975,0.6593436398155682,0.0460627429707983,0.0,0.07126228901160905,0.06,0.06,0.04,0.7,0.1,0.9,0.0,0.0,0.0
LTT without hierarchy,2023,0.013185157280090412,0.8974358974358975,0.6593436398155682,0.0460627429707983,0.0,0.07126228901160905,0.06,0.06,0.04,0.7,0.1,0.9,0.85,0.0,0.0
LTT without hierarchy,2023,0.013185157280090412,0.8974358974358975,0.6870536117891691,0.05428984721092126,0.0,0.07965532674080644,0.06,0.06,0.04,0.7,0.12,0.0,0.0,0.0,0.0
LTT without hierarchy,2023,0.013185157280090412,0.8974358974358975,0.6870536117891691,0.05428984721092126,0.0,0.07965532674080644,0.06,0.06,0.04,0.7,0.12,0.0,0.85,0.0,0.0
LTT without hierarchy,2023,0.013185157280090412,0.8974358974358975,0.6870536117891691,0.05428984721092126,0.0,0.07965532674080644,0.06,0.06,0.04,0.7,0.12,0.9,0.0,0.0,0.0
LTT without hierarchy,2023,0.013185157280090412,0.8974358974358975,0.6870536117891691,0.05428984721092126,0.0,0.07965532674080644,0.06,0.06,0.04,0.7,0.12,0.9,0.85,0.0,0.0
LTT without hierarchy,2023,0.013185157280090412,0.8974358974358975,0.6593436398155682,0.0460627429707983,0.0,0.07126228901160905,0.06,0.06,0.04,0.72,0.1,0.0,0.0,0.0,0.0
LTT without hierarchy,2023,0.013185157280090412,0.8974358974358975,0.6593436398155682,0.0460627429707983,0.0,0.07126228901160905,0.06,0.06,0.04,0.72,0.1,0.0,0.85,0.0,0.0
LTT without hierarchy,2023,0.013185157280090412,0.8974358974358975,0.6593436398155682,0.0460627429707983,0.0,0.07126228901160905,0.06,0.06,0.04,0.72,0.1,0.9,0.0,0.0,0.0
LTT without hierarchy,2023,0.013185157280090412,0.8974358974358975,0.6593436398155682,0.0460627429707983,0.0,0.07126228901160905,0.06,0.06,0.04,0.72,0.1,0.9,0.85,0.0,0.0
LTT without hierarchy,2023,0.013185157280090412,0.8974358974358975,0.6870536117891691,0.05428984721092126,0.0,0.07965532674080644,0.06,0.06,0.04,0.72,0.12,0.0,0.0,0.0,0.0
LTT without hierarchy,2023,0.013185157280090412,0.8974358974358975,0.6870536117891691,0.05428984721092126,0.0,0.07965532674080644,0.06,0.06,0.04,0.72,0.12,0.0,0.85,0.0,0.0
LTT without hierarchy,2023,0.013185157280090412,0.8974358974358975,0.6870536117891691,0.05428984721092126,0.0,0.07965532674080644,0.06,0.06,0.04,0.72,0.12,0.9,0.0,0.0,0.0
LTT without hierarchy,2023,0.013185157280090412,0.8974358974358975,0.6870536117891691,0.05428984721092126,0.0,0.07965532674080644,0.06,0.06,0.04,0.72,0.12,0.9,0.85,0.0,0.0
LTT without hierarchy,2023,0.013185157280090412,0.8974358974358975,0.6593436398155682,0.0460627429707983,0.0,0.07126228901160905,0.06,0.06,0.04,0.73,0.1,0.0,0.0,0.0,0.0
LTT without hierarchy,2023,0.013185157280090412,0.8974358974358975,0.6593436398155682,0.0460627429707983,0.0,0.07126228901160905,0.06,0.06,0.04,0.73,0.1,0.0,0.85,0.0,0.0
LTT without hierarchy,2023,0.013185157280090412,0.8974358974358975,0.6593436398155682,0.0460627429707983,0.0,0.07126228901160905,0.06,0.06,0.04,0.73,0.1,0.9,0.0,0.0,0.0
LTT without hierarchy,2023,0.013185157280090412,0.8974358974358975,0.6593436398155682,0.0460627429707983,0.0,0.07126228901160905,0.06,0.06,0.04,0.73,0.1,0.9,0.85,0.0,0.0
LTT without hierarchy,2023,0.013185157280090412,0.8974358974358975,0.6870536117891691,0.05428984721092126,0.0,0.07965532674080644,0.06,0.06,0.04,0.73,0.12,0.0,0.0,0.0,0.0
LTT without hierarchy,2023,0.013185157280090412,0.8974358974358975,0.6870536117891691,0.05428984721092126,0.0,0.07965532674080644,0.06,0.06,0.04,0.73,0.12,0.0,0.85,0.0,0.0
LTT without hierarchy,2023,0.013185157280090412,0.8974358974358975,0.6870536117891691,0.05428984721092126,0.0,0.07965532674080644,0.06,0.06,0.04,0.73,0.12,0.9,0.0,0.0,0.0
LTT without hierarchy,2023,0.013185157280090412,0.8974358974358975,0.6870536117891691,0.05428984721092126,0.0,0.07965532674080644,0.06,0.06,0.04,0.73,0.12,0.9,0.85,0.0,0.0
LTT without hierarchy,2023,0.013185157280090412,0.8974358974358975,0.6593436398155682,0.0460627429707983,0.0,0.07126228901160905,0.06,0.06,0.04,0.74,0.1,0.0,0.0,0.0,0.0
LTT without hierarchy,2023,0.013185157280090412,0.8974358974358975,0.6593436398155682,0.0460627429707983,0.0,0.07126228901160905,0.06,0.06,0.04,0.74,0.1,0.0,0.85,0.0,0.0
LTT without hierarchy,2023,0.013185157280090412,0.8974358974358975,0.6593436398155682,0.0460627429707983,0.0,0.07126228901160905,0.06,0.06,0.04,0.74,0.1,0.9,0.0,0.0,0.0
LTT without hierarchy,2023,0.013185157280090412,0.8974358974358975,0.6593436398155682,0.0460627429707983,0.0,0.07126228901160905,0.06,0.06,0.04,0.74,0.1,0.9,0.85,0.0,0.0
LTT without hierarchy,2023,0.013185157280090412,0.8974358974358975,0.6870536117891691,0.05428984721092126,0.0,0.07965532674080644,0.06,0.06,0.04,0.74,0.12,0.0,0.0,0.0,0.0
LTT without hierarchy,2023,0.013185157280090412,0.8974358974358975,0.6870536117891691,0.05428984721092126,0.0,0.07965532674080644,0.06,0.06,0.04,0.74,0.12,0.0,0.85,0.0,0.0
LTT without hierarchy,2023,0.013185157280090412,0.8974358974358975,0.6870536117891691,0.05428984721092126,0.0,0.07965532674080644,0.06,0.06,0.04,0.74,0.12,0.9,0.0,0.0,0.0
LTT without hierarchy,2023,0.013185157280090412,0.8974358974358975,0.6870536117891691,0.05428984721092126,0.0,0.07965532674080644,0.06,0.06,0.04,0.74,0.12,0.9,0.85,0.0,0.0
LTT without hierarchy,2023,0.013185157280090412,0.8974358974358975,0.6593436398155682,0.0460627429707983,0.0,0.07126228901160905,0.06,0.06,0.04,0.746,0.1,0.0,0.0,0.0,0.0
LTT without hierarchy,2023,0.013185157280090412,0.8974358974358975,0.6593436398155682,0.0460627429707983,0.0,0.07126228901160905,0.06,0.06,0.04,0.746,0.1,0.0,0.85,0.0,0.0
LTT without hierarchy,2023,0.013185157280090412,0.8974358974358975,0.6593436398155682,0.0460627429707983,0.0,0.07126228901160905,0.06,0.06,0.04,0.746,0.1,0.9,0.0,0.0,0.0
LTT without hierarchy,2023,0.013185157280090412,0.8974358974358975,0.6593436398155682,0.0460627429707983,0.0,0.07126228901160905,0.06,0.06,0.04,0.746,0.1,0.9,0.85,0.0,0.0
LTT without hierarchy,2023,0.013185157280090412,0.8974358974358975,0.6870536117891691,0.05428984721092126,0.0,0.07965532674080644,0.06,0.06,0.04,0.746,0.12,0.0,0.0,0.0,0.0
LTT without hierarchy,2023,0.013185157280090412,0.8974358974358975,0.6870536117891691,0.05428984721092126,0.0,0.07965532674080644,0.06,0.06,0.04,0.746,0.12,0.0,0.85,0.0,0.0
LTT without hierarchy,2023,0.013185157280090412,0.8974358974358975,0.6870536117891691,0.05428984721092126,0.0,0.07965532674080644,0.06,0.06,0.04,0.746,0.12,0.9,0.0,0.0,0.0
LTT without hierarchy,2023,0.013185157280090412,0.8974358974358975,0.6870536117891691,0.05428984721092126,0.0,0.07965532674080644,0.06,0.06,0.04,0.746,0.12,0.9,0.85,0.0,0.0
LTT without hierarchy,2023,0.013185157280090412,0.8974358974358975,0.6593436398155682,0.0460627429707983,0.0,0.07126228901160905,0.06,0.06,0.04,0.75,0.1,0.0,0.0,0.0,0.0
LTT without hierarchy,2023,0.013185157280090412,0.8974358974358975,0.6593436398155682,0.0460627429707983,0.0,0.07126228901160905,0.06,0.06,0.04,0.75,0.1,0.0,0.85,0.0,0.0
LTT without hierarchy,2023,0.013185157280090412,0.8974358974358975,0.6593436398155682,0.0460627429707983,0.0,0.07126228901160905,0.06,0.06,0.04,0.75,0.1,0.9,0.0,0.0,0.0
LTT without hierarchy,2023,0.013185157280090412,0.8974358974358975,0.6593436398155682,0.0460627429707983,0.0,0.07126228901160905,0.06,0.06,0.04,0.75,0.1,0.9,0.85,0.0,0.0
LTT without hierarchy,2023,0.013185157280090412,0.8974358974358975,0.6870536117891691,0.05428984721092126,0.0,0.07965532674080644,0.06,0.06,0.04,0.75,0.12,0.0,0.0,0.0,0.0
LTT without hierarchy,2023,0.013185157280090412,0.8974358974358975,0.6870536117891691,0.05428984721092126,0.0,0.07965532674080644,0.06,0.06,0.04,0.75,0.12,0.0,0.85,0.0,0.0
LTT without hierarchy,2023,0.013185157280090412,0.8974358974358975,0.6870536117891691,0.05428984721092126,0.0,0.07965532674080644,0.06,0.06,0.04,0.75,0.12,0.9,0.0,0.0,0.0
LTT without hierarchy,2023,0.013185157280090412,0.8974358974358975,0.6870536117891691,0.05428984721092126,0.0,0.07965532674080644,0.06,0.06,0.04,0.75,0.12,0.9,0.85,0.0,0.0
LTT without hierarchy,2023,0.013185157280090412,0.8974358974358975,0.6593436398155682,0.0460627429707983,0.0,0.07126228901160905,0.08,0.04,0.0,0.0,0.1,0.0,0.85,0.0,0.0
LTT without hierarchy,2023,0.013185157280090412,0.8974358974358975,0.6593436398155682,0.0460627429707983,0.0,0.07126228901160905,0.08,0.04,0.0,0.0,0.1,0.9,0.85,0.0,0.0
LTT without hierarchy,2023,0.013185157280090412,0.8974358974358975,0.6870536117891691,0.05428984721092126,0.0,0.07965532674080644,0.08,0.04,0.0,0.0,0.12,0.0,0.85,0.0,0.0
LTT without hierarchy,2023,0.013185157280090412,0.8974358974358975,0.6870536117891691,0.05428984721092126,0.0,0.07965532674080644,0.08,0.04,0.0,0.0,0.12,0.9,0.85,0.0,0.0
LTT without hierarchy,2023,0.013185157280090412,0.8974358974358975,0.6593436398155682,0.0460627429707983,0.0,0.07126228901160905,0.08,0.04,0.0,0.7,0.1,0.0,0.85,0.0,0.0
LTT without hierarchy,2023,0.013185157280090412,0.8974358974358975,0.6593436398155682,0.0460627429707983,0.0,0.07126228901160905,0.08,0.04,0.0,0.7,0.1,0.9,0.85,0.0,0.0
LTT without hierarchy,2023,0.013185157280090412,0.8974358974358975,0.6870536117891691,0.05428984721092126,0.0,0.07965532674080644,0.08,0.04,0.0,0.7,0.12,0.0,0.85,0.0,0.0
LTT without hierarchy,2023,0.013185157280090412,0.8974358974358975,0.6870536117891691,0.05428984721092126,0.0,0.07965532674080644,0.08,0.04,0.0,0.7,0.12,0.9,0.85,0.0,0.0
LTT without hierarchy,2023,0.013185157280090412,0.8974358974358975,0.6593436398155682,0.0460627429707983,0.0,0.07126228901160905,0.08,0.04,0.0,0.72,0.1,0.0,0.85,0.0,0.0
LTT without hierarchy,2023,0.013185157280090412,0.8974358974358975,0.6593436398155682,0.0460627429707983,0.0,0.07126228901160905,0.08,0.04,0.0,0.72,0.1,0.9,0.85,0.0,0.0
LTT without hierarchy,2023,0.013185157280090412,0.8974358974358975,0.6870536117891691,0.05428984721092126,0.0,0.07965532674080644,0.08,0.04,0.0,0.72,0.12,0.0,0.85,0.0,0.0
LTT without hierarchy,2023,0.013185157280090412,0.8974358974358975,0.6870536117891691,0.05428984721092126,0.0,0.07965532674080644,0.08,0.04,0.0,0.72,0.12,0.9,0.85,0.0,0.0
LTT without hierarchy,2023,0.013185157280090412,0.8974358974358975,0.6593436398155682,0.0460627429707983,0.0,0.07126228901160905,0.08,0.04,0.0,0.73,0.1,0.0,0.85,0.0,0.0
LTT without hierarchy,2023,0.013185157280090412,0.8974358974358975,0.6593436398155682,0.0460627429707983,0.0,0.07126228901160905,0.08,0.04,0.0,0.73,0.1,0.9,0.85,0.0,0.0
LTT without hierarchy,2023,0.013185157280090412,0.8974358974358975,0.6870536117891691,0.05428984721092126,0.0,0.07965532674080644,0.08,0.04,0.0,0.73,0.12,0.0,0.85,0.0,0.0
LTT without hierarchy,2023,0.013185157280090412,0.8974358974358975,0.6870536117891691,0.05428984721092126,0.0,0.07965532674080644,0.08,0.04,0.0,0.73,0.12,0.9,0.85,0.0,0.0
LTT without hierarchy,2023,0.013185157280090412,0.8974358974358975,0.6593436398155682,0.0460627429707983,0.0,0.07126228901160905,0.08,0.04,0.0,0.74,0.1,0.0,0.85,0.0,0.0
LTT without hierarchy,2023,0.013185157280090412,0.8974358974358975,0.6593436398155682,0.0460627429707983,0.0,0.07126228901160905,0.08,0.04,0.0,0.74,0.1,0.9,0.85,0.0,0.0
LTT without hierarchy,2023,0.013185157280090412,0.8974358974358975,0.6870536117891691,0.05428984721092126,0.0,0.07965532674080644,0.08,0.04,0.0,0.74,0.12,0.0,0.85,0.0,0.0
LTT without hierarchy,2023,0.013185157280090412,0.8974358974358975,0.6870536117891691,0.05428984721092126,0.0,0.07965532674080644,0.08,0.04,0.0,0.74,0.12,0.9,0.85,0.0,0.0
LTT without hierarchy,2023,0.013185157280090412,0.8974358974358975,0.6593436398155682,0.0460627429707983,0.0,0.07126228901160905,0.08,0.04,0.0,0.746,0.1,0.0,0.85,0.0,0.0
LTT without hierarchy,2023,0.013185157280090412,0.8974358974358975,0.6593436398155682,0.0460627429707983,0.0,0.07126228901160905,0.08,0.04,0.0,0.746,0.1,0.9,0.85,0.0,0.0
LTT without hierarchy,2023,0.013185157280090412,0.8974358974358975,0.6870536117891691,0.05428984721092126,0.0,0.07965532674080644,0.08,0.04,0.0,0.746,0.12,0.0,0.85,0.0,0.0
LTT without hierarchy,2023,0.013185157280090412,0.8974358974358975,0.6870536117891691,0.05428984721092126,0.0,0.07965532674080644,0.08,0.04,0.0,0.746,0.12,0.9,0.85,0.0,0.0
LTT without hierarchy,2023,0.013185157280090412,0.8974358974358975,0.6593436398155682,0.0460627429707983,0.0,0.07126228901160905,0.08,0.04,0.0,0.75,0.1,0.0,0.85,0.0,0.0
LTT without hierarchy,2023,0.013185157280090412,0.8974358974358975,0.6593436398155682,0.0460627429707983,0.0,0.07126228901160905,0.08,0.04,0.0,0.75,0.1,0.9,0.85,0.0,0.0
LTT without hierarchy,2023,0.013185157280090412,0.8974358974358975,0.6870536117891691,0.05428984721092126,0.0,0.07965532674080644,0.08,0.04,0.0,0.75,0.12,0.0,0.85,0.0,0.0
LTT without hierarchy,2023,0.013185157280090412,0.8974358974358975,0.6870536117891691,0.05428984721092126,0.0,0.07965532674080644,0.08,0.04,0.0,0.75,0.12,0.9,0.85,0.0,0.0
LTT without hierarchy,2023,0.013185157280090412,0.8974358974358975,0.6593436398155682,0.0460627429707983,0.0,0.07126228901160905,0.08,0.04,0.02,0.0,0.1,0.0,0.85,0.0,0.0
LTT without hierarchy,2023,0.013185157280090412,0.8974358974358975,0.6593436398155682,0.0460627429707983,0.0,0.07126228901160905,0.08,0.04,0.02,0.0,0.1,0.9,0.85,0.0,0.0
LTT without hierarchy,2023,0.013185157280090412,0.8974358974358975,0.6870536117891691,0.05428984721092126,0.0,0.07965532674080644,0.08,0.04,0.02,0.0,0.12,0.0,0.85,0.0,0.0
LTT without hierarchy,2023,0.013185157280090412,0.8974358974358975,0.6870536117891691,0.05428984721092126,0.0,0.07965532674080644,0.08,0.04,0.02,0.0,0.12,0.9,0.85,0.0,0.0
LTT without hierarchy,2023,0.013185157280090412,0.8974358974358975,0.6593436398155682,0.0460627429707983,0.0,0.07126228901160905,0.08,0.04,0.02,0.7,0.1,0.0,0.85,0.0,0.0
LTT without hierarchy,2023,0.013185157280090412,0.8974358974358975,0.6593436398155682,0.0460627429707983,0.0,0.07126228901160905,0.08,0.04,0.02,0.7,0.1,0.9,0.85,0.0,0.0
LTT without hierarchy,2023,0.013185157280090412,0.8974358974358975,0.6870536117891691,0.05428984721092126,0.0,0.07965532674080644,0.08,0.04,0.02,0.7,0.12,0.0,0.85,0.0,0.0
LTT without hierarchy,2023,0.013185157280090412,0.8974358974358975,0.6870536117891691,0.05428984721092126,0.0,0.07965532674080644,0.08,0.04,0.02,0.7,0.12,0.9,0.85,0.0,0.0
LTT without hierarchy,2023,0.013185157280090412,0.8974358974358975,0.6593436398155682,0.0460627429707983,0.0,0.07126228901160905,0.08,0.04,0.02,0.72,0.1,0.0,0.85,0.0,0.0
LTT without hierarchy,2023,0.013185157280090412,0.8974358974358975,0.6593436398155682,0.0460627429707983,0.0,0.07126228901160905,0.08,0.04,0.02,0.72,0.1,0.9,0.85,0.0,0.0
LTT without hierarchy,2023,0.013185157280090412,0.8974358974358975,0.6870536117891691,0.05428984721092126,0.0,0.07965532674080644,0.08,0.04,0.02,0.72,0.12,0.0,0.85,0.0,0.0
LTT without hierarchy,2023,0.013185157280090412,0.8974358974358975,0.6870536117891691,0.05428984721092126,0.0,0.07965532674080644,0.08,0.04,0.02,0.72,0.12,0.9,0.85,0.0,0.0
LTT without hierarchy,2023,0.013185157280090412,0.8974358974358975,0.6593436398155682,0.0460627429707983,0.0,0.07126228901160905,0.08,0.04,0.02,0.73,0.1,0.0,0.85,0.0,0.0
LTT without hierarchy,2023,0.013185157280090412,0.8974358974358975,0.6593436398155682,0.0460627429707983,0.0,0.07126228901160905,0.08,0.04,0.02,0.73,0.1,0.9,0.85,0.0,0.0
LTT without hierarchy,2023,0.013185157280090412,0.8974358974358975,0.6870536117891691,0.05428984721092126,0.0,0.07965532674080644,0.08,0.04,0.02,0.73,0.12,0.0,0.85,0.0,0.0
LTT without hierarchy,2023,0.013185157280090412,0.8974358974358975,0.6870536117891691,0.05428984721092126,0.0,0.07965532674080644,0.08,0.04,0.02,0.73,0.12,0.9,0.85,0.0,0.0
LTT without hierarchy,2023,0.013185157280090412,0.8974358974358975,0.6593436398155682,0.0460627429707983,0.0,0.07126228901160905,0.08,0.04,0.02,0.74,0.1,0.0,0.85,0.0,0.0
LTT without hierarchy,2023,0.013185157280090412,0.8974358974358975,0.6593436398155682,0.0460627429707983,0.0,0.07126228901160905,0.08,0.04,0.02,0.74,0.1,0.9,0.85,0.0,0.0
LTT without hierarchy,2023,0.013185157280090412,0.8974358974358975,0.6870536117891691,0.05428984721092126,0.0,0.07965532674080644,0.08,0.04,0.02,0.74,0.12,0.0,0.85,0.0,0.0
LTT without hierarchy,2023,0.013185157280090412,0.8974358974358975,0.6870536117891691,0.05428984721092126,0.0,0.07965532674080644,0.08,0.04,0.02,0.74,0.12,0.9,0.85,0.0,0.0
LTT without hierarchy,2023,0.013185157280090412,0.8974358974358975,0.6593436398155682,0.0460627429707983,0.0,0.07126228901160905,0.08,0.04,0.02,0.746,0.1,0.0,0.85,0.0,0.0
LTT without hierarchy,2023,0.013185157280090412,0.8974358974358975,0.6593436398155682,0.0460627429707983,0.0,0.07126228901160905,0.08,0.04,0.02,0.746,0.1,0.9,0.85,0.0,0.0
LTT without hierarchy,2023,0.013185157280090412,0.8974358974358975,0.6870536117891691,0.05428984721092126,0.0,0.07965532674080644,0.08,0.04,0.02,0.746,0.12,0.0,0.85,0.0,0.0
LTT without hierarchy,2023,0.013185157280090412,0.8974358974358975,0.6870536117891691,0.05428984721092126,0.0,0.07965532674080644,0.08,0.04,0.02,0.746,0.12,0.9,0.85,0.0,0.0
LTT without hierarchy,2023,0.013185157280090412,0.8974358974358975,0.6593436398155682,0.0460627429707983,0.0,0.07126228901160905,0.08,0.04,0.02,0.75,0.1,0.0,0.85,0.0,0.0
LTT without hierarchy,2023,0.013185157280090412,0.8974358974358975,0.6593436398155682,0.0460627429707983,0.0,0.07126228901160905,0.08,0.04,0.02,0.75,0.1,0.9,0.85,0.0,0.0
LTT without hierarchy,2023,0.013185157280090412,0.8974358974358975,0.6870536117891691,0.05428984721092126,0.0,0.07965532674080644,0.08,0.04,0.02,0.75,0.12,0.0,0.85,0.0,0.0
LTT without hierarchy,2023,0.013185157280090412,0.8974358974358975,0.6870536117891691,0.05428984721092126,0.0,0.07965532674080644,0.08,0.04,0.02,0.75,0.12,0.9,0.85,0.0,0.0
LTT without hierarchy,2023,0.013185157280090412,0.8974358974358975,0.6593436398155682,0.0460627429707983,0.0,0.07126228901160905,0.08,0.04,0.04,0.0,0.1,0.0,0.85,0.0,0.0
LTT without hierarchy,2023,0.013185157280090412,0.8974358974358975,0.6593436398155682,0.0460627429707983,0.0,0.07126228901160905,0.08,0.04,0.04,0.0,0.1,0.9,0.85,0.0,0.0
LTT without hierarchy,2023,0.013185157280090412,0.8974358974358975,0.6870536117891691,0.05428984721092126,0.0,0.07965532674080644,0.08,0.04,0.04,0.0,0.12,0.0,0.85,0.0,0.0
LTT without hierarchy,2023,0.013185157280090412,0.8974358974358975,0.6870536117891691,0.05428984721092126,0.0,0.07965532674080644,0.08,0.04,0.04,0.0,0.12,0.9,0.85,0.0,0.0
LTT without hierarchy,2023,0.013185157280090412,0.8974358974358975,0.6593436398155682,0.0460627429707983,0.0,0.07126228901160905,0.08,0.04,0.04,0.7,0.1,0.0,0.85,0.0,0.0
LTT without hierarchy,2023,0.013185157280090412,0.8974358974358975,0.6593436398155682,0.0460627429707983,0.0,0.07126228901160905,0.08,0.04,0.04,0.7,0.1,0.9,0.85,0.0,0.0
LTT without hierarchy,2023,0.013185157280090412,0.8974358974358975,0.6870536117891691,0.05428984721092126,0.0,0.07965532674080644,0.08,0.04,0.04,0.7,0.12,0.0,0.85,0.0,0.0
LTT without hierarchy,2023,0.013185157280090412,0.8974358974358975,0.6870536117891691,0.05428984721092126,0.0,0.07965532674080644,0.08,0.04,0.04,0.7,0.12,0.9,0.85,0.0,0.0
LTT without hierarchy,2023,0.013185157280090412,0.8974358974358975,0.6593436398155682,0.0460627429707983,0.0,0.07126228901160905,0.08,0.04,0.04,0.72,0.1,0.0,0.85,0.0,0.0
LTT without hierarchy,2023,0.013185157280090412,0.8974358974358975,0.6593436398155682,0.0460627429707983,0.0,0.07126228901160905,0.08,0.04,0.04,0.72,0.1,0.9,0.85,0.0,0.0
LTT without hierarchy,2023,0.013185157280090412,0.8974358974358975,0.6870536117891691,0.05428984721092126,0.0,0.07965532674080644,0.08,0.04,0.04,0.72,0.12,0.0,0.85,0.0,0.0
LTT without hierarchy,2023,0.013185157280090412,0.8974358974358975,0.6870536117891691,0.05428984721092126,0.0,0.07965532674080644,0.08,0.04,0.04,0.72,0.12,0.9,0.85,0.0,0.0
LTT without hierarchy,2023,0.013185157280090412,0.8974358974358975,0.6593436398155682,0.0460627429707983,0.0,0.07126228901160905,0.08,0.04,0.04,0.73,0.1,0.0,0.85,0.0,0.0
LTT without hierarchy,2023,0.013185157280090412,0.8974358974358975,0.6593436398155682,0.0460627429707983,0.0,0.07126228901160905,0.08,0.04,0.04,0.73,0.1,0.9,0.85,0.0,0.0
LTT without hierarchy,2023,0.013185157280090412,0.8974358974358975,0.6870536117891691,0.05428984721092126,0.0,0.07965532674080644,0.08,0.04,0.04,0.73,0.12,0.0,0.85,0.0,0.0
LTT without hierarchy,2023,0.013185157280090412,0.8974358974358975,0.6870536117891691,0.05428984721092126,0.0,0.07965532674080644,0.08,0.04,0.04,0.73,0.12,0.9,0.85,0.0,0.0
LTT without hierarchy,2023,0.013185157280090412,0.8974358974358975,0.6593436398155682,0.0460627429707983,0.0,0.07126228901160905,0.08,0.04,0.04,0.74,0.1,0.0,0.85,0.0,0.0
LTT without hierarchy,2023,0.013185157280090412,0.8974358974358975,0.6593436398155682,0.0460627429707983,0.0,0.07126228901160905,0.08,0.04,0.04,0.74,0.1,0.9,0.85,0.0,0.0
LTT without hierarchy,2023,0.013185157280090412,0.8974358974358975,0.6870536117891691,0.05428984721092126,0.0,0.07965532674080644,0.08,0.04,0.04,0.74,0.12,0.0,0.85,0.0,0.0
LTT without hierarchy,2023,0.013185157280090412,0.8974358974358975,0.6870536117891691,0.05428984721092126,0.0,0.07965532674080644,0.08,0.04,0.04,0.74,0.12,0.9,0.85,0.0,0.0
LTT without hierarchy,2023,0.013185157280090412,0.8974358974358975,0.6593436398155682,0.0460627429707983,0.0,0.07126228901160905,0.08,0.04,0.04,0.746,0.1,0.0,0.85,0.0,0.0
LTT without hierarchy,2023,0.013185157280090412,0.8974358974358975,0.6593436398155682,0.0460627429707983,0.0,0.07126228901160905,0.08,0.04,0.04,0.746,0.1,0.9,0.85,0.0,0.0
LTT without hierarchy,2023,0.013185157280090412,0.8974358974358975,0.6870536117891691,0.05428984721092126,0.0,0.07965532674080644,0.08,0.04,0.04,0.746,0.12,0.0,0.85,0.0,0.0
LTT without hierarchy,2023,0.013185157280090412,0.8974358974358975,0.6870536117891691,0.05428984721092126,0.0,0.07965532674080644,0.08,0.04,0.04,0.746,0.12,0.9,0.85,0.0,0.0
LTT without hierarchy,2023,0.013185157280090412,0.8974358974358975,0.6593436398155682,0.0460627429707983,0.0,0.07126228901160905,0.08,0.04,0.04,0.75,0.1,0.0,0.85,0.0,0.0
LTT without hierarchy,2023,0.013185157280090412,0.8974358974358975,0.6593436398155682,0.0460627429707983,0.0,0.07126228901160905,0.08,0.04,0.04,0.75,0.1,0.9,0.85,0.0,0.0
LTT without hierarchy,2023,0.013185157280090412,0.8974358974358975,0.6870536117891691,0.05428984721092126,0.0,0.07965532674080644,0.08,0.04,0.04,0.75,0.12,0.0,0.85,0.0,0.0
LTT without hierarchy,2023,0.013185157280090412,0.8974358974358975,0.6870536117891691,0.05428984721092126,0.0,0.07965532674080644,0.08,0.04,0.04,0.75,0.12,0.9,0.85,0.0,0.0
LTT without hierarchy,2023,0.013185157280090412,0.8974358974358975,0.6593436398155682,0.0460627429707983,0.0,0.07126228901160905,0.08,0.06,0.0,0.0,0.1,0.0,0.85,0.0,0.0
LTT without hierarchy,2023,0.013185157280090412,0.8974358974358975,0.6593436398155682,0.0460627429707983,0.0,0.07126228901160905,0.08,0.06,0.0,0.0,0.1,0.9,0.85,0.0,0.0
LTT without hierarchy,2023,0.013185157280090412,0.8974358974358975,0.6870536117891691,0.05428984721092126,0.0,0.07965532674080644,0.08,0.06,0.0,0.0,0.12,0.0,0.85,0.0,0.0
LTT without hierarchy,2023,0.013185157280090412,0.8974358974358975,0.6870536117891691,0.05428984721092126,0.0,0.07965532674080644,0.08,0.06,0.0,0.0,0.12,0.9,0.85,0.0,0.0
LTT without hierarchy,2023,0.013185157280090412,0.8974358974358975,0.6593436398155682,0.0460627429707983,0.0,0.07126228901160905,0.08,0.06,0.0,0.7,0.1,0.0,0.85,0.0,0.0
LTT without hierarchy,2023,0.013185157280090412,0.8974358974358975,0.6593436398155682,0.0460627429707983,0.0,0.07126228901160905,0.08,0.06,0.0,0.7,0.1,0.9,0.85,0.0,0.0
LTT without hierarchy,2023,0.013185157280090412,0.8974358974358975,0.6870536117891691,0.05428984721092126,0.0,0.07965532674080644,0.08,0.06,0.0,0.7,0.12,0.0,0.85,0.0,0.0
LTT without hierarchy,2023,0.013185157280090412,0.8974358974358975,0.6870536117891691,0.05428984721092126,0.0,0.07965532674080644,0.08,0.06,0.0,0.7,0.12,0.9,0.85,0.0,0.0
LTT without hierarchy,2023,0.013185157280090412,0.8974358974358975,0.6593436398155682,0.0460627429707983,0.0,0.07126228901160905,0.08,0.06,0.0,0.72,0.1,0.0,0.85,0.0,0.0
LTT without hierarchy,2023,0.013185157280090412,0.8974358974358975,0.6593436398155682,0.0460627429707983,0.0,0.07126228901160905,0.08,0.06,0.0,0.72,0.1,0.9,0.85,0.0,0.0
LTT without hierarchy,2023,0.013185157280090412,0.8974358974358975,0.6870536117891691,0.05428984721092126,0.0,0.07965532674080644,0.08,0.06,0.0,0.72,0.12,0.0,0.85,0.0,0.0
LTT without hierarchy,2023,0.013185157280090412,0.8974358974358975,0.6870536117891691,0.05428984721092126,0.0,0.07965532674080644,0.08,0.06,0.0,0.72,0.12,0.9,0.85,0.0,0.0
LTT without hierarchy,2023,0.013185157280090412,0.8974358974358975,0.6593436398155682,0.0460627429707983,0.0,0.07126228901160905,0.08,0.06,0.0,0.73,0.1,0.0,0.85,0.0,0.0
LTT without hierarchy,2023,0.013185157280090412,0.8974358974358975,0.6593436398155682,0.0460627429707983,0.0,0.07126228901160905,0.08,0.06,0.0,0.73,0.1,0.9,0.85,0.0,0.0
LTT without hierarchy,2023,0.013185157280090412,0.8974358974358975,0.6870536117891691,0.05428984721092126,0.0,0.07965532674080644,0.08,0.06,0.0,0.73,0.12,0.0,0.85,0.0,0.0
LTT without hierarchy,2023,0.013185157280090412,0.8974358974358975,0.6870536117891691,0.05428984721092126,0.0,0.07965532674080644,0.08,0.06,0.0,0.73,0.12,0.9,0.85,0.0,0.0
LTT without hierarchy,2023,0.013185157280090412,0.8974358974358975,0.6593436398155682,0.0460627429707983,0.0,0.07126228901160905,0.08,0.06,0.0,0.74,0.1,0.0,0.85,0.0,0.0
LTT without hierarchy,2023,0.013185157280090412,0.8974358974358975,0.6593436398155682,0.0460627429707983,0.0,0.07126228901160905,0.08,0.06,0.0,0.74,0.1,0.9,0.85,0.0,0.0
LTT without hierarchy,2023,0.013185157280090412,0.8974358974358975,0.6870536117891691,0.05428984721092126,0.0,0.07965532674080644,0.08,0.06,0.0,0.74,0.12,0.0,0.85,0.0,0.0
LTT without hierarchy,2023,0.013185157280090412,0.8974358974358975,0.6870536117891691,0.05428984721092126,0.0,0.07965532674080644,0.08,0.06,0.0,0.74,0.12,0.9,0.85,0.0,0.0
LTT without hierarchy,2023,0.013185157280090412,0.8974358974358975,0.6593436398155682,0.0460627429707983,0.0,0.07126228901160905,0.08,0.06,0.0,0.746,0.1,0.0,0.85,0.0,0.0
LTT without hierarchy,2023,0.013185157280090412,0.8974358974358975,0.6593436398155682,0.0460627429707983,0.0,0.07126228901160905,0.08,0.06,0.0,0.746,0.1,0.9,0.85,0.0,0.0
LTT without hierarchy,2023,0.013185157280090412,0.8974358974358975,0.6870536117891691,0.05428984721092126,0.0,0.07965532674080644,0.08,0.06,0.0,0.746,0.12,0.0,0.85,0.0,0.0
LTT without hierarchy,2023,0.013185157280090412,0.8974358974358975,0.6870536117891691,0.05428984721092126,0.0,0.07965532674080644,0.08,0.06,0.0,0.746,0.12,0.9,0.85,0.0,0.0
LTT without hierarchy,2023,0.013185157280090412,0.8974358974358975,0.6593436398155682,0.0460627429707983,0.0,0.07126228901160905,0.08,0.06,0.0,0.75,0.1,0.0,0.85,0.0,0.0
LTT without hierarchy,2023,0.013185157280090412,0.8974358974358975,0.6593436398155682,0.0460627429707983,0.0,0.07126228901160905,0.08,0.06,0.0,0.75,0.1,0.9,0.85,0.0,0.0
LTT without hierarchy,2023,0.013185157280090412,0.8974358974358975,0.6870536117891691,0.05428984721092126,0.0,0.07965532674080644,0.08,0.06,0.0,0.75,0.12,0.0,0.85,0.0,0.0
LTT without hierarchy,2023,0.013185157280090412,0.8974358974358975,0.6870536117891691,0.05428984721092126,0.0,0.07965532674080644,0.08,0.06,0.0,0.75,0.12,0.9,0.85,0.0,0.0
LTT without hierarchy,2023,0.013185157280090412,0.8974358974358975,0.6593436398155682,0.0460627429707983,0.0,0.07126228901160905,0.08,0.06,0.02,0.0,0.1,0.0,0.85,0.0,0.0
LTT without hierarchy,2023,0.013185157280090412,0.8974358974358975,0.6593436398155682,0.0460627429707983,0.0,0.07126228901160905,0.08,0.06,0.02,0.0,0.1,0.9,0.85,0.0,0.0
LTT without hierarchy,2023,0.013185157280090412,0.8974358974358975,0.6870536117891691,0.05428984721092126,0.0,0.07965532674080644,0.08,0.06,0.02,0.0,0.12,0.0,0.85,0.0,0.0
LTT without hierarchy,2023,0.013185157280090412,0.8974358974358975,0.6870536117891691,0.05428984721092126,0.0,0.07965532674080644,0.08,0.06,0.02,0.0,0.12,0.9,0.85,0.0,0.0
LTT without hierarchy,2023,0.013185157280090412,0.8974358974358975,0.6593436398155682,0.0460627429707983,0.0,0.07126228901160905,0.08,0.06,0.02,0.7,0.1,0.0,0.85,0.0,0.0
LTT without hierarchy,2023,0.013185157280090412,0.8974358974358975,0.6593436398155682,0.0460627429707983,0.0,0.07126228901160905,0.08,0.06,0.02,0.7,0.1,0.9,0.85,0.0,0.0
LTT without hierarchy,2023,0.013185157280090412,0.8974358974358975,0.6870536117891691,0.05428984721092126,0.0,0.07965532674080644,0.08,0.06,0.02,0.7,0.12,0.0,0.85,0.0,0.0
LTT without hierarchy,2023,0.013185157280090412,0.8974358974358975,0.6870536117891691,0.05428984721092126,0.0,0.07965532674080644,0.08,0.06,0.02,0.7,0.12,0.9,0.85,0.0,0.0
LTT without hierarchy,2023,0.013185157280090412,0.8974358974358975,0.6593436398155682,0.0460627429707983,0.0,0.07126228901160905,0.08,0.06,0.02,0.72,0.1,0.0,0.85,0.0,0.0
LTT without hierarchy,2023,0.013185157280090412,0.8974358974358975,0.6593436398155682,0.0460627429707983,0.0,0.07126228901160905,0.08,0.06,0.02,0.72,0.1,0.9,0.85,0.0,0.0
LTT without hierarchy,2023,0.013185157280090412,0.8974358974358975,0.6870536117891691,0.05428984721092126,0.0,0.07965532674080644,0.08,0.06,0.02,0.72,0.12,0.0,0.85,0.0,0.0
LTT without hierarchy,2023,0.013185157280090412,0.8974358974358975,0.6870536117891691,0.05428984721092126,0.0,0.07965532674080644,0.08,0.06,0.02,0.72,0.12,0.9,0.85,0.0,0.0
LTT without hierarchy,2023,0.013185157280090412,0.8974358974358975,0.6593436398155682,0.0460627429707983,0.0,0.07126228901160905,0.08,0.06,0.02,0.73,0.1,0.0,0.85,0.0,0.0
LTT without hierarchy,2023,0.013185157280090412,0.8974358974358975,0.6593436398155682,0.0460627429707983,0.0,0.07126228901160905,0.08,0.06,0.02,0.73,0.1,0.9,0.85,0.0,0.0
LTT without hierarchy,2023,0.013185157280090412,0.8974358974358975,0.6870536117891691,0.05428984721092126,0.0,0.07965532674080644,0.08,0.06,0.02,0.73,0.12,0.0,0.85,0.0,0.0
LTT without hierarchy,2023,0.013185157280090412,0.8974358974358975,0.6870536117891691,0.05428984721092126,0.0,0.07965532674080644,0.08,0.06,0.02,0.73,0.12,0.9,0.85,0.0,0.0
LTT without hierarchy,2023,0.013185157280090412,0.8974358974358975,0.6593436398155682,0.0460627429707983,0.0,0.07126228901160905,0.08,0.06,0.02,0.74,0.1,0.0,0.85,0.0,0.0
LTT without hierarchy,2023,0.013185157280090412,0.8974358974358975,0.6593436398155682,0.0460627429707983,0.0,0.07126228901160905,0.08,0.06,0.02,0.74,0.1,0.9,0.85,0.0,0.0
LTT without hierarchy,2023,0.013185157280090412,0.8974358974358975,0.6870536117891691,0.05428984721092126,0.0,0.07965532674080644,0.08,0.06,0.02,0.74,0.12,0.0,0.85,0.0,0.0
LTT without hierarchy,2023,0.013185157280090412,0.8974358974358975,0.6870536117891691,0.05428984721092126,0.0,0.07965532674080644,0.08,0.06,0.02,0.74,0.12,0.9,0.85,0.0,0.0
LTT without hierarchy,2023,0.013185157280090412,0.8974358974358975,0.6593436398155682,0.0460627429707983,0.0,0.07126228901160905,0.08,0.06,0.02,0.746,0.1,0.0,0.85,0.0,0.0
LTT without hierarchy,2023,0.013185157280090412,0.8974358974358975,0.6593436398155682,0.0460627429707983,0.0,0.07126228901160905,0.08,0.06,0.02,0.746,0.1,0.9,0.85,0.0,0.0
LTT without hierarchy,2023,0.013185157280090412,0.8974358974358975,0.6870536117891691,0.05428984721092126,0.0,0.07965532674080644,0.08,0.06,0.02,0.746,0.12,0.0,0.85,0.0,0.0
LTT without hierarchy,2023,0.013185157280090412,0.8974358974358975,0.6870536117891691,0.05428984721092126,0.0,0.07965532674080644,0.08,0.06,0.02,0.746,0.12,0.9,0.85,0.0,0.0
LTT without hierarchy,2023,0.013185157280090412,0.8974358974358975,0.6593436398155682,0.0460627429707983,0.0,0.07126228901160905,0.08,0.06,0.02,0.75,0.1,0.0,0.85,0.0,0.0
LTT without hierarchy,2023,0.013185157280090412,0.8974358974358975,0.6593436398155682,0.0460627429707983,0.0,0.07126228901160905,0.08,0.06,0.02,0.75,0.1,0.9,0.85,0.0,0.0
LTT without hierarchy,2023,0.013185157280090412,0.8974358974358975,0.6870536117891691,0.05428984721092126,0.0,0.07965532674080644,0.08,0.06,0.02,0.75,0.12,0.0,0.85,0.0,0.0
LTT without hierarchy,2023,0.013185157280090412,0.8974358974358975,0.6870536117891691,0.05428984721092126,0.0,0.07965532674080644,0.08,0.06,0.02,0.75,0.12,0.9,0.85,0.0,0.0
LTT without hierarchy,2023,0.013185157280090412,0.8974358974358975,0.6593436398155682,0.0460627429707983,0.0,0.07126228901160905,0.08,0.06,0.04,0.0,0.1,0.0,0.85,0.0,0.0
LTT without hierarchy,2023,0.013185157280090412,0.8974358974358975,0.6593436398155682,0.0460627429707983,0.0,0.07126228901160905,0.08,0.06,0.04,0.0,0.1,0.9,0.85,0.0,0.0
LTT without hierarchy,2023,0.013185157280090412,0.8974358974358975,0.6870536117891691,0.05428984721092126,0.0,0.07965532674080644,0.08,0.06,0.04,0.0,0.12,0.0,0.85,0.0,0.0
LTT without hierarchy,2023,0.013185157280090412,0.8974358974358975,0.6870536117891691,0.05428984721092126,0.0,0.07965532674080644,0.08,0.06,0.04,0.0,0.12,0.9,0.85,0.0,0.0
LTT without hierarchy,2023,0.013185157280090412,0.8974358974358975,0.6593436398155682,0.0460627429707983,0.0,0.07126228901160905,0.08,0.06,0.04,0.7,0.1,0.0,0.85,0.0,0.0
LTT without hierarchy,2023,0.013185157280090412,0.8974358974358975,0.6593436398155682,0.0460627429707983,0.0,0.07126228901160905,0.08,0.06,0.04,0.7,0.1,0.9,0.85,0.0,0.0
LTT without hierarchy,2023,0.013185157280090412,0.8974358974358975,0.6870536117891691,0.05428984721092126,0.0,0.07965532674080644,0.08,0.06,0.04,0.7,0.12,0.0,0.85,0.0,0.0
LTT without hierarchy,2023,0.013185157280090412,0.8974358974358975,0.6870536117891691,0.05428984721092126,0.0,0.07965532674080644,0.08,0.06,0.04,0.7,0.12,0.9,0.85,0.0,0.0
LTT without hierarchy,2023,0.013185157280090412,0.8974358974358975,0.6593436398155682,0.0460627429707983,0.0,0.07126228901160905,0.08,0.06,0.04,0.72,0.1,0.0,0.85,0.0,0.0
LTT without hierarchy,2023,0.013185157280090412,0.8974358974358975,0.6593436398155682,0.0460627429707983,0.0,0.07126228901160905,0.08,0.06,0.04,0.72,0.1,0.9,0.85,0.0,0.0
LTT without hierarchy,2023,0.013185157280090412,0.8974358974358975,0.6870536117891691,0.05428984721092126,0.0,0.07965532674080644,0.08,0.06,0.04,0.72,0.12,0.0,0.85,0.0,0.0
LTT without hierarchy,2023,0.013185157280090412,0.8974358974358975,0.6870536117891691,0.05428984721092126,0.0,0.07965532674080644,0.08,0.06,0.04,0.72,0.12,0.9,0.85,0.0,0.0
LTT without hierarchy,2023,0.013185157280090412,0.8974358974358975,0.6593436398155682,0.0460627429707983,0.0,0.07126228901160905,0.08,0.06,0.04,0.73,0.1,0.0,0.85,0.0,0.0
LTT without hierarchy,2023,0.013185157280090412,0.8974358974358975,0.6593436398155682,0.0460627429707983,0.0,0.07126228901160905,0.08,0.06,0.04,0.73,0.1,0.9,0.85,0.0,0.0
LTT without hierarchy,2023,0.013185157280090412,0.8974358974358975,0.6870536117891691,0.05428984721092126,0.0,0.07965532674080644,0.08,0.06,0.04,0.73,0.12,0.0,0.85,0.0,0.0
LTT without hierarchy,2023,0.013185157280090412,0.8974358974358975,0.6870536117891691,0.05428984721092126,0.0,0.07965532674080644,0.08,0.06,0.04,0.73,0.12,0.9,0.85,0.0,0.0
LTT without hierarchy,2023,0.013185157280090412,0.8974358974358975,0.6593436398155682,0.0460627429707983,0.0,0.07126228901160905,0.08,0.06,0.04,0.74,0.1,0.0,0.85,0.0,0.0
LTT without hierarchy,2023,0.013185157280090412,0.8974358974358975,0.6593436398155682,0.0460627429707983,0.0,0.07126228901160905,0.08,0.06,0.04,0.74,0.1,0.9,0.85,0.0,0.0
LTT without hierarchy,2023,0.013185157280090412,0.8974358974358975,0.6870536117891691,0.05428984721092126,0.0,0.07965532674080644,0.08,0.06,0.04,0.74,0.12,0.0,0.85,0.0,0.0
LTT without hierarchy,2023,0.013185157280090412,0.8974358974358975,0.6870536117891691,0.05428984721092126,0.0,0.07965532674080644,0.08,0.06,0.04,0.74,0.12,0.9,0.85,0.0,0.0
LTT without hierarchy,2023,0.013185157280090412,0.8974358974358975,0.6593436398155682,0.0460627429707983,0.0,0.07126228901160905,0.08,0.06,0.04,0.746,0.1,0.0,0.85,0.0,0.0
LTT without hierarchy,2023,0.013185157280090412,0.8974358974358975,0.6593436398155682,0.0460627429707983,0.0,0.07126228901160905,0.08,0.06,0.04,0.746,0.1,0.9,0.85,0.0,0.0
LTT without hierarchy,2023,0.013185157280090412,0.8974358974358975,0.6870536117891691,0.05428984721092126,0.0,0.07965532674080644,0.08,0.06,0.04,0.746,0.12,0.0,0.85,0.0,0.0
LTT without hierarchy,2023,0.013185157280090412,0.8974358974358975,0.6870536117891691,0.05428984721092126,0.0,0.07965532674080644,0.08,0.06,0.04,0.746,0.12,0.9,0.85,0.0,0.0
LTT without hierarchy,2023,0.013185157280090412,0.8974358974358975,0.6593436398155682,0.0460627429707983,0.0,0.07126228901160905,0.08,0.06,0.04,0.75,0.1,0.0,0.85,0.0,0.0
LTT without hierarchy,2023,0.013185157280090412,0.8974358974358975,0.6593436398155682,0.0460627429707983,0.0,0.07126228901160905,0.08,0.06,0.04,0.75,0.1,0.9,0.85,0.0,0.0
LTT without hierarchy,2023,0.013185157280090412,0.8974358974358975,0.6870536117891691,0.05428984721092126,0.0,0.07965532674080644,0.08,0.06,0.04,0.75,0.12,0.0,0.85,0.0,0.0
LTT without hierarchy,2023,0.013185157280090412,0.8974358974358975,0.6870536117891691,0.05428984721092126,0.0,0.07965532674080644,0.08,0.06,0.04,0.75,0.12,0.9,0.85,0.0,0.0
LTT without hierarchy,2023,0.013185157280090412,0.8974358974358975,0.6593436398155682,0.0460627429707983,0.0,0.07126228901160905,0.1,0.04,0.0,0.0,0.1,0.0,0.85,0.0,0.0
LTT without hierarchy,2023,0.013185157280090412,0.8974358974358975,0.6593436398155682,0.0460627429707983,0.0,0.07126228901160905,0.1,0.04,0.0,0.0,0.1,0.9,0.85,0.0,0.0
LTT without hierarchy,2023,0.013185157280090412,0.8974358974358975,0.6870536117891691,0.05428984721092126,0.0,0.07965532674080644,0.1,0.04,0.0,0.0,0.12,0.0,0.85,0.0,0.0
LTT without hierarchy,2023,0.013185157280090412,0.8974358974358975,0.6870536117891691,0.05428984721092126,0.0,0.07965532674080644,0.1,0.04,0.0,0.0,0.12,0.9,0.85,0.0,0.0
LTT without hierarchy,2023,0.013185157280090412,0.8974358974358975,0.6593436398155682,0.0460627429707983,0.0,0.07126228901160905,0.1,0.04,0.0,0.7,0.1,0.0,0.85,0.0,0.0
LTT without hierarchy,2023,0.013185157280090412,0.8974358974358975,0.6593436398155682,0.0460627429707983,0.0,0.07126228901160905,0.1,0.04,0.0,0.7,0.1,0.9,0.85,0.0,0.0
LTT without hierarchy,2023,0.013185157280090412,0.8974358974358975,0.6870536117891691,0.05428984721092126,0.0,0.07965532674080644,0.1,0.04,0.0,0.7,0.12,0.0,0.85,0.0,0.0
LTT without hierarchy,2023,0.013185157280090412,0.8974358974358975,0.6870536117891691,0.05428984721092126,0.0,0.07965532674080644,0.1,0.04,0.0,0.7,0.12,0.9,0.85,0.0,0.0
LTT without hierarchy,2023,0.013185157280090412,0.8974358974358975,0.6593436398155682,0.0460627429707983,0.0,0.07126228901160905,0.1,0.04,0.0,0.72,0.1,0.0,0.85,0.0,0.0
LTT without hierarchy,2023,0.013185157280090412,0.8974358974358975,0.6593436398155682,0.0460627429707983,0.0,0.07126228901160905,0.1,0.04,0.0,0.72,0.1,0.9,0.85,0.0,0.0
LTT without hierarchy,2023,0.013185157280090412,0.8974358974358975,0.6870536117891691,0.05428984721092126,0.0,0.07965532674080644,0.1,0.04,0.0,0.72,0.12,0.0,0.85,0.0,0.0
LTT without hierarchy,2023,0.013185157280090412,0.8974358974358975,0.6870536117891691,0.05428984721092126,0.0,0.07965532674080644,0.1,0.04,0.0,0.72,0.12,0.9,0.85,0.0,0.0
LTT without hierarchy,2023,0.013185157280090412,0.8974358974358975,0.6593436398155682,0.0460627429707983,0.0,0.07126228901160905,0.1,0.04,0.0,0.73,0.1,0.0,0.85,0.0,0.0
LTT without hierarchy,2023,0.013185157280090412,0.8974358974358975,0.6593436398155682,0.0460627429707983,0.0,0.07126228901160905,0.1,0.04,0.0,0.73,0.1,0.9,0.85,0.0,0.0
LTT without hierarchy,2023,0.013185157280090412,0.8974358974358975,0.6870536117891691,0.05428984721092126,0.0,0.07965532674080644,0.1,0.04,0.0,0.73,0.12,0.0,0.85,0.0,0.0
LTT without hierarchy,2023,0.013185157280090412,0.8974358974358975,0.6870536117891691,0.05428984721092126,0.0,0.07965532674080644,0.1,0.04,0.0,0.73,0.12,0.9,0.85,0.0,0.0
LTT without hierarchy,2023,0.013185157280090412,0.8974358974358975,0.6593436398155682,0.0460627429707983,0.0,0.07126228901160905,0.1,0.04,0.0,0.74,0.1,0.0,0.85,0.0,0.0
LTT without hierarchy,2023,0.013185157280090412,0.8974358974358975,0.6593436398155682,0.0460627429707983,0.0,0.07126228901160905,0.1,0.04,0.0,0.74,0.1,0.9,0.85,0.0,0.0
LTT without hierarchy,2023,0.013185157280090412,0.8974358974358975,0.6870536117891691,0.05428984721092126,0.0,0.07965532674080644,0.1,0.04,0.0,0.74,0.12,0.0,0.85,0.0,0.0
LTT without hierarchy,2023,0.013185157280090412,0.8974358974358975,0.6870536117891691,0.05428984721092126,0.0,0.07965532674080644,0.1,0.04,0.0,0.74,0.12,0.9,0.85,0.0,0.0
LTT without hierarchy,2023,0.013185157280090412,0.8974358974358975,0.6593436398155682,0.0460627429707983,0.0,0.07126228901160905,0.1,0.04,0.0,0.746,0.1,0.0,0.85,0.0,0.0
LTT without hierarchy,2023,0.013185157280090412,0.8974358974358975,0.6593436398155682,0.0460627429707983,0.0,0.07126228901160905,0.1,0.04,0.0,0.746,0.1,0.9,0.85,0.0,0.0
LTT without hierarchy,2023,0.013185157280090412,0.8974358974358975,0.6870536117891691,0.05428984721092126,0.0,0.07965532674080644,0.1,0.04,0.0,0.746,0.12,0.0,0.85,0.0,0.0
LTT without hierarchy,2023,0.013185157280090412,0.8974358974358975,0.6870536117891691,0.05428984721092126,0.0,0.07965532674080644,0.1,0.04,0.0,0.746,0.12,0.9,0.85,0.0,0.0
LTT without hierarchy,2023,0.013185157280090412,0.8974358974358975,0.6593436398155682,0.0460627429707983,0.0,0.07126228901160905,0.1,0.04,0.0,0.75,0.1,0.0,0.85,0.0,0.0
LTT without hierarchy,2023,0.013185157280090412,0.8974358974358975,0.6593436398155682,0.0460627429707983,0.0,0.07126228901160905,0.1,0.04,0.0,0.75,0.1,0.9,0.85,0.0,0.0
LTT without hierarchy,2023,0.013185157280090412,0.8974358974358975,0.6870536117891691,0.05428984721092126,0.0,0.07965532674080644,0.1,0.04,0.0,0.75,0.12,0.0,0.85,0.0,0.0
LTT without hierarchy,2023,0.013185157280090412,0.8974358974358975,0.6870536117891691,0.05428984721092126,0.0,0.07965532674080644,0.1,0.04,0.0,0.75,0.12,0.9,0.85,0.0,0.0
LTT without hierarchy,2023,0.013185157280090412,0.8974358974358975,0.6593436398155682,0.0460627429707983,0.0,0.07126228901160905,0.1,0.04,0.02,0.0,0.1,0.0,0.85,0.0,0.0
LTT without hierarchy,2023,0.013185157280090412,0.8974358974358975,0.6593436398155682,0.0460627429707983,0.0,0.07126228901160905,0.1,0.04,0.02,0.0,0.1,0.9,0.85,0.0,0.0
LTT without hierarchy,2023,0.013185157280090412,0.8974358974358975,0.6870536117891691,0.05428984721092126,0.0,0.07965532674080644,0.1,0.04,0.02,0.0,0.12,0.0,0.85,0.0,0.0
LTT without hierarchy,2023,0.013185157280090412,0.8974358974358975,0.6870536117891691,0.05428984721092126,0.0,0.07965532674080644,0.1,0.04,0.02,0.0,0.12,0.9,0.85,0.0,0.0
LTT without hierarchy,2023,0.013185157280090412,0.8974358974358975,0.6593436398155682,0.0460627429707983,0.0,0.07126228901160905,0.1,0.04,0.02,0.7,0.1,0.0,0.85,0.0,0.0
LTT without hierarchy,2023,0.013185157280090412,0.8974358974358975,0.6593436398155682,0.0460627429707983,0.0,0.07126228901160905,0.1,0.04,0.02,0.7,0.1,0.9,0.85,0.0,0.0
LTT without hierarchy,2023,0.013185157280090412,0.8974358974358975,0.6870536117891691,0.05428984721092126,0.0,0.07965532674080644,0.1,0.04,0.02,0.7,0.12,0.0,0.85,0.0,0.0
LTT without hierarchy,2023,0.013185157280090412,0.8974358974358975,0.6870536117891691,0.05428984721092126,0.0,0.07965532674080644,0.1,0.04,0.02,0.7,0.12,0.9,0.85,0.0,0.0
LTT without hierarchy,2023,0.013185157280090412,0.8974358974358975,0.6593436398155682,0.0460627429707983,0.0,0.07126228901160905,0.1,0.04,0.02,0.72,0.1,0.0,0.85,0.0,0.0
LTT without hierarchy,2023,0.013185157280090412,0.8974358974358975,0.6593436398155682,0.0460627429707983,0.0,0.07126228901160905,0.1,0.04,0.02,0.72,0.1,0.9,0.85,0.0,0.0
LTT without hierarchy,2023,0.013185157280090412,0.8974358974358975,0.6870536117891691,0.05428984721092126,0.0,0.07965532674080644,0.1,0.04,0.02,0.72,0.12,0.0,0.85,0.0,0.0
LTT without hierarchy,2023,0.013185157280090412,0.8974358974358975,0.6870536117891691,0.05428984721092126,0.0,0.07965532674080644,0.1,0.04,0.02,0.72,0.12,0.9,0.85,0.0,0.0
LTT without hierarchy,2023,0.013185157280090412,0.8974358974358975,0.6593436398155682,0.0460627429707983,0.0,0.07126228901160905,0.1,0.04,0.02,0.73,0.1,0.0,0.85,0.0,0.0
LTT without hierarchy,2023,0.013185157280090412,0.8974358974358975,0.6593436398155682,0.0460627429707983,0.0,0.07126228901160905,0.1,0.04,0.02,0.73,0.1,0.9,0.85,0.0,0.0
LTT without hierarchy,2023,0.013185157280090412,0.8974358974358975,0.6870536117891691,0.05428984721092126,0.0,0.07965532674080644,0.1,0.04,0.02,0.73,0.12,0.0,0.85,0.0,0.0
LTT without hierarchy,2023,0.013185157280090412,0.8974358974358975,0.6870536117891691,0.05428984721092126,0.0,0.07965532674080644,0.1,0.04,0.02,0.73,0.12,0.9,0.85,0.0,0.0
LTT without hierarchy,2023,0.013185157280090412,0.8974358974358975,0.6593436398155682,0.0460627429707983,0.0,0.07126228901160905,0.1,0.04,0.02,0.74,0.1,0.0,0.85,0.0,0.0
LTT without hierarchy,2023,0.013185157280090412,0.8974358974358975,0.6593436398155682,0.0460627429707983,0.0,0.07126228901160905,0.1,0.04,0.02,0.74,0.1,0.9,0.85,0.0,0.0
LTT without hierarchy,2023,0.013185157280090412,0.8974358974358975,0.6870536117891691,0.05428984721092126,0.0,0.07965532674080644,0.1,0.04,0.02,0.74,0.12,0.0,0.85,0.0,0.0
LTT without hierarchy,2023,0.013185157280090412,0.8974358974358975,0.6870536117891691,0.05428984721092126,0.0,0.07965532674080644,0.1,0.04,0.02,0.74,0.12,0.9,0.85,0.0,0.0
LTT without hierarchy,2023,0.013185157280090412,0.8974358974358975,0.6593436398155682,0.0460627429707983,0.0,0.07126228901160905,0.1,0.04,0.02,0.746,0.1,0.0,0.85,0.0,0.0
LTT without hierarchy,2023,0.013185157280090412,0.8974358974358975,0.6593436398155682,0.0460627429707983,0.0,0.07126228901160905,0.1,0.04,0.02,0.746,0.1,0.9,0.85,0.0,0.0
LTT without hierarchy,2023,0.013185157280090412,0.8974358974358975,0.6870536117891691,0.05428984721092126,0.0,0.07965532674080644,0.1,0.04,0.02,0.746,0.12,0.0,0.85,0.0,0.0
LTT without hierarchy,2023,0.013185157280090412,0.8974358974358975,0.6870536117891691,0.05428984721092126,0.0,0.07965532674080644,0.1,0.04,0.02,0.746,0.12,0.9,0.85,0.0,0.0
LTT without hierarchy,2023,0.013185157280090412,0.8974358974358975,0.6593436398155682,0.0460627429707983,0.0,0.07126228901160905,0.1,0.04,0.02,0.75,0.1,0.0,0.85,0.0,0.0
LTT without hierarchy,2023,0.013185157280090412,0.8974358974358975,0.6593436398155682,0.0460627429707983,0.0,0.07126228901160905,0.1,0.04,0.02,0.75,0.1,0.9,0.85,0.0,0.0
LTT without hierarchy,2023,0.013185157280090412,0.8974358974358975,0.6870536117891691,0.05428984721092126,0.0,0.07965532674080644,0.1,0.04,0.02,0.75,0.12,0.0,0.85,0.0,0.0
LTT without hierarchy,2023,0.013185157280090412,0.8974358974358975,0.6870536117891691,0.05428984721092126,0.0,0.07965532674080644,0.1,0.04,0.02,0.75,0.12,0.9,0.85,0.0,0.0
LTT without hierarchy,2023,0.013185157280090412,0.8974358974358975,0.6593436398155682,0.0460627429707983,0.0,0.07126228901160905,0.1,0.04,0.04,0.0,0.1,0.0,0.85,0.0,0.0
LTT without hierarchy,2023,0.013185157280090412,0.8974358974358975,0.6593436398155682,0.0460627429707983,0.0,0.07126228901160905,0.1,0.04,0.04,0.0,0.1,0.9,0.85,0.0,0.0
LTT without hierarchy,2023,0.013185157280090412,0.8974358974358975,0.6870536117891691,0.05428984721092126,0.0,0.07965532674080644,0.1,0.04,0.04,0.0,0.12,0.0,0.85,0.0,0.0
LTT without hierarchy,2023,0.013185157280090412,0.8974358974358975,0.6870536117891691,0.05428984721092126,0.0,0.07965532674080644,0.1,0.04,0.04,0.0,0.12,0.9,0.85,0.0,0.0
LTT without hierarchy,2023,0.013185157280090412,0.8974358974358975,0.6593436398155682,0.0460627429707983,0.0,0.07126228901160905,0.1,0.04,0.04,0.7,0.1,0.0,0.85,0.0,0.0
LTT without hierarchy,2023,0.013185157280090412,0.8974358974358975,0.6593436398155682,0.0460627429707983,0.0,0.07126228901160905,0.1,0.04,0.04,0.7,0.1,0.9,0.85,0.0,0.0
LTT without hierarchy,2023,0.013185157280090412,0.8974358974358975,0.6870536117891691,0.05428984721092126,0.0,0.07965532674080644,0.1,0.04,0.04,0.7,0.12,0.0,0.85,0.0,0.0
LTT without hierarchy,2023,0.013185157280090412,0.8974358974358975,0.6870536117891691,0.05428984721092126,0.0,0.07965532674080644,0.1,0.04,0.04,0.7,0.12,0.9,0.85,0.0,0.0
LTT without hierarchy,2023,0.013185157280090412,0.8974358974358975,0.6593436398155682,0.0460627429707983,0.0,0.07126228901160905,0.1,0.04,0.04,0.72,0.1,0.0,0.85,0.0,0.0
LTT without hierarchy,2023,0.013185157280090412,0.8974358974358975,0.6593436398155682,0.0460627429707983,0.0,0.07126228901160905,0.1,0.04,0.04,0.72,0.1,0.9,0.85,0.0,0.0
LTT without hierarchy,2023,0.013185157280090412,0.8974358974358975,0.6870536117891691,0.05428984721092126,0.0,0.07965532674080644,0.1,0.04,0.04,0.72,0.12,0.0,0.85,0.0,0.0
LTT without hierarchy,2023,0.013185157280090412,0.8974358974358975,0.6870536117891691,0.05428984721092126,0.0,0.07965532674080644,0.1,0.04,0.04,0.72,0.12,0.9,0.85,0.0,0.0
LTT without hierarchy,2023,0.013185157280090412,0.8974358974358975,0.6593436398155682,0.0460627429707983,0.0,0.07126228901160905,0.1,0.04,0.04,0.73,0.1,0.0,0.85,0.0,0.0
LTT without hierarchy,2023,0.013185157280090412,0.8974358974358975,0.6593436398155682,0.0460627429707983,0.0,0.07126228901160905,0.1,0.04,0.04,0.73,0.1,0.9,0.85,0.0,0.0
LTT without hierarchy,2023,0.013185157280090412,0.8974358974358975,0.6870536117891691,0.05428984721092126,0.0,0.07965532674080644,0.1,0.04,0.04,0.73,0.12,0.0,0.85,0.0,0.0
LTT without hierarchy,2023,0.013185157280090412,0.8974358974358975,0.6870536117891691,0.05428984721092126,0.0,0.07965532674080644,0.1,0.04,0.04,0.73,0.12,0.9,0.85,0.0,0.0
LTT without hierarchy,2023,0.013185157280090412,0.8974358974358975,0.6593436398155682,0.0460627429707983,0.0,0.07126228901160905,0.1,0.04,0.04,0.74,0.1,0.0,0.85,0.0,0.0
LTT without hierarchy,2023,0.013185157280090412,0.8974358974358975,0.6593436398155682,0.0460627429707983,0.0,0.07126228901160905,0.1,0.04,0.04,0.74,0.1,0.9,0.85,0.0,0.0
LTT without hierarchy,2023,0.013185157280090412,0.8974358974358975,0.6870536117891691,0.05428984721092126,0.0,0.07965532674080644,0.1,0.04,0.04,0.74,0.12,0.0,0.85,0.0,0.0
LTT without hierarchy,2023,0.013185157280090412,0.8974358974358975,0.6870536117891691,0.05428984721092126,0.0,0.07965532674080644,0.1,0.04,0.04,0.74,0.12,0.9,0.85,0.0,0.0
LTT without hierarchy,2023,0.013185157280090412,0.8974358974358975,0.6593436398155682,0.0460627429707983,0.0,0.07126228901160905,0.1,0.04,0.04,0.746,0.1,0.0,0.85,0.0,0.0
LTT without hierarchy,2023,0.013185157280090412,0.8974358974358975,0.6593436398155682,0.0460627429707983,0.0,0.07126228901160905,0.1,0.04,0.04,0.746,0.1,0.9,0.85,0.0,0.0
LTT without hierarchy,2023,0.013185157280090412,0.8974358974358975,0.6870536117891691,0.05428984721092126,0.0,0.07965532674080644,0.1,0.04,0.04,0.746,0.12,0.0,0.85,0.0,0.0
LTT without hierarchy,2023,0.013185157280090412,0.8974358974358975,0.6870536117891691,0.05428984721092126,0.0,0.07965532674080644,0.1,0.04,0.04,0.746,0.12,0.9,0.85,0.0,0.0
LTT without hierarchy,2023,0.013185157280090412,0.8974358974358975,0.6593436398155682,0.0460627429707983,0.0,0.07126228901160905,0.1,0.04,0.04,0.75,0.1,0.0,0.85,0.0,0.0
LTT without hierarchy,2023,0.013185157280090412,0.8974358974358975,0.6593436398155682,0.0460627429707983,0.0,0.07126228901160905,0.1,0.04,0.04,0.75,0.1,0.9,0.85,0.0,0.0
LTT without hierarchy,2023,0.013185157280090412,0.8974358974358975,0.6870536117891691,0.05428984721092126,0.0,0.07965532674080644,0.1,0.04,0.04,0.75,0.12,0.0,0.85,0.0,0.0
LTT without hierarchy,2023,0.013185157280090412,0.8974358974358975,0.6870536117891691,0.05428984721092126,0.0,0.07965532674080644,0.1,0.04,0.04,0.75,0.12,0.9,0.85,0.0,0.0
LTT without hierarchy,2023,0.013185157280090412,0.8974358974358975,0.6593436398155682,0.0460627429707983,0.0,0.07126228901160905,0.1,0.06,0.0,0.0,0.1,0.0,0.85,0.0,0.0
LTT without hierarchy,2023,0.013185157280090412,0.8974358974358975,0.6593436398155682,0.0460627429707983,0.0,0.07126228901160905,0.1,0.06,0.0,0.0,0.1,0.9,0.85,0.0,0.0
LTT without hierarchy,2023,0.013185157280090412,0.8974358974358975,0.6870536117891691,0.05428984721092126,0.0,0.07965532674080644,0.1,0.06,0.0,0.0,0.12,0.0,0.85,0.0,0.0
LTT without hierarchy,2023,0.013185157280090412,0.8974358974358975,0.6870536117891691,0.05428984721092126,0.0,0.07965532674080644,0.1,0.06,0.0,0.0,0.12,0.9,0.85,0.0,0.0
LTT without hierarchy,2023,0.013185157280090412,0.8974358974358975,0.6593436398155682,0.0460627429707983,0.0,0.07126228901160905,0.1,0.06,0.0,0.7,0.1,0.0,0.85,0.0,0.0
LTT without hierarchy,2023,0.013185157280090412,0.8974358974358975,0.6593436398155682,0.0460627429707983,0.0,0.07126228901160905,0.1,0.06,0.0,0.7,0.1,0.9,0.85,0.0,0.0
LTT without hierarchy,2023,0.013185157280090412,0.8974358974358975,0.6870536117891691,0.05428984721092126,0.0,0.07965532674080644,0.1,0.06,0.0,0.7,0.12,0.0,0.85,0.0,0.0
LTT without hierarchy,2023,0.013185157280090412,0.8974358974358975,0.6870536117891691,0.05428984721092126,0.0,0.07965532674080644,0.1,0.06,0.0,0.7,0.12,0.9,0.85,0.0,0.0
LTT without hierarchy,2023,0.013185157280090412,0.8974358974358975,0.6593436398155682,0.0460627429707983,0.0,0.07126228901160905,0.1,0.06,0.0,0.72,0.1,0.0,0.85,0.0,0.0
LTT without hierarchy,2023,0.013185157280090412,0.8974358974358975,0.6593436398155682,0.0460627429707983,0.0,0.07126228901160905,0.1,0.06,0.0,0.72,0.1,0.9,0.85,0.0,0.0
LTT without hierarchy,2023,0.013185157280090412,0.8974358974358975,0.6870536117891691,0.05428984721092126,0.0,0.07965532674080644,0.1,0.06,0.0,0.72,0.12,0.0,0.85,0.0,0.0
LTT without hierarchy,2023,0.013185157280090412,0.8974358974358975,0.6870536117891691,0.05428984721092126,0.0,0.07965532674080644,0.1,0.06,0.0,0.72,0.12,0.9,0.85,0.0,0.0
LTT without hierarchy,2023,0.013185157280090412,0.8974358974358975,0.6593436398155682,0.0460627429707983,0.0,0.07126228901160905,0.1,0.06,0.0,0.73,0.1,0.0,0.85,0.0,0.0
LTT without hierarchy,2023,0.013185157280090412,0.8974358974358975,0.6593436398155682,0.0460627429707983,0.0,0.07126228901160905,0.1,0.06,0.0,0.73,0.1,0.9,0.85,0.0,0.0
LTT without hierarchy,2023,0.013185157280090412,0.8974358974358975,0.6870536117891691,0.05428984721092126,0.0,0.07965532674080644,0.1,0.06,0.0,0.73,0.12,0.0,0.85,0.0,0.0
LTT without hierarchy,2023,0.013185157280090412,0.8974358974358975,0.6870536117891691,0.05428984721092126,0.0,0.07965532674080644,0.1,0.06,0.0,0.73,0.12,0.9,0.85,0.0,0.0
LTT without hierarchy,2023,0.013185157280090412,0.8974358974358975,0.6593436398155682,0.0460627429707983,0.0,0.07126228901160905,0.1,0.06,0.0,0.74,0.1,0.0,0.85,0.0,0.0
LTT without hierarchy,2023,0.013185157280090412,0.8974358974358975,0.6593436398155682,0.0460627429707983,0.0,0.07126228901160905,0.1,0.06,0.0,0.74,0.1,0.9,0.85,0.0,0.0
LTT without hierarchy,2023,0.013185157280090412,0.8974358974358975,0.6870536117891691,0.05428984721092126,0.0,0.07965532674080644,0.1,0.06,0.0,0.74,0.12,0.0,0.85,0.0,0.0
LTT without hierarchy,2023,0.013185157280090412,0.8974358974358975,0.6870536117891691,0.05428984721092126,0.0,0.07965532674080644,0.1,0.06,0.0,0.74,0.12,0.9,0.85,0.0,0.0
LTT without hierarchy,2023,0.013185157280090412,0.8974358974358975,0.6593436398155682,0.0460627429707983,0.0,0.07126228901160905,0.1,0.06,0.0,0.746,0.1,0.0,0.85,0.0,0.0
LTT without hierarchy,2023,0.013185157280090412,0.8974358974358975,0.6593436398155682,0.0460627429707983,0.0,0.07126228901160905,0.1,0.06,0.0,0.746,0.1,0.9,0.85,0.0,0.0
LTT without hierarchy,2023,0.013185157280090412,0.8974358974358975,0.6870536117891691,0.05428984721092126,0.0,0.07965532674080644,0.1,0.06,0.0,0.746,0.12,0.0,0.85,0.0,0.0
LTT without hierarchy,2023,0.013185157280090412,0.8974358974358975,0.6870536117891691,0.05428984721092126,0.0,0.07965532674080644,0.1,0.06,0.0,0.746,0.12,0.9,0.85,0.0,0.0
LTT without hierarchy,2023,0.013185157280090412,0.8974358974358975,0.6593436398155682,0.0460627429707983,0.0,0.07126228901160905,0.1,0.06,0.0,0.75,0.1,0.0,0.85,0.0,0.0
LTT without hierarchy,2023,0.013185157280090412,0.8974358974358975,0.6593436398155682,0.0460627429707983,0.0,0.07126228901160905,0.1,0.06,0.0,0.75,0.1,0.9,0.85,0.0,0.0
LTT without hierarchy,2023,0.013185157280090412,0.8974358974358975,0.6870536117891691,0.05428984721092126,0.0,0.07965532674080644,0.1,0.06,0.0,0.75,0.12,0.0,0.85,0.0,0.0
LTT without hierarchy,2023,0.013185157280090412,0.8974358974358975,0.6870536117891691,0.05428984721092126,0.0,0.07965532674080644,0.1,0.06,0.0,0.75,0.12,0.9,0.85,0.0,0.0
LTT without hierarchy,2023,0.013185157280090412,0.8974358974358975,0.6593436398155682,0.0460627429707983,0.0,0.07126228901160905,0.1,0.06,0.02,0.0,0.1,0.0,0.85,0.0,0.0
LTT without hierarchy,2023,0.013185157280090412,0.8974358974358975,0.6593436398155682,0.0460627429707983,0.0,0.07126228901160905,0.1,0.06,0.02,0.0,0.1,0.9,0.85,0.0,0.0
LTT without hierarchy,2023,0.013185157280090412,0.8974358974358975,0.6870536117891691,0.05428984721092126,0.0,0.07965532674080644,0.1,0.06,0.02,0.0,0.12,0.0,0.85,0.0,0.0
LTT without hierarchy,2023,0.013185157280090412,0.8974358974358975,0.6870536117891691,0.05428984721092126,0.0,0.07965532674080644,0.1,0.06,0.02,0.0,0.12,0.9,0.85,0.0,0.0
LTT without hierarchy,2023,0.013185157280090412,0.8974358974358975,0.6593436398155682,0.0460627429707983,0.0,0.07126228901160905,0.1,0.06,0.02,0.7,0.1,0.0,0.85,0.0,0.0
LTT without hierarchy,2023,0.013185157280090412,0.8974358974358975,0.6593436398155682,0.0460627429707983,0.0,0.07126228901160905,0.1,0.06,0.02,0.7,0.1,0.9,0.85,0.0,0.0
LTT without hierarchy,2023,0.013185157280090412,0.8974358974358975,0.6870536117891691,0.05428984721092126,0.0,0.07965532674080644,0.1,0.06,0.02,0.7,0.12,0.0,0.85,0.0,0.0
LTT without hierarchy,2023,0.013185157280090412,0.8974358974358975,0.6870536117891691,0.05428984721092126,0.0,0.07965532674080644,0.1,0.06,0.02,0.7,0.12,0.9,0.85,0.0,0.0
LTT without hierarchy,2023,0.013185157280090412,0.8974358974358975,0.6593436398155682,0.0460627429707983,0.0,0.07126228901160905,0.1,0.06,0.02,0.72,0.1,0.0,0.85,0.0,0.0
LTT without hierarchy,2023,0.013185157280090412,0.8974358974358975,0.6593436398155682,0.0460627429707983,0.0,0.07126228901160905,0.1,0.06,0.02,0.72,0.1,0.9,0.85,0.0,0.0
LTT without hierarchy,2023,0.013185157280090412,0.8974358974358975,0.6870536117891691,0.05428984721092126,0.0,0.07965532674080644,0.1,0.06,0.02,0.72,0.12,0.0,0.85,0.0,0.0
LTT without hierarchy,2023,0.013185157280090412,0.8974358974358975,0.6870536117891691,0.05428984721092126,0.0,0.07965532674080644,0.1,0.06,0.02,0.72,0.12,0.9,0.85,0.0,0.0
LTT without hierarchy,2023,0.013185157280090412,0.8974358974358975,0.6593436398155682,0.0460627429707983,0.0,0.07126228901160905,0.1,0.06,0.02,0.73,0.1,0.0,0.85,0.0,0.0
LTT without hierarchy,2023,0.013185157280090412,0.8974358974358975,0.6593436398155682,0.0460627429707983,0.0,0.07126228901160905,0.1,0.06,0.02,0.73,0.1,0.9,0.85,0.0,0.0
LTT without hierarchy,2023,0.013185157280090412,0.8974358974358975,0.6870536117891691,0.05428984721092126,0.0,0.07965532674080644,0.1,0.06,0.02,0.73,0.12,0.0,0.85,0.0,0.0
LTT without hierarchy,2023,0.013185157280090412,0.8974358974358975,0.6870536117891691,0.05428984721092126,0.0,0.07965532674080644,0.1,0.06,0.02,0.73,0.12,0.9,0.85,0.0,0.0
LTT without hierarchy,2023,0.013185157280090412,0.8974358974358975,0.6593436398155682,0.0460627429707983,0.0,0.07126228901160905,0.1,0.06,0.02,0.74,0.1,0.0,0.85,0.0,0.0
LTT without hierarchy,2023,0.013185157280090412,0.8974358974358975,0.6593436398155682,0.0460627429707983,0.0,0.07126228901160905,0.1,0.06,0.02,0.74,0.1,0.9,0.85,0.0,0.0
LTT without hierarchy,2023,0.013185157280090412,0.8974358974358975,0.6870536117891691,0.05428984721092126,0.0,0.07965532674080644,0.1,0.06,0.02,0.74,0.12,0.0,0.85,0.0,0.0
LTT without hierarchy,2023,0.013185157280090412,0.8974358974358975,0.6870536117891691,0.05428984721092126,0.0,0.07965532674080644,0.1,0.06,0.02,0.74,0.12,0.9,0.85,0.0,0.0
LTT without hierarchy,2023,0.013185157280090412,0.8974358974358975,0.6593436398155682,0.0460627429707983,0.0,0.07126228901160905,0.1,0.06,0.02,0.746,0.1,0.0,0.85,0.0,0.0
LTT without hierarchy,2023,0.013185157280090412,0.8974358974358975,0.6593436398155682,0.0460627429707983,0.0,0.07126228901160905,0.1,0.06,0.02,0.746,0.1,0.9,0.85,0.0,0.0
LTT without hierarchy,2023,0.013185157280090412,0.8974358974358975,0.6870536117891691,0.05428984721092126,0.0,0.07965532674080644,0.1,0.06,0.02,0.746,0.12,0.0,0.85,0.0,0.0
LTT without hierarchy,2023,0.013185157280090412,0.8974358974358975,0.6870536117891691,0.05428984721092126,0.0,0.07965532674080644,0.1,0.06,0.02,0.746,0.12,0.9,0.85,0.0,0.0
LTT without hierarchy,2023,0.013185157280090412,0.8974358974358975,0.6593436398155682,0.0460627429707983,0.0,0.07126228901160905,0.1,0.06,0.02,0.75,0.1,0.0,0.85,0.0,0.0
LTT without hierarchy,2023,0.013185157280090412,0.8974358974358975,0.6593436398155682,0.0460627429707983,0.0,0.07126228901160905,0.1,0.06,0.02,0.75,0.1,0.9,0.85,0.0,0.0
LTT without hierarchy,2023,0.013185157280090412,0.8974358974358975,0.6870536117891691,0.05428984721092126,0.0,0.07965532674080644,0.1,0.06,0.02,0.75,0.12,0.0,0.85,0.0,0.0
LTT without hierarchy,2023,0.013185157280090412,0.8974358974358975,0.6870536117891691,0.05428984721092126,0.0,0.07965532674080644,0.1,0.06,0.02,0.75,0.12,0.9,0.85,0.0,0.0
LTT without hierarchy,2023,0.013185157280090412,0.8974358974358975,0.6593436398155682,0.0460627429707983,0.0,0.07126228901160905,0.1,0.06,0.04,0.0,0.1,0.0,0.85,0.0,0.0
LTT without hierarchy,2023,0.013185157280090412,0.8974358974358975,0.6593436398155682,0.0460627429707983,0.0,0.07126228901160905,0.1,0.06,0.04,0.0,0.1,0.9,0.85,0.0,0.0
LTT without hierarchy,2023,0.013185157280090412,0.8974358974358975,0.6870536117891691,0.05428984721092126,0.0,0.07965532674080644,0.1,0.06,0.04,0.0,0.12,0.0,0.85,0.0,0.0
LTT without hierarchy,2023,0.013185157280090412,0.8974358974358975,0.6870536117891691,0.05428984721092126,0.0,0.07965532674080644,0.1,0.06,0.04,0.0,0.12,0.9,0.85,0.0,0.0
LTT without hierarchy,2023,0.013185157280090412,0.8974358974358975,0.6593436398155682,0.0460627429707983,0.0,0.07126228901160905,0.1,0.06,0.04,0.7,0.1,0.0,0.85,0.0,0.0
LTT without hierarchy,2023,0.013185157280090412,0.8974358974358975,0.6593436398155682,0.0460627429707983,0.0,0.07126228901160905,0.1,0.06,0.04,0.7,0.1,0.9,0.85,0.0,0.0
LTT without hierarchy,2023,0.013185157280090412,0.8974358974358975,0.6870536117891691,0.05428984721092126,0.0,0.07965532674080644,0.1,0.06,0.04,0.7,0.12,0.0,0.85,0.0,0.0
LTT without hierarchy,2023,0.013185157280090412,0.8974358974358975,0.6870536117891691,0.05428984721092126,0.0,0.07965532674080644,0.1,0.06,0.04,0.7,0.12,0.9,0.85,0.0,0.0
LTT without hierarchy,2023,0.013185157280090412,0.8974358974358975,0.6593436398155682,0.0460627429707983,0.0,0.07126228901160905,0.1,0.06,0.04,0.72,0.1,0.0,0.85,0.0,0.0
LTT without hierarchy,2023,0.013185157280090412,0.8974358974358975,0.6593436398155682,0.0460627429707983,0.0,0.07126228901160905,0.1,0.06,0.04,0.72,0.1,0.9,0.85,0.0,0.0
LTT without hierarchy,2023,0.013185157280090412,0.8974358974358975,0.6870536117891691,0.05428984721092126,0.0,0.07965532674080644,0.1,0.06,0.04,0.72,0.12,0.0,0.85,0.0,0.0
LTT without hierarchy,2023,0.013185157280090412,0.8974358974358975,0.6870536117891691,0.05428984721092126,0.0,0.07965532674080644,0.1,0.06,0.04,0.72,0.12,0.9,0.85,0.0,0.0
LTT without hierarchy,2023,0.013185157280090412,0.8974358974358975,0.6593436398155682,0.0460627429707983,0.0,0.07126228901160905,0.1,0.06,0.04,0.73,0.1,0.0,0.85,0.0,0.0
LTT without hierarchy,2023,0.013185157280090412,0.8974358974358975,0.6593436398155682,0.0460627429707983,0.0,0.07126228901160905,0.1,0.06,0.04,0.73,0.1,0.9,0.85,0.0,0.0
LTT without hierarchy,2023,0.013185157280090412,0.8974358974358975,0.6870536117891691,0.05428984721092126,0.0,0.07965532674080644,0.1,0.06,0.04,0.73,0.12,0.0,0.85,0.0,0.0
LTT without hierarchy,2023,0.013185157280090412,0.8974358974358975,0.6870536117891691,0.05428984721092126,0.0,0.07965532674080644,0.1,0.06,0.04,0.73,0.12,0.9,0.85,0.0,0.0
LTT without hierarchy,2023,0.013185157280090412,0.8974358974358975,0.6593436398155682,0.0460627429707983,0.0,0.07126228901160905,0.1,0.06,0.04,0.74,0.1,0.0,0.85,0.0,0.0
LTT without hierarchy,2023,0.013185157280090412,0.8974358974358975,0.6593436398155682,0.0460627429707983,0.0,0.07126228901160905,0.1,0.06,0.04,0.74,0.1,0.9,0.85,0.0,0.0
LTT without hierarchy,2023,0.013185157280090412,0.8974358974358975,0.6870536117891691,0.05428984721092126,0.0,0.07965532674080644,0.1,0.06,0.04,0.74,0.12,0.0,0.85,0.0,0.0
LTT without hierarchy,2023,0.013185157280090412,0.8974358974358975,0.6870536117891691,0.05428984721092126,0.0,0.07965532674080644,0.1,0.06,0.04,0.74,0.12,0.9,0.85,0.0,0.0
LTT without hierarchy,2023,0.013185157280090412,0.8974358974358975,0.6593436398155682,0.0460627429707983,0.0,0.07126228901160905,0.1,0.06,0.04,0.746,0.1,0.0,0.85,0.0,0.0
LTT without hierarchy,2023,0.013185157280090412,0.8974358974358975,0.6593436398155682,0.0460627429707983,0.0,0.07126228901160905,0.1,0.06,0.04,0.746,0.1,0.9,0.85,0.0,0.0
LTT without hierarchy,2023,0.013185157280090412,0.8974358974358975,0.6870536117891691,0.05428984721092126,0.0,0.07965532674080644,0.1,0.06,0.04,0.746,0.12,0.0,0.85,0.0,0.0
LTT without hierarchy,2023,0.013185157280090412,0.8974358974358975,0.6870536117891691,0.05428984721092126,0.0,0.07965532674080644,0.1,0.06,0.04,0.746,0.12,0.9,0.85,0.0,0.0
LTT without hierarchy,2023,0.013185157280090412,0.8974358974358975,0.6593436398155682,0.0460627429707983,0.0,0.07126228901160905,0.1,0.06,0.04,0.75,0.1,0.0,0.85,0.0,0.0
LTT without hierarchy,2023,0.013185157280090412,0.8974358974358975,0.6593436398155682,0.0460627429707983,0.0,0.07126228901160905,0.1,0.06,0.04,0.75,0.1,0.9,0.85,0.0,0.0
LTT without hierarchy,2023,0.013185157280090412,0.8974358974358975,0.6870536117891691,0.05428984721092126,0.0,0.07965532674080644,0.1,0.06,0.04,0.75,0.12,0.0,0.85,0.0,0.0
LTT without hierarchy,2023,0.013185157280090412,0.8974358974358975,0.6870536117891691,0.05428984721092126,0.0,0.07965532674080644,0.1,0.06,0.04,0.75,0.12,0.9,0.85,0.0,0.0
LTT without hierarchy,2023,0.03315125258994161,0.9025641025641026,0.6646324925413616,0.046559985534761775,0.0006595615941983463,0.07155189073021528,0.08,0.04,0.06,0.0,0.1,0.0,0.0,0.0,0.0
LTT without hierarchy,2023,0.03315125258994161,0.9025641025641026,0.6646324925413616,0.046559985534761775,0.0006595615941983463,0.07155189073021528,0.08,0.04,0.06,0.0,0.1,0.9,0.0,0.0,0.0
LTT without hierarchy,2023,0.03315125258994161,0.9025641025641026,0.6923424645149625,0.05478708977488474,0.0006595615941983463,0.07994346845995985,0.08,0.04,0.06,0.0,0.12,0.0,0.0,0.0,0.0
LTT without hierarchy,2023,0.03315125258994161,0.9025641025641026,0.6923424645149625,0.05478708977488474,0.0006595615941983463,0.07994346845995985,0.08,0.04,0.06,0.0,0.12,0.9,0.0,0.0,0.0
LTT without hierarchy,2023,0.03315125258994161,0.9025641025641026,0.6646324925413616,0.046559985534761775,0.0006595615941983463,0.07155189073021528,0.08,0.04,0.06,0.7,0.1,0.0,0.0,0.0,0.0
LTT without hierarchy,2023,0.03315125258994161,0.9025641025641026,0.6646324925413616,0.046559985534761775,0.0006595615941983463,0.07155189073021528,0.08,0.04,0.06,0.7,0.1,0.9,0.0,0.0,0.0
LTT without hierarchy,2023,0.03315125258994161,0.9025641025641026,0.6923424645149625,0.05478708977488474,0.0006595615941983463,0.07994346845995985,0.08,0.04,0.06,0.7,0.12,0.0,0.0,0.0,0.0
LTT without hierarchy,2023,0.03315125258994161,0.9025641025641026,0.6923424645149625,0.05478708977488474,0.0006595615941983463,0.07994346845995985,0.08,0.04,0.06,0.7,0.12,0.9,0.0,0.0,0.0
LTT without hierarchy,2023,0.03315125258994161,0.9025641025641026,0.6646324925413616,0.046559985534761775,0.0006595615941983463,0.07155189073021528,0.08,0.04,0.06,0.72,0.1,0.0,0.0,0.0,0.0
LTT without hierarchy,2023,0.03315125258994161,0.9025641025641026,0.6646324925413616,0.046559985534761775,0.0006595615941983463,0.07155189073021528,0.08,0.04,0.06,0.72,0.1,0.9,0.0,0.0,0.0
LTT without hierarchy,2023,0.03315125258994161,0.9025641025641026,0.6923424645149625,0.05478708977488474,0.0006595615941983463,0.07994346845995985,0.08,0.04,0.06,0.72,0.12,0.0,0.0,0.0,0.0
LTT without hierarchy,2023,0.03315125258994161,0.9025641025641026,0.6923424645149625,0.05478708977488474,0.0006595615941983463,0.07994346845995985,0.08,0.04,0.06,0.72,0.12,0.9,0.0,0.0,0.0
LTT without hierarchy,2023,0.03315125258994161,0.9025641025641026,0.6646324925413616,0.046559985534761775,0.0006595615941983463,0.07155189073021528,0.08,0.04,0.06,0.73,0.1,0.0,0.0,0.0,0.0
LTT without hierarchy,2023,0.03315125258994161,0.9025641025641026,0.6646324925413616,0.046559985534761775,0.0006595615941983463,0.07155189073021528,0.08,0.04,0.06,0.73,0.1,0.9,0.0,0.0,0.0
LTT without hierarchy,2023,0.03315125258994161,0.9025641025641026,0.6923424645149625,0.05478708977488474,0.0006595615941983463,0.07994346845995985,0.08,0.04,0.06,0.73,0.12,0.0,0.0,0.0,0.0
LTT without hierarchy,2023,0.03315125258994161,0.9025641025641026,0.6923424645149625,0.05478708977488474,0.0006595615941983463,0.07994346845995985,0.08,0.04,0.06,0.73,0.12,0.9,0.0,0.0,0.0
LTT without hierarchy,2023,0.03315125258994161,0.9025641025641026,0.6646324925413616,0.046559985534761775,0.0006595615941983463,0.07155189073021528,0.08,0.04,0.06,0.74,0.1,0.0,0.0,0.0,0.0
LTT without hierarchy,2023,0.03315125258994161,0.9025641025641026,0.6646324925413616,0.046559985534761775,0.0006595615941983463,0.07155189073021528,0.08,0.04,0.06,0.74,0.1,0.9,0.0,0.0,0.0
LTT without hierarchy,2023,0.03315125258994161,0.9025641025641026,0.6923424645149625,0.05478708977488474,0.0006595615941983463,0.07994346845995985,0.08,0.04,0.06,0.74,0.12,0.0,0.0,0.0,0.0
LTT without hierarchy,2023,0.03315125258994161,0.9025641025641026,0.6923424645149625,0.05478708977488474,0.0006595615941983463,0.07994346845995985,0.08,0.04,0.06,0.74,0.12,0.9,0.0,0.0,0.0
LTT without hierarchy,2023,0.03315125258994161,0.9025641025641026,0.6646324925413616,0.046559985534761775,0.0006595615941983463,0.07155189073021528,0.08,0.04,0.06,0.746,0.1,0.0,0.0,0.0,0.0
LTT without hierarchy,2023,0.03315125258994161,0.9025641025641026,0.6646324925413616,0.046559985534761775,0.0006595615941983463,0.07155189073021528,0.08,0.04,0.06,0.746,0.1,0.9,0.0,0.0,0.0
LTT without hierarchy,2023,0.03315125258994161,0.9025641025641026,0.6923424645149625,0.05478708977488474,0.0006595615941983463,0.07994346845995985,0.08,0.04,0.06,0.746,0.12,0.0,0.0,0.0,0.0
LTT without hierarchy,2023,0.03315125258994161,0.9025641025641026,0.6923424645149625,0.05478708977488474,0.0006595615941983463,0.07994346845995985,0.08,0.04,0.06,0.746,0.12,0.9,0.0,0.0,0.0
LTT without hierarchy,2023,0.03315125258994161,0.9025641025641026,0.6646324925413616,0.046559985534761775,0.0006595615941983463,0.07155189073021528,0.08,0.04,0.06,0.75,0.1,0.0,0.0,0.0,0.0
LTT without hierarchy,2023,0.03315125258994161,0.9025641025641026,0.6646324925413616,0.046559985534761775,0.0006595615941983463,0.07155189073021528,0.08,0.04,0.06,0.75,0.1,0.9,0.0,0.0,0.0
LTT without hierarchy,2023,0.03315125258994161,0.9025641025641026,0.6923424645149625,0.05478708977488474,0.0006595615941983463,0.07994346845995985,0.08,0.04,0.06,0.75,0.12,0.0,0.0,0.0,0.0
LTT without hierarchy,2023,0.03315125258994161,0.9025641025641026,0.6923424645149625,0.05478708977488474,0.0006595615941983463,0.07994346845995985,0.08,0.04,0.06,0.75,0.12,0.9,0.0,0.0,0.0
LTT without hierarchy,2023,0.03315125258994161,0.9025641025641026,0.6646324925413616,0.046559985534761775,0.0006595615941983463,0.07155189073021528,0.08,0.06,0.06,0.0,0.1,0.0,0.0,0.0,0.0
LTT without hierarchy,2023,0.03315125258994161,0.9025641025641026,0.6646324925413616,0.046559985534761775,0.0006595615941983463,0.07155189073021528,0.08,0.06,0.06,0.0,0.1,0.9,0.0,0.0,0.0
LTT without hierarchy,2023,0.03315125258994161,0.9025641025641026,0.6923424645149625,0.05478708977488474,0.0006595615941983463,0.07994346845995985,0.08,0.06,0.06,0.0,0.12,0.0,0.0,0.0,0.0
LTT without hierarchy,2023,0.03315125258994161,0.9025641025641026,0.6923424645149625,0.05478708977488474,0.0006595615941983463,0.07994346845995985,0.08,0.06,0.06,0.0,0.12,0.9,0.0,0.0,0.0
LTT without hierarchy,2023,0.03315125258994161,0.9025641025641026,0.6646324925413616,0.046559985534761775,0.0006595615941983463,0.07155189073021528,0.08,0.06,0.06,0.7,0.1,0.0,0.0,0.0,0.0
LTT without hierarchy,2023,0.03315125258994161,0.9025641025641026,0.6646324925413616,0.046559985534761775,0.0006595615941983463,0.07155189073021528,0.08,0.06,0.06,0.7,0.1,0.9,0.0,0.0,0.0
LTT without hierarchy,2023,0.03315125258994161,0.9025641025641026,0.6923424645149625,0.05478708977488474,0.0006595615941983463,0.07994346845995985,0.08,0.06,0.06,0.7,0.12,0.0,0.0,0.0,0.0
LTT without hierarchy,2023,0.03315125258994161,0.9025641025641026,0.6923424645149625,0.05478708977488474,0.0006595615941983463,0.07994346845995985,0.08,0.06,0.06,0.7,0.12,0.9,0.0,0.0,0.0
LTT without hierarchy,2023,0.03315125258994161,0.9025641025641026,0.6646324925413616,0.046559985534761775,0.0006595615941983463,0.07155189073021528,0.08,0.06,0.06,0.72,0.1,0.0,0.0,0.0,0.0
LTT without hierarchy,2023,0.03315125258994161,0.9025641025641026,0.6646324925413616,0.046559985534761775,0.0006595615941983463,0.07155189073021528,0.08,0.06,0.06,0.72,0.1,0.9,0.0,0.0,0.0
LTT without hierarchy,2023,0.03315125258994161,0.9025641025641026,0.6923424645149625,0.05478708977488474,0.0006595615941983463,0.07994346845995985,0.08,0.06,0.06,0.72,0.12,0.0,0.0,0.0,0.0
LTT without hierarchy,2023,0.03315125258994161,0.9025641025641026,0.6923424645149625,0.05478708977488474,0.0006595615941983463,0.07994346845995985,0.08,0.06,0.06,0.72,0.12,0.9,0.0,0.0,0.0
LTT without hierarchy,2023,0.03315125258994161,0.9025641025641026,0.6646324925413616,0.046559985534761775,0.0006595615941983463,0.07155189073021528,0.08,0.06,0.06,0.73,0.1,0.0,0.0,0.0,0.0
LTT without hierarchy,2023,0.03315125258994161,0.9025641025641026,0.6646324925413616,0.046559985534761775,0.0006595615941983463,0.07155189073021528,0.08,0.06,0.06,0.73,0.1,0.9,0.0,0.0,0.0
LTT without hierarchy,2023,0.03315125258994161,0.9025641025641026,0.6923424645149625,0.05478708977488474,0.0006595615941983463,0.07994346845995985,0.08,0.06,0.06,0.73,0.12,0.0,0.0,0.0,0.0
LTT without hierarchy,2023,0.03315125258994161,0.9025641025641026,0.6923424645149625,0.05478708977488474,0.0006595615941983463,0.07994346845995985,0.08,0.06,0.06,0.73,0.12,0.9,0.0,0.0,0.0
LTT without hierarchy,2023,0.03315125258994161,0.9025641025641026,0.6646324925413616,0.046559985534761775,0.0006595615941983463,0.07155189073021528,0.08,0.06,0.06,0.74,0.1,0.0,0.0,0.0,0.0
LTT without hierarchy,2023,0.03315125258994161,0.9025641025641026,0.6646324925413616,0.046559985534761775,0.0006595615941983463,0.07155189073021528,0.08,0.06,0.06,0.74,0.1,0.9,0.0,0.0,0.0
LTT without hierarchy,2023,0.03315125258994161,0.9025641025641026,0.6923424645149625,0.05478708977488474,0.0006595615941983463,0.07994346845995985,0.08,0.06,0.06,0.74,0.12,0.0,0.0,0.0,0.0
LTT without hierarchy,2023,0.03315125258994161,0.9025641025641026,0.6923424645149625,0.05478708977488474,0.0006595615941983463,0.07994346845995985,0.08,0.06,0.06,0.74,0.12,0.9,0.0,0.0,0.0
LTT without hierarchy,2023,0.03315125258994161,0.9025641025641026,0.6646324925413616,0.046559985534761775,0.0006595615941983463,0.07155189073021528,0.08,0.06,0.06,0.746,0.1,0.0,0.0,0.0,0.0
LTT without hierarchy,2023,0.03315125258994161,0.9025641025641026,0.6646324925413616,0.046559985534761775,0.0006595615941983463,0.07155189073021528,0.08,0.06,0.06,0.746,0.1,0.9,0.0,0.0,0.0
LTT without hierarchy,2023,0.03315125258994161,0.9025641025641026,0.6923424645149625,0.05478708977488474,0.0006595615941983463,0.07994346845995985,0.08,0.06,0.06,0.746,0.12,0.0,0.0,0.0,0.0
LTT without hierarchy,2023,0.03315125258994161,0.9025641025641026,0.6923424645149625,0.05478708977488474,0.0006595615941983463,0.07994346845995985,0.08,0.06,0.06,0.746,0.12,0.9,0.0,0.0,0.0
LTT without hierarchy,2023,0.03315125258994161,0.9025641025641026,0.6646324925413616,0.046559985534761775,0.0006595615941983463,0.07155189073021528,0.08,0.06,0.06,0.75,0.1,0.0,0.0,0.0,0.0
LTT without hierarchy,2023,0.03315125258994161,0.9025641025641026,0.6646324925413616,0.046559985534761775,0.0006595615941983463,0.07155189073021528,0.08,0.06,0.06,0.75,0.1,0.9,0.0,0.0,0.0
LTT without hierarchy,2023,0.03315125258994161,0.9025641025641026,0.6923424645149625,0.05478708977488474,0.0006595615941983463,0.07994346845995985,0.08,0.06,0.06,0.75,0.12,0.0,0.0,0.0,0.0
LTT without hierarchy,2023,0.03315125258994161,0.9025641025641026,0.6923424645149625,0.05478708977488474,0.0006595615941983463,0.07994346845995985,0.08,0.06,0.06,0.75,0.12,0.9,0.0,0.0,0.0
LTT without hierarchy,2023,0.03315125258994161,0.9025641025641026,0.6646324925413616,0.046559985534761775,0.0006595615941983463,0.07155189073021528,0.1,0.04,0.06,0.0,0.1,0.0,0.0,0.0,0.0
LTT without hierarchy,2023,0.03315125258994161,0.9025641025641026,0.6646324925413616,0.046559985534761775,0.0006595615941983463,0.07155189073021528,0.1,0.04,0.06,0.0,0.1,0.9,0.0,0.0,0.0
LTT without hierarchy,2023,0.03315125258994161,0.9025641025641026,0.6923424645149625,0.05478708977488474,0.0006595615941983463,0.07994346845995985,0.1,0.04,0.06,0.0,0.12,0.0,0.0,0.0,0.0
LTT without hierarchy,2023,0.03315125258994161,0.9025641025641026,0.6923424645149625,0.05478708977488474,0.0006595615941983463,0.07994346845995985,0.1,0.04,0.06,0.0,0.12,0.9,0.0,0.0,0.0
LTT without hierarchy,2023,0.03315125258994161,0.9025641025641026,0.6646324925413616,0.046559985534761775,0.0006595615941983463,0.07155189073021528,0.1,0.04,0.06,0.7,0.1,0.0,0.0,0.0,0.0
LTT without hierarchy,2023,0.03315125258994161,0.9025641025641026,0.6646324925413616,0.046559985534761775,0.0006595615941983463,0.07155189073021528,0.1,0.04,0.06,0.7,0.1,0.9,0.0,0.0,0.0
LTT without hierarchy,2023,0.03315125258994161,0.9025641025641026,0.6923424645149625,0.05478708977488474,0.0006595615941983463,0.07994346845995985,0.1,0.04,0.06,0.7,0.12,0.0,0.0,0.0,0.0
LTT without hierarchy,2023,0.03315125258994161,0.9025641025641026,0.6923424645149625,0.05478708977488474,0.0006595615941983463,0.07994346845995985,0.1,0.04,0.06,0.7,0.12,0.9,0.0,0.0,0.0
LTT without hierarchy,2023,0.03315125258994161,0.9025641025641026,0.6646324925413616,0.046559985534761775,0.0006595615941983463,0.07155189073021528,0.1,0.04,0.06,0.72,0.1,0.0,0.0,0.0,0.0
LTT without hierarchy,2023,0.03315125258994161,0.9025641025641026,0.6646324925413616,0.046559985534761775,0.0006595615941983463,0.07155189073021528,0.1,0.04,0.06,0.72,0.1,0.9,0.0,0.0,0.0
LTT without hierarchy,2023,0.03315125258994161,0.9025641025641026,0.6923424645149625,0.05478708977488474,0.0006595615941983463,0.07994346845995985,0.1,0.04,0.06,0.72,0.12,0.0,0.0,0.0,0.0
LTT without hierarchy,2023,0.03315125258994161,0.9025641025641026,0.6923424645149625,0.05478708977488474,0.0006595615941983463,0.07994346845995985,0.1,0.04,0.06,0.72,0.12,0.9,0.0,0.0,0.0
LTT without hierarchy,2023,0.03315125258994161,0.9025641025641026,0.6646324925413616,0.046559985534761775,0.0006595615941983463,0.07155189073021528,0.1,0.04,0.06,0.73,0.1,0.0,0.0,0.0,0.0
LTT without hierarchy,2023,0.03315125258994161,0.9025641025641026,0.6646324925413616,0.046559985534761775,0.0006595615941983463,0.07155189073021528,0.1,0.04,0.06,0.73,0.1,0.9,0.0,0.0,0.0
LTT without hierarchy,2023,0.03315125258994161,0.9025641025641026,0.6923424645149625,0.05478708977488474,0.0006595615941983463,0.07994346845995985,0.1,0.04,0.06,0.73,0.12,0.0,0.0,0.0,0.0
LTT without hierarchy,2023,0.03315125258994161,0.9025641025641026,0.6923424645149625,0.05478708977488474,0.0006595615941983463,0.07994346845995985,0.1,0.04,0.06,0.73,0.12,0.9,0.0,0.0,0.0
LTT without hierarchy,2023,0.03315125258994161,0.9025641025641026,0.6646324925413616,0.046559985534761775,0.0006595615941983463,0.07155189073021528,0.1,0.04,0.06,0.74,0.1,0.0,0.0,0.0,0.0
LTT without hierarchy,2023,0.03315125258994161,0.9025641025641026,0.6646324925413616,0.046559985534761775,0.0006595615941983463,0.07155189073021528,0.1,0.04,0.06,0.74,0.1,0.9,0.0,0.0,0.0
LTT without hierarchy,2023,0.03315125258994161,0.9025641025641026,0.6923424645149625,0.05478708977488474,0.0006595615941983463,0.07994346845995985,0.1,0.04,0.06,0.74,0.12,0.0,0.0,0.0,0.0
LTT without hierarchy,2023,0.03315125258994161,0.9025641025641026,0.6923424645149625,0.05478708977488474,0.0006595615941983463,0.07994346845995985,0.1,0.04,0.06,0.74,0.12,0.9,0.0,0.0,0.0
LTT without hierarchy,2023,0.03315125258994161,0.9025641025641026,0.6646324925413616,0.046559985534761775,0.0006595615941983463,0.07155189073021528,0.1,0.04,0.06,0.746,0.1,0.0,0.0,0.0,0.0
LTT without hierarchy,2023,0.03315125258994161,0.9025641025641026,0.6646324925413616,0.046559985534761775,0.0006595615941983463,0.07155189073021528,0.1,0.04,0.06,0.746,0.1,0.9,0.0,0.0,0.0
LTT without hierarchy,2023,0.03315125258994161,0.9025641025641026,0.6923424645149625,0.05478708977488474,0.0006595615941983463,0.07994346845995985,0.1,0.04,0.06,0.746,0.12,0.0,0.0,0.0,0.0
LTT without hierarchy,2023,0.03315125258994161,0.9025641025641026,0.6923424645149625,0.05478708977488474,0.0006595615941983463,0.07994346845995985,0.1,0.04,0.06,0.746,0.12,0.9,0.0,0.0,0.0
LTT without hierarchy,2023,0.03315125258994161,0.9025641025641026,0.6646324925413616,0.046559985534761775,0.0006595615941983463,0.07155189073021528,0.1,0.04,0.06,0.75,0.1,0.0,0.0,0.0,0.0
LTT without hierarchy,2023,0.03315125258994161,0.9025641025641026,0.6646324925413616,0.046559985534761775,0.0006595615941983463,0.07155189073021528,0.1,0.04,0.06,0.75,0.1,0.9,0.0,0.0,0.0
LTT without hierarchy,2023,0.03315125258994161,0.9025641025641026,0.6923424645149625,0.05478708977488474,0.0006595615941983463,0.07994346845995985,0.1,0.04,0.06,0.75,0.12,0.0,0.0,0.0,0.0
LTT without hierarchy,2023,0.03315125258994161,0.9025641025641026,0.6923424645149625,0.05478708977488474,0.0006595615941983463,0.07994346845995985,0.1,0.04,0.06,0.75,0.12,0.9,0.0,0.0,0.0
LTT without hierarchy,2023,0.03315125258994161,0.9025641025641026,0.6646324925413616,0.046559985534761775,0.0006595615941983463,0.07155189073021528,0.1,0.06,0.06,0.0,0.1,0.0,0.0,0.0,0.0
LTT without hierarchy,2023,0.03315125258994161,0.9025641025641026,0.6646324925413616,0.046559985534761775,0.0006595615941983463,0.07155189073021528,0.1,0.06,0.06,0.0,0.1,0.9,0.0,0.0,0.0
LTT without hierarchy,2023,0.03315125258994161,0.9025641025641026,0.6923424645149625,0.05478708977488474,0.0006595615941983463,0.07994346845995985,0.1,0.06,0.06,0.0,0.12,0.0,0.0,0.0,0.0
LTT without hierarchy,2023,0.03315125258994161,0.9025641025641026,0.6923424645149625,0.05478708977488474,0.0006595615941983463,0.07994346845995985,0.1,0.06,0.06,0.0,0.12,0.9,0.0,0.0,0.0
LTT without hierarchy,2023,0.03315125258994161,0.9025641025641026,0.6646324925413616,0.046559985534761775,0.0006595615941983463,0.07155189073021528,0.1,0.06,0.06,0.7,0.1,0.0,0.0,0.0,0.0
LTT without hierarchy,2023,0.03315125258994161,0.9025641025641026,0.6646324925413616,0.046559985534761775,0.0006595615941983463,0.07155189073021528,0.1,0.06,0.06,0.7,0.1,0.9,0.0,0.0,0.0
LTT without hierarchy,2023,0.03315125258994161,0.9025641025641026,0.6923424645149625,0.05478708977488474,0.0006595615941983463,0.07994346845995985,0.1,0.06,0.06,0.7,0.12,0.0,0.0,0.0,0.0
LTT without hierarchy,2023,0.03315125258994161,0.9025641025641026,0.6923424645149625,0.05478708977488474,0.0006595615941983463,0.07994346845995985,0.1,0.06,0.06,0.7,0.12,0.9,0.0,0.0,0.0
LTT without hierarchy,2023,0.03315125258994161,0.9025641025641026,0.6646324925413616,0.046559985534761775,0.0006595615941983463,0.07155189073021528,0.1,0.06,0.06,0.72,0.1,0.0,0.0,0.0,0.0
LTT without hierarchy,2023,0.03315125258994161,0.9025641025641026,0.6646324925413616,0.046559985534761775,0.0006595615941983463,0.07155189073021528,0.1,0.06,0.06,0.72,0.1,0.9,0.0,0.0,0.0
LTT without hierarchy,2023,0.03315125258994161,0.9025641025641026,0.6923424645149625,0.05478708977488474,0.0006595615941983463,0.07994346845995985,0.1,0.06,0.06,0.72,0.12,0.0,0.0,0.0,0.0
LTT without hierarchy,2023,0.03315125258994161,0.9025641025641026,0.6923424645149625,0.05478708977488474,0.0006595615941983463,0.07994346845995985,0.1,0.06,0.06,0.72,0.12,0.9,0.0,0.0,0.0
LTT without hierarchy,2023,0.03315125258994161,0.9025641025641026,0.6646324925413616,0.046559985534761775,0.0006595615941983463,0.07155189073021528,0.1,0.06,0.06,0.73,0.1,0.0,0.0,0.0,0.0
LTT without hierarchy,2023,0.03315125258994161,0.9025641025641026,0.6646324925413616,0.046559985534761775,0.0006595615941983463,0.07155189073021528,0.1,0.06,0.06,0.73,0.1,0.9,0.0,0.0,0.0
LTT without hierarchy,2023,0.03315125258994161,0.9025641025641026,0.6923424645149625,0.05478708977488474,0.0006595615941983463,0.07994346845995985,0.1,0.06,0.06,0.73,0.12,0.0,0.0,0.0,0.0
LTT without hierarchy,2023,0.03315125258994161,0.9025641025641026,0.6923424645149625,0.05478708977488474,0.0006595615941983463,0.07994346845995985,0.1,0.06,0.06,0.73,0.12,0.9,0.0,0.0,0.0
LTT without hierarchy,2023,0.03315125258994161,0.9025641025641026,0.6646324925413616,0.046559985534761775,0.0006595615941983463,0.07155189073021528,0.1,0.06,0.06,0.74,0.1,0.0,0.0,0.0,0.0
LTT without hierarchy,2023,0.03315125258994161,0.9025641025641026,0.6646324925413616,0.046559985534761775,0.0006595615941983463,0.07155189073021528,0.1,0.06,0.06,0.74,0.1,0.9,0.0,0.0,0.0
LTT without hierarchy,2023,0.03315125258994161,0.9025641025641026,0.6923424645149625,0.05478708977488474,0.0006595615941983463,0.07994346845995985,0.1,0.06,0.06,0.74,0.12,0.0,0.0,0.0,0.0
LTT without hierarchy,2023,0.03315125258994161,0.9025641025641026,0.6923424645149625,0.05478708977488474,0.0006595615941983463,0.07994346845995985,0.1,0.06,0.06,0.74,0.12,0.9,0.0,0.0,0.0
LTT without hierarchy,2023,0.03315125258994161,0.9025641025641026,0.6646324925413616,0.046559985534761775,0.0006595615941983463,0.07155189073021528,0.1,0.06,0.06,0.746,0.1,0.0,0.0,0.0,0.0
LTT without hierarchy,2023,0.03315125258994161,0.9025641025641026,0.6646324925413616,0.046559985534761775,0.0006595615941983463,0.07155189073021528,0.1,0.06,0.06,0.746,0.1,0.9,0.0,0.0,0.0
LTT without hierarchy,2023,0.03315125258994161,0.9025641025641026,0.6923424645149625,0.05478708977488474,0.0006595615941983463,0.07994346845995985,0.1,0.06,0.06,0.746,0.12,0.0,0.0,0.0,0.0
LTT without hierarchy,2023,0.03315125258994161,0.9025641025641026,0.6923424645149625,0.05478708977488474,0.0006595615941983463,0.07994346845995985,0.1,0.06,0.06,0.746,0.12,0.9,0.0,0.0,0.0
LTT without hierarchy,2023,0.03315125258994161,0.9025641025641026,0.6646324925413616,0.046559985534761775,0.0006595615941983463,0.07155189073021528,0.1,0.06,0.06,0.75,0.1,0.0,0.0,0.0,0.0
LTT without hierarchy,2023,0.03315125258994161,0.9025641025641026,0.6646324925413616,0.046559985534761775,0.0006595615941983463,0.07155189073021528,0.1,0.06,0.06,0.75,0.1,0.9,0.0,0.0,0.0
LTT without hierarchy,2023,0.03315125258994161,0.9025641025641026,0.6923424645149625,0.05478708977488474,0.0006595615941983463,0.07994346845995985,0.1,0.06,0.06,0.75,0.12,0.0,0.0,0.0,0.0
LTT without hierarchy,2023,0.03315125258994161,0.9025641025641026,0.6923424645149625,0.05478708977488474,0.0006595615941983463,0.07994346845995985,0.1,0.06,0.06,0.75,0.12,0.9,0.0,0.0,0.0
LTT without hierarchy,2023,0.035034846487097385,0.9073170731707317,0.6650845312358739,0.04655998553476178,0.004604134947851807,0.07182058500975275,0.08,0.08,0.0,0.0,0.1,0.0,0.0,0.0,0.0
LTT without hierarchy,2023,0.035034846487097385,0.9073170731707317,0.6650845312358739,0.04655998553476178,0.004604134947851807,0.07182058500975275,0.08,0.08,0.0,0.0,0.1,0.9,0.0,0.0,0.0
LTT without hierarchy,2023,0.035034846487097385,0.9073170731707317,0.6650845312358739,0.04655998553476178,0.004604134947851807,0.07182058500975275,0.08,0.08,0.0,0.7,0.1,0.0,0.0,0.0,0.0
LTT without hierarchy,2023,0.035034846487097385,0.9073170731707317,0.6650845312358739,0.04655998553476178,0.004604134947851807,0.07182058500975275,0.08,0.08,0.0,0.7,0.1,0.9,0.0,0.0,0.0
LTT without hierarchy,2023,0.035034846487097385,0.9073170731707317,0.6650845312358739,0.04655998553476178,0.004604134947851807,0.07182058500975275,0.08,0.08,0.0,0.72,0.1,0.0,0.0,0.0,0.0
LTT without hierarchy,2023,0.035034846487097385,0.9073170731707317,0.6650845312358739,0.04655998553476178,0.004604134947851807,0.07182058500975275,0.08,0.08,0.0,0.72,0.1,0.9,0.0,0.0,0.0
LTT without hierarchy,2023,0.035034846487097385,0.9073170731707317,0.6650845312358739,0.04655998553476178,0.004604134947851807,0.07182058500975275,0.08,0.08,0.0,0.73,0.1,0.0,0.0,0.0,0.0
LTT without hierarchy,2023,0.035034846487097385,0.9073170731707317,0.6650845312358739,0.04655998553476178,0.004604134947851807,0.07182058500975275,0.08,0.08,0.0,0.73,0.1,0.9,0.0,0.0,0.0
LTT without hierarchy,2023,0.035034846487097385,0.9073170731707317,0.6650845312358739,0.04655998553476178,0.004604134947851807,0.07182058500975275,0.08,0.08,0.0,0.74,0.1,0.0,0.0,0.0,0.0
LTT without hierarchy,2023,0.035034846487097385,0.9073170731707317,0.6650845312358739,0.04655998553476178,0.004604134947851807,0.07182058500975275,0.08,0.08,0.0,0.74,0.1,0.9,0.0,0.0,0.0
LTT without hierarchy,2023,0.035034846487097385,0.9073170731707317,0.6650845312358739,0.04655998553476178,0.004604134947851807,0.07182058500975275,0.08,0.08,0.0,0.746,0.1,0.0,0.0,0.0,0.0
LTT without hierarchy,2023,0.035034846487097385,0.9073170731707317,0.6650845312358739,0.04655998553476178,0.004604134947851807,0.07182058500975275,0.08,0.08,0.0,0.746,0.1,0.9,0.0,0.0,0.0
LTT without hierarchy,2023,0.035034846487097385,0.9073170731707317,0.6650845312358739,0.04655998553476178,0.004604134947851807,0.07182058500975275,0.08,0.08,0.0,0.75,0.1,0.0,0.0,0.0,0.0
LTT without hierarchy,2023,0.035034846487097385,0.9073170731707317,0.6650845312358739,0.04655998553476178,0.004604134947851807,0.07182058500975275,0.08,0.08,0.0,0.75,0.1,0.9,0.0,0.0,0.0
LTT without hierarchy,2023,0.035034846487097385,0.9073170731707317,0.6650845312358739,0.04655998553476178,0.004604134947851807,0.07182058500975275,0.08,0.08,0.02,0.0,0.1,0.0,0.0,0.0,0.0
LTT without hierarchy,2023,0.035034846487097385,0.9073170731707317,0.6650845312358739,0.04655998553476178,0.004604134947851807,0.07182058500975275,0.08,0.08,0.02,0.0,0.1,0.9,0.0,0.0,0.0
LTT without hierarchy,2023,0.035034846487097385,0.9073170731707317,0.6650845312358739,0.04655998553476178,0.004604134947851807,0.07182058500975275,0.08,0.08,0.02,0.7,0.1,0.0,0.0,0.0,0.0
LTT without hierarchy,2023,0.035034846487097385,0.9073170731707317,0.6650845312358739,0.04655998553476178,0.004604134947851807,0.07182058500975275,0.08,0.08,0.02,0.7,0.1,0.9,0.0,0.0,0.0
LTT without hierarchy,2023,0.035034846487097385,0.9073170731707317,0.6650845312358739,0.04655998553476178,0.004604134947851807,0.07182058500975275,0.08,0.08,0.02,0.72,0.1,0.0,0.0,0.0,0.0
LTT without hierarchy,2023,0.035034846487097385,0.9073170731707317,0.6650845312358739,0.04655998553476178,0.004604134947851807,0.07182058500975275,0.08,0.08,0.02,0.72,0.1,0.9,0.0,0.0,0.0
LTT without hierarchy,2023,0.035034846487097385,0.9073170731707317,0.6650845312358739,0.04655998553476178,0.004604134947851807,0.07182058500975275,0.08,0.08,0.02,0.73,0.1,0.0,0.0,0.0,0.0
LTT without hierarchy,2023,0.035034846487097385,0.9073170731707317,0.6650845312358739,0.04655998553476178,0.004604134947851807,0.07182058500975275,0.08,0.08,0.02,0.73,0.1,0.9,0.0,0.0,0.0
LTT without hierarchy,2023,0.035034846487097385,0.9073170731707317,0.6650845312358739,0.04655998553476178,0.004604134947851807,0.07182058500975275,0.08,0.08,0.02,0.74,0.1,0.0,0.0,0.0,0.0
LTT without hierarchy,2023,0.035034846487097385,0.9073170731707317,0.6650845312358739,0.04655998553476178,0.004604134947851807,0.07182058500975275,0.08,0.08,0.02,0.74,0.1,0.9,0.0,0.0,0.0
LTT without hierarchy,2023,0.035034846487097385,0.9073170731707317,0.6650845312358739,0.04655998553476178,0.004604134947851807,0.07182058500975275,0.08,0.08,0.02,0.746,0.1,0.0,0.0,0.0,0.0
LTT without hierarchy,2023,0.035034846487097385,0.9073170731707317,0.6650845312358739,0.04655998553476178,0.004604134947851807,0.07182058500975275,0.08,0.08,0.02,0.746,0.1,0.9,0.0,0.0,0.0
LTT without hierarchy,2023,0.035034846487097385,0.9073170731707317,0.6650845312358739,0.04655998553476178,0.004604134947851807,0.07182058500975275,0.08,0.08,0.02,0.75,0.1,0.0,0.0,0.0,0.0
LTT without hierarchy,2023,0.035034846487097385,0.9073170731707317,0.6650845312358739,0.04655998553476178,0.004604134947851807,0.07182058500975275,0.08,0.08,0.02,0.75,0.1,0.9,0.0,0.0,0.0
LTT without hierarchy,2023,0.035034846487097385,0.9073170731707317,0.6650845312358739,0.04655998553476178,0.004604134947851807,0.07182058500975275,0.08,0.08,0.04,0.0,0.1,0.0,0.0,0.0,0.0
LTT without hierarchy,2023,0.035034846487097385,0.9073170731707317,0.6650845312358739,0.04655998553476178,0.004604134947851807,0.07182058500975275,0.08,0.08,0.04,0.0,0.1,0.9,0.0,0.0,0.0
LTT without hierarchy,2023,0.035034846487097385,0.9073170731707317,0.6650845312358739,0.04655998553476178,0.004604134947851807,0.07182058500975275,0.08,0.08,0.04,0.7,0.1,0.0,0.0,0.0,0.0
LTT without hierarchy,2023,0.035034846487097385,0.9073170731707317,0.6650845312358739,0.04655998553476178,0.004604134947851807,0.07182058500975275,0.08,0.08,0.04,0.7,0.1,0.9,0.0,0.0,0.0
LTT without hierarchy,2023,0.035034846487097385,0.9073170731707317,0.6650845312358739,0.04655998553476178,0.004604134947851807,0.07182058500975275,0.08,0.08,0.04,0.72,0.1,0.0,0.0,0.0,0.0
LTT without hierarchy,2023,0.035034846487097385,0.9073170731707317,0.6650845312358739,0.04655998553476178,0.004604134947851807,0.07182058500975275,0.08,0.08,0.04,0.72,0.1,0.9,0.0,0.0,0.0
LTT without hierarchy,2023,0.035034846487097385,0.9073170731707317,0.6650845312358739,0.04655998553476178,0.004604134947851807,0.07182058500975275,0.08,0.08,0.04,0.73,0.1,0.0,0.0,0.0,0.0
LTT without hierarchy,2023,0.035034846487097385,0.9073170731707317,0.6650845312358739,0.04655998553476178,0.004604134947851807,0.07182058500975275,0.08,0.08,0.04,0.73,0.1,0.9,0.0,0.0,0.0
LTT without hierarchy,2023,0.035034846487097385,0.9073170731707317,0.6650845312358739,0.04655998553476178,0.004604134947851807,0.07182058500975275,0.08,0.08,0.04,0.74,0.1,0.0,0.0,0.0,0.0
LTT without hierarchy,2023,0.035034846487097385,0.9073170731707317,0.6650845312358739,0.04655998553476178,0.004604134947851807,0.07182058500975275,0.08,0.08,0.04,0.74,0.1,0.9,0.0,0.0,0.0
LTT without hierarchy,2023,0.035034846487097385,0.9073170731707317,0.6650845312358739,0.04655998553476178,0.004604134947851807,0.07182058500975275,0.08,0.08,0.04,0.746,0.1,0.0,0.0,0.0,0.0
LTT without hierarchy,2023,0.035034846487097385,0.9073170731707317,0.6650845312358739,0.04655998553476178,0.004604134947851807,0.07182058500975275,0.08,0.08,0.04,0.746,0.1,0.9,0.0,0.0,0.0
LTT without hierarchy,2023,0.035034846487097385,0.9073170731707317,0.6650845312358739,0.04655998553476178,0.004604134947851807,0.07182058500975275,0.08,0.08,0.04,0.75,0.1,0.0,0.0,0.0,0.0
LTT without hierarchy,2023,0.035034846487097385,0.9073170731707317,0.6650845312358739,0.04655998553476178,0.004604134947851807,0.07182058500975275,0.08,0.08,0.04,0.75,0.1,0.9,0.0,0.0,0.0
LTT without hierarchy,2023,0.035034846487097385,0.9073170731707317,0.6650845312358739,0.04655998553476178,0.004604134947851807,0.07182058500975275,0.1,0.08,0.0,0.0,0.1,0.0,0.0,0.0,0.0
LTT without hierarchy,2023,0.035034846487097385,0.9073170731707317,0.6650845312358739,0.04655998553476178,0.004604134947851807,0.07182058500975275,0.1,0.08,0.0,0.0,0.1,0.9,0.0,0.0,0.0
LTT without hierarchy,2023,0.035034846487097385,0.9073170731707317,0.6650845312358739,0.04655998553476178,0.004604134947851807,0.07182058500975275,0.1,0.08,0.0,0.7,0.1,0.0,0.0,0.0,0.0
LTT without hierarchy,2023,0.035034846487097385,0.9073170731707317,0.6650845312358739,0.04655998553476178,0.004604134947851807,0.07182058500975275,0.1,0.08,0.0,0.7,0.1,0.9,0.0,0.0,0.0
LTT without hierarchy,2023,0.035034846487097385,0.9073170731707317,0.6650845312358739,0.04655998553476178,0.004604134947851807,0.07182058500975275,0.1,0.08,0.0,0.72,0.1,0.0,0.0,0.0,0.0
LTT without hierarchy,2023,0.035034846487097385,0.9073170731707317,0.6650845312358739,0.04655998553476178,0.004604134947851807,0.07182058500975275,0.1,0.08,0.0,0.72,0.1,0.9,0.0,0.0,0.0
LTT without hierarchy,2023,0.035034846487097385,0.9073170731707317,0.6650845312358739,0.04655998553476178,0.004604134947851807,0.07182058500975275,0.1,0.08,0.0,0.73,0.1,0.0,0.0,0.0,0.0
LTT without hierarchy,2023,0.035034846487097385,0.9073170731707317,0.6650845312358739,0.04655998553476178,0.004604134947851807,0.07182058500975275,0.1,0.08,0.0,0.73,0.1,0.9,0.0,0.0,0.0
LTT without hierarchy,2023,0.035034846487097385,0.9073170731707317,0.6650845312358739,0.04655998553476178,0.004604134947851807,0.07182058500975275,0.1,0.08,0.0,0.74,0.1,0.0,0.0,0.0,0.0
LTT without hierarchy,2023,0.035034846487097385,0.9073170731707317,0.6650845312358739,0.04655998553476178,0.004604134947851807,0.07182058500975275,0.1,0.08,0.0,0.74,0.1,0.9,0.0,0.0,0.0
LTT without hierarchy,2023,0.035034846487097385,0.9073170731707317,0.6650845312358739,0.04655998553476178,0.004604134947851807,0.07182058500975275,0.1,0.08,0.0,0.746,0.1,0.0,0.0,0.0,0.0
LTT without hierarchy,2023,0.035034846487097385,0.9073170731707317,0.6650845312358739,0.04655998553476178,0.004604134947851807,0.07182058500975275,0.1,0.08,0.0,0.746,0.1,0.9,0.0,0.0,0.0
LTT without hierarchy,2023,0.035034846487097385,0.9073170731707317,0.6650845312358739,0.04655998553476178,0.004604134947851807,0.07182058500975275,0.1,0.08,0.0,0.75,0.1,0.0,0.0,0.0,0.0
LTT without hierarchy,2023,0.035034846487097385,0.9073170731707317,0.6650845312358739,0.04655998553476178,0.004604134947851807,0.07182058500975275,0.1,0.08,0.0,0.75,0.1,0.9,0.0,0.0,0.0
LTT without hierarchy,2023,0.035034846487097385,0.9073170731707317,0.6650845312358739,0.04655998553476178,0.004604134947851807,0.07182058500975275,0.1,0.08,0.02,0.0,0.1,0.0,0.0,0.0,0.0
LTT without hierarchy,2023,0.035034846487097385,0.9073170731707317,0.6650845312358739,0.04655998553476178,0.004604134947851807,0.07182058500975275,0.1,0.08,0.02,0.0,0.1,0.9,0.0,0.0,0.0
LTT without hierarchy,2023,0.035034846487097385,0.9073170731707317,0.6650845312358739,0.04655998553476178,0.004604134947851807,0.07182058500975275,0.1,0.08,0.02,0.7,0.1,0.0,0.0,0.0,0.0
LTT without hierarchy,2023,0.035034846487097385,0.9073170731707317,0.6650845312358739,0.04655998553476178,0.004604134947851807,0.07182058500975275,0.1,0.08,0.02,0.7,0.1,0.9,0.0,0.0,0.0
LTT without hierarchy,2023,0.035034846487097385,0.9073170731707317,0.6650845312358739,0.04655998553476178,0.004604134947851807,0.07182058500975275,0.1,0.08,0.02,0.72,0.1,0.0,0.0,0.0,0.0
LTT without hierarchy,2023,0.035034846487097385,0.9073170731707317,0.6650845312358739,0.04655998553476178,0.004604134947851807,0.07182058500975275,0.1,0.08,0.02,0.72,0.1,0.9,0.0,0.0,0.0
LTT without hierarchy,2023,0.035034846487097385,0.9073170731707317,0.6650845312358739,0.04655998553476178,0.004604134947851807,0.07182058500975275,0.1,0.08,0.02,0.73,0.1,0.0,0.0,0.0,0.0
LTT without hierarchy,2023,0.035034846487097385,0.9073170731707317,0.6650845312358739,0.04655998553476178,0.004604134947851807,0.07182058500975275,0.1,0.08,0.02,0.73,0.1,0.9,0.0,0.0,0.0
LTT without hierarchy,2023,0.035034846487097385,0.9073170731707317,0.6650845312358739,0.04655998553476178,0.004604134947851807,0.07182058500975275,0.1,0.08,0.02,0.74,0.1,0.0,0.0,0.0,0.0
LTT without hierarchy,2023,0.035034846487097385,0.9073170731707317,0.6650845312358739,0.04655998553476178,0.004604134947851807,0.07182058500975275,0.1,0.08,0.02,0.74,0.1,0.9,0.0,0.0,0.0
LTT without hierarchy,2023,0.035034846487097385,0.9073170731707317,0.6650845312358739,0.04655998553476178,0.004604134947851807,0.07182058500975275,0.1,0.08,0.02,0.746,0.1,0.0,0.0,0.0,0.0
LTT without hierarchy,2023,0.035034846487097385,0.9073170731707317,0.6650845312358739,0.04655998553476178,0.004604134947851807,0.07182058500975275,0.1,0.08,0.02,0.746,0.1,0.9,0.0,0.0,0.0
LTT without hierarchy,2023,0.035034846487097385,0.9073170731707317,0.6650845312358739,0.04655998553476178,0.004604134947851807,0.07182058500975275,0.1,0.08,0.02,0.75,0.1,0.0,0.0,0.0,0.0
LTT without hierarchy,2023,0.035034846487097385,0.9073170731707317,0.6650845312358739,0.04655998553476178,0.004604134947851807,0.07182058500975275,0.1,0.08,0.02,0.75,0.1,0.9,0.0,0.0,0.0
LTT without hierarchy,2023,0.035034846487097385,0.9073170731707317,0.6650845312358739,0.04655998553476178,0.004604134947851807,0.07182058500975275,0.1,0.08,0.04,0.0,0.1,0.0,0.0,0.0,0.0
LTT without hierarchy,2023,0.035034846487097385,0.9073170731707317,0.6650845312358739,0.04655998553476178,0.004604134947851807,0.07182058500975275,0.1,0.08,0.04,0.0,0.1,0.9,0.0,0.0,0.0
LTT without hierarchy,2023,0.035034846487097385,0.9073170731707317,0.6650845312358739,0.04655998553476178,0.004604134947851807,0.07182058500975275,0.1,0.08,0.04,0.7,0.1,0.0,0.0,0.0,0.0
LTT without hierarchy,2023,0.035034846487097385,0.9073170731707317,0.6650845312358739,0.04655998553476178,0.004604134947851807,0.07182058500975275,0.1,0.08,0.04,0.7,0.1,0.9,0.0,0.0,0.0
LTT without hierarchy,2023,0.035034846487097385,0.9073170731707317,0.6650845312358739,0.04655998553476178,0.004604134947851807,0.07182058500975275,0.1,0.08,0.04,0.72,0.1,0.0,0.0,0.0,0.0
LTT without hierarchy,2023,0.035034846487097385,0.9073170731707317,0.6650845312358739,0.04655998553476178,0.004604134947851807,0.07182058500975275,0.1,0.08,0.04,0.72,0.1,0.9,0.0,0.0,0.0
LTT without hierarchy,2023,0.035034846487097385,0.9073170731707317,0.6650845312358739,0.04655998553476178,0.004604134947851807,0.07182058500975275,0.1,0.08,0.04,0.73,0.1,0.0,0.0,0.0,0.0
LTT without hierarchy,2023,0.035034846487097385,0.9073170731707317,0.6650845312358739,0.04655998553476178,0.004604134947851807,0.07182058500975275,0.1,0.08,0.04,0.73,0.1,0.9,0.0,0.0,0.0
LTT without hierarchy,2023,0.035034846487097385,0.9073170731707317,0.6650845312358739,0.04655998553476178,0.004604134947851807,0.07182058500975275,0.1,0.08,0.04,0.74,0.1,0.0,0.0,0.0,0.0
LTT without hierarchy,2023,0.035034846487097385,0.9073170731707317,0.6650845312358739,0.04655998553476178,0.004604134947851807,0.07182058500975275,0.1,0.08,0.04,0.74,0.1,0.9,0.0,0.0,0.0
LTT without hierarchy,2023,0.035034846487097385,0.9073170731707317,0.6650845312358739,0.04655998553476178,0.004604134947851807,0.07182058500975275,0.1,0.08,0.04,0.746,0.1,0.0,0.0,0.0,0.0
LTT without hierarchy,2023,0.035034846487097385,0.9073170731707317,0.6650845312358739,0.04655998553476178,0.004604134947851807,0.07182058500975275,0.1,0.08,0.04,0.746,0.1,0.9,0.0,0.0,0.0
LTT without hierarchy,2023,0.035034846487097385,0.9073170731707317,0.6650845312358739,0.04655998553476178,0.004604134947851807,0.07182058500975275,0.1,0.08,0.04,0.75,0.1,0.0,0.0,0.0,0.0
LTT without hierarchy,2023,0.035034846487097385,0.9073170731707317,0.6650845312358739,0.04655998553476178,0.004604134947851807,0.07182058500975275,0.1,0.08,0.04,0.75,0.1,0.9,0.0,0.0,0.0
LTT without hierarchy,2023,0.042569222075720475,0.904,0.6671187053611789,0.0467860048820179,0.012906085110727529,0.07192382197718944,0.0,0.08,0.06,0.0,0.1,0.0,0.0,0.0,0.0
LTT without hierarchy,2023,0.042569222075720475,0.904,0.6671187053611789,0.0467860048820179,0.012906085110727529,0.07192382197718944,0.0,0.08,0.06,0.0,0.1,0.0,0.85,0.0,0.0
LTT without hierarchy,2023,0.042569222075720475,0.904,0.6671187053611789,0.0467860048820179,0.012906085110727529,0.07192382197718944,0.0,0.08,0.06,0.0,0.1,0.9,0.0,0.0,0.0
LTT without hierarchy,2023,0.042569222075720475,0.904,0.6671187053611789,0.0467860048820179,0.012906085110727529,0.07192382197718944,0.0,0.08,0.06,0.0,0.1,0.9,0.85,0.0,0.0
LTT without hierarchy,2023,0.042569222075720475,0.904,0.6671187053611789,0.0467860048820179,0.012906085110727529,0.07192382197718944,0.0,0.08,0.06,0.7,0.1,0.0,0.0,0.0,0.0
LTT without hierarchy,2023,0.042569222075720475,0.904,0.6671187053611789,0.0467860048820179,0.012906085110727529,0.07192382197718944,0.0,0.08,0.06,0.7,0.1,0.0,0.85,0.0,0.0
LTT without hierarchy,2023,0.042569222075720475,0.904,0.6671187053611789,0.0467860048820179,0.012906085110727529,0.07192382197718944,0.0,0.08,0.06,0.7,0.1,0.9,0.0,0.0,0.0
LTT without hierarchy,2023,0.042569222075720475,0.904,0.6671187053611789,0.0467860048820179,0.012906085110727529,0.07192382197718944,0.0,0.08,0.06,0.7,0.1,0.9,0.85,0.0,0.0
LTT without hierarchy,2023,0.042569222075720475,0.904,0.6671187053611789,0.0467860048820179,0.012906085110727529,0.07192382197718944,0.0,0.08,0.06,0.72,0.1,0.0,0.0,0.0,0.0
LTT without hierarchy,2023,0.042569222075720475,0.904,0.6671187053611789,0.0467860048820179,0.012906085110727529,0.07192382197718944,0.0,0.08,0.06,0.72,0.1,0.0,0.85,0.0,0.0
LTT without hierarchy,2023,0.042569222075720475,0.904,0.6671187053611789,0.0467860048820179,0.012906085110727529,0.07192382197718944,0.0,0.08,0.06,0.72,0.1,0.9,0.0,0.0,0.0
LTT without hierarchy,2023,0.042569222075720475,0.904,0.6671187053611789,0.0467860048820179,0.012906085110727529,0.07192382197718944,0.0,0.08,0.06,0.72,0.1,0.9,0.85,0.0,0.0
LTT without hierarchy,2023,0.042569222075720475,0.904,0.6671187053611789,0.0467860048820179,0.012906085110727529,0.07192382197718944,0.0,0.08,0.06,0.73,0.1,0.0,0.0,0.0,0.0
LTT without hierarchy,2023,0.042569222075720475,0.904,0.6671187053611789,0.0467860048820179,0.012906085110727529,0.07192382197718944,0.0,0.08,0.06,0.73,0.1,0.0,0.85,0.0,0.0
LTT without hierarchy,2023,0.042569222075720475,0.904,0.6671187053611789,0.0467860048820179,0.012906085110727529,0.07192382197718944,0.0,0.08,0.06,0.73,0.1,0.9,0.0,0.0,0.0
LTT without hierarchy,2023,0.042569222075720475,0.904,0.6671187053611789,0.0467860048820179,0.012906085110727529,0.07192382197718944,0.0,0.08,0.06,0.73,0.1,0.9,0.85,0.0,0.0
LTT without hierarchy,2023,0.042569222075720475,0.904,0.6671187053611789,0.0467860048820179,0.012906085110727529,0.07192382197718944,0.0,0.08,0.06,0.74,0.1,0.0,0.0,0.0,0.0
LTT without hierarchy,2023,0.042569222075720475,0.904,0.6671187053611789,0.0467860048820179,0.012906085110727529,0.07192382197718944,0.0,0.08,0.06,0.74,0.1,0.0,0.85,0.0,0.0
LTT without hierarchy,2023,0.042569222075720475,0.904,0.6671187053611789,0.0467860048820179,0.012906085110727529,0.07192382197718944,0.0,0.08,0.06,0.74,0.1,0.9,0.0,0.0,0.0
LTT without hierarchy,2023,0.042569222075720475,0.904,0.6671187053611789,0.0467860048820179,0.012906085110727529,0.07192382197718944,0.0,0.08,0.06,0.74,0.1,0.9,0.85,0.0,0.0
LTT without hierarchy,2023,0.042569222075720475,0.904,0.6671187053611789,0.0467860048820179,0.012906085110727529,0.07192382197718944,0.0,0.08,0.06,0.746,0.1,0.0,0.0,0.0,0.0
LTT without hierarchy,2023,0.042569222075720475,0.904,0.6671187053611789,0.0467860048820179,0.012906085110727529,0.07192382197718944,0.0,0.08,0.06,0.746,0.1,0.0,0.85,0.0,0.0
LTT without hierarchy,2023,0.042569222075720475,0.904,0.6671187053611789,0.0467860048820179,0.012906085110727529,0.07192382197718944,0.0,0.08,0.06,0.746,0.1,0.9,0.0,0.0,0.0
LTT without hierarchy,2023,0.042569222075720475,0.904,0.6671187053611789,0.0467860048820179,0.012906085110727529,0.07192382197718944,0.0,0.08,0.06,0.746,0.1,0.9,0.85,0.0,0.0
LTT without hierarchy,2023,0.042569222075720475,0.904,0.6671187053611789,0.0467860048820179,0.012906085110727529,0.07192382197718944,0.0,0.08,0.06,0.75,0.1,0.0,0.0,0.0,0.0
LTT without hierarchy,2023,0.042569222075720475,0.904,0.6671187053611789,0.0467860048820179,0.012906085110727529,0.07192382197718944,0.0,0.08,0.06,0.75,0.1,0.0,0.85,0.0,0.0
LTT without hierarchy,2023,0.042569222075720475,0.904,0.6671187053611789,0.0467860048820179,0.012906085110727529,0.07192382197718944,0.0,0.08,0.06,0.75,0.1,0.9,0.0,0.0,0.0
LTT without hierarchy,2023,0.042569222075720475,0.904,0.6671187053611789,0.0467860048820179,0.012906085110727529,0.07192382197718944,0.0,0.08,0.06,0.75,0.1,0.9,0.85,0.0,0.0
LTT without hierarchy,2023,0.042569222075720475,0.904,0.6671187053611789,0.0467860048820179,0.012906085110727529,0.07192382197718944,0.02,0.08,0.06,0.0,0.1,0.0,0.0,0.0,0.0
LTT without hierarchy,2023,0.042569222075720475,0.904,0.6671187053611789,0.0467860048820179,0.012906085110727529,0.07192382197718944,0.02,0.08,0.06,0.0,0.1,0.0,0.85,0.0,0.0
LTT without hierarchy,2023,0.042569222075720475,0.904,0.6671187053611789,0.0467860048820179,0.012906085110727529,0.07192382197718944,0.02,0.08,0.06,0.0,0.1,0.9,0.0,0.0,0.0
LTT without hierarchy,2023,0.042569222075720475,0.904,0.6671187053611789,0.0467860048820179,0.012906085110727529,0.07192382197718944,0.02,0.08,0.06,0.0,0.1,0.9,0.85,0.0,0.0
LTT without hierarchy,2023,0.042569222075720475,0.904,0.6671187053611789,0.0467860048820179,0.012906085110727529,0.07192382197718944,0.02,0.08,0.06,0.7,0.1,0.0,0.0,0.0,0.0
LTT without hierarchy,2023,0.042569222075720475,0.904,0.6671187053611789,0.0467860048820179,0.012906085110727529,0.07192382197718944,0.02,0.08,0.06,0.7,0.1,0.0,0.85,0.0,0.0
LTT without hierarchy,2023,0.042569222075720475,0.904,0.6671187053611789,0.0467860048820179,0.012906085110727529,0.07192382197718944,0.02,0.08,0.06,0.7,0.1,0.9,0.0,0.0,0.0
LTT without hierarchy,2023,0.042569222075720475,0.904,0.6671187053611789,0.0467860048820179,0.012906085110727529,0.07192382197718944,0.02,0.08,0.06,0.7,0.1,0.9,0.85,0.0,0.0
LTT without hierarchy,2023,0.042569222075720475,0.904,0.6671187053611789,0.0467860048820179,0.012906085110727529,0.07192382197718944,0.02,0.08,0.06,0.72,0.1,0.0,0.0,0.0,0.0
LTT without hierarchy,2023,0.042569222075720475,0.904,0.6671187053611789,0.0467860048820179,0.012906085110727529,0.07192382197718944,0.02,0.08,0.06,0.72,0.1,0.0,0.85,0.0,0.0
LTT without hierarchy,2023,0.042569222075720475,0.904,0.6671187053611789,0.0467860048820179,0.012906085110727529,0.07192382197718944,0.02,0.08,0.06,0.72,0.1,0.9,0.0,0.0,0.0
LTT without hierarchy,2023,0.042569222075720475,0.904,0.6671187053611789,0.0467860048820179,0.012906085110727529,0.07192382197718944,0.02,0.08,0.06,0.72,0.1,0.9,0.85,0.0,0.0
LTT without hierarchy,2023,0.042569222075720475,0.904,0.6671187053611789,0.0467860048820179,0.012906085110727529,0.07192382197718944,0.02,0.08,0.06,0.73,0.1,0.0,0.0,0.0,0.0
LTT without hierarchy,2023,0.042569222075720475,0.904,0.6671187053611789,0.0467860048820179,0.012906085110727529,0.07192382197718944,0.02,0.08,0.06,0.73,0.1,0.0,0.85,0.0,0.0
LTT without hierarchy,2023,0.042569222075720475,0.904,0.6671187053611789,0.0467860048820179,0.012906085110727529,0.07192382197718944,0.02,0.08,0.06,0.73,0.1,0.9,0.0,0.0,0.0
LTT without hierarchy,2023,0.042569222075720475,0.904,0.6671187053611789,0.0467860048820179,0.012906085110727529,0.07192382197718944,0.02,0.08,0.06,0.73,0.1,0.9,0.85,0.0,0.0
LTT without hierarchy,2023,0.042569222075720475,0.904,0.6671187053611789,0.0467860048820179,0.012906085110727529,0.07192382197718944,0.02,0.08,0.06,0.74,0.1,0.0,0.0,0.0,0.0
LTT without hierarchy,2023,0.042569222075720475,0.904,0.6671187053611789,0.0467860048820179,0.012906085110727529,0.07192382197718944,0.02,0.08,0.06,0.74,0.1,0.0,0.85,0.0,0.0
LTT without hierarchy,2023,0.042569222075720475,0.904,0.6671187053611789,0.0467860048820179,0.012906085110727529,0.07192382197718944,0.02,0.08,0.06,0.74,0.1,0.9,0.0,0.0,0.0
LTT without hierarchy,2023,0.042569222075720475,0.904,0.6671187053611789,0.0467860048820179,0.012906085110727529,0.07192382197718944,0.02,0.08,0.06,0.74,0.1,0.9,0.85,0.0,0.0
LTT without hierarchy,2023,0.042569222075720475,0.904,0.6671187053611789,0.0467860048820179,0.012906085110727529,0.07192382197718944,0.02,0.08,0.06,0.746,0.1,0.0,0.0,0.0,0.0
LTT without hierarchy,2023,0.042569222075720475,0.904,0.6671187053611789,0.0467860048820179,0.012906085110727529,0.07192382197718944,0.02,0.08,0.06,0.746,0.1,0.0,0.85,0.0,0.0
LTT without hierarchy,2023,0.042569222075720475,0.904,0.6671187053611789,0.0467860048820179,0.012906085110727529,0.07192382197718944,0.02,0.08,0.06,0.746,0.1,0.9,0.0,0.0,0.0
LTT without hierarchy,2023,0.042569222075720475,0.904,0.6671187053611789,0.0467860048820179,0.012906085110727529,0.07192382197718944,0.02,0.08,0.06,0.746,0.1,0.9,0.85,0.0,0.0
LTT without hierarchy,2023,0.042569222075720475,0.904,0.6671187053611789,0.0467860048820179,0.012906085110727529,0.07192382197718944,0.02,0.08,0.06,0.75,0.1,0.0,0.0,0.0,0.0
LTT without hierarchy,2023,0.042569222075720475,0.904,0.6671187053611789,0.0467860048820179,0.012906085110727529,0.07192382197718944,0.02,0.08,0.06,0.75,0.1,0.0,0.85,0.0,0.0
LTT without hierarchy,2023,0.042569222075720475,0.904,0.6671187053611789,0.0467860048820179,0.012906085110727529,0.07192382197718944,0.02,0.08,0.06,0.75,0.1,0.9,0.0,0.0,0.0
LTT without hierarchy,2023,0.042569222075720475,0.904,0.6671187053611789,0.0467860048820179,0.012906085110727529,0.07192382197718944,0.02,0.08,0.06,0.75,0.1,0.9,0.85,0.0,0.0
LTT without hierarchy,2023,0.042569222075720475,0.904,0.6671187053611789,0.0467860048820179,0.012906085110727529,0.07192382197718944,0.06,0.08,0.06,0.0,0.1,0.0,0.0,0.0,0.0
LTT without hierarchy,2023,0.042569222075720475,0.904,0.6671187053611789,0.0467860048820179,0.012906085110727529,0.07192382197718944,0.06,0.08,0.06,0.0,0.1,0.0,0.85,0.0,0.0
LTT without hierarchy,2023,0.042569222075720475,0.904,0.6671187053611789,0.0467860048820179,0.012906085110727529,0.07192382197718944,0.06,0.08,0.06,0.0,0.1,0.9,0.0,0.0,0.0
LTT without hierarchy,2023,0.042569222075720475,0.904,0.6671187053611789,0.0467860048820179,0.012906085110727529,0.07192382197718944,0.06,0.08,0.06,0.0,0.1,0.9,0.85,0.0,0.0
LTT without hierarchy,2023,0.042569222075720475,0.904,0.6671187053611789,0.0467860048820179,0.012906085110727529,0.07192382197718944,0.06,0.08,0.06,0.7,0.1,0.0,0.0,0.0,0.0
LTT without hierarchy,2023,0.042569222075720475,0.904,0.6671187053611789,0.0467860048820179,0.012906085110727529,0.07192382197718944,0.06,0.08,0.06,0.7,0.1,0.0,0.85,0.0,0.0
LTT without hierarchy,2023,0.042569222075720475,0.904,0.6671187053611789,0.0467860048820179,0.012906085110727529,0.07192382197718944,0.06,0.08,0.06,0.7,0.1,0.9,0.0,0.0,0.0
LTT without hierarchy,2023,0.042569222075720475,0.904,0.6671187053611789,0.0467860048820179,0.012906085110727529,0.07192382197718944,0.06,0.08,0.06,0.7,0.1,0.9,0.85,0.0,0.0
LTT without hierarchy,2023,0.042569222075720475,0.904,0.6671187053611789,0.0467860048820179,0.012906085110727529,0.07192382197718944,0.06,0.08,0.06,0.72,0.1,0.0,0.0,0.0,0.0
LTT without hierarchy,2023,0.042569222075720475,0.904,0.6671187053611789,0.0467860048820179,0.012906085110727529,0.07192382197718944,0.06,0.08,0.06,0.72,0.1,0.0,0.85,0.0,0.0
LTT without hierarchy,2023,0.042569222075720475,0.904,0.6671187053611789,0.0467860048820179,0.012906085110727529,0.07192382197718944,0.06,0.08,0.06,0.72,0.1,0.9,0.0,0.0,0.0
LTT without hierarchy,2023,0.042569222075720475,0.904,0.6671187053611789,0.0467860048820179,0.012906085110727529,0.07192382197718944,0.06,0.08,0.06,0.72,0.1,0.9,0.85,0.0,0.0
LTT without hierarchy,2023,0.042569222075720475,0.904,0.6671187053611789,0.0467860048820179,0.012906085110727529,0.07192382197718944,0.06,0.08,0.06,0.73,0.1,0.0,0.0,0.0,0.0
LTT without hierarchy,2023,0.042569222075720475,0.904,0.6671187053611789,0.0467860048820179,0.012906085110727529,0.07192382197718944,0.06,0.08,0.06,0.73,0.1,0.0,0.85,0.0,0.0
LTT without hierarchy,2023,0.042569222075720475,0.904,0.6671187053611789,0.0467860048820179,0.012906085110727529,0.07192382197718944,0.06,0.08,0.06,0.73,0.1,0.9,0.0,0.0,0.0
LTT without hierarchy,2023,0.042569222075720475,0.904,0.6671187053611789,0.0467860048820179,0.012906085110727529,0.07192382197718944,0.06,0.08,0.06,0.73,0.1,0.9,0.85,0.0,0.0
LTT without hierarchy,2023,0.042569222075720475,0.904,0.6671187053611789,0.0467860048820179,0.012906085110727529,0.07192382197718944,0.06,0.08,0.06,0.74,0.1,0.0,0.0,0.0,0.0
LTT without hierarchy,2023,0.042569222075720475,0.904,0.6671187053611789,0.0467860048820179,0.012906085110727529,0.07192382197718944,0.06,0.08,0.06,0.74,0.1,0.0,0.85,0.0,0.0
LTT without hierarchy,2023,0.042569222075720475,0.904,0.6671187053611789,0.0467860048820179,0.012906085110727529,0.07192382197718944,0.06,0.08,0.06,0.74,0.1,0.9,0.0,0.0,0.0
LTT without hierarchy,2023,0.042569222075720475,0.904,0.6671187053611789,0.0467860048820179,0.012906085110727529,0.07192382197718944,0.06,0.08,0.06,0.74,0.1,0.9,0.85,0.0,0.0
LTT without hierarchy,2023,0.042569222075720475,0.904,0.6671187053611789,0.0467860048820179,0.012906085110727529,0.07192382197718944,0.06,0.08,0.06,0.746,0.1,0.0,0.0,0.0,0.0
LTT without hierarchy,2023,0.042569222075720475,0.904,0.6671187053611789,0.0467860048820179,0.012906085110727529,0.07192382197718944,0.06,0.08,0.06,0.746,0.1,0.0,0.85,0.0,0.0
LTT without hierarchy,2023,0.042569222075720475,0.904,0.6671187053611789,0.0467860048820179,0.012906085110727529,0.07192382197718944,0.06,0.08,0.06,0.746,0.1,0.9,0.0,0.0,0.0
LTT without hierarchy,2023,0.042569222075720475,0.904,0.6671187053611789,0.0467860048820179,0.012906085110727529,0.07192382197718944,0.06,0.08,0.06,0.746,0.1,0.9,0.85,0.0,0.0
LTT without hierarchy,2023,0.042569222075720475,0.904,0.6671187053611789,0.0467860048820179,0.012906085110727529,0.07192382197718944,0.06,0.08,0.06,0.75,0.1,0.0,0.0,0.0,0.0
LTT without hierarchy,2023,0.042569222075720475,0.904,0.6671187053611789,0.0467860048820179,0.012906085110727529,0.07192382197718944,0.06,0.08,0.06,0.75,0.1,0.0,0.85,0.0,0.0
LTT without hierarchy,2023,0.042569222075720475,0.904,0.6671187053611789,0.0467860048820179,0.012906085110727529,0.07192382197718944,0.06,0.08,0.06,0.75,0.1,0.9,0.0,0.0,0.0
LTT without hierarchy,2023,0.042569222075720475,0.904,0.6671187053611789,0.0467860048820179,0.012906085110727529,0.07192382197718944,0.06,0.08,0.06,0.75,0.1,0.9,0.85,0.0,0.0
LTT without hierarchy,2023,0.042569222075720475,0.904,0.6671187053611789,0.0467860048820179,0.012906085110727529,0.07192382197718944,0.08,0.08,0.06,0.0,0.1,0.0,0.85,0.0,0.0
LTT without hierarchy,2023,0.042569222075720475,0.904,0.6671187053611789,0.0467860048820179,0.012906085110727529,0.07192382197718944,0.08,0.08,0.06,0.0,0.1,0.9,0.85,0.0,0.0
LTT without hierarchy,2023,0.042569222075720475,0.904,0.6671187053611789,0.0467860048820179,0.012906085110727529,0.07192382197718944,0.08,0.08,0.06,0.7,0.1,0.0,0.85,0.0,0.0
LTT without hierarchy,2023,0.042569222075720475,0.904,0.6671187053611789,0.0467860048820179,0.012906085110727529,0.07192382197718944,0.08,0.08,0.06,0.7,0.1,0.9,0.85,0.0,0.0
LTT without hierarchy,2023,0.042569222075720475,0.904,0.6671187053611789,0.0467860048820179,0.012906085110727529,0.07192382197718944,0.08,0.08,0.06,0.72,0.1,0.0,0.85,0.0,0.0
LTT without hierarchy,2023,0.042569222075720475,0.904,0.6671187053611789,0.0467860048820179,0.012906085110727529,0.07192382197718944,0.08,0.08,0.06,0.72,0.1,0.9,0.85,0.0,0.0
LTT without hierarchy,2023,0.042569222075720475,0.904,0.6671187053611789,0.0467860048820179,0.012906085110727529,0.07192382197718944,0.08,0.08,0.06,0.73,0.1,0.0,0.85,0.0,0.0
LTT without hierarchy,2023,0.042569222075720475,0.904,0.6671187053611789,0.0467860048820179,0.012906085110727529,0.07192382197718944,0.08,0.08,0.06,0.73,0.1,0.9,0.85,0.0,0.0
LTT without hierarchy,2023,0.042569222075720475,0.904,0.6671187053611789,0.0467860048820179,0.012906085110727529,0.07192382197718944,0.08,0.08,0.06,0.74,0.1,0.0,0.85,0.0,0.0
LTT without hierarchy,2023,0.042569222075720475,0.904,0.6671187053611789,0.0467860048820179,0.012906085110727529,0.07192382197718944,0.08,0.08,0.06,0.74,0.1,0.9,0.85,0.0,0.0
LTT without hierarchy,2023,0.042569222075720475,0.904,0.6671187053611789,0.0467860048820179,0.012906085110727529,0.07192382197718944,0.08,0.08,0.06,0.746,0.1,0.0,0.85,0.0,0.0
LTT without hierarchy,2023,0.042569222075720475,0.904,0.6671187053611789,0.0467860048820179,0.012906085110727529,0.07192382197718944,0.08,0.08,0.06,0.746,0.1,0.9,0.85,0.0,0.0
LTT without hierarchy,2023,0.042569222075720475,0.904,0.6671187053611789,0.0467860048820179,0.012906085110727529,0.07192382197718944,0.08,0.08,0.06,0.75,0.1,0.0,0.85,0.0,0.0
LTT without hierarchy,2023,0.042569222075720475,0.904,0.6671187053611789,0.0467860048820179,0.012906085110727529,0.07192382197718944,0.08,0.08,0.06,0.75,0.1,0.9,0.85,0.0,0.0
LTT without hierarchy,2023,0.042569222075720475,0.904,0.6671187053611789,0.0467860048820179,0.012906085110727529,0.07192382197718944,0.1,0.08,0.06,0.0,0.1,0.0,0.85,0.0,0.0
LTT without hierarchy,2023,0.042569222075720475,0.904,0.6671187053611789,0.0467860048820179,0.012906085110727529,0.07192382197718944,0.1,0.08,0.06,0.0,0.1,0.9,0.85,0.0,0.0
LTT without hierarchy,2023,0.042569222075720475,0.904,0.6671187053611789,0.0467860048820179,0.012906085110727529,0.07192382197718944,0.1,0.08,0.06,0.7,0.1,0.0,0.85,0.0,0.0
LTT without hierarchy,2023,0.042569222075720475,0.904,0.6671187053611789,0.0467860048820179,0.012906085110727529,0.07192382197718944,0.1,0.08,0.06,0.7,0.1,0.9,0.85,0.0,0.0
LTT without hierarchy,2023,0.042569222075720475,0.904,0.6671187053611789,0.0467860048820179,0.012906085110727529,0.07192382197718944,0.1,0.08,0.06,0.72,0.1,0.0,0.85,0.0,0.0
LTT without hierarchy,2023,0.042569222075720475,0.904,0.6671187053611789,0.0467860048820179,0.012906085110727529,0.07192382197718944,0.1,0.08,0.06,0.72,0.1,0.9,0.85,0.0,0.0
LTT without hierarchy,2023,0.042569222075720475,0.904,0.6671187053611789,0.0467860048820179,0.012906085110727529,0.07192382197718944,0.1,0.08,0.06,0.73,0.1,0.0,0.85,0.0,0.0
LTT without hierarchy,2023,0.042569222075720475,0.904,0.6671187053611789,0.0467860048820179,0.012906085110727529,0.07192382197718944,0.1,0.08,0.06,0.73,0.1,0.9,0.85,0.0,0.0
LTT without hierarchy,2023,0.042569222075720475,0.904,0.6671187053611789,0.0467860048820179,0.012906085110727529,0.07192382197718944,0.1,0.08,0.06,0.74,0.1,0.0,0.85,0.0,0.0
LTT without hierarchy,2023,0.042569222075720475,0.904,0.6671187053611789,0.0467860048820179,0.012906085110727529,0.07192382197718944,0.1,0.08,0.06,0.74,0.1,0.9,0.85,0.0,0.0
LTT without hierarchy,2023,0.042569222075720475,0.904,0.6671187053611789,0.0467860048820179,0.012906085110727529,0.07192382197718944,0.1,0.08,0.06,0.746,0.1,0.0,0.85,0.0,0.0
LTT without hierarchy,2023,0.042569222075720475,0.904,0.6671187053611789,0.0467860048820179,0.012906085110727529,0.07192382197718944,0.1,0.08,0.06,0.746,0.1,0.9,0.85,0.0,0.0
LTT without hierarchy,2023,0.042569222075720475,0.904,0.6671187053611789,0.0467860048820179,0.012906085110727529,0.07192382197718944,0.1,0.08,0.06,0.75,0.1,0.0,0.85,0.0,0.0
LTT without hierarchy,2023,0.042569222075720475,0.904,0.6671187053611789,0.0467860048820179,0.012906085110727529,0.07192382197718944,0.1,0.08,0.06,0.75,0.1,0.9,0.85,0.0,0.0
LTT without hierarchy,2023,0.048785081936334525,0.9055944055944056,0.6687460446614232,0.04692161649037158,0.017979654009839835,0.07202015691959651,0.08,0.08,0.06,0.0,0.1,0.0,0.0,0.0,0.0
LTT without hierarchy,2023,0.048785081936334525,0.9055944055944056,0.6687460446614232,0.04692161649037158,0.017979654009839835,0.07202015691959651,0.08,0.08,0.06,0.0,0.1,0.9,0.0,0.0,0.0
LTT without hierarchy,2023,0.048785081936334525,0.9055944055944056,0.6687460446614232,0.04692161649037158,0.017979654009839835,0.07202015691959651,0.08,0.08,0.06,0.7,0.1,0.0,0.0,0.0,0.0
LTT without hierarchy,2023,0.048785081936334525,0.9055944055944056,0.6687460446614232,0.04692161649037158,0.017979654009839835,0.07202015691959651,0.08,0.08,0.06,0.7,0.1,0.9,0.0,0.0,0.0
LTT without hierarchy,2023,0.048785081936334525,0.9055944055944056,0.6687460446614232,0.04692161649037158,0.017979654009839835,0.07202015691959651,0.08,0.08,0.06,0.72,0.1,0.0,0.0,0.0,0.0
LTT without hierarchy,2023,0.048785081936334525,0.9055944055944056,0.6687460446614232,0.04692161649037158,0.017979654009839835,0.07202015691959651,0.08,0.08,0.06,0.72,0.1,0.9,0.0,0.0,0.0
LTT without hierarchy,2023,0.048785081936334525,0.9055944055944056,0.6687460446614232,0.04692161649037158,0.017979654009839835,0.07202015691959651,0.08,0.08,0.06,0.73,0.1,0.0,0.0,0.0,0.0
LTT without hierarchy,2023,0.048785081936334525,0.9055944055944056,0.6687460446614232,0.04692161649037158,0.017979654009839835,0.07202015691959651,0.08,0.08,0.06,0.73,0.1,0.9,0.0,0.0,0.0
LTT without hierarchy,2023,0.048785081936334525,0.9055944055944056,0.6687460446614232,0.04692161649037158,0.017979654009839835,0.07202015691959651,0.08,0.08,0.06,0.74,0.1,0.0,0.0,0.0,0.0
LTT without hierarchy,2023,0.048785081936334525,0.9055944055944056,0.6687460446614232,0.04692161649037158,0.017979654009839835,0.07202015691959651,0.08,0.08,0.06,0.74,0.1,0.9,0.0,0.0,0.0
LTT without hierarchy,2023,0.048785081936334525,0.9055944055944056,0.6687460446614232,0.04692161649037158,0.017979654009839835,0.07202015691959651,0.08,0.08,0.06,0.746,0.1,0.0,0.0,0.0,0.0
LTT without hierarchy,2023,0.048785081936334525,0.9055944055944056,0.6687460446614232,0.04692161649037158,0.017979654009839835,0.07202015691959651,0.08,0.08,0.06,0.746,0.1,0.9,0.0,0.0,0.0
LTT without hierarchy,2023,0.048785081936334525,0.9055944055944056,0.6687460446614232,0.04692161649037158,0.017979654009839835,0.07202015691959651,0.08,0.08,0.06,0.75,0.1,0.0,0.0,0.0,0.0
LTT without hierarchy,2023,0.048785081936334525,0.9055944055944056,0.6687460446614232,0.04692161649037158,0.017979654009839835,0.07202015691959651,0.08,0.08,0.06,0.75,0.1,0.9,0.0,0.0,0.0
LTT without hierarchy,2023,0.048785081936334525,0.9055944055944056,0.6687460446614232,0.04692161649037158,0.017979654009839835,0.07202015691959651,0.1,0.08,0.06,0.0,0.1,0.0,0.0,0.0,0.0
LTT without hierarchy,2023,0.048785081936334525,0.9055944055944056,0.6687460446614232,0.04692161649037158,0.017979654009839835,0.07202015691959651,0.1,0.08,0.06,0.0,0.1,0.9,0.0,0.0,0.0
LTT without hierarchy,2023,0.048785081936334525,0.9055944055944056,0.6687460446614232,0.04692161649037158,0.017979654009839835,0.07202015691959651,0.1,0.08,0.06,0.7,0.1,0.0,0.0,0.0,0.0
LTT without hierarchy,2023,0.048785081936334525,0.9055944055944056,0.6687460446614232,0.04692161649037158,0.017979654009839835,0.07202015691959651,0.1,0.08,0.06,0.7,0.1,0.9,0.0,0.0,0.0
LTT without hierarchy,2023,0.048785081936334525,0.9055944055944056,0.6687460446614232,0.04692161649037158,0.017979654009839835,0.07202015691959651,0.1,0.08,0.06,0.72,0.1,0.0,0.0,0.0,0.0
LTT without hierarchy,2023,0.048785081936334525,0.9055944055944056,0.6687460446614232,0.04692161649037158,0.017979654009839835,0.07202015691959651,0.1,0.08,0.06,0.72,0.1,0.9,0.0,0.0,0.0
LTT without hierarchy,2023,0.048785081936334525,0.9055944055944056,0.6687460446614232,0.04692161649037158,0.017979654009839835,0.07202015691959651,0.1,0.08,0.06,0.73,0.1,0.0,0.0,0.0,0.0
LTT without hierarchy,2023,0.048785081936334525,0.9055944055944056,0.6687460446614232,0.04692161649037158,0.017979654009839835,0.07202015691959651,0.1,0.08,0.06,0.73,0.1,0.9,0.0,0.0,0.0
LTT without hierarchy,2023,0.048785081936334525,0.9055944055944056,0.6687460446614232,0.04692161649037158,0.017979654009839835,0.07202015691959651,0.1,0.08,0.06,0.74,0.1,0.0,0.0,0.0,0.0
LTT without hierarchy,2023,0.048785081936334525,0.9055944055944056,0.6687460446614232,0.04692161649037158,0.017979654009839835,0.07202015691959651,0.1,0.08,0.06,0.74,0.1,0.9,0.0,0.0,0.0
LTT without hierarchy,2023,0.048785081936334525,0.9055944055944056,0.6687460446614232,0.04692161649037158,0.017979654009839835,0.07202015691959651,0.1,0.08,0.06,0.746,0.1,0.0,0.0,0.0,0.0
LTT without hierarchy,2023,0.048785081936334525,0.9055944055944056,0.6687460446614232,0.04692161649037158,0.017979654009839835,0.07202015691959651,0.1,0.08,0.06,0.746,0.1,0.9,0.0,0.0,0.0
LTT without hierarchy,2023,0.048785081936334525,0.9055944055944056,0.6687460446614232,0.04692161649037158,0.017979654009839835,0.07202015691959651,0.1,0.08,0.06,0.75,0.1,0.0,0.0,0.0,0.0
LTT without hierarchy,2023,0.048785081936334525,0.9055944055944056,0.6687460446614232,0.04692161649037158,0.017979654009839835,0.07202015691959651,0.1,0.08,0.06,0.75,0.1,0.9,0.0,0.0,0.0
F-DFHC-U,2023,0.026935392729327556,0.89937106918239,0.663502395805081,0.046514781665310555,0.0,0.07155189073021528,0.0,0.04,0.06,0.0,0.1,0.0,0.0,0.0,0.0
F-DFHC-U,2023,0.026935392729327556,0.89937106918239,0.663502395805081,0.046514781665310555,0.0,0.07155189073021528,0.0,0.04,0.06,0.0,0.1,0.0,0.85,0.0,0.0
F-DFHC-U,2023,0.026935392729327556,0.89937106918239,0.663502395805081,0.046514781665310555,0.0,0.07155189073021528,0.0,0.04,0.06,0.0,0.1,0.9,0.0,0.0,0.0
F-DFHC-U,2023,0.026935392729327556,0.89937106918239,0.663502395805081,0.046514781665310555,0.0,0.07155189073021528,0.0,0.04,0.06,0.0,0.1,0.9,0.85,0.0,0.0
F-DFHC-U,2023,0.026935392729327556,0.89937106918239,0.6910767561703283,0.054832293644335964,0.0,0.07993713298680086,0.0,0.04,0.06,0.0,0.12,0.0,0.0,0.0,0.0
F-DFHC-U,2023,0.026935392729327556,0.89937106918239,0.6910767561703283,0.054832293644335964,0.0,0.07993713298680086,0.0,0.04,0.06,0.0,0.12,0.0,0.85,0.0,0.0
F-DFHC-U,2023,0.026935392729327556,0.89937106918239,0.6910767561703283,0.054832293644335964,0.0,0.07993713298680086,0.0,0.04,0.06,0.0,0.12,0.9,0.0,0.0,0.0
F-DFHC-U,2023,0.026935392729327556,0.89937106918239,0.6910767561703283,0.054832293644335964,0.0,0.07993713298680086,0.0,0.04,0.06,0.0,0.12,0.9,0.85,0.0,0.0
F-DFHC-U,2023,0.026935392729327556,0.89937106918239,0.663502395805081,0.046514781665310555,0.0,0.07155189073021528,0.0,0.04,0.06,0.7,0.1,0.0,0.0,0.0,0.0
F-DFHC-U,2023,0.026935392729327556,0.89937106918239,0.663502395805081,0.046514781665310555,0.0,0.07155189073021528,0.0,0.04,0.06,0.7,0.1,0.0,0.85,0.0,0.0
F-DFHC-U,2023,0.026935392729327556,0.89937106918239,0.663502395805081,0.046514781665310555,0.0,0.07155189073021528,0.0,0.04,0.06,0.7,0.1,0.9,0.0,0.0,0.0
F-DFHC-U,2023,0.026935392729327556,0.89937106918239,0.663502395805081,0.046514781665310555,0.0,0.07155189073021528,0.0,0.04,0.06,0.7,0.1,0.9,0.85,0.0,0.0
F-DFHC-U,2023,0.026935392729327556,0.89937106918239,0.6910767561703283,0.054832293644335964,0.0,0.07993713298680086,0.0,0.04,0.06,0.7,0.12,0.0,0.0,0.0,0.0
F-DFHC-U,2023,0.026935392729327556,0.89937106918239,0.6910767561703283,0.054832293644335964,0.0,0.07993713298680086,0.0,0.04,0.06,0.7,0.12,0.0,0.85,0.0,0.0
F-DFHC-U,2023,0.026935392729327556,0.89937106918239,0.6910767561703283,0.054832293644335964,0.0,0.07993713298680086,0.0,0.04,0.06,0.7,0.12,0.9,0.0,0.0,0.0
F-DFHC-U,2023,0.026935392729327556,0.89937106918239,0.6910767561703283,0.054832293644335964,0.0,0.07993713298680086,0.0,0.04,0.06,0.7,0.12,0.9,0.85,0.0,0.0
F-DFHC-U,2023,0.026935392729327556,0.89937106918239,0.663502395805081,0.046514781665310555,0.0,0.07155189073021528,0.0,0.04,0.06,0.72,0.1,0.0,0.0,0.0,0.0
F-DFHC-U,2023,0.026935392729327556,0.89937106918239,0.663502395805081,0.046514781665310555,0.0,0.07155189073021528,0.0,0.04,0.06,0.72,0.1,0.0,0.85,0.0,0.0
F-DFHC-U,2023,0.026935392729327556,0.89937106918239,0.663502395805081,0.046514781665310555,0.0,0.07155189073021528,0.0,0.04,0.06,0.72,0.1,0.9,0.0,0.0,0.0
F-DFHC-U,2023,0.026935392729327556,0.89937106918239,0.663502395805081,0.046514781665310555,0.0,0.07155189073021528,0.0,0.04,0.06,0.72,0.1,0.9,0.85,0.0,0.0
F-DFHC-U,2023,0.026935392729327556,0.89937106918239,0.6910767561703283,0.054832293644335964,0.0,0.07993713298680086,0.0,0.04,0.06,0.72,0.12,0.0,0.0,0.0,0.0
F-DFHC-U,2023,0.026935392729327556,0.89937106918239,0.6910767561703283,0.054832293644335964,0.0,0.07993713298680086,0.0,0.04,0.06,0.72,0.12,0.0,0.85,0.0,0.0
F-DFHC-U,2023,0.026935392729327556,0.89937106918239,0.6910767561703283,0.054832293644335964,0.0,0.07993713298680086,0.0,0.04,0.06,0.72,0.12,0.9,0.0,0.0,0.0
F-DFHC-U,2023,0.026935392729327556,0.89937106918239,0.6910767561703283,0.054832293644335964,0.0,0.07993713298680086,0.0,0.04,0.06,0.72,0.12,0.9,0.85,0.0,0.0
F-DFHC-U,2023,0.026935392729327556,0.89937106918239,0.663502395805081,0.046514781665310555,0.0,0.07155189073021528,0.0,0.04,0.06,0.73,0.1,0.0,0.0,0.0,0.0
F-DFHC-U,2023,0.026935392729327556,0.89937106918239,0.663502395805081,0.046514781665310555,0.0,0.07155189073021528,0.0,0.04,0.06,0.73,0.1,0.0,0.85,0.0,0.0
F-DFHC-U,2023,0.026935392729327556,0.89937106918239,0.663502395805081,0.046514781665310555,0.0,0.07155189073021528,0.0,0.04,0.06,0.73,0.1,0.9,0.0,0.0,0.0
F-DFHC-U,2023,0.026935392729327556,0.89937106918239,0.663502395805081,0.046514781665310555,0.0,0.07155189073021528,0.0,0.04,0.06,0.73,0.1,0.9,0.85,0.0,0.0
F-DFHC-U,2023,0.026935392729327556,0.89937106918239,0.6910767561703283,0.054832293644335964,0.0,0.07993713298680086,0.0,0.04,0.06,0.73,0.12,0.0,0.0,0.0,0.0
F-DFHC-U,2023,0.026935392729327556,0.89937106918239,0.6910767561703283,0.054832293644335964,0.0,0.07993713298680086,0.0,0.04,0.06,0.73,0.12,0.0,0.85,0.0,0.0
F-DFHC-U,2023,0.026935392729327556,0.89937106918239,0.6910767561703283,0.054832293644335964,0.0,0.07993713298680086,0.0,0.04,0.06,0.73,0.12,0.9,0.0,0.0,0.0
F-DFHC-U,2023,0.026935392729327556,0.89937106918239,0.6910767561703283,0.054832293644335964,0.0,0.07993713298680086,0.0,0.04,0.06,0.73,0.12,0.9,0.85,0.0,0.0
F-DFHC-U,2023,0.026935392729327556,0.89937106918239,0.663502395805081,0.046514781665310555,0.0,0.07155189073021528,0.0,0.04,0.06,0.74,0.1,0.0,0.0,0.0,0.0
F-DFHC-U,2023,0.026935392729327556,0.89937106918239,0.663502395805081,0.046514781665310555,0.0,0.07155189073021528,0.0,0.04,0.06,0.74,0.1,0.0,0.85,0.0,0.0
F-DFHC-U,2023,0.026935392729327556,0.89937106918239,0.663502395805081,0.046514781665310555,0.0,0.07155189073021528,0.0,0.04,0.06,0.74,0.1,0.9,0.0,0.0,0.0
F-DFHC-U,2023,0.026935392729327556,0.89937106918239,0.663502395805081,0.046514781665310555,0.0,0.07155189073021528,0.0,0.04,0.06,0.74,0.1,0.9,0.85,0.0,0.0
F-DFHC-U,2023,0.026935392729327556,0.89937106918239,0.6910767561703283,0.054832293644335964,0.0,0.07993713298680086,0.0,0.04,0.06,0.74,0.12,0.0,0.0,0.0,0.0
F-DFHC-U,2023,0.026935392729327556,0.89937106918239,0.6910767561703283,0.054832293644335964,0.0,0.07993713298680086,0.0,0.04,0.06,0.74,0.12,0.0,0.85,0.0,0.0
F-DFHC-U,2023,0.026935392729327556,0.89937106918239,0.6910767561703283,0.054832293644335964,0.0,0.07993713298680086,0.0,0.04,0.06,0.74,0.12,0.9,0.0,0.0,0.0
F-DFHC-U,2023,0.026935392729327556,0.89937106918239,0.6910767561703283,0.054832293644335964,0.0,0.07993713298680086,0.0,0.04,0.06,0.74,0.12,0.9,0.85,0.0,0.0
F-DFHC-U,2023,0.026935392729327556,0.89937106918239,0.663502395805081,0.046514781665310555,0.0,0.07155189073021528,0.0,0.04,0.06,0.746,0.1,0.0,0.0,0.0,0.0
F-DFHC-U,2023,0.026935392729327556,0.89937106918239,0.663502395805081,0.046514781665310555,0.0,0.07155189073021528,0.0,0.04,0.06,0.746,0.1,0.0,0.85,0.0,0.0
F-DFHC-U,2023,0.026935392729327556,0.89937106918239,0.663502395805081,0.046514781665310555,0.0,0.07155189073021528,0.0,0.04,0.06,0.746,0.1,0.9,0.0,0.0,0.0
F-DFHC-U,2023,0.026935392729327556,0.89937106918239,0.663502395805081,0.046514781665310555,0.0,0.07155189073021528,0.0,0.04,0.06,0.746,0.1,0.9,0.85,0.0,0.0
F-DFHC-U,2023,0.026935392729327556,0.89937106918239,0.6910767561703283,0.054832293644335964,0.0,0.07993713298680086,0.0,0.04,0.06,0.746,0.12,0.0,0.0,0.0,0.0
F-DFHC-U,2023,0.026935392729327556,0.89937106918239,0.6910767561703283,0.054832293644335964,0.0,0.07993713298680086,0.0,0.04,0.06,0.746,0.12,0.0,0.85,0.0,0.0
F-DFHC-U,2023,0.026935392729327556,0.89937106918239,0.6910767561703283,0.054832293644335964,0.0,0.07993713298680086,0.0,0.04,0.06,0.746,0.12,0.9,0.0,0.0,0.0
F-DFHC-U,2023,0.026935392729327556,0.89937106918239,0.6910767561703283,0.054832293644335964,0.0,0.07993713298680086,0.0,0.04,0.06,0.746,0.12,0.9,0.85,0.0,0.0
F-DFHC-U,2023,0.026935392729327556,0.89937106918239,0.663502395805081,0.046514781665310555,0.0,0.07155189073021528,0.0,0.04,0.06,0.75,0.1,0.0,0.0,0.0,0.0
F-DFHC-U,2023,0.026935392729327556,0.89937106918239,0.663502395805081,0.046514781665310555,0.0,0.07155189073021528,0.0,0.04,0.06,0.75,0.1,0.0,0.85,0.0,0.0
F-DFHC-U,2023,0.026935392729327556,0.89937106918239,0.663502395805081,0.046514781665310555,0.0,0.07155189073021528,0.0,0.04,0.06,0.75,0.1,0.9,0.0,0.0,0.0
F-DFHC-U,2023,0.026935392729327556,0.89937106918239,0.663502395805081,0.046514781665310555,0.0,0.07155189073021528,0.0,0.04,0.06,0.75,0.1,0.9,0.85,0.0,0.0
F-DFHC-U,2023,0.026935392729327556,0.89937106918239,0.6910767561703283,0.054832293644335964,0.0,0.07993713298680086,0.0,0.04,0.06,0.75,0.12,0.0,0.0,0.0,0.0
F-DFHC-U,2023,0.026935392729327556,0.89937106918239,0.6910767561703283,0.054832293644335964,0.0,0.07993713298680086,0.0,0.04,0.06,0.75,0.12,0.0,0.85,0.0,0.0
F-DFHC-U,2023,0.026935392729327556,0.89937106918239,0.6910767561703283,0.054832293644335964,0.0,0.07993713298680086,0.0,0.04,0.06,0.75,0.12,0.9,0.0,0.0,0.0
F-DFHC-U,2023,0.026935392729327556,0.89937106918239,0.6910767561703283,0.054832293644335964,0.0,0.07993713298680086,0.0,0.04,0.06,0.75,0.12,0.9,0.85,0.0,0.0
F-DFHC-U,2023,0.026935392729327556,0.89937106918239,0.663502395805081,0.046514781665310555,0.0,0.07155189073021528,0.0,0.06,0.06,0.0,0.1,0.0,0.0,0.0,0.0
F-DFHC-U,2023,0.026935392729327556,0.89937106918239,0.663502395805081,0.046514781665310555,0.0,0.07155189073021528,0.0,0.06,0.06,0.0,0.1,0.0,0.85,0.0,0.0
F-DFHC-U,2023,0.026935392729327556,0.89937106918239,0.663502395805081,0.046514781665310555,0.0,0.07155189073021528,0.0,0.06,0.06,0.0,0.1,0.9,0.0,0.0,0.0
F-DFHC-U,2023,0.026935392729327556,0.89937106918239,0.663502395805081,0.046514781665310555,0.0,0.07155189073021528,0.0,0.06,0.06,0.0,0.1,0.9,0.85,0.0,0.0
F-DFHC-U,2023,0.026935392729327556,0.89937106918239,0.6910767561703283,0.054832293644335964,0.0,0.07993713298680086,0.0,0.06,0.06,0.0,0.12,0.0,0.0,0.0,0.0
F-DFHC-U,2023,0.026935392729327556,0.89937106918239,0.6910767561703283,0.054832293644335964,0.0,0.07993713298680086,0.0,0.06,0.06,0.0,0.12,0.0,0.85,0.0,0.0
F-DFHC-U,2023,0.026935392729327556,0.89937106918239,0.6910767561703283,0.054832293644335964,0.0,0.07993713298680086,0.0,0.06,0.06,0.0,0.12,0.9,0.0,0.0,0.0
F-DFHC-U,2023,0.026935392729327556,0.89937106918239,0.6910767561703283,0.054832293644335964,0.0,0.07993713298680086,0.0,0.06,0.06,0.0,0.12,0.9,0.85,0.0,0.0
F-DFHC-U,2023,0.026935392729327556,0.89937106918239,0.663502395805081,0.046514781665310555,0.0,0.07155189073021528,0.0,0.06,0.06,0.7,0.1,0.0,0.0,0.0,0.0
F-DFHC-U,2023,0.026935392729327556,0.89937106918239,0.663502395805081,0.046514781665310555,0.0,0.07155189073021528,0.0,0.06,0.06,0.7,0.1,0.0,0.85,0.0,0.0
F-DFHC-U,2023,0.026935392729327556,0.89937106918239,0.663502395805081,0.046514781665310555,0.0,0.07155189073021528,0.0,0.06,0.06,0.7,0.1,0.9,0.0,0.0,0.0
F-DFHC-U,2023,0.026935392729327556,0.89937106918239,0.663502395805081,0.046514781665310555,0.0,0.07155189073021528,0.0,0.06,0.06,0.7,0.1,0.9,0.85,0.0,0.0
F-DFHC-U,2023,0.026935392729327556,0.89937106918239,0.6910767561703283,0.054832293644335964,0.0,0.07993713298680086,0.0,0.06,0.06,0.7,0.12,0.0,0.0,0.0,0.0
F-DFHC-U,2023,0.026935392729327556,0.89937106918239,0.6910767561703283,0.054832293644335964,0.0,0.07993713298680086,0.0,0.06,0.06,0.7,0.12,0.0,0.85,0.0,0.0
F-DFHC-U,2023,0.026935392729327556,0.89937106918239,0.6910767561703283,0.054832293644335964,0.0,0.07993713298680086,0.0,0.06,0.06,0.7,0.12,0.9,0.0,0.0,0.0
F-DFHC-U,2023,0.026935392729327556,0.89937106918239,0.6910767561703283,0.054832293644335964,0.0,0.07993713298680086,0.0,0.06,0.06,0.7,0.12,0.9,0.85,0.0,0.0
F-DFHC-U,2023,0.026935392729327556,0.89937106918239,0.663502395805081,0.046514781665310555,0.0,0.07155189073021528,0.0,0.06,0.06,0.72,0.1,0.0,0.0,0.0,0.0
F-DFHC-U,2023,0.026935392729327556,0.89937106918239,0.663502395805081,0.046514781665310555,0.0,0.07155189073021528,0.0,0.06,0.06,0.72,0.1,0.0,0.85,0.0,0.0
F-DFHC-U,2023,0.026935392729327556,0.89937106918239,0.663502395805081,0.046514781665310555,0.0,0.07155189073021528,0.0,0.06,0.06,0.72,0.1,0.9,0.0,0.0,0.0
F-DFHC-U,2023,0.026935392729327556,0.89937106918239,0.663502395805081,0.046514781665310555,0.0,0.07155189073021528,0.0,0.06,0.06,0.72,0.1,0.9,0.85,0.0,0.0
F-DFHC-U,2023,0.026935392729327556,0.89937106918239,0.6910767561703283,0.054832293644335964,0.0,0.07993713298680086,0.0,0.06,0.06,0.72,0.12,0.0,0.0,0.0,0.0
F-DFHC-U,2023,0.026935392729327556,0.89937106918239,0.6910767561703283,0.054832293644335964,0.0,0.07993713298680086,0.0,0.06,0.06,0.72,0.12,0.0,0.85,0.0,0.0
F-DFHC-U,2023,0.026935392729327556,0.89937106918239,0.6910767561703283,0.054832293644335964,0.0,0.07993713298680086,0.0,0.06,0.06,0.72,0.12,0.9,0.0,0.0,0.0
F-DFHC-U,2023,0.026935392729327556,0.89937106918239,0.6910767561703283,0.054832293644335964,0.0,0.07993713298680086,0.0,0.06,0.06,0.72,0.12,0.9,0.85,0.0,0.0
F-DFHC-U,2023,0.026935392729327556,0.89937106918239,0.663502395805081,0.046514781665310555,0.0,0.07155189073021528,0.0,0.06,0.06,0.73,0.1,0.0,0.0,0.0,0.0
F-DFHC-U,2023,0.026935392729327556,0.89937106918239,0.663502395805081,0.046514781665310555,0.0,0.07155189073021528,0.0,0.06,0.06,0.73,0.1,0.0,0.85,0.0,0.0
F-DFHC-U,2023,0.026935392729327556,0.89937106918239,0.663502395805081,0.046514781665310555,0.0,0.07155189073021528,0.0,0.06,0.06,0.73,0.1,0.9,0.0,0.0,0.0
F-DFHC-U,2023,0.026935392729327556,0.89937106918239,0.663502395805081,0.046514781665310555,0.0,0.07155189073021528,0.0,0.06,0.06,0.73,0.1,0.9,0.85,0.0,0.0
F-DFHC-U,2023,0.026935392729327556,0.89937106918239,0.6910767561703283,0.054832293644335964,0.0,0.07993713298680086,0.0,0.06,0.06,0.73,0.12,0.0,0.0,0.0,0.0
F-DFHC-U,2023,0.026935392729327556,0.89937106918239,0.6910767561703283,0.054832293644335964,0.0,0.07993713298680086,0.0,0.06,0.06,0.73,0.12,0.0,0.85,0.0,0.0
F-DFHC-U,2023,0.026935392729327556,0.89937106918239,0.6910767561703283,0.054832293644335964,0.0,0.07993713298680086,0.0,0.06,0.06,0.73,0.12,0.9,0.0,0.0,0.0
F-DFHC-U,2023,0.026935392729327556,0.89937106918239,0.6910767561703283,0.054832293644335964,0.0,0.07993713298680086,0.0,0.06,0.06,0.73,0.12,0.9,0.85,0.0,0.0
F-DFHC-U,2023,0.026935392729327556,0.89937106918239,0.663502395805081,0.046514781665310555,0.0,0.07155189073021528,0.0,0.06,0.06,0.74,0.1,0.0,0.0,0.0,0.0
F-DFHC-U,2023,0.026935392729327556,0.89937106918239,0.663502395805081,0.046514781665310555,0.0,0.07155189073021528,0.0,0.06,0.06,0.74,0.1,0.0,0.85,0.0,0.0
F-DFHC-U,2023,0.026935392729327556,0.89937106918239,0.663502395805081,0.046514781665310555,0.0,0.07155189073021528,0.0,0.06,0.06,0.74,0.1,0.9,0.0,0.0,0.0
F-DFHC-U,2023,0.026935392729327556,0.89937106918239,0.663502395805081,0.046514781665310555,0.0,0.07155189073021528,0.0,0.06,0.06,0.74,0.1,0.9,0.85,0.0,0.0
F-DFHC-U,2023,0.026935392729327556,0.89937106918239,0.6910767561703283,0.054832293644335964,0.0,0.07993713298680086,0.0,0.06,0.06,0.74,0.12,0.0,0.0,0.0,0.0
F-DFHC-U,2023,0.026935392729327556,0.89937106918239,0.6910767561703283,0.054832293644335964,0.0,0.07993713298680086,0.0,0.06,0.06,0.74,0.12,0.0,0.85,0.0,0.0
F-DFHC-U,2023,0.026935392729327556,0.89937106918239,0.6910767561703283,0.054832293644335964,0.0,0.07993713298680086,0.0,0.06,0.06,0.74,0.12,0.9,0.0,0.0,0.0
F-DFHC-U,2023,0.026935392729327556,0.89937106918239,0.6910767561703283,0.054832293644335964,0.0,0.07993713298680086,0.0,0.06,0.06,0.74,0.12,0.9,0.85,0.0,0.0
F-DFHC-U,2023,0.026935392729327556,0.89937106918239,0.663502395805081,0.046514781665310555,0.0,0.07155189073021528,0.0,0.06,0.06,0.746,0.1,0.0,0.0,0.0,0.0
F-DFHC-U,2023,0.026935392729327556,0.89937106918239,0.663502395805081,0.046514781665310555,0.0,0.07155189073021528,0.0,0.06,0.06,0.746,0.1,0.0,0.85,0.0,0.0
F-DFHC-U,2023,0.026935392729327556,0.89937106918239,0.663502395805081,0.046514781665310555,0.0,0.07155189073021528,0.0,0.06,0.06,0.746,0.1,0.9,0.0,0.0,0.0
F-DFHC-U,2023,0.026935392729327556,0.89937106918239,0.663502395805081,0.046514781665310555,0.0,0.07155189073021528,0.0,0.06,0.06,0.746,0.1,0.9,0.85,0.0,0.0
F-DFHC-U,2023,0.026935392729327556,0.89937106918239,0.6910767561703283,0.054832293644335964,0.0,0.07993713298680086,0.0,0.06,0.06,0.746,0.12,0.0,0.0,0.0,0.0
F-DFHC-U,2023,0.026935392729327556,0.89937106918239,0.6910767561703283,0.054832293644335964,0.0,0.07993713298680086,0.0,0.06,0.06,0.746,0.12,0.0,0.85,0.0,0.0
F-DFHC-U,2023,0.026935392729327556,0.89937106918239,0.6910767561703283,0.054832293644335964,0.0,0.07993713298680086,0.0,0.06,0.06,0.746,0.12,0.9,0.0,0.0,0.0
F-DFHC-U,2023,0.026935392729327556,0.89937106918239,0.6910767561703283,0.054832293644335964,0.0,0.07993713298680086,0.0,0.06,0.06,0.746,0.12,0.9,0.85,0.0,0.0
F-DFHC-U,2023,0.026935392729327556,0.89937106918239,0.663502395805081,0.046514781665310555,0.0,0.07155189073021528,0.0,0.06,0.06,0.75,0.1,0.0,0.0,0.0,0.0
F-DFHC-U,2023,0.026935392729327556,0.89937106918239,0.663502395805081,0.046514781665310555,0.0,0.07155189073021528,0.0,0.06,0.06,0.75,0.1,0.0,0.85,0.0,0.0
F-DFHC-U,2023,0.026935392729327556,0.89937106918239,0.663502395805081,0.046514781665310555,0.0,0.07155189073021528,0.0,0.06,0.06,0.75,0.1,0.9,0.0,0.0,0.0
F-DFHC-U,2023,0.026935392729327556,0.89937106918239,0.663502395805081,0.046514781665310555,0.0,0.07155189073021528,0.0,0.06,0.06,0.75,0.1,0.9,0.85,0.0,0.0
F-DFHC-U,2023,0.026935392729327556,0.89937106918239,0.6910767561703283,0.054832293644335964,0.0,0.07993713298680086,0.0,0.06,0.06,0.75,0.12,0.0,0.0,0.0,0.0
F-DFHC-U,2023,0.026935392729327556,0.89937106918239,0.6910767561703283,0.054832293644335964,0.0,0.07993713298680086,0.0,0.06,0.06,0.75,0.12,0.0,0.85,0.0,0.0
F-DFHC-U,2023,0.026935392729327556,0.89937106918239,0.6910767561703283,0.054832293644335964,0.0,0.07993713298680086,0.0,0.06,0.06,0.75,0.12,0.9,0.0,0.0,0.0
F-DFHC-U,2023,0.026935392729327556,0.89937106918239,0.6910767561703283,0.054832293644335964,0.0,0.07993713298680086,0.0,0.06,0.06,0.75,0.12,0.9,0.85,0.0,0.0
F-DFHC-U,2023,0.026935392729327556,0.89937106918239,0.663502395805081,0.046514781665310555,0.0,0.07155189073021528,0.02,0.04,0.06,0.0,0.1,0.0,0.0,0.0,0.0
F-DFHC-U,2023,0.026935392729327556,0.89937106918239,0.663502395805081,0.046514781665310555,0.0,0.07155189073021528,0.02,0.04,0.06,0.0,0.1,0.0,0.85,0.0,0.0
F-DFHC-U,2023,0.026935392729327556,0.89937106918239,0.663502395805081,0.046514781665310555,0.0,0.07155189073021528,0.02,0.04,0.06,0.0,0.1,0.9,0.0,0.0,0.0
F-DFHC-U,2023,0.026935392729327556,0.89937106918239,0.663502395805081,0.046514781665310555,0.0,0.07155189073021528,0.02,0.04,0.06,0.0,0.1,0.9,0.85,0.0,0.0
F-DFHC-U,2023,0.026935392729327556,0.89937106918239,0.6910767561703283,0.054832293644335964,0.0,0.07993713298680086,0.02,0.04,0.06,0.0,0.12,0.0,0.0,0.0,0.0
F-DFHC-U,2023,0.026935392729327556,0.89937106918239,0.6910767561703283,0.054832293644335964,0.0,0.07993713298680086,0.02,0.04,0.06,0.0,0.12,0.0,0.85,0.0,0.0
F-DFHC-U,2023,0.026935392729327556,0.89937106918239,0.6910767561703283,0.054832293644335964,0.0,0.07993713298680086,0.02,0.04,0.06,0.0,0.12,0.9,0.0,0.0,0.0
F-DFHC-U,2023,0.026935392729327556,0.89937106918239,0.6910767561703283,0.054832293644335964,0.0,0.07993713298680086,0.02,0.04,0.06,0.0,0.12,0.9,0.85,0.0,0.0
F-DFHC-U,2023,0.026935392729327556,0.89937106918239,0.663502395805081,0.046514781665310555,0.0,0.07155189073021528,0.02,0.04,0.06,0.7,0.1,0.0,0.0,0.0,0.0
F-DFHC-U,2023,0.026935392729327556,0.89937106918239,0.663502395805081,0.046514781665310555,0.0,0.07155189073021528,0.02,0.04,0.06,0.7,0.1,0.0,0.85,0.0,0.0
F-DFHC-U,2023,0.026935392729327556,0.89937106918239,0.663502395805081,0.046514781665310555,0.0,0.07155189073021528,0.02,0.04,0.06,0.7,0.1,0.9,0.0,0.0,0.0
F-DFHC-U,2023,0.026935392729327556,0.89937106918239,0.663502395805081,0.046514781665310555,0.0,0.07155189073021528,0.02,0.04,0.06,0.7,0.1,0.9,0.85,0.0,0.0
F-DFHC-U,2023,0.026935392729327556,0.89937106918239,0.6910767561703283,0.054832293644335964,0.0,0.07993713298680086,0.02,0.04,0.06,0.7,0.12,0.0,0.0,0.0,0.0
F-DFHC-U,2023,0.026935392729327556,0.89937106918239,0.6910767561703283,0.054832293644335964,0.0,0.07993713298680086,0.02,0.04,0.06,0.7,0.12,0.0,0.85,0.0,0.0
F-DFHC-U,2023,0.026935392729327556,0.89937106918239,0.6910767561703283,0.054832293644335964,0.0,0.07993713298680086,0.02,0.04,0.06,0.7,0.12,0.9,0.0,0.0,0.0
F-DFHC-U,2023,0.026935392729327556,0.89937106918239,0.6910767561703283,0.054832293644335964,0.0,0.07993713298680086,0.02,0.04,0.06,0.7,0.12,0.9,0.85,0.0,0.0
F-DFHC-U,2023,0.026935392729327556,0.89937106918239,0.663502395805081,0.046514781665310555,0.0,0.07155189073021528,0.02,0.04,0.06,0.72,0.1,0.0,0.0,0.0,0.0
F-DFHC-U,2023,0.026935392729327556,0.89937106918239,0.663502395805081,0.046514781665310555,0.0,0.07155189073021528,0.02,0.04,0.06,0.72,0.1,0.0,0.85,0.0,0.0
F-DFHC-U,2023,0.026935392729327556,0.89937106918239,0.663502395805081,0.046514781665310555,0.0,0.07155189073021528,0.02,0.04,0.06,0.72,0.1,0.9,0.0,0.0,0.0
F-DFHC-U,2023,0.026935392729327556,0.89937106918239,0.663502395805081,0.046514781665310555,0.0,0.07155189073021528,0.02,0.04,0.06,0.72,0.1,0.9,0.85,0.0,0.0
F-DFHC-U,2023,0.026935392729327556,0.89937106918239,0.6910767561703283,0.054832293644335964,0.0,0.07993713298680086,0.02,0.04,0.06,0.72,0.12,0.0,0.0,0.0,0.0
F-DFHC-U,2023,0.026935392729327556,0.89937106918239,0.6910767561703283,0.054832293644335964,0.0,0.07993713298680086,0.02,0.04,0.06,0.72,0.12,0.0,0.85,0.0,0.0
F-DFHC-U,2023,0.026935392729327556,0.89937106918239,0.6910767561703283,0.054832293644335964,0.0,0.07993713298680086,0.02,0.04,0.06,0.72,0.12,0.9,0.0,0.0,0.0
F-DFHC-U,2023,0.026935392729327556,0.89937106918239,0.6910767561703283,0.054832293644335964,0.0,0.07993713298680086,0.02,0.04,0.06,0.72,0.12,0.9,0.85,0.0,0.0
F-DFHC-U,2023,0.026935392729327556,0.89937106918239,0.663502395805081,0.046514781665310555,0.0,0.07155189073021528,0.02,0.04,0.06,0.73,0.1,0.0,0.0,0.0,0.0
F-DFHC-U,2023,0.026935392729327556,0.89937106918239,0.663502395805081,0.046514781665310555,0.0,0.07155189073021528,0.02,0.04,0.06,0.73,0.1,0.0,0.85,0.0,0.0
F-DFHC-U,2023,0.026935392729327556,0.89937106918239,0.663502395805081,0.046514781665310555,0.0,0.07155189073021528,0.02,0.04,0.06,0.73,0.1,0.9,0.0,0.0,0.0
F-DFHC-U,2023,0.026935392729327556,0.89937106918239,0.663502395805081,0.046514781665310555,0.0,0.07155189073021528,0.02,0.04,0.06,0.73,0.1,0.9,0.85,0.0,0.0
F-DFHC-U,2023,0.026935392729327556,0.89937106918239,0.6910767561703283,0.054832293644335964,0.0,0.07993713298680086,0.02,0.04,0.06,0.73,0.12,0.0,0.0,0.0,0.0
F-DFHC-U,2023,0.026935392729327556,0.89937106918239,0.6910767561703283,0.054832293644335964,0.0,0.07993713298680086,0.02,0.04,0.06,0.73,0.12,0.0,0.85,0.0,0.0
F-DFHC-U,2023,0.026935392729327556,0.89937106918239,0.6910767561703283,0.054832293644335964,0.0,0.07993713298680086,0.02,0.04,0.06,0.73,0.12,0.9,0.0,0.0,0.0
F-DFHC-U,2023,0.026935392729327556,0.89937106918239,0.6910767561703283,0.054832293644335964,0.0,0.07993713298680086,0.02,0.04,0.06,0.73,0.12,0.9,0.85,0.0,0.0
F-DFHC-U,2023,0.026935392729327556,0.89937106918239,0.663502395805081,0.046514781665310555,0.0,0.07155189073021528,0.02,0.04,0.06,0.74,0.1,0.0,0.0,0.0,0.0
F-DFHC-U,2023,0.026935392729327556,0.89937106918239,0.663502395805081,0.046514781665310555,0.0,0.07155189073021528,0.02,0.04,0.06,0.74,0.1,0.0,0.85,0.0,0.0
F-DFHC-U,2023,0.026935392729327556,0.89937106918239,0.663502395805081,0.046514781665310555,0.0,0.07155189073021528,0.02,0.04,0.06,0.74,0.1,0.9,0.0,0.0,0.0
F-DFHC-U,2023,0.026935392729327556,0.89937106918239,0.663502395805081,0.046514781665310555,0.0,0.07155189073021528,0.02,0.04,0.06,0.74,0.1,0.9,0.85,0.0,0.0
F-DFHC-U,2023,0.026935392729327556,0.89937106918239,0.6910767561703283,0.054832293644335964,0.0,0.07993713298680086,0.02,0.04,0.06,0.74,0.12,0.0,0.0,0.0,0.0
F-DFHC-U,2023,0.026935392729327556,0.89937106918239,0.6910767561703283,0.054832293644335964,0.0,0.07993713298680086,0.02,0.04,0.06,0.74,0.12,0.0,0.85,0.0,0.0
F-DFHC-U,2023,0.026935392729327556,0.89937106918239,0.6910767561703283,0.054832293644335964,0.0,0.07993713298680086,0.02,0.04,0.06,0.74,0.12,0.9,0.0,0.0,0.0
F-DFHC-U,2023,0.026935392729327556,0.89937106918239,0.6910767561703283,0.054832293644335964,0.0,0.07993713298680086,0.02,0.04,0.06,0.74,0.12,0.9,0.85,0.0,0.0
F-DFHC-U,2023,0.026935392729327556,0.89937106918239,0.663502395805081,0.046514781665310555,0.0,0.07155189073021528,0.02,0.04,0.06,0.746,0.1,0.0,0.0,0.0,0.0
F-DFHC-U,2023,0.026935392729327556,0.89937106918239,0.663502395805081,0.046514781665310555,0.0,0.07155189073021528,0.02,0.04,0.06,0.746,0.1,0.0,0.85,0.0,0.0
F-DFHC-U,2023,0.026935392729327556,0.89937106918239,0.663502395805081,0.046514781665310555,0.0,0.07155189073021528,0.02,0.04,0.06,0.746,0.1,0.9,0.0,0.0,0.0
F-DFHC-U,2023,0.026935392729327556,0.89937106918239,0.663502395805081,0.046514781665310555,0.0,0.07155189073021528,0.02,0.04,0.06,0.746,0.1,0.9,0.85,0.0,0.0
F-DFHC-U,2023,0.026935392729327556,0.89937106918239,0.6910767561703283,0.054832293644335964,0.0,0.07993713298680086,0.02,0.04,0.06,0.746,0.12,0.0,0.0,0.0,0.0
F-DFHC-U,2023,0.026935392729327556,0.89937106918239,0.6910767561703283,0.054832293644335964,0.0,0.07993713298680086,0.02,0.04,0.06,0.746,0.12,0.0,0.85,0.0,0.0
F-DFHC-U,2023,0.026935392729327556,0.89937106918239,0.6910767561703283,0.054832293644335964,0.0,0.07993713298680086,0.02,0.04,0.06,0.746,0.12,0.9,0.0,0.0,0.0
F-DFHC-U,2023,0.026935392729327556,0.89937106918239,0.6910767561703283,0.054832293644335964,0.0,0.07993713298680086,0.02,0.04,0.06,0.746,0.12,0.9,0.85,0.0,0.0
F-DFHC-U,2023,0.026935392729327556,0.89937106918239,0.663502395805081,0.046514781665310555,0.0,0.07155189073021528,0.02,0.04,0.06,0.75,0.1,0.0,0.0,0.0,0.0
F-DFHC-U,2023,0.026935392729327556,0.89937106918239,0.663502395805081,0.046514781665310555,0.0,0.07155189073021528,0.02,0.04,0.06,0.75,0.1,0.0,0.85,0.0,0.0
F-DFHC-U,2023,0.026935392729327556,0.89937106918239,0.663502395805081,0.046514781665310555,0.0,0.07155189073021528,0.02,0.04,0.06,0.75,0.1,0.9,0.0,0.0,0.0
F-DFHC-U,2023,0.026935392729327556,0.89937106918239,0.663502395805081,0.046514781665310555,0.0,0.07155189073021528,0.02,0.04,0.06,0.75,0.1,0.9,0.85,0.0,0.0
F-DFHC-U,2023,0.026935392729327556,0.89937106918239,0.6910767561703283,0.054832293644335964,0.0,0.07993713298680086,0.02,0.04,0.06,0.75,0.12,0.0,0.0,0.0,0.0
F-DFHC-U,2023,0.026935392729327556,0.89937106918239,0.6910767561703283,0.054832293644335964,0.0,0.07993713298680086,0.02,0.04,0.06,0.75,0.12,0.0,0.85,0.0,0.0
F-DFHC-U,2023,0.026935392729327556,0.89937106918239,0.6910767561703283,0.054832293644335964,0.0,0.07993713298680086,0.02,0.04,0.06,0.75,0.12,0.9,0.0,0.0,0.0
F-DFHC-U,2023,0.026935392729327556,0.89937106918239,0.6910767561703283,0.054832293644335964,0.0,0.07993713298680086,0.02,0.04,0.06,0.75,0.12,0.9,0.85,0.0,0.0
F-DFHC-U,2023,0.026935392729327556,0.89937106918239,0.663502395805081,0.046514781665310555,0.0,0.07155189073021528,0.02,0.06,0.06,0.0,0.1,0.0,0.0,0.0,0.0
F-DFHC-U,2023,0.026935392729327556,0.89937106918239,0.663502395805081,0.046514781665310555,0.0,0.07155189073021528,0.02,0.06,0.06,0.0,0.1,0.0,0.85,0.0,0.0
F-DFHC-U,2023,0.026935392729327556,0.89937106918239,0.663502395805081,0.046514781665310555,0.0,0.07155189073021528,0.02,0.06,0.06,0.0,0.1,0.9,0.0,0.0,0.0
F-DFHC-U,2023,0.026935392729327556,0.89937106918239,0.663502395805081,0.046514781665310555,0.0,0.07155189073021528,0.02,0.06,0.06,0.0,0.1,0.9,0.85,0.0,0.0
F-DFHC-U,2023,0.026935392729327556,0.89937106918239,0.6910767561703283,0.054832293644335964,0.0,0.07993713298680086,0.02,0.06,0.06,0.0,0.12,0.0,0.0,0.0,0.0
F-DFHC-U,2023,0.026935392729327556,0.89937106918239,0.6910767561703283,0.054832293644335964,0.0,0.07993713298680086,0.02,0.06,0.06,0.0,0.12,0.0,0.85,0.0,0.0
F-DFHC-U,2023,0.026935392729327556,0.89937106918239,0.6910767561703283,0.054832293644335964,0.0,0.07993713298680086,0.02,0.06,0.06,0.0,0.12,0.9,0.0,0.0,0.0
F-DFHC-U,2023,0.026935392729327556,0.89937106918239,0.6910767561703283,0.054832293644335964,0.0,0.07993713298680086,0.02,0.06,0.06,0.0,0.12,0.9,0.85,0.0,0.0
F-DFHC-U,2023,0.026935392729327556,0.89937106918239,0.663502395805081,0.046514781665310555,0.0,0.07155189073021528,0.02,0.06,0.06,0.7,0.1,0.0,0.0,0.0,0.0
F-DFHC-U,2023,0.026935392729327556,0.89937106918239,0.663502395805081,0.046514781665310555,0.0,0.07155189073021528,0.02,0.06,0.06,0.7,0.1,0.0,0.85,0.0,0.0
F-DFHC-U,2023,0.026935392729327556,0.89937106918239,0.663502395805081,0.046514781665310555,0.0,0.07155189073021528,0.02,0.06,0.06,0.7,0.1,0.9,0.0,0.0,0.0
F-DFHC-U,2023,0.026935392729327556,0.89937106918239,0.663502395805081,0.046514781665310555,0.0,0.07155189073021528,0.02,0.06,0.06,0.7,0.1,0.9,0.85,0.0,0.0
F-DFHC-U,2023,0.026935392729327556,0.89937106918239,0.6910767561703283,0.054832293644335964,0.0,0.07993713298680086,0.02,0.06,0.06,0.7,0.12,0.0,0.0,0.0,0.0
F-DFHC-U,2023,0.026935392729327556,0.89937106918239,0.6910767561703283,0.054832293644335964,0.0,0.07993713298680086,0.02,0.06,0.06,0.7,0.12,0.0,0.85,0.0,0.0
F-DFHC-U,2023,0.026935392729327556,0.89937106918239,0.6910767561703283,0.054832293644335964,0.0,0.07993713298680086,0.02,0.06,0.06,0.7,0.12,0.9,0.0,0.0,0.0
F-DFHC-U,2023,0.026935392729327556,0.89937106918239,0.6910767561703283,0.054832293644335964,0.0,0.07993713298680086,0.02,0.06,0.06,0.7,0.12,0.9,0.85,0.0,0.0
F-DFHC-U,2023,0.026935392729327556,0.89937106918239,0.663502395805081,0.046514781665310555,0.0,0.07155189073021528,0.02,0.06,0.06,0.72,0.1,0.0,0.0,0.0,0.0
F-DFHC-U,2023,0.026935392729327556,0.89937106918239,0.663502395805081,0.046514781665310555,0.0,0.07155189073021528,0.02,0.06,0.06,0.72,0.1,0.0,0.85,0.0,0.0
F-DFHC-U,2023,0.026935392729327556,0.89937106918239,0.663502395805081,0.046514781665310555,0.0,0.07155189073021528,0.02,0.06,0.06,0.72,0.1,0.9,0.0,0.0,0.0
F-DFHC-U,2023,0.026935392729327556,0.89937106918239,0.663502395805081,0.046514781665310555,0.0,0.07155189073021528,0.02,0.06,0.06,0.72,0.1,0.9,0.85,0.0,0.0
F-DFHC-U,2023,0.026935392729327556,0.89937106918239,0.6910767561703283,0.054832293644335964,0.0,0.07993713298680086,0.02,0.06,0.06,0.72,0.12,0.0,0.0,0.0,0.0
F-DFHC-U,2023,0.026935392729327556,0.89937106918239,0.6910767561703283,0.054832293644335964,0.0,0.07993713298680086,0.02,0.06,0.06,0.72,0.12,0.0,0.85,0.0,0.0
F-DFHC-U,2023,0.026935392729327556,0.89937106918239,0.6910767561703283,0.054832293644335964,0.0,0.07993713298680086,0.02,0.06,0.06,0.72,0.12,0.9,0.0,0.0,0.0
F-DFHC-U,2023,0.026935392729327556,0.89937106918239,0.6910767561703283,0.054832293644335964,0.0,0.07993713298680086,0.02,0.06,0.06,0.72,0.12,0.9,0.85,0.0,0.0
F-DFHC-U,2023,0.026935392729327556,0.89937106918239,0.663502395805081,0.046514781665310555,0.0,0.07155189073021528,0.02,0.06,0.06,0.73,0.1,0.0,0.0,0.0,0.0
F-DFHC-U,2023,0.026935392729327556,0.89937106918239,0.663502395805081,0.046514781665310555,0.0,0.07155189073021528,0.02,0.06,0.06,0.73,0.1,0.0,0.85,0.0,0.0
F-DFHC-U,2023,0.026935392729327556,0.89937106918239,0.663502395805081,0.046514781665310555,0.0,0.07155189073021528,0.02,0.06,0.06,0.73,0.1,0.9,0.0,0.0,0.0
F-DFHC-U,2023,0.026935392729327556,0.89937106918239,0.663502395805081,0.046514781665310555,0.0,0.07155189073021528,0.02,0.06,0.06,0.73,0.1,0.9,0.85,0.0,0.0
F-DFHC-U,2023,0.026935392729327556,0.89937106918239,0.6910767561703283,0.054832293644335964,0.0,0.07993713298680086,0.02,0.06,0.06,0.73,0.12,0.0,0.0,0.0,0.0
F-DFHC-U,2023,0.026935392729327556,0.89937106918239,0.6910767561703283,0.054832293644335964,0.0,0.07993713298680086,0.02,0.06,0.06,0.73,0.12,0.0,0.85,0.0,0.0
F-DFHC-U,2023,0.026935392729327556,0.89937106918239,0.6910767561703283,0.054832293644335964,0.0,0.07993713298680086,0.02,0.06,0.06,0.73,0.12,0.9,0.0,0.0,0.0
F-DFHC-U,2023,0.026935392729327556,0.89937106918239,0.6910767561703283,0.054832293644335964,0.0,0.07993713298680086,0.02,0.06,0.06,0.73,0.12,0.9,0.85,0.0,0.0
F-DFHC-U,2023,0.026935392729327556,0.89937106918239,0.663502395805081,0.046514781665310555,0.0,0.07155189073021528,0.02,0.06,0.06,0.74,0.1,0.0,0.0,0.0,0.0
F-DFHC-U,2023,0.026935392729327556,0.89937106918239,0.663502395805081,0.046514781665310555,0.0,0.07155189073021528,0.02,0.06,0.06,0.74,0.1,0.0,0.85,0.0,0.0
F-DFHC-U,2023,0.026935392729327556,0.89937106918239,0.663502395805081,0.046514781665310555,0.0,0.07155189073021528,0.02,0.06,0.06,0.74,0.1,0.9,0.0,0.0,0.0
F-DFHC-U,2023,0.026935392729327556,0.89937106918239,0.663502395805081,0.046514781665310555,0.0,0.07155189073021528,0.02,0.06,0.06,0.74,0.1,0.9,0.85,0.0,0.0
F-DFHC-U,2023,0.026935392729327556,0.89937106918239,0.6910767561703283,0.054832293644335964,0.0,0.07993713298680086,0.02,0.06,0.06,0.74,0.12,0.0,0.0,0.0,0.0
F-DFHC-U,2023,0.026935392729327556,0.89937106918239,0.6910767561703283,0.054832293644335964,0.0,0.07993713298680086,0.02,0.06,0.06,0.74,0.12,0.0,0.85,0.0,0.0
F-DFHC-U,2023,0.026935392729327556,0.89937106918239,0.6910767561703283,0.054832293644335964,0.0,0.07993713298680086,0.02,0.06,0.06,0.74,0.12,0.9,0.0,0.0,0.0
F-DFHC-U,2023,0.026935392729327556,0.89937106918239,0.6910767561703283,0.054832293644335964,0.0,0.07993713298680086,0.02,0.06,0.06,0.74,0.12,0.9,0.85,0.0,0.0
F-DFHC-U,2023,0.026935392729327556,0.89937106918239,0.663502395805081,0.046514781665310555,0.0,0.07155189073021528,0.02,0.06,0.06,0.746,0.1,0.0,0.0,0.0,0.0
F-DFHC-U,2023,0.026935392729327556,0.89937106918239,0.663502395805081,0.046514781665310555,0.0,0.07155189073021528,0.02,0.06,0.06,0.746,0.1,0.0,0.85,0.0,0.0
F-DFHC-U,2023,0.026935392729327556,0.89937106918239,0.663502395805081,0.046514781665310555,0.0,0.07155189073021528,0.02,0.06,0.06,0.746,0.1,0.9,0.0,0.0,0.0
F-DFHC-U,2023,0.026935392729327556,0.89937106918239,0.663502395805081,0.046514781665310555,0.0,0.07155189073021528,0.02,0.06,0.06,0.746,0.1,0.9,0.85,0.0,0.0
F-DFHC-U,2023,0.026935392729327556,0.89937106918239,0.6910767561703283,0.054832293644335964,0.0,0.07993713298680086,0.02,0.06,0.06,0.746,0.12,0.0,0.0,0.0,0.0
F-DFHC-U,2023,0.026935392729327556,0.89937106918239,0.6910767561703283,0.054832293644335964,0.0,0.07993713298680086,0.02,0.06,0.06,0.746,0.12,0.0,0.85,0.0,0.0
F-DFHC-U,2023,0.026935392729327556,0.89937106918239,0.6910767561703283,0.054832293644335964,0.0,0.07993713298680086,0.02,0.06,0.06,0.746,0.12,0.9,0.0,0.0,0.0
F-DFHC-U,2023,0.026935392729327556,0.89937106918239,0.6910767561703283,0.054832293644335964,0.0,0.07993713298680086,0.02,0.06,0.06,0.746,0.12,0.9,0.85,0.0,0.0
F-DFHC-U,2023,0.026935392729327556,0.89937106918239,0.663502395805081,0.046514781665310555,0.0,0.07155189073021528,0.02,0.06,0.06,0.75,0.1,0.0,0.0,0.0,0.0
F-DFHC-U,2023,0.026935392729327556,0.89937106918239,0.663502395805081,0.046514781665310555,0.0,0.07155189073021528,0.02,0.06,0.06,0.75,0.1,0.0,0.85,0.0,0.0
F-DFHC-U,2023,0.026935392729327556,0.89937106918239,0.663502395805081,0.046514781665310555,0.0,0.07155189073021528,0.02,0.06,0.06,0.75,0.1,0.9,0.0,0.0,0.0
F-DFHC-U,2023,0.026935392729327556,0.89937106918239,0.663502395805081,0.046514781665310555,0.0,0.07155189073021528,0.02,0.06,0.06,0.75,0.1,0.9,0.85,0.0,0.0
F-DFHC-U,2023,0.026935392729327556,0.89937106918239,0.6910767561703283,0.054832293644335964,0.0,0.07993713298680086,0.02,0.06,0.06,0.75,0.12,0.0,0.0,0.0,0.0
F-DFHC-U,2023,0.026935392729327556,0.89937106918239,0.6910767561703283,0.054832293644335964,0.0,0.07993713298680086,0.02,0.06,0.06,0.75,0.12,0.0,0.85,0.0,0.0
F-DFHC-U,2023,0.026935392729327556,0.89937106918239,0.6910767561703283,0.054832293644335964,0.0,0.07993713298680086,0.02,0.06,0.06,0.75,0.12,0.9,0.0,0.0,0.0
F-DFHC-U,2023,0.026935392729327556,0.89937106918239,0.6910767561703283,0.054832293644335964,0.0,0.07993713298680086,0.02,0.06,0.06,0.75,0.12,0.9,0.85,0.0,0.0
F-DFHC-U,2023,0.026935392729327556,0.89937106918239,0.663502395805081,0.046514781665310555,0.0,0.07155189073021528,0.06,0.04,0.06,0.0,0.1,0.0,0.0,0.0,0.0
F-DFHC-U,2023,0.026935392729327556,0.89937106918239,0.663502395805081,0.046514781665310555,0.0,0.07155189073021528,0.06,0.04,0.06,0.0,0.1,0.0,0.85,0.0,0.0
F-DFHC-U,2023,0.026935392729327556,0.89937106918239,0.663502395805081,0.046514781665310555,0.0,0.07155189073021528,0.06,0.04,0.06,0.0,0.1,0.9,0.0,0.0,0.0
F-DFHC-U,2023,0.026935392729327556,0.89937106918239,0.663502395805081,0.046514781665310555,0.0,0.07155189073021528,0.06,0.04,0.06,0.0,0.1,0.9,0.85,0.0,0.0
F-DFHC-U,2023,0.026935392729327556,0.89937106918239,0.6910767561703283,0.054832293644335964,0.0,0.07993713298680086,0.06,0.04,0.06,0.0,0.12,0.0,0.0,0.0,0.0
F-DFHC-U,2023,0.026935392729327556,0.89937106918239,0.6910767561703283,0.054832293644335964,0.0,0.07993713298680086,0.06,0.04,0.06,0.0,0.12,0.0,0.85,0.0,0.0
F-DFHC-U,2023,0.026935392729327556,0.89937106918239,0.6910767561703283,0.054832293644335964,0.0,0.07993713298680086,0.06,0.04,0.06,0.0,0.12,0.9,0.0,0.0,0.0
F-DFHC-U,2023,0.026935392729327556,0.89937106918239,0.6910767561703283,0.054832293644335964,0.0,0.07993713298680086,0.06,0.04,0.06,0.0,0.12,0.9,0.85,0.0,0.0
F-DFHC-U,2023,0.026935392729327556,0.89937106918239,0.663502395805081,0.046514781665310555,0.0,0.07155189073021528,0.06,0.04,0.06,0.7,0.1,0.0,0.0,0.0,0.0
F-DFHC-U,2023,0.026935392729327556,0.89937106918239,0.663502395805081,0.046514781665310555,0.0,0.07155189073021528,0.06,0.04,0.06,0.7,0.1,0.0,0.85,0.0,0.0
F-DFHC-U,2023,0.026935392729327556,0.89937106918239,0.663502395805081,0.046514781665310555,0.0,0.07155189073021528,0.06,0.04,0.06,0.7,0.1,0.9,0.0,0.0,0.0
F-DFHC-U,2023,0.026935392729327556,0.89937106918239,0.663502395805081,0.046514781665310555,0.0,0.07155189073021528,0.06,0.04,0.06,0.7,0.1,0.9,0.85,0.0,0.0
F-DFHC-U,2023,0.026935392729327556,0.89937106918239,0.6910767561703283,0.054832293644335964,0.0,0.07993713298680086,0.06,0.04,0.06,0.7,0.12,0.0,0.0,0.0,0.0
F-DFHC-U,2023,0.026935392729327556,0.89937106918239,0.6910767561703283,0.054832293644335964,0.0,0.07993713298680086,0.06,0.04,0.06,0.7,0.12,0.0,0.85,0.0,0.0
F-DFHC-U,2023,0.026935392729327556,0.89937106918239,0.6910767561703283,0.054832293644335964,0.0,0.07993713298680086,0.06,0.04,0.06,0.7,0.12,0.9,0.0,0.0,0.0
F-DFHC-U,2023,0.026935392729327556,0.89937106918239,0.6910767561703283,0.054832293644335964,0.0,0.07993713298680086,0.06,0.04,0.06,0.7,0.12,0.9,0.85,0.0,0.0
F-DFHC-U,2023,0.026935392729327556,0.89937106918239,0.663502395805081,0.046514781665310555,0.0,0.07155189073021528,0.06,0.04,0.06,0.72,0.1,0.0,0.0,0.0,0.0
F-DFHC-U,2023,0.026935392729327556,0.89937106918239,0.663502395805081,0.046514781665310555,0.0,0.07155189073021528,0.06,0.04,0.06,0.72,0.1,0.0,0.85,0.0,0.0
F-DFHC-U,2023,0.026935392729327556,0.89937106918239,0.663502395805081,0.046514781665310555,0.0,0.07155189073021528,0.06,0.04,0.06,0.72,0.1,0.9,0.0,0.0,0.0
F-DFHC-U,2023,0.026935392729327556,0.89937106918239,0.663502395805081,0.046514781665310555,0.0,0.07155189073021528,0.06,0.04,0.06,0.72,0.1,0.9,0.85,0.0,0.0
F-DFHC-U,2023,0.026935392729327556,0.89937106918239,0.6910767561703283,0.054832293644335964,0.0,0.07993713298680086,0.06,0.04,0.06,0.72,0.12,0.0,0.0,0.0,0.0
F-DFHC-U,2023,0.026935392729327556,0.89937106918239,0.6910767561703283,0.054832293644335964,0.0,0.07993713298680086,0.06,0.04,0.06,0.72,0.12,0.0,0.85,0.0,0.0
F-DFHC-U,2023,0.026935392729327556,0.89937106918239,0.6910767561703283,0.054832293644335964,0.0,0.07993713298680086,0.06,0.04,0.06,0.72,0.12,0.9,0.0,0.0,0.0
F-DFHC-U,2023,0.026935392729327556,0.89937106918239,0.6910767561703283,0.054832293644335964,0.0,0.07993713298680086,0.06,0.04,0.06,0.72,0.12,0.9,0.85,0.0,0.0
F-DFHC-U,2023,0.026935392729327556,0.89937106918239,0.663502395805081,0.046514781665310555,0.0,0.07155189073021528,0.06,0.04,0.06,0.73,0.1,0.0,0.0,0.0,0.0
F-DFHC-U,2023,0.026935392729327556,0.89937106918239,0.663502395805081,0.046514781665310555,0.0,0.07155189073021528,0.06,0.04,0.06,0.73,0.1,0.0,0.85,0.0,0.0
F-DFHC-U,2023,0.026935392729327556,0.89937106918239,0.663502395805081,0.046514781665310555,0.0,0.07155189073021528,0.06,0.04,0.06,0.73,0.1,0.9,0.0,0.0,0.0
F-DFHC-U,2023,0.026935392729327556,0.89937106918239,0.663502395805081,0.046514781665310555,0.0,0.07155189073021528,0.06,0.04,0.06,0.73,0.1,0.9,0.85,0.0,0.0
F-DFHC-U,2023,0.026935392729327556,0.89937106918239,0.6910767561703283,0.054832293644335964,0.0,0.07993713298680086,0.06,0.04,0.06,0.73,0.12,0.0,0.0,0.0,0.0
F-DFHC-U,2023,0.026935392729327556,0.89937106918239,0.6910767561703283,0.054832293644335964,0.0,0.07993713298680086,0.06,0.04,0.06,0.73,0.12,0.0,0.85,0.0,0.0
F-DFHC-U,2023,0.026935392729327556,0.89937106918239,0.6910767561703283,0.054832293644335964,0.0,0.07993713298680086,0.06,0.04,0.06,0.73,0.12,0.9,0.0,0.0,0.0
F-DFHC-U,2023,0.026935392729327556,0.89937106918239,0.6910767561703283,0.054832293644335964,0.0,0.07993713298680086,0.06,0.04,0.06,0.73,0.12,0.9,0.85,0.0,0.0
F-DFHC-U,2023,0.026935392729327556,0.89937106918239,0.663502395805081,0.046514781665310555,0.0,0.07155189073021528,0.06,0.04,0.06,0.74,0.1,0.0,0.0,0.0,0.0
F-DFHC-U,2023,0.026935392729327556,0.89937106918239,0.663502395805081,0.046514781665310555,0.0,0.07155189073021528,0.06,0.04,0.06,0.74,0.1,0.0,0.85,0.0,0.0
F-DFHC-U,2023,0.026935392729327556,0.89937106918239,0.663502395805081,0.046514781665310555,0.0,0.07155189073021528,0.06,0.04,0.06,0.74,0.1,0.9,0.0,0.0,0.0
F-DFHC-U,2023,0.026935392729327556,0.89937106918239,0.663502395805081,0.046514781665310555,0.0,0.07155189073021528,0.06,0.04,0.06,0.74,0.1,0.9,0.85,0.0,0.0
F-DFHC-U,2023,0.026935392729327556,0.89937106918239,0.6910767561703283,0.054832293644335964,0.0,0.07993713298680086,0.06,0.04,0.06,0.74,0.12,0.0,0.0,0.0,0.0
F-DFHC-U,2023,0.026935392729327556,0.89937106918239,0.6910767561703283,0.054832293644335964,0.0,0.07993713298680086,0.06,0.04,0.06,0.74,0.12,0.0,0.85,0.0,0.0
F-DFHC-U,2023,0.026935392729327556,0.89937106918239,0.6910767561703283,0.054832293644335964,0.0,0.07993713298680086,0.06,0.04,0.06,0.74,0.12,0.9,0.0,0.0,0.0
F-DFHC-U,2023,0.026935392729327556,0.89937106918239,0.6910767561703283,0.054832293644335964,0.0,0.07993713298680086,0.06,0.04,0.06,0.74,0.12,0.9,0.85,0.0,0.0
F-DFHC-U,2023,0.026935392729327556,0.89937106918239,0.663502395805081,0.046514781665310555,0.0,0.07155189073021528,0.06,0.04,0.06,0.746,0.1,0.0,0.0,0.0,0.0
F-DFHC-U,2023,0.026935392729327556,0.89937106918239,0.663502395805081,0.046514781665310555,0.0,0.07155189073021528,0.06,0.04,0.06,0.746,0.1,0.0,0.85,0.0,0.0
F-DFHC-U,2023,0.026935392729327556,0.89937106918239,0.663502395805081,0.046514781665310555,0.0,0.07155189073021528,0.06,0.04,0.06,0.746,0.1,0.9,0.0,0.0,0.0
F-DFHC-U,2023,0.026935392729327556,0.89937106918239,0.663502395805081,0.046514781665310555,0.0,0.07155189073021528,0.06,0.04,0.06,0.746,0.1,0.9,0.85,0.0,0.0
F-DFHC-U,2023,0.026935392729327556,0.89937106918239,0.6910767561703283,0.054832293644335964,0.0,0.07993713298680086,0.06,0.04,0.06,0.746,0.12,0.0,0.0,0.0,0.0
F-DFHC-U,2023,0.026935392729327556,0.89937106918239,0.6910767561703283,0.054832293644335964,0.0,0.07993713298680086,0.06,0.04,0.06,0.746,0.12,0.0,0.85,0.0,0.0
F-DFHC-U,2023,0.026935392729327556,0.89937106918239,0.6910767561703283,0.054832293644335964,0.0,0.07993713298680086,0.06,0.04,0.06,0.746,0.12,0.9,0.0,0.0,0.0
F-DFHC-U,2023,0.026935392729327556,0.89937106918239,0.6910767561703283,0.054832293644335964,0.0,0.07993713298680086,0.06,0.04,0.06,0.746,0.12,0.9,0.85,0.0,0.0
F-DFHC-U,2023,0.026935392729327556,0.89937106918239,0.663502395805081,0.046514781665310555,0.0,0.07155189073021528,0.06,0.04,0.06,0.75,0.1,0.0,0.0,0.0,0.0
F-DFHC-U,2023,0.026935392729327556,0.89937106918239,0.663502395805081,0.046514781665310555,0.0,0.07155189073021528,0.06,0.04,0.06,0.75,0.1,0.0,0.85,0.0,0.0
F-DFHC-U,2023,0.026935392729327556,0.89937106918239,0.663502395805081,0.046514781665310555,0.0,0.07155189073021528,0.06,0.04,0.06,0.75,0.1,0.9,0.0,0.0,0.0
F-DFHC-U,2023,0.026935392729327556,0.89937106918239,0.663502395805081,0.046514781665310555,0.0,0.07155189073021528,0.06,0.04,0.06,0.75,0.1,0.9,0.85,0.0,0.0
F-DFHC-U,2023,0.026935392729327556,0.89937106918239,0.6910767561703283,0.054832293644335964,0.0,0.07993713298680086,0.06,0.04,0.06,0.75,0.12,0.0,0.0,0.0,0.0
F-DFHC-U,2023,0.026935392729327556,0.89937106918239,0.6910767561703283,0.054832293644335964,0.0,0.07993713298680086,0.06,0.04,0.06,0.75,0.12,0.0,0.85,0.0,0.0
F-DFHC-U,2023,0.026935392729327556,0.89937106918239,0.6910767561703283,0.054832293644335964,0.0,0.07993713298680086,0.06,0.04,0.06,0.75,0.12,0.9,0.0,0.0,0.0
F-DFHC-U,2023,0.026935392729327556,0.89937106918239,0.6910767561703283,0.054832293644335964,0.0,0.07993713298680086,0.06,0.04,0.06,0.75,0.12,0.9,0.85,0.0,0.0
F-DFHC-U,2023,0.026935392729327556,0.89937106918239,0.663502395805081,0.046514781665310555,0.0,0.07155189073021528,0.06,0.06,0.06,0.0,0.1,0.0,0.0,0.0,0.0
F-DFHC-U,2023,0.026935392729327556,0.89937106918239,0.663502395805081,0.046514781665310555,0.0,0.07155189073021528,0.06,0.06,0.06,0.0,0.1,0.0,0.85,0.0,0.0
F-DFHC-U,2023,0.026935392729327556,0.89937106918239,0.663502395805081,0.046514781665310555,0.0,0.07155189073021528,0.06,0.06,0.06,0.0,0.1,0.9,0.0,0.0,0.0
F-DFHC-U,2023,0.026935392729327556,0.89937106918239,0.663502395805081,0.046514781665310555,0.0,0.07155189073021528,0.06,0.06,0.06,0.0,0.1,0.9,0.85,0.0,0.0
F-DFHC-U,2023,0.026935392729327556,0.89937106918239,0.6910767561703283,0.054832293644335964,0.0,0.07993713298680086,0.06,0.06,0.06,0.0,0.12,0.0,0.0,0.0,0.0
F-DFHC-U,2023,0.026935392729327556,0.89937106918239,0.6910767561703283,0.054832293644335964,0.0,0.07993713298680086,0.06,0.06,0.06,0.0,0.12,0.0,0.85,0.0,0.0
F-DFHC-U,2023,0.026935392729327556,0.89937106918239,0.6910767561703283,0.054832293644335964,0.0,0.07993713298680086,0.06,0.06,0.06,0.0,0.12,0.9,0.0,0.0,0.0
F-DFHC-U,2023,0.026935392729327556,0.89937106918239,0.6910767561703283,0.054832293644335964,0.0,0.07993713298680086,0.06,0.06,0.06,0.0,0.12,0.9,0.85,0.0,0.0
F-DFHC-U,2023,0.026935392729327556,0.89937106918239,0.663502395805081,0.046514781665310555,0.0,0.07155189073021528,0.06,0.06,0.06,0.7,0.1,0.0,0.0,0.0,0.0
F-DFHC-U,2023,0.026935392729327556,0.89937106918239,0.663502395805081,0.046514781665310555,0.0,0.07155189073021528,0.06,0.06,0.06,0.7,0.1,0.0,0.85,0.0,0.0
F-DFHC-U,2023,0.026935392729327556,0.89937106918239,0.663502395805081,0.046514781665310555,0.0,0.07155189073021528,0.06,0.06,0.06,0.7,0.1,0.9,0.0,0.0,0.0
F-DFHC-U,2023,0.026935392729327556,0.89937106918239,0.663502395805081,0.046514781665310555,0.0,0.07155189073021528,0.06,0.06,0.06,0.7,0.1,0.9,0.85,0.0,0.0
F-DFHC-U,2023,0.026935392729327556,0.89937106918239,0.6910767561703283,0.054832293644335964,0.0,0.07993713298680086,0.06,0.06,0.06,0.7,0.12,0.0,0.0,0.0,0.0
F-DFHC-U,2023,0.026935392729327556,0.89937106918239,0.6910767561703283,0.054832293644335964,0.0,0.07993713298680086,0.06,0.06,0.06,0.7,0.12,0.0,0.85,0.0,0.0
F-DFHC-U,2023,0.026935392729327556,0.89937106918239,0.6910767561703283,0.054832293644335964,0.0,0.07993713298680086,0.06,0.06,0.06,0.7,0.12,0.9,0.0,0.0,0.0
F-DFHC-U,2023,0.026935392729327556,0.89937106918239,0.6910767561703283,0.054832293644335964,0.0,0.07993713298680086,0.06,0.06,0.06,0.7,0.12,0.9,0.85,0.0,0.0
F-DFHC-U,2023,0.026935392729327556,0.89937106918239,0.663502395805081,0.046514781665310555,0.0,0.07155189073021528,0.06,0.06,0.06,0.72,0.1,0.0,0.0,0.0,0.0
F-DFHC-U,2023,0.026935392729327556,0.89937106918239,0.663502395805081,0.046514781665310555,0.0,0.07155189073021528,0.06,0.06,0.06,0.72,0.1,0.0,0.85,0.0,0.0
F-DFHC-U,2023,0.026935392729327556,0.89937106918239,0.663502395805081,0.046514781665310555,0.0,0.07155189073021528,0.06,0.06,0.06,0.72,0.1,0.9,0.0,0.0,0.0
F-DFHC-U,2023,0.026935392729327556,0.89937106918239,0.663502395805081,0.046514781665310555,0.0,0.07155189073021528,0.06,0.06,0.06,0.72,0.1,0.9,0.85,0.0,0.0
F-DFHC-U,2023,0.026935392729327556,0.89937106918239,0.6910767561703283,0.054832293644335964,0.0,0.07993713298680086,0.06,0.06,0.06,0.72,0.12,0.0,0.0,0.0,0.0
F-DFHC-U,2023,0.026935392729327556,0.89937106918239,0.6910767561703283,0.054832293644335964,0.0,0.07993713298680086,0.06,0.06,0.06,0.72,0.12,0.0,0.85,0.0,0.0
F-DFHC-U,2023,0.026935392729327556,0.89937106918239,0.6910767561703283,0.054832293644335964,0.0,0.07993713298680086,0.06,0.06,0.06,0.72,0.12,0.9,0.0,0.0,0.0
F-DFHC-U,2023,0.026935392729327556,0.89937106918239,0.6910767561703283,0.054832293644335964,0.0,0.07993713298680086,0.06,0.06,0.06,0.72,0.12,0.9,0.85,0.0,0.0
F-DFHC-U,2023,0.026935392729327556,0.89937106918239,0.663502395805081,0.046514781665310555,0.0,0.07155189073021528,0.06,0.06,0.06,0.73,0.1,0.0,0.0,0.0,0.0
F-DFHC-U,2023,0.026935392729327556,0.89937106918239,0.663502395805081,0.046514781665310555,0.0,0.07155189073021528,0.06,0.06,0.06,0.73,0.1,0.0,0.85,0.0,0.0
F-DFHC-U,2023,0.026935392729327556,0.89937106918239,0.663502395805081,0.046514781665310555,0.0,0.07155189073021528,0.06,0.06,0.06,0.73,0.1,0.9,0.0,0.0,0.0
F-DFHC-U,2023,0.026935392729327556,0.89937106918239,0.663502395805081,0.046514781665310555,0.0,0.07155189073021528,0.06,0.06,0.06,0.73,0.1,0.9,0.85,0.0,0.0
F-DFHC-U,2023,0.026935392729327556,0.89937106918239,0.6910767561703283,0.054832293644335964,0.0,0.07993713298680086,0.06,0.06,0.06,0.73,0.12,0.0,0.0,0.0,0.0
F-DFHC-U,2023,0.026935392729327556,0.89937106918239,0.6910767561703283,0.054832293644335964,0.0,0.07993713298680086,0.06,0.06,0.06,0.73,0.12,0.0,0.85,0.0,0.0
F-DFHC-U,2023,0.026935392729327556,0.89937106918239,0.6910767561703283,0.054832293644335964,0.0,0.07993713298680086,0.06,0.06,0.06,0.73,0.12,0.9,0.0,0.0,0.0
F-DFHC-U,2023,0.026935392729327556,0.89937106918239,0.6910767561703283,0.054832293644335964,0.0,0.07993713298680086,0.06,0.06,0.06,0.73,0.12,0.9,0.85,0.0,0.0
F-DFHC-U,2023,0.026935392729327556,0.89937106918239,0.663502395805081,0.046514781665310555,0.0,0.07155189073021528,0.06,0.06,0.06,0.74,0.1,0.0,0.0,0.0,0.0
F-DFHC-U,2023,0.026935392729327556,0.89937106918239,0.663502395805081,0.046514781665310555,0.0,0.07155189073021528,0.06,0.06,0.06,0.74,0.1,0.0,0.85,0.0,0.0
F-DFHC-U,2023,0.026935392729327556,0.89937106918239,0.663502395805081,0.046514781665310555,0.0,0.07155189073021528,0.06,0.06,0.06,0.74,0.1,0.9,0.0,0.0,0.0
F-DFHC-U,2023,0.026935392729327556,0.89937106918239,0.663502395805081,0.046514781665310555,0.0,0.07155189073021528,0.06,0.06,0.06,0.74,0.1,0.9,0.85,0.0,0.0
F-DFHC-U,2023,0.026935392729327556,0.89937106918239,0.6910767561703283,0.054832293644335964,0.0,0.07993713298680086,0.06,0.06,0.06,0.74,0.12,0.0,0.0,0.0,0.0
F-DFHC-U,2023,0.026935392729327556,0.89937106918239,0.6910767561703283,0.054832293644335964,0.0,0.07993713298680086,0.06,0.06,0.06,0.74,0.12,0.0,0.85,0.0,0.0
F-DFHC-U,2023,0.026935392729327556,0.89937106918239,0.6910767561703283,0.054832293644335964,0.0,0.07993713298680086,0.06,0.06,0.06,0.74,0.12,0.9,0.0,0.0,0.0
F-DFHC-U,2023,0.026935392729327556,0.89937106918239,0.6910767561703283,0.054832293644335964,0.0,0.07993713298680086,0.06,0.06,0.06,0.74,0.12,0.9,0.85,0.0,0.0
F-DFHC-U,2023,0.026935392729327556,0.89937106918239,0.663502395805081,0.046514781665310555,0.0,0.07155189073021528,0.06,0.06,0.06,0.746,0.1,0.0,0.0,0.0,0.0
F-DFHC-U,2023,0.026935392729327556,0.89937106918239,0.663502395805081,0.046514781665310555,0.0,0.07155189073021528,0.06,0.06,0.06,0.746,0.1,0.0,0.85,0.0,0.0
F-DFHC-U,2023,0.026935392729327556,0.89937106918239,0.663502395805081,0.046514781665310555,0.0,0.07155189073021528,0.06,0.06,0.06,0.746,0.1,0.9,0.0,0.0,0.0
F-DFHC-U,2023,0.026935392729327556,0.89937106918239,0.663502395805081,0.046514781665310555,0.0,0.07155189073021528,0.06,0.06,0.06,0.746,0.1,0.9,0.85,0.0,0.0
F-DFHC-U,2023,0.026935392729327556,0.89937106918239,0.6910767561703283,0.054832293644335964,0.0,0.07993713298680086,0.06,0.06,0.06,0.746,0.12,0.0,0.0,0.0,0.0
F-DFHC-U,2023,0.026935392729327556,0.89937106918239,0.6910767561703283,0.054832293644335964,0.0,0.07993713298680086,0.06,0.06,0.06,0.746,0.12,0.0,0.85,0.0,0.0
F-DFHC-U,2023,0.026935392729327556,0.89937106918239,0.6910767561703283,0.054832293644335964,0.0,0.07993713298680086,0.06,0.06,0.06,0.746,0.12,0.9,0.0,0.0,0.0
F-DFHC-U,2023,0.026935392729327556,0.89937106918239,0.6910767561703283,0.054832293644335964,0.0,0.07993713298680086,0.06,0.06,0.06,0.746,0.12,0.9,0.85,0.0,0.0
F-DFHC-U,2023,0.026935392729327556,0.89937106918239,0.663502395805081,0.046514781665310555,0.0,0.07155189073021528,0.06,0.06,0.06,0.75,0.1,0.0,0.0,0.0,0.0
F-DFHC-U,2023,0.026935392729327556,0.89937106918239,0.663502395805081,0.046514781665310555,0.0,0.07155189073021528,0.06,0.06,0.06,0.75,0.1,0.0,0.85,0.0,0.0
F-DFHC-U,2023,0.026935392729327556,0.89937106918239,0.663502395805081,0.046514781665310555,0.0,0.07155189073021528,0.06,0.06,0.06,0.75,0.1,0.9,0.0,0.0,0.0
F-DFHC-U,2023,0.026935392729327556,0.89937106918239,0.663502395805081,0.046514781665310555,0.0,0.07155189073021528,0.06,0.06,0.06,0.75,0.1,0.9,0.85,0.0,0.0
F-DFHC-U,2023,0.026935392729327556,0.89937106918239,0.6910767561703283,0.054832293644335964,0.0,0.07993713298680086,0.06,0.06,0.06,0.75,0.12,0.0,0.0,0.0,0.0
F-DFHC-U,2023,0.026935392729327556,0.89937106918239,0.6910767561703283,0.054832293644335964,0.0,0.07993713298680086,0.06,0.06,0.06,0.75,0.12,0.0,0.85,0.0,0.0
F-DFHC-U,2023,0.026935392729327556,0.89937106918239,0.6910767561703283,0.054832293644335964,0.0,0.07993713298680086,0.06,0.06,0.06,0.75,0.12,0.9,0.0,0.0,0.0
F-DFHC-U,2023,0.026935392729327556,0.89937106918239,0.6910767561703283,0.054832293644335964,0.0,0.07993713298680086,0.06,0.06,0.06,0.75,0.12,0.9,0.85,0.0,0.0
F-DFHC-U,2023,0.026935392729327556,0.89937106918239,0.663502395805081,0.046514781665310555,0.0,0.07155189073021528,0.08,0.04,0.06,0.0,0.1,0.0,0.85,0.0,0.0
F-DFHC-U,2023,0.026935392729327556,0.89937106918239,0.663502395805081,0.046514781665310555,0.0,0.07155189073021528,0.08,0.04,0.06,0.0,0.1,0.9,0.85,0.0,0.0
F-DFHC-U,2023,0.026935392729327556,0.89937106918239,0.6910767561703283,0.054832293644335964,0.0,0.07993713298680086,0.08,0.04,0.06,0.0,0.12,0.0,0.85,0.0,0.0
F-DFHC-U,2023,0.026935392729327556,0.89937106918239,0.6910767561703283,0.054832293644335964,0.0,0.07993713298680086,0.08,0.04,0.06,0.0,0.12,0.9,0.85,0.0,0.0
F-DFHC-U,2023,0.026935392729327556,0.89937106918239,0.663502395805081,0.046514781665310555,0.0,0.07155189073021528,0.08,0.04,0.06,0.7,0.1,0.0,0.85,0.0,0.0
F-DFHC-U,2023,0.026935392729327556,0.89937106918239,0.663502395805081,0.046514781665310555,0.0,0.07155189073021528,0.08,0.04,0.06,0.7,0.1,0.9,0.85,0.0,0.0
F-DFHC-U,2023,0.026935392729327556,0.89937106918239,0.6910767561703283,0.054832293644335964,0.0,0.07993713298680086,0.08,0.04,0.06,0.7,0.12,0.0,0.85,0.0,0.0
F-DFHC-U,2023,0.026935392729327556,0.89937106918239,0.6910767561703283,0.054832293644335964,0.0,0.07993713298680086,0.08,0.04,0.06,0.7,0.12,0.9,0.85,0.0,0.0
F-DFHC-U,2023,0.026935392729327556,0.89937106918239,0.663502395805081,0.046514781665310555,0.0,0.07155189073021528,0.08,0.04,0.06,0.72,0.1,0.0,0.85,0.0,0.0
F-DFHC-U,2023,0.026935392729327556,0.89937106918239,0.663502395805081,0.046514781665310555,0.0,0.07155189073021528,0.08,0.04,0.06,0.72,0.1,0.9,0.85,0.0,0.0
F-DFHC-U,2023,0.026935392729327556,0.89937106918239,0.6910767561703283,0.054832293644335964,0.0,0.07993713298680086,0.08,0.04,0.06,0.72,0.12,0.0,0.85,0.0,0.0
F-DFHC-U,2023,0.026935392729327556,0.89937106918239,0.6910767561703283,0.054832293644335964,0.0,0.07993713298680086,0.08,0.04,0.06,0.72,0.12,0.9,0.85,0.0,0.0
F-DFHC-U,2023,0.026935392729327556,0.89937106918239,0.663502395805081,0.046514781665310555,0.0,0.07155189073021528,0.08,0.04,0.06,0.73,0.1,0.0,0.85,0.0,0.0
F-DFHC-U,2023,0.026935392729327556,0.89937106918239,0.663502395805081,0.046514781665310555,0.0,0.07155189073021528,0.08,0.04,0.06,0.73,0.1,0.9,0.85,0.0,0.0
F-DFHC-U,2023,0.026935392729327556,0.89937106918239,0.6910767561703283,0.054832293644335964,0.0,0.07993713298680086,0.08,0.04,0.06,0.73,0.12,0.0,0.85,0.0,0.0
F-DFHC-U,2023,0.026935392729327556,0.89937106918239,0.6910767561703283,0.054832293644335964,0.0,0.07993713298680086,0.08,0.04,0.06,0.73,0.12,0.9,0.85,0.0,0.0
F-DFHC-U,2023,0.026935392729327556,0.89937106918239,0.663502395805081,0.046514781665310555,0.0,0.07155189073021528,0.08,0.04,0.06,0.74,0.1,0.0,0.85,0.0,0.0
F-DFHC-U,2023,0.026935392729327556,0.89937106918239,0.663502395805081,0.046514781665310555,0.0,0.07155189073021528,0.08,0.04,0.06,0.74,0.1,0.9,0.85,0.0,0.0
F-DFHC-U,2023,0.026935392729327556,0.89937106918239,0.6910767561703283,0.054832293644335964,0.0,0.07993713298680086,0.08,0.04,0.06,0.74,0.12,0.0,0.85,0.0,0.0
F-DFHC-U,2023,0.026935392729327556,0.89937106918239,0.6910767561703283,0.054832293644335964,0.0,0.07993713298680086,0.08,0.04,0.06,0.74,0.12,0.9,0.85,0.0,0.0
F-DFHC-U,2023,0.026935392729327556,0.89937106918239,0.663502395805081,0.046514781665310555,0.0,0.07155189073021528,0.08,0.04,0.06,0.746,0.1,0.0,0.85,0.0,0.0
F-DFHC-U,2023,0.026935392729327556,0.89937106918239,0.663502395805081,0.046514781665310555,0.0,0.07155189073021528,0.08,0.04,0.06,0.746,0.1,0.9,0.85,0.0,0.0
F-DFHC-U,2023,0.026935392729327556,0.89937106918239,0.6910767561703283,0.054832293644335964,0.0,0.07993713298680086,0.08,0.04,0.06,0.746,0.12,0.0,0.85,0.0,0.0
F-DFHC-U,2023,0.026935392729327556,0.89937106918239,0.6910767561703283,0.054832293644335964,0.0,0.07993713298680086,0.08,0.04,0.06,0.746,0.12,0.9,0.85,0.0,0.0
F-DFHC-U,2023,0.026935392729327556,0.89937106918239,0.663502395805081,0.046514781665310555,0.0,0.07155189073021528,0.08,0.04,0.06,0.75,0.1,0.0,0.85,0.0,0.0
F-DFHC-U,2023,0.026935392729327556,0.89937106918239,0.663502395805081,0.046514781665310555,0.0,0.07155189073021528,0.08,0.04,0.06,0.75,0.1,0.9,0.85,0.0,0.0
F-DFHC-U,2023,0.026935392729327556,0.89937106918239,0.6910767561703283,0.054832293644335964,0.0,0.07993713298680086,0.08,0.04,0.06,0.75,0.12,0.0,0.85,0.0,0.0
F-DFHC-U,2023,0.026935392729327556,0.89937106918239,0.6910767561703283,0.054832293644335964,0.0,0.07993713298680086,0.08,0.04,0.06,0.75,0.12,0.9,0.85,0.0,0.0
F-DFHC-U,2023,0.026935392729327556,0.89937106918239,0.663502395805081,0.046514781665310555,0.0,0.07155189073021528,0.08,0.06,0.06,0.0,0.1,0.0,0.85,0.0,0.0
F-DFHC-U,2023,0.026935392729327556,0.89937106918239,0.663502395805081,0.046514781665310555,0.0,0.07155189073021528,0.08,0.06,0.06,0.0,0.1,0.9,0.85,0.0,0.0
F-DFHC-U,2023,0.026935392729327556,0.89937106918239,0.6910767561703283,0.054832293644335964,0.0,0.07993713298680086,0.08,0.06,0.06,0.0,0.12,0.0,0.85,0.0,0.0
F-DFHC-U,2023,0.026935392729327556,0.89937106918239,0.6910767561703283,0.054832293644335964,0.0,0.07993713298680086,0.08,0.06,0.06,0.0,0.12,0.9,0.85,0.0,0.0
F-DFHC-U,2023,0.026935392729327556,0.89937106918239,0.663502395805081,0.046514781665310555,0.0,0.07155189073021528,0.08,0.06,0.06,0.7,0.1,0.0,0.85,0.0,0.0
F-DFHC-U,2023,0.026935392729327556,0.89937106918239,0.663502395805081,0.046514781665310555,0.0,0.07155189073021528,0.08,0.06,0.06,0.7,0.1,0.9,0.85,0.0,0.0
F-DFHC-U,2023,0.026935392729327556,0.89937106918239,0.6910767561703283,0.054832293644335964,0.0,0.07993713298680086,0.08,0.06,0.06,0.7,0.12,0.0,0.85,0.0,0.0
F-DFHC-U,2023,0.026935392729327556,0.89937106918239,0.6910767561703283,0.054832293644335964,0.0,0.07993713298680086,0.08,0.06,0.06,0.7,0.12,0.9,0.85,0.0,0.0
F-DFHC-U,2023,0.026935392729327556,0.89937106918239,0.663502395805081,0.046514781665310555,0.0,0.07155189073021528,0.08,0.06,0.06,0.72,0.1,0.0,0.85,0.0,0.0
F-DFHC-U,2023,0.026935392729327556,0.89937106918239,0.663502395805081,0.046514781665310555,0.0,0.07155189073021528,0.08,0.06,0.06,0.72,0.1,0.9,0.85,0.0,0.0
F-DFHC-U,2023,0.026935392729327556,0.89937106918239,0.6910767561703283,0.054832293644335964,0.0,0.07993713298680086,0.08,0.06,0.06,0.72,0.12,0.0,0.85,0.0,0.0
F-DFHC-U,2023,0.026935392729327556,0.89937106918239,0.6910767561703283,0.054832293644335964,0.0,0.07993713298680086,0.08,0.06,0.06,0.72,0.12,0.9,0.85,0.0,0.0
F-DFHC-U,2023,0.026935392729327556,0.89937106918239,0.663502395805081,0.046514781665310555,0.0,0.07155189073021528,0.08,0.06,0.06,0.73,0.1,0.0,0.85,0.0,0.0
F-DFHC-U,2023,0.026935392729327556,0.89937106918239,0.663502395805081,0.046514781665310555,0.0,0.07155189073021528,0.08,0.06,0.06,0.73,0.1,0.9,0.85,0.0,0.0
F-DFHC-U,2023,0.026935392729327556,0.89937106918239,0.6910767561703283,0.054832293644335964,0.0,0.07993713298680086,0.08,0.06,0.06,0.73,0.12,0.0,0.85,0.0,0.0
F-DFHC-U,2023,0.026935392729327556,0.89937106918239,0.6910767561703283,0.054832293644335964,0.0,0.07993713298680086,0.08,0.06,0.06,0.73,0.12,0.9,0.85,0.0,0.0
F-DFHC-U,2023,0.026935392729327556,0.89937106918239,0.663502395805081,0.046514781665310555,0.0,0.07155189073021528,0.08,0.06,0.06,0.74,0.1,0.0,0.85,0.0,0.0
F-DFHC-U,2023,0.026935392729327556,0.89937106918239,0.663502395805081,0.046514781665310555,0.0,0.07155189073021528,0.08,0.06,0.06,0.74,0.1,0.9,0.85,0.0,0.0
F-DFHC-U,2023,0.026935392729327556,0.89937106918239,0.6910767561703283,0.054832293644335964,0.0,0.07993713298680086,0.08,0.06,0.06,0.74,0.12,0.0,0.85,0.0,0.0
F-DFHC-U,2023,0.026935392729327556,0.89937106918239,0.6910767561703283,0.054832293644335964,0.0,0.07993713298680086,0.08,0.06,0.06,0.74,0.12,0.9,0.85,0.0,0.0
F-DFHC-U,2023,0.026935392729327556,0.89937106918239,0.663502395805081,0.046514781665310555,0.0,0.07155189073021528,0.08,0.06,0.06,0.746,0.1,0.0,0.85,0.0,0.0
F-DFHC-U,2023,0.026935392729327556,0.89937106918239,0.663502395805081,0.046514781665310555,0.0,0.07155189073021528,0.08,0.06,0.06,0.746,0.1,0.9,0.85,0.0,0.0
F-DFHC-U,2023,0.026935392729327556,0.89937106918239,0.6910767561703283,0.054832293644335964,0.0,0.07993713298680086,0.08,0.06,0.06,0.746,0.12,0.0,0.85,0.0,0.0
F-DFHC-U,2023,0.026935392729327556,0.89937106918239,0.6910767561703283,0.054832293644335964,0.0,0.07993713298680086,0.08,0.06,0.06,0.746,0.12,0.9,0.85,0.0,0.0
F-DFHC-U,2023,0.026935392729327556,0.89937106918239,0.663502395805081,0.046514781665310555,0.0,0.07155189073021528,0.08,0.06,0.06,0.75,0.1,0.0,0.85,0.0,0.0
F-DFHC-U,2023,0.026935392729327556,0.89937106918239,0.663502395805081,0.046514781665310555,0.0,0.07155189073021528,0.08,0.06,0.06,0.75,0.1,0.9,0.85,0.0,0.0
F-DFHC-U,2023,0.026935392729327556,0.89937106918239,0.6910767561703283,0.054832293644335964,0.0,0.07993713298680086,0.08,0.06,0.06,0.75,0.12,0.0,0.85,0.0,0.0
F-DFHC-U,2023,0.026935392729327556,0.89937106918239,0.6910767561703283,0.054832293644335964,0.0,0.07993713298680086,0.08,0.06,0.06,0.75,0.12,0.9,0.85,0.0,0.0
F-DFHC-U,2023,0.026935392729327556,0.89937106918239,0.663502395805081,0.046514781665310555,0.0,0.07155189073021528,0.1,0.04,0.06,0.0,0.1,0.0,0.85,0.0,0.0
F-DFHC-U,2023,0.026935392729327556,0.89937106918239,0.663502395805081,0.046514781665310555,0.0,0.07155189073021528,0.1,0.04,0.06,0.0,0.1,0.9,0.85,0.0,0.0
F-DFHC-U,2023,0.026935392729327556,0.89937106918239,0.6910767561703283,0.054832293644335964,0.0,0.07993713298680086,0.1,0.04,0.06,0.0,0.12,0.0,0.85,0.0,0.0
F-DFHC-U,2023,0.026935392729327556,0.89937106918239,0.6910767561703283,0.054832293644335964,0.0,0.07993713298680086,0.1,0.04,0.06,0.0,0.12,0.9,0.85,0.0,0.0
F-DFHC-U,2023,0.026935392729327556,0.89937106918239,0.663502395805081,0.046514781665310555,0.0,0.07155189073021528,0.1,0.04,0.06,0.7,0.1,0.0,0.85,0.0,0.0
F-DFHC-U,2023,0.026935392729327556,0.89937106918239,0.663502395805081,0.046514781665310555,0.0,0.07155189073021528,0.1,0.04,0.06,0.7,0.1,0.9,0.85,0.0,0.0
F-DFHC-U,2023,0.026935392729327556,0.89937106918239,0.6910767561703283,0.054832293644335964,0.0,0.07993713298680086,0.1,0.04,0.06,0.7,0.12,0.0,0.85,0.0,0.0
F-DFHC-U,2023,0.026935392729327556,0.89937106918239,0.6910767561703283,0.054832293644335964,0.0,0.07993713298680086,0.1,0.04,0.06,0.7,0.12,0.9,0.85,0.0,0.0
F-DFHC-U,2023,0.026935392729327556,0.89937106918239,0.663502395805081,0.046514781665310555,0.0,0.07155189073021528,0.1,0.04,0.06,0.72,0.1,0.0,0.85,0.0,0.0
F-DFHC-U,2023,0.026935392729327556,0.89937106918239,0.663502395805081,0.046514781665310555,0.0,0.07155189073021528,0.1,0.04,0.06,0.72,0.1,0.9,0.85,0.0,0.0
F-DFHC-U,2023,0.026935392729327556,0.89937106918239,0.6910767561703283,0.054832293644335964,0.0,0.07993713298680086,0.1,0.04,0.06,0.72,0.12,0.0,0.85,0.0,0.0
F-DFHC-U,2023,0.026935392729327556,0.89937106918239,0.6910767561703283,0.054832293644335964,0.0,0.07993713298680086,0.1,0.04,0.06,0.72,0.12,0.9,0.85,0.0,0.0
F-DFHC-U,2023,0.026935392729327556,0.89937106918239,0.663502395805081,0.046514781665310555,0.0,0.07155189073021528,0.1,0.04,0.06,0.73,0.1,0.0,0.85,0.0,0.0
F-DFHC-U,2023,0.026935392729327556,0.89937106918239,0.663502395805081,0.046514781665310555,0.0,0.07155189073021528,0.1,0.04,0.06,0.73,0.1,0.9,0.85,0.0,0.0
F-DFHC-U,2023,0.026935392729327556,0.89937106918239,0.6910767561703283,0.054832293644335964,0.0,0.07993713298680086,0.1,0.04,0.06,0.73,0.12,0.0,0.85,0.0,0.0
F-DFHC-U,2023,0.026935392729327556,0.89937106918239,0.6910767561703283,0.054832293644335964,0.0,0.07993713298680086,0.1,0.04,0.06,0.73,0.12,0.9,0.85,0.0,0.0
F-DFHC-U,2023,0.026935392729327556,0.89937106918239,0.663502395805081,0.046514781665310555,0.0,0.07155189073021528,0.1,0.04,0.06,0.74,0.1,0.0,0.85,0.0,0.0
F-DFHC-U,2023,0.026935392729327556,0.89937106918239,0.663502395805081,0.046514781665310555,0.0,0.07155189073021528,0.1,0.04,0.06,0.74,0.1,0.9,0.85,0.0,0.0
F-DFHC-U,2023,0.026935392729327556,0.89937106918239,0.6910767561703283,0.054832293644335964,0.0,0.07993713298680086,0.1,0.04,0.06,0.74,0.12,0.0,0.85,0.0,0.0
F-DFHC-U,2023,0.026935392729327556,0.89937106918239,0.6910767561703283,0.054832293644335964,0.0,0.07993713298680086,0.1,0.04,0.06,0.74,0.12,0.9,0.85,0.0,0.0
F-DFHC-U,2023,0.026935392729327556,0.89937106918239,0.663502395805081,0.046514781665310555,0.0,0.07155189073021528,0.1,0.04,0.06,0.746,0.1,0.0,0.85,0.0,0.0
F-DFHC-U,2023,0.026935392729327556,0.89937106918239,0.663502395805081,0.046514781665310555,0.0,0.07155189073021528,0.1,0.04,0.06,0.746,0.1,0.9,0.85,0.0,0.0
F-DFHC-U,2023,0.026935392729327556,0.89937106918239,0.6910767561703283,0.054832293644335964,0.0,0.07993713298680086,0.1,0.04,0.06,0.746,0.12,0.0,0.85,0.0,0.0
F-DFHC-U,2023,0.026935392729327556,0.89937106918239,0.6910767561703283,0.054832293644335964,0.0,0.07993713298680086,0.1,0.04,0.06,0.746,0.12,0.9,0.85,0.0,0.0
F-DFHC-U,2023,0.026935392729327556,0.89937106918239,0.663502395805081,0.046514781665310555,0.0,0.07155189073021528,0.1,0.04,0.06,0.75,0.1,0.0,0.85,0.0,0.0
F-DFHC-U,2023,0.026935392729327556,0.89937106918239,0.663502395805081,0.046514781665310555,0.0,0.07155189073021528,0.1,0.04,0.06,0.75,0.1,0.9,0.85,0.0,0.0
F-DFHC-U,2023,0.026935392729327556,0.89937106918239,0.6910767561703283,0.054832293644335964,0.0,0.07993713298680086,0.1,0.04,0.06,0.75,0.12,0.0,0.85,0.0,0.0
F-DFHC-U,2023,0.026935392729327556,0.89937106918239,0.6910767561703283,0.054832293644335964,0.0,0.07993713298680086,0.1,0.04,0.06,0.75,0.12,0.9,0.85,0.0,0.0
F-DFHC-U,2023,0.026935392729327556,0.89937106918239,0.663502395805081,0.046514781665310555,0.0,0.07155189073021528,0.1,0.06,0.06,0.0,0.1,0.0,0.85,0.0,0.0
F-DFHC-U,2023,0.026935392729327556,0.89937106918239,0.663502395805081,0.046514781665310555,0.0,0.07155189073021528,0.1,0.06,0.06,0.0,0.1,0.9,0.85,0.0,0.0
F-DFHC-U,2023,0.026935392729327556,0.89937106918239,0.6910767561703283,0.054832293644335964,0.0,0.07993713298680086,0.1,0.06,0.06,0.0,0.12,0.0,0.85,0.0,0.0
F-DFHC-U,2023,0.026935392729327556,0.89937106918239,0.6910767561703283,0.054832293644335964,0.0,0.07993713298680086,0.1,0.06,0.06,0.0,0.12,0.9,0.85,0.0,0.0
F-DFHC-U,2023,0.026935392729327556,0.89937106918239,0.663502395805081,0.046514781665310555,0.0,0.07155189073021528,0.1,0.06,0.06,0.7,0.1,0.0,0.85,0.0,0.0
F-DFHC-U,2023,0.026935392729327556,0.89937106918239,0.663502395805081,0.046514781665310555,0.0,0.07155189073021528,0.1,0.06,0.06,0.7,0.1,0.9,0.85,0.0,0.0
F-DFHC-U,2023,0.026935392729327556,0.89937106918239,0.6910767561703283,0.054832293644335964,0.0,0.07993713298680086,0.1,0.06,0.06,0.7,0.12,0.0,0.85,0.0,0.0
F-DFHC-U,2023,0.026935392729327556,0.89937106918239,0.6910767561703283,0.054832293644335964,0.0,0.07993713298680086,0.1,0.06,0.06,0.7,0.12,0.9,0.85,0.0,0.0
F-DFHC-U,2023,0.026935392729327556,0.89937106918239,0.663502395805081,0.046514781665310555,0.0,0.07155189073021528,0.1,0.06,0.06,0.72,0.1,0.0,0.85,0.0,0.0
F-DFHC-U,2023,0.026935392729327556,0.89937106918239,0.663502395805081,0.046514781665310555,0.0,0.07155189073021528,0.1,0.06,0.06,0.72,0.1,0.9,0.85,0.0,0.0
F-DFHC-U,2023,0.026935392729327556,0.89937106918239,0.6910767561703283,0.054832293644335964,0.0,0.07993713298680086,0.1,0.06,0.06,0.72,0.12,0.0,0.85,0.0,0.0
F-DFHC-U,2023,0.026935392729327556,0.89937106918239,0.6910767561703283,0.054832293644335964,0.0,0.07993713298680086,0.1,0.06,0.06,0.72,0.12,0.9,0.85,0.0,0.0
F-DFHC-U,2023,0.026935392729327556,0.89937106918239,0.663502395805081,0.046514781665310555,0.0,0.07155189073021528,0.1,0.06,0.06,0.73,0.1,0.0,0.85,0.0,0.0
F-DFHC-U,2023,0.026935392729327556,0.89937106918239,0.663502395805081,0.046514781665310555,0.0,0.07155189073021528,0.1,0.06,0.06,0.73,0.1,0.9,0.85,0.0,0.0
F-DFHC-U,2023,0.026935392729327556,0.89937106918239,0.6910767561703283,0.054832293644335964,0.0,0.07993713298680086,0.1,0.06,0.06,0.73,0.12,0.0,0.85,0.0,0.0
F-DFHC-U,2023,0.026935392729327556,0.89937106918239,0.6910767561703283,0.054832293644335964,0.0,0.07993713298680086,0.1,0.06,0.06,0.73,0.12,0.9,0.85,0.0,0.0
F-DFHC-U,2023,0.026935392729327556,0.89937106918239,0.663502395805081,0.046514781665310555,0.0,0.07155189073021528,0.1,0.06,0.06,0.74,0.1,0.0,0.85,0.0,0.0
F-DFHC-U,2023,0.026935392729327556,0.89937106918239,0.663502395805081,0.046514781665310555,0.0,0.07155189073021528,0.1,0.06,0.06,0.74,0.1,0.9,0.85,0.0,0.0
F-DFHC-U,2023,0.026935392729327556,0.89937106918239,0.6910767561703283,0.054832293644335964,0.0,0.07993713298680086,0.1,0.06,0.06,0.74,0.12,0.0,0.85,0.0,0.0
F-DFHC-U,2023,0.026935392729327556,0.89937106918239,0.6910767561703283,0.054832293644335964,0.0,0.07993713298680086,0.1,0.06,0.06,0.74,0.12,0.9,0.85,0.0,0.0
F-DFHC-U,2023,0.026935392729327556,0.89937106918239,0.663502395805081,0.046514781665310555,0.0,0.07155189073021528,0.1,0.06,0.06,0.746,0.1,0.0,0.85,0.0,0.0
F-DFHC-U,2023,0.026935392729327556,0.89937106918239,0.663502395805081,0.046514781665310555,0.0,0.07155189073021528,0.1,0.06,0.06,0.746,0.1,0.9,0.85,0.0,0.0
F-DFHC-U,2023,0.026935392729327556,0.89937106918239,0.6910767561703283,0.054832293644335964,0.0,0.07993713298680086,0.1,0.06,0.06,0.746,0.12,0.0,0.85,0.0,0.0
F-DFHC-U,2023,0.026935392729327556,0.89937106918239,0.6910767561703283,0.054832293644335964,0.0,0.07993713298680086,0.1,0.06,0.06,0.746,0.12,0.9,0.85,0.0,0.0
F-DFHC-U,2023,0.026935392729327556,0.89937106918239,0.663502395805081,0.046514781665310555,0.0,0.07155189073021528,0.1,0.06,0.06,0.75,0.1,0.0,0.85,0.0,0.0
F-DFHC-U,2023,0.026935392729327556,0.89937106918239,0.663502395805081,0.046514781665310555,0.0,0.07155189073021528,0.1,0.06,0.06,0.75,0.1,0.9,0.85,0.0,0.0
F-DFHC-U,2023,0.026935392729327556,0.89937106918239,0.6910767561703283,0.054832293644335964,0.0,0.07993713298680086,0.1,0.06,0.06,0.75,0.12,0.0,0.85,0.0,0.0
F-DFHC-U,2023,0.026935392729327556,0.89937106918239,0.6910767561703283,0.054832293644335964,0.0,0.07993713298680086,0.1,0.06,0.06,0.75,0.12,0.9,0.85,0.0,0.0
F-DFHC-U,2023,0.02599359578074967,0.9019607843137255,0.6632311725883735,0.04646957779585933,0.0,0.07145539381127375,0.08,0.04,0.0,0.0,0.1,0.0,0.0,0.0,0.0
F-DFHC-U,2023,0.02599359578074967,0.9019607843137255,0.6632311725883735,0.04646957779585933,0.0,0.07145539381127375,0.08,0.04,0.0,0.0,0.1,0.9,0.0,0.0,0.0
F-DFHC-U,2023,0.02599359578074967,0.9019607843137255,0.6908055329536208,0.05478708977488474,0.0,0.0798495673464679,0.08,0.04,0.0,0.0,0.12,0.0,0.0,0.0,0.0
F-DFHC-U,2023,0.02599359578074967,0.9019607843137255,0.6908055329536208,0.05478708977488474,0.0,0.0798495673464679,0.08,0.04,0.0,0.0,0.12,0.9,0.0,0.0,0.0
F-DFHC-U,2023,0.02599359578074967,0.9019607843137255,0.6632311725883735,0.04646957779585933,0.0,0.07145539381127375,0.08,0.04,0.0,0.7,0.1,0.0,0.0,0.0,0.0
F-DFHC-U,2023,0.02599359578074967,0.9019607843137255,0.6632311725883735,0.04646957779585933,0.0,0.07145539381127375,0.08,0.04,0.0,0.7,0.1,0.9,0.0,0.0,0.0
F-DFHC-U,2023,0.02599359578074967,0.9019607843137255,0.6908055329536208,0.05478708977488474,0.0,0.0798495673464679,0.08,0.04,0.0,0.7,0.12,0.0,0.0,0.0,0.0
F-DFHC-U,2023,0.02599359578074967,0.9019607843137255,0.6908055329536208,0.05478708977488474,0.0,0.0798495673464679,0.08,0.04,0.0,0.7,0.12,0.9,0.0,0.0,0.0
F-DFHC-U,2023,0.02599359578074967,0.9019607843137255,0.6632311725883735,0.04646957779585933,0.0,0.07145539381127375,0.08,0.04,0.0,0.72,0.1,0.0,0.0,0.0,0.0
F-DFHC-U,2023,0.02599359578074967,0.9019607843137255,0.6632311725883735,0.04646957779585933,0.0,0.07145539381127375,0.08,0.04,0.0,0.72,0.1,0.9,0.0,0.0,0.0
F-DFHC-U,2023,0.02599359578074967,0.9019607843137255,0.6908055329536208,0.05478708977488474,0.0,0.0798495673464679,0.08,0.04,0.0,0.72,0.12,0.0,0.0,0.0,0.0
F-DFHC-U,2023,0.02599359578074967,0.9019607843137255,0.6908055329536208,0.05478708977488474,0.0,0.0798495673464679,0.08,0.04,0.0,0.72,0.12,0.9,0.0,0.0,0.0
F-DFHC-U,2023,0.02599359578074967,0.9019607843137255,0.6632311725883735,0.04646957779585933,0.0,0.07145539381127375,0.08,0.04,0.0,0.73,0.1,0.0,0.0,0.0,0.0
F-DFHC-U,2023,0.02599359578074967,0.9019607843137255,0.6632311725883735,0.04646957779585933,0.0,0.07145539381127375,0.08,0.04,0.0,0.73,0.1,0.9,0.0,0.0,0.0
F-DFHC-U,2023,0.02599359578074967,0.9019607843137255,0.6908055329536208,0.05478708977488474,0.0,0.0798495673464679,0.08,0.04,0.0,0.73,0.12,0.0,0.0,0.0,0.0
F-DFHC-U,2023,0.02599359578074967,0.9019607843137255,0.6908055329536208,0.05478708977488474,0.0,0.0798495673464679,0.08,0.04,0.0,0.73,0.12,0.9,0.0,0.0,0.0
F-DFHC-U,2023,0.02599359578074967,0.9019607843137255,0.6632311725883735,0.04646957779585933,0.0,0.07145539381127375,0.08,0.04,0.0,0.74,0.1,0.0,0.0,0.0,0.0
F-DFHC-U,2023,0.02599359578074967,0.9019607843137255,0.6632311725883735,0.04646957779585933,0.0,0.07145539381127375,0.08,0.04,0.0,0.74,0.1,0.9,0.0,0.0,0.0
F-DFHC-U,2023,0.02599359578074967,0.9019607843137255,0.6908055329536208,0.05478708977488474,0.0,0.0798495673464679,0.08,0.04,0.0,0.74,0.12,0.0,0.0,0.0,0.0
F-DFHC-U,2023,0.02599359578074967,0.9019607843137255,0.6908055329536208,0.05478708977488474,0.0,0.0798495673464679,0.08,0.04,0.0,0.74,0.12,0.9,0.0,0.0,0.0
F-DFHC-U,2023,0.02599359578074967,0.9019607843137255,0.6632311725883735,0.04646957779585933,0.0,0.07145539381127375,0.08,0.04,0.0,0.746,0.1,0.0,0.0,0.0,0.0
F-DFHC-U,2023,0.02599359578074967,0.9019607843137255,0.6632311725883735,0.04646957779585933,0.0,0.07145539381127375,0.08,0.04,0.0,0.746,0.1,0.9,0.0,0.0,0.0
F-DFHC-U,2023,0.02599359578074967,0.9019607843137255,0.6908055329536208,0.05478708977488474,0.0,0.0798495673464679,0.08,0.04,0.0,0.746,0.12,0.0,0.0,0.0,0.0
F-DFHC-U,2023,0.02599359578074967,0.9019607843137255,0.6908055329536208,0.05478708977488474,0.0,0.0798495673464679,0.08,0.04,0.0,0.746,0.12,0.9,0.0,0.0,0.0
F-DFHC-U,2023,0.02599359578074967,0.9019607843137255,0.6632311725883735,0.04646957779585933,0.0,0.07145539381127375,0.08,0.04,0.0,0.75,0.1,0.0,0.0,0.0,0.0
F-DFHC-U,2023,0.02599359578074967,0.9019607843137255,0.6632311725883735,0.04646957779585933,0.0,0.07145539381127375,0.08,0.04,0.0,0.75,0.1,0.9,0.0,0.0,0.0
F-DFHC-U,2023,0.02599359578074967,0.9019607843137255,0.6908055329536208,0.05478708977488474,0.0,0.0798495673464679,0.08,0.04,0.0,0.75,0.12,0.0,0.0,0.0,0.0
F-DFHC-U,2023,0.02599359578074967,0.9019607843137255,0.6908055329536208,0.05478708977488474,0.0,0.0798495673464679,0.08,0.04,0.0,0.75,0.12,0.9,0.0,0.0,0.0
F-DFHC-U,2023,0.02599359578074967,0.9019607843137255,0.6632311725883735,0.04646957779585933,0.0,0.07145539381127375,0.08,0.04,0.02,0.0,0.1,0.0,0.0,0.0,0.0
F-DFHC-U,2023,0.02599359578074967,0.9019607843137255,0.6632311725883735,0.04646957779585933,0.0,0.07145539381127375,0.08,0.04,0.02,0.0,0.1,0.9,0.0,0.0,0.0
F-DFHC-U,2023,0.02599359578074967,0.9019607843137255,0.6908055329536208,0.05478708977488474,0.0,0.0798495673464679,0.08,0.04,0.02,0.0,0.12,0.0,0.0,0.0,0.0
F-DFHC-U,2023,0.02599359578074967,0.9019607843137255,0.6908055329536208,0.05478708977488474,0.0,0.0798495673464679,0.08,0.04,0.02,0.0,0.12,0.9,0.0,0.0,0.0
F-DFHC-U,2023,0.02599359578074967,0.9019607843137255,0.6632311725883735,0.04646957779585933,0.0,0.07145539381127375,0.08,0.04,0.02,0.7,0.1,0.0,0.0,0.0,0.0
F-DFHC-U,2023,0.02599359578074967,0.9019607843137255,0.6632311725883735,0.04646957779585933,0.0,0.07145539381127375,0.08,0.04,0.02,0.7,0.1,0.9,0.0,0.0,0.0
F-DFHC-U,2023,0.02599359578074967,0.9019607843137255,0.6908055329536208,0.05478708977488474,0.0,0.0798495673464679,0.08,0.04,0.02,0.7,0.12,0.0,0.0,0.0,0.0
F-DFHC-U,2023,0.02599359578074967,0.9019607843137255,0.6908055329536208,0.05478708977488474,0.0,0.0798495673464679,0.08,0.04,0.02,0.7,0.12,0.9,0.0,0.0,0.0
F-DFHC-U,2023,0.02599359578074967,0.9019607843137255,0.6632311725883735,0.04646957779585933,0.0,0.07145539381127375,0.08,0.04,0.02,0.72,0.1,0.0,0.0,0.0,0.0
F-DFHC-U,2023,0.02599359578074967,0.9019607843137255,0.6632311725883735,0.04646957779585933,0.0,0.07145539381127375,0.08,0.04,0.02,0.72,0.1,0.9,0.0,0.0,0.0
F-DFHC-U,2023,0.02599359578074967,0.9019607843137255,0.6908055329536208,0.05478708977488474,0.0,0.0798495673464679,0.08,0.04,0.02,0.72,0.12,0.0,0.0,0.0,0.0
F-DFHC-U,2023,0.02599359578074967,0.9019607843137255,0.6908055329536208,0.05478708977488474,0.0,0.0798495673464679,0.08,0.04,0.02,0.72,0.12,0.9,0.0,0.0,0.0
F-DFHC-U,2023,0.02599359578074967,0.9019607843137255,0.6632311725883735,0.04646957779585933,0.0,0.07145539381127375,0.08,0.04,0.02,0.73,0.1,0.0,0.0,0.0,0.0
F-DFHC-U,2023,0.02599359578074967,0.9019607843137255,0.6632311725883735,0.04646957779585933,0.0,0.07145539381127375,0.08,0.04,0.02,0.73,0.1,0.9,0.0,0.0,0.0
F-DFHC-U,2023,0.02599359578074967,0.9019607843137255,0.6908055329536208,0.05478708977488474,0.0,0.0798495673464679,0.08,0.04,0.02,0.73,0.12,0.0,0.0,0.0,0.0
F-DFHC-U,2023,0.02599359578074967,0.9019607843137255,0.6908055329536208,0.05478708977488474,0.0,0.0798495673464679,0.08,0.04,0.02,0.73,0.12,0.9,0.0,0.0,0.0
F-DFHC-U,2023,0.02599359578074967,0.9019607843137255,0.6632311725883735,0.04646957779585933,0.0,0.07145539381127375,0.08,0.04,0.02,0.74,0.1,0.0,0.0,0.0,0.0
F-DFHC-U,2023,0.02599359578074967,0.9019607843137255,0.6632311725883735,0.04646957779585933,0.0,0.07145539381127375,0.08,0.04,0.02,0.74,0.1,0.9,0.0,0.0,0.0
F-DFHC-U,2023,0.02599359578074967,0.9019607843137255,0.6908055329536208,0.05478708977488474,0.0,0.0798495673464679,0.08,0.04,0.02,0.74,0.12,0.0,0.0,0.0,0.0
F-DFHC-U,2023,0.02599359578074967,0.9019607843137255,0.6908055329536208,0.05478708977488474,0.0,0.0798495673464679,0.08,0.04,0.02,0.74,0.12,0.9,0.0,0.0,0.0
F-DFHC-U,2023,0.02599359578074967,0.9019607843137255,0.6632311725883735,0.04646957779585933,0.0,0.07145539381127375,0.08,0.04,0.02,0.746,0.1,0.0,0.0,0.0,0.0
F-DFHC-U,2023,0.02599359578074967,0.9019607843137255,0.6632311725883735,0.04646957779585933,0.0,0.07145539381127375,0.08,0.04,0.02,0.746,0.1,0.9,0.0,0.0,0.0
F-DFHC-U,2023,0.02599359578074967,0.9019607843137255,0.6908055329536208,0.05478708977488474,0.0,0.0798495673464679,0.08,0.04,0.02,0.746,0.12,0.0,0.0,0.0,0.0
F-DFHC-U,2023,0.02599359578074967,0.9019607843137255,0.6908055329536208,0.05478708977488474,0.0,0.0798495673464679,0.08,0.04,0.02,0.746,0.12,0.9,0.0,0.0,0.0
F-DFHC-U,2023,0.02599359578074967,0.9019607843137255,0.6632311725883735,0.04646957779585933,0.0,0.07145539381127375,0.08,0.04,0.02,0.75,0.1,0.0,0.0,0.0,0.0
F-DFHC-U,2023,0.02599359578074967,0.9019607843137255,0.6632311725883735,0.04646957779585933,0.0,0.07145539381127375,0.08,0.04,0.02,0.75,0.1,0.9,0.0,0.0,0.0
F-DFHC-U,2023,0.02599359578074967,0.9019607843137255,0.6908055329536208,0.05478708977488474,0.0,0.0798495673464679,0.08,0.04,0.02,0.75,0.12,0.0,0.0,0.0,0.0
F-DFHC-U,2023,0.02599359578074967,0.9019607843137255,0.6908055329536208,0.05478708977488474,0.0,0.0798495673464679,0.08,0.04,0.02,0.75,0.12,0.9,0.0,0.0,0.0
F-DFHC-U,2023,0.02599359578074967,0.9019607843137255,0.6632311725883735,0.04646957779585933,0.0,0.07145539381127375,0.08,0.04,0.04,0.0,0.1,0.0,0.0,0.0,0.0
F-DFHC-U,2023,0.02599359578074967,0.9019607843137255,0.6632311725883735,0.04646957779585933,0.0,0.07145539381127375,0.08,0.04,0.04,0.0,0.1,0.9,0.0,0.0,0.0
F-DFHC-U,2023,0.02599359578074967,0.9019607843137255,0.6908055329536208,0.05478708977488474,0.0,0.0798495673464679,0.08,0.04,0.04,0.0,0.12,0.0,0.0,0.0,0.0
F-DFHC-U,2023,0.02599359578074967,0.9019607843137255,0.6908055329536208,0.05478708977488474,0.0,0.0798495673464679,0.08,0.04,0.04,0.0,0.12,0.9,0.0,0.0,0.0
F-DFHC-U,2023,0.02599359578074967,0.9019607843137255,0.6632311725883735,0.04646957779585933,0.0,0.07145539381127375,0.08,0.04,0.04,0.7,0.1,0.0,0.0,0.0,0.0
F-DFHC-U,2023,0.02599359578074967,0.9019607843137255,0.6632311725883735,0.04646957779585933,0.0,0.07145539381127375,0.08,0.04,0.04,0.7,0.1,0.9,0.0,0.0,0.0
F-DFHC-U,2023,0.02599359578074967,0.9019607843137255,0.6908055329536208,0.05478708977488474,0.0,0.0798495673464679,0.08,0.04,0.04,0.7,0.12,0.0,0.0,0.0,0.0
F-DFHC-U,2023,0.02599359578074967,0.9019607843137255,0.6908055329536208,0.05478708977488474,0.0,0.0798495673464679,0.08,0.04,0.04,0.7,0.12,0.9,0.0,0.0,0.0
F-DFHC-U,2023,0.02599359578074967,0.9019607843137255,0.6632311725883735,0.04646957779585933,0.0,0.07145539381127375,0.08,0.04,0.04,0.72,0.1,0.0,0.0,0.0,0.0
F-DFHC-U,2023,0.02599359578074967,0.9019607843137255,0.6632311725883735,0.04646957779585933,0.0,0.07145539381127375,0.08,0.04,0.04,0.72,0.1,0.9,0.0,0.0,0.0
F-DFHC-U,2023,0.02599359578074967,0.9019607843137255,0.6908055329536208,0.05478708977488474,0.0,0.0798495673464679,0.08,0.04,0.04,0.72,0.12,0.0,0.0,0.0,0.0
F-DFHC-U,2023,0.02599359578074967,0.9019607843137255,0.6908055329536208,0.05478708977488474,0.0,0.0798495673464679,0.08,0.04,0.04,0.72,0.12,0.9,0.0,0.0,0.0
F-DFHC-U,2023,0.02599359578074967,0.9019607843137255,0.6632311725883735,0.04646957779585933,0.0,0.07145539381127375,0.08,0.04,0.04,0.73,0.1,0.0,0.0,0.0,0.0
F-DFHC-U,2023,0.02599359578074967,0.9019607843137255,0.6632311725883735,0.04646957779585933,0.0,0.07145539381127375,0.08,0.04,0.04,0.73,0.1,0.9,0.0,0.0,0.0
F-DFHC-U,2023,0.02599359578074967,0.9019607843137255,0.6908055329536208,0.05478708977488474,0.0,0.0798495673464679,0.08,0.04,0.04,0.73,0.12,0.0,0.0,0.0,0.0
F-DFHC-U,2023,0.02599359578074967,0.9019607843137255,0.6908055329536208,0.05478708977488474,0.0,0.0798495673464679,0.08,0.04,0.04,0.73,0.12,0.9,0.0,0.0,0.0
F-DFHC-U,2023,0.02599359578074967,0.9019607843137255,0.6632311725883735,0.04646957779585933,0.0,0.07145539381127375,0.08,0.04,0.04,0.74,0.1,0.0,0.0,0.0,0.0
F-DFHC-U,2023,0.02599359578074967,0.9019607843137255,0.6632311725883735,0.04646957779585933,0.0,0.07145539381127375,0.08,0.04,0.04,0.74,0.1,0.9,0.0,0.0,0.0
F-DFHC-U,2023,0.02599359578074967,0.9019607843137255,0.6908055329536208,0.05478708977488474,0.0,0.0798495673464679,0.08,0.04,0.04,0.74,0.12,0.0,0.0,0.0,0.0
F-DFHC-U,2023,0.02599359578074967,0.9019607843137255,0.6908055329536208,0.05478708977488474,0.0,0.0798495673464679,0.08,0.04,0.04,0.74,0.12,0.9,0.0,0.0,0.0
F-DFHC-U,2023,0.02599359578074967,0.9019607843137255,0.6632311725883735,0.04646957779585933,0.0,0.07145539381127375,0.08,0.04,0.04,0.746,0.1,0.0,0.0,0.0,0.0
F-DFHC-U,2023,0.02599359578074967,0.9019607843137255,0.6632311725883735,0.04646957779585933,0.0,0.07145539381127375,0.08,0.04,0.04,0.746,0.1,0.9,0.0,0.0,0.0
F-DFHC-U,2023,0.02599359578074967,0.9019607843137255,0.6908055329536208,0.05478708977488474,0.0,0.0798495673464679,0.08,0.04,0.04,0.746,0.12,0.0,0.0,0.0,0.0
F-DFHC-U,2023,0.02599359578074967,0.9019607843137255,0.6908055329536208,0.05478708977488474,0.0,0.0798495673464679,0.08,0.04,0.04,0.746,0.12,0.9,0.0,0.0,0.0
F-DFHC-U,2023,0.02599359578074967,0.9019607843137255,0.6632311725883735,0.04646957779585933,0.0,0.07145539381127375,0.08,0.04,0.04,0.75,0.1,0.0,0.0,0.0,0.0
F-DFHC-U,2023,0.02599359578074967,0.9019607843137255,0.6632311725883735,0.04646957779585933,0.0,0.07145539381127375,0.08,0.04,0.04,0.75,0.1,0.9,0.0,0.0,0.0
F-DFHC-U,2023,0.02599359578074967,0.9019607843137255,0.6908055329536208,0.05478708977488474,0.0,0.0798495673464679,0.08,0.04,0.04,0.75,0.12,0.0,0.0,0.0,0.0
F-DFHC-U,2023,0.02599359578074967,0.9019607843137255,0.6908055329536208,0.05478708977488474,0.0,0.0798495673464679,0.08,0.04,0.04,0.75,0.12,0.9,0.0,0.0,0.0
F-DFHC-U,2023,0.02599359578074967,0.9019607843137255,0.6632311725883735,0.04646957779585933,0.0,0.07145539381127375,0.08,0.06,0.0,0.0,0.1,0.0,0.0,0.0,0.0
F-DFHC-U,2023,0.02599359578074967,0.9019607843137255,0.6632311725883735,0.04646957779585933,0.0,0.07145539381127375,0.08,0.06,0.0,0.0,0.1,0.9,0.0,0.0,0.0
F-DFHC-U,2023,0.02599359578074967,0.9019607843137255,0.6908055329536208,0.05478708977488474,0.0,0.0798495673464679,0.08,0.06,0.0,0.0,0.12,0.0,0.0,0.0,0.0
F-DFHC-U,2023,0.02599359578074967,0.9019607843137255,0.6908055329536208,0.05478708977488474,0.0,0.0798495673464679,0.08,0.06,0.0,0.0,0.12,0.9,0.0,0.0,0.0
F-DFHC-U,2023,0.02599359578074967,0.9019607843137255,0.6632311725883735,0.04646957779585933,0.0,0.07145539381127375,0.08,0.06,0.0,0.7,0.1,0.0,0.0,0.0,0.0
F-DFHC-U,2023,0.02599359578074967,0.9019607843137255,0.6632311725883735,0.04646957779585933,0.0,0.07145539381127375,0.08,0.06,0.0,0.7,0.1,0.9,0.0,0.0,0.0
F-DFHC-U,2023,0.02599359578074967,0.9019607843137255,0.6908055329536208,0.05478708977488474,0.0,0.0798495673464679,0.08,0.06,0.0,0.7,0.12,0.0,0.0,0.0,0.0
F-DFHC-U,2023,0.02599359578074967,0.9019607843137255,0.6908055329536208,0.05478708977488474,0.0,0.0798495673464679,0.08,0.06,0.0,0.7,0.12,0.9,0.0,0.0,0.0
F-DFHC-U,2023,0.02599359578074967,0.9019607843137255,0.6632311725883735,0.04646957779585933,0.0,0.07145539381127375,0.08,0.06,0.0,0.72,0.1,0.0,0.0,0.0,0.0
F-DFHC-U,2023,0.02599359578074967,0.9019607843137255,0.6632311725883735,0.04646957779585933,0.0,0.07145539381127375,0.08,0.06,0.0,0.72,0.1,0.9,0.0,0.0,0.0
F-DFHC-U,2023,0.02599359578074967,0.9019607843137255,0.6908055329536208,0.05478708977488474,0.0,0.0798495673464679,0.08,0.06,0.0,0.72,0.12,0.0,0.0,0.0,0.0
F-DFHC-U,2023,0.02599359578074967,0.9019607843137255,0.6908055329536208,0.05478708977488474,0.0,0.0798495673464679,0.08,0.06,0.0,0.72,0.12,0.9,0.0,0.0,0.0
F-DFHC-U,2023,0.02599359578074967,0.9019607843137255,0.6632311725883735,0.04646957779585933,0.0,0.07145539381127375,0.08,0.06,0.0,0.73,0.1,0.0,0.0,0.0,0.0
F-DFHC-U,2023,0.02599359578074967,0.9019607843137255,0.6632311725883735,0.04646957779585933,0.0,0.07145539381127375,0.08,0.06,0.0,0.73,0.1,0.9,0.0,0.0,0.0
F-DFHC-U,2023,0.02599359578074967,0.9019607843137255,0.6908055329536208,0.05478708977488474,0.0,0.0798495673464679,0.08,0.06,0.0,0.73,0.12,0.0,0.0,0.0,0.0
F-DFHC-U,2023,0.02599359578074967,0.9019607843137255,0.6908055329536208,0.05478708977488474,0.0,0.0798495673464679,0.08,0.06,0.0,0.73,0.12,0.9,0.0,0.0,0.0
F-DFHC-U,2023,0.02599359578074967,0.9019607843137255,0.6632311725883735,0.04646957779585933,0.0,0.07145539381127375,0.08,0.06,0.0,0.74,0.1,0.0,0.0,0.0,0.0
F-DFHC-U,2023,0.02599359578074967,0.9019607843137255,0.6632311725883735,0.04646957779585933,0.0,0.07145539381127375,0.08,0.06,0.0,0.74,0.1,0.9,0.0,0.0,0.0
F-DFHC-U,2023,0.02599359578074967,0.9019607843137255,0.6908055329536208,0.05478708977488474,0.0,0.0798495673464679,0.08,0.06,0.0,0.74,0.12,0.0,0.0,0.0,0.0
F-DFHC-U,2023,0.02599359578074967,0.9019607843137255,0.6908055329536208,0.05478708977488474,0.0,0.0798495673464679,0.08,0.06,0.0,0.74,0.12,0.9,0.0,0.0,0.0
F-DFHC-U,2023,0.02599359578074967,0.9019607843137255,0.6632311725883735,0.04646957779585933,0.0,0.07145539381127375,0.08,0.06,0.0,0.746,0.1,0.0,0.0,0.0,0.0
F-DFHC-U,2023,0.02599359578074967,0.9019607843137255,0.6632311725883735,0.04646957779585933,0.0,0.07145539381127375,0.08,0.06,0.0,0.746,0.1,0.9,0.0,0.0,0.0
F-DFHC-U,2023,0.02599359578074967,0.9019607843137255,0.6908055329536208,0.05478708977488474,0.0,0.0798495673464679,0.08,0.06,0.0,0.746,0.12,0.0,0.0,0.0,0.0
F-DFHC-U,2023,0.02599359578074967,0.9019607843137255,0.6908055329536208,0.05478708977488474,0.0,0.0798495673464679,0.08,0.06,0.0,0.746,0.12,0.9,0.0,0.0,0.0
F-DFHC-U,2023,0.02599359578074967,0.9019607843137255,0.6632311725883735,0.04646957779585933,0.0,0.07145539381127375,0.08,0.06,0.0,0.75,0.1,0.0,0.0,0.0,0.0
F-DFHC-U,2023,0.02599359578074967,0.9019607843137255,0.6632311725883735,0.04646957779585933,0.0,0.07145539381127375,0.08,0.06,0.0,0.75,0.1,0.9,0.0,0.0,0.0
F-DFHC-U,2023,0.02599359578074967,0.9019607843137255,0.6908055329536208,0.05478708977488474,0.0,0.0798495673464679,0.08,0.06,0.0,0.75,0.12,0.0,0.0,0.0,0.0
F-DFHC-U,2023,0.02599359578074967,0.9019607843137255,0.6908055329536208,0.05478708977488474,0.0,0.0798495673464679,0.08,0.06,0.0,0.75,0.12,0.9,0.0,0.0,0.0
F-DFHC-U,2023,0.02599359578074967,0.9019607843137255,0.6632311725883735,0.04646957779585933,0.0,0.07145539381127375,0.08,0.06,0.02,0.0,0.1,0.0,0.0,0.0,0.0
F-DFHC-U,2023,0.02599359578074967,0.9019607843137255,0.6632311725883735,0.04646957779585933,0.0,0.07145539381127375,0.08,0.06,0.02,0.0,0.1,0.9,0.0,0.0,0.0
F-DFHC-U,2023,0.02599359578074967,0.9019607843137255,0.6908055329536208,0.05478708977488474,0.0,0.0798495673464679,0.08,0.06,0.02,0.0,0.12,0.0,0.0,0.0,0.0
F-DFHC-U,2023,0.02599359578074967,0.9019607843137255,0.6908055329536208,0.05478708977488474,0.0,0.0798495673464679,0.08,0.06,0.02,0.0,0.12,0.9,0.0,0.0,0.0
F-DFHC-U,2023,0.02599359578074967,0.9019607843137255,0.6632311725883735,0.04646957779585933,0.0,0.07145539381127375,0.08,0.06,0.02,0.7,0.1,0.0,0.0,0.0,0.0
F-DFHC-U,2023,0.02599359578074967,0.9019607843137255,0.6632311725883735,0.04646957779585933,0.0,0.07145539381127375,0.08,0.06,0.02,0.7,0.1,0.9,0.0,0.0,0.0
F-DFHC-U,2023,0.02599359578074967,0.9019607843137255,0.6908055329536208,0.05478708977488474,0.0,0.0798495673464679,0.08,0.06,0.02,0.7,0.12,0.0,0.0,0.0,0.0
F-DFHC-U,2023,0.02599359578074967,0.9019607843137255,0.6908055329536208,0.05478708977488474,0.0,0.0798495673464679,0.08,0.06,0.02,0.7,0.12,0.9,0.0,0.0,0.0
F-DFHC-U,2023,0.02599359578074967,0.9019607843137255,0.6632311725883735,0.04646957779585933,0.0,0.07145539381127375,0.08,0.06,0.02,0.72,0.1,0.0,0.0,0.0,0.0
F-DFHC-U,2023,0.02599359578074967,0.9019607843137255,0.6632311725883735,0.04646957779585933,0.0,0.07145539381127375,0.08,0.06,0.02,0.72,0.1,0.9,0.0,0.0,0.0
F-DFHC-U,2023,0.02599359578074967,0.9019607843137255,0.6908055329536208,0.05478708977488474,0.0,0.0798495673464679,0.08,0.06,0.02,0.72,0.12,0.0,0.0,0.0,0.0
F-DFHC-U,2023,0.02599359578074967,0.9019607843137255,0.6908055329536208,0.05478708977488474,0.0,0.0798495673464679,0.08,0.06,0.02,0.72,0.12,0.9,0.0,0.0,0.0
F-DFHC-U,2023,0.02599359578074967,0.9019607843137255,0.6632311725883735,0.04646957779585933,0.0,0.07145539381127375,0.08,0.06,0.02,0.73,0.1,0.0,0.0,0.0,0.0
F-DFHC-U,2023,0.02599359578074967,0.9019607843137255,0.6632311725883735,0.04646957779585933,0.0,0.07145539381127375,0.08,0.06,0.02,0.73,0.1,0.9,0.0,0.0,0.0
F-DFHC-U,2023,0.02599359578074967,0.9019607843137255,0.6908055329536208,0.05478708977488474,0.0,0.0798495673464679,0.08,0.06,0.02,0.73,0.12,0.0,0.0,0.0,0.0
F-DFHC-U,2023,0.02599359578074967,0.9019607843137255,0.6908055329536208,0.05478708977488474,0.0,0.0798495673464679,0.08,0.06,0.02,0.73,0.12,0.9,0.0,0.0,0.0
F-DFHC-U,2023,0.02599359578074967,0.9019607843137255,0.6632311725883735,0.04646957779585933,0.0,0.07145539381127375,0.08,0.06,0.02,0.74,0.1,0.0,0.0,0.0,0.0
F-DFHC-U,2023,0.02599359578074967,0.9019607843137255,0.6632311725883735,0.04646957779585933,0.0,0.07145539381127375,0.08,0.06,0.02,0.74,0.1,0.9,0.0,0.0,0.0
F-DFHC-U,2023,0.02599359578074967,0.9019607843137255,0.6908055329536208,0.05478708977488474,0.0,0.0798495673464679,0.08,0.06,0.02,0.74,0.12,0.0,0.0,0.0,0.0
F-DFHC-U,2023,0.02599359578074967,0.9019607843137255,0.6908055329536208,0.05478708977488474,0.0,0.0798495673464679,0.08,0.06,0.02,0.74,0.12,0.9,0.0,0.0,0.0
F-DFHC-U,2023,0.02599359578074967,0.9019607843137255,0.6632311725883735,0.04646957779585933,0.0,0.07145539381127375,0.08,0.06,0.02,0.746,0.1,0.0,0.0,0.0,0.0
F-DFHC-U,2023,0.02599359578074967,0.9019607843137255,0.6632311725883735,0.04646957779585933,0.0,0.07145539381127375,0.08,0.06,0.02,0.746,0.1,0.9,0.0,0.0,0.0
F-DFHC-U,2023,0.02599359578074967,0.9019607843137255,0.6908055329536208,0.05478708977488474,0.0,0.0798495673464679,0.08,0.06,0.02,0.746,0.12,0.0,0.0,0.0,0.0
F-DFHC-U,2023,0.02599359578074967,0.9019607843137255,0.6908055329536208,0.05478708977488474,0.0,0.0798495673464679,0.08,0.06,0.02,0.746,0.12,0.9,0.0,0.0,0.0
F-DFHC-U,2023,0.02599359578074967,0.9019607843137255,0.6632311725883735,0.04646957779585933,0.0,0.07145539381127375,0.08,0.06,0.02,0.75,0.1,0.0,0.0,0.0,0.0
F-DFHC-U,2023,0.02599359578074967,0.9019607843137255,0.6632311725883735,0.04646957779585933,0.0,0.07145539381127375,0.08,0.06,0.02,0.75,0.1,0.9,0.0,0.0,0.0
F-DFHC-U,2023,0.02599359578074967,0.9019607843137255,0.6908055329536208,0.05478708977488474,0.0,0.0798495673464679,0.08,0.06,0.02,0.75,0.12,0.0,0.0,0.0,0.0
F-DFHC-U,2023,0.02599359578074967,0.9019607843137255,0.6908055329536208,0.05478708977488474,0.0,0.0798495673464679,0.08,0.06,0.02,0.75,0.12,0.9,0.0,0.0,0.0
F-DFHC-U,2023,0.02599359578074967,0.9019607843137255,0.6632311725883735,0.04646957779585933,0.0,0.07145539381127375,0.08,0.06,0.04,0.0,0.1,0.0,0.0,0.0,0.0
F-DFHC-U,2023,0.02599359578074967,0.9019607843137255,0.6632311725883735,0.04646957779585933,0.0,0.07145539381127375,0.08,0.06,0.04,0.0,0.1,0.9,0.0,0.0,0.0
F-DFHC-U,2023,0.02599359578074967,0.9019607843137255,0.6908055329536208,0.05478708977488474,0.0,0.0798495673464679,0.08,0.06,0.04,0.0,0.12,0.0,0.0,0.0,0.0
F-DFHC-U,2023,0.02599359578074967,0.9019607843137255,0.6908055329536208,0.05478708977488474,0.0,0.0798495673464679,0.08,0.06,0.04,0.0,0.12,0.9,0.0,0.0,0.0
F-DFHC-U,2023,0.02599359578074967,0.9019607843137255,0.6632311725883735,0.04646957779585933,0.0,0.07145539381127375,0.08,0.06,0.04,0.7,0.1,0.0,0.0,0.0,0.0
F-DFHC-U,2023,0.02599359578074967,0.9019607843137255,0.6632311725883735,0.04646957779585933,0.0,0.07145539381127375,0.08,0.06,0.04,0.7,0.1,0.9,0.0,0.0,0.0
F-DFHC-U,2023,0.02599359578074967,0.9019607843137255,0.6908055329536208,0.05478708977488474,0.0,0.0798495673464679,0.08,0.06,0.04,0.7,0.12,0.0,0.0,0.0,0.0
F-DFHC-U,2023,0.02599359578074967,0.9019607843137255,0.6908055329536208,0.05478708977488474,0.0,0.0798495673464679,0.08,0.06,0.04,0.7,0.12,0.9,0.0,0.0,0.0
F-DFHC-U,2023,0.02599359578074967,0.9019607843137255,0.6632311725883735,0.04646957779585933,0.0,0.07145539381127375,0.08,0.06,0.04,0.72,0.1,0.0,0.0,0.0,0.0
F-DFHC-U,2023,0.02599359578074967,0.9019607843137255,0.6632311725883735,0.04646957779585933,0.0,0.07145539381127375,0.08,0.06,0.04,0.72,0.1,0.9,0.0,0.0,0.0
F-DFHC-U,2023,0.02599359578074967,0.9019607843137255,0.6908055329536208,0.05478708977488474,0.0,0.0798495673464679,0.08,0.06,0.04,0.72,0.12,0.0,0.0,0.0,0.0
F-DFHC-U,2023,0.02599359578074967,0.9019607843137255,0.6908055329536208,0.05478708977488474,0.0,0.0798495673464679,0.08,0.06,0.04,0.72,0.12,0.9,0.0,0.0,0.0
F-DFHC-U,2023,0.02599359578074967,0.9019607843137255,0.6632311725883735,0.04646957779585933,0.0,0.07145539381127375,0.08,0.06,0.04,0.73,0.1,0.0,0.0,0.0,0.0
F-DFHC-U,2023,0.02599359578074967,0.9019607843137255,0.6632311725883735,0.04646957779585933,0.0,0.07145539381127375,0.08,0.06,0.04,0.73,0.1,0.9,0.0,0.0,0.0
F-DFHC-U,2023,0.02599359578074967,0.9019607843137255,0.6908055329536208,0.05478708977488474,0.0,0.0798495673464679,0.08,0.06,0.04,0.73,0.12,0.0,0.0,0.0,0.0
F-DFHC-U,2023,0.02599359578074967,0.9019607843137255,0.6908055329536208,0.05478708977488474,0.0,0.0798495673464679,0.08,0.06,0.04,0.73,0.12,0.9,0.0,0.0,0.0
F-DFHC-U,2023,0.02599359578074967,0.9019607843137255,0.6632311725883735,0.04646957779585933,0.0,0.07145539381127375,0.08,0.06,0.04,0.74,0.1,0.0,0.0,0.0,0.0
F-DFHC-U,2023,0.02599359578074967,0.9019607843137255,0.6632311725883735,0.04646957779585933,0.0,0.07145539381127375,0.08,0.06,0.04,0.74,0.1,0.9,0.0,0.0,0.0
F-DFHC-U,2023,0.02599359578074967,0.9019607843137255,0.6908055329536208,0.05478708977488474,0.0,0.0798495673464679,0.08,0.06,0.04,0.74,0.12,0.0,0.0,0.0,0.0
F-DFHC-U,2023,0.02599359578074967,0.9019607843137255,0.6908055329536208,0.05478708977488474,0.0,0.0798495673464679,0.08,0.06,0.04,0.74,0.12,0.9,0.0,0.0,0.0
F-DFHC-U,2023,0.02599359578074967,0.9019607843137255,0.6632311725883735,0.04646957779585933,0.0,0.07145539381127375,0.08,0.06,0.04,0.746,0.1,0.0,0.0,0.0,0.0
F-DFHC-U,2023,0.02599359578074967,0.9019607843137255,0.6632311725883735,0.04646957779585933,0.0,0.07145539381127375,0.08,0.06,0.04,0.746,0.1,0.9,0.0,0.0,0.0
F-DFHC-U,2023,0.02599359578074967,0.9019607843137255,0.6908055329536208,0.05478708977488474,0.0,0.0798495673464679,0.08,0.06,0.04,0.746,0.12,0.0,0.0,0.0,0.0
F-DFHC-U,2023,0.02599359578074967,0.9019607843137255,0.6908055329536208,0.05478708977488474,0.0,0.0798495673464679,0.08,0.06,0.04,0.746,0.12,0.9,0.0,0.0,0.0
F-DFHC-U,2023,0.02599359578074967,0.9019607843137255,0.6632311725883735,0.04646957779585933,0.0,0.07145539381127375,0.08,0.06,0.04,0.75,0.1,0.0,0.0,0.0,0.0
F-DFHC-U,2023,0.02599359578074967,0.9019607843137255,0.6632311725883735,0.04646957779585933,0.0,0.07145539381127375,0.08,0.06,0.04,0.75,0.1,0.9,0.0,0.0,0.0
F-DFHC-U,2023,0.02599359578074967,0.9019607843137255,0.6908055329536208,0.05478708977488474,0.0,0.0798495673464679,0.08,0.06,0.04,0.75,0.12,0.0,0.0,0.0,0.0
F-DFHC-U,2023,0.02599359578074967,0.9019607843137255,0.6908055329536208,0.05478708977488474,0.0,0.0798495673464679,0.08,0.06,0.04,0.75,0.12,0.9,0.0,0.0,0.0
F-DFHC-U,2023,0.02599359578074967,0.9019607843137255,0.6632311725883735,0.04646957779585933,0.0,0.07145539381127375,0.1,0.04,0.0,0.0,0.1,0.0,0.0,0.0,0.0
F-DFHC-U,2023,0.02599359578074967,0.9019607843137255,0.6632311725883735,0.04646957779585933,0.0,0.07145539381127375,0.1,0.04,0.0,0.0,0.1,0.9,0.0,0.0,0.0
F-DFHC-U,2023,0.02599359578074967,0.9019607843137255,0.6908055329536208,0.05478708977488474,0.0,0.0798495673464679,0.1,0.04,0.0,0.0,0.12,0.0,0.0,0.0,0.0
F-DFHC-U,2023,0.02599359578074967,0.9019607843137255,0.6908055329536208,0.05478708977488474,0.0,0.0798495673464679,0.1,0.04,0.0,0.0,0.12,0.9,0.0,0.0,0.0
F-DFHC-U,2023,0.02599359578074967,0.9019607843137255,0.6632311725883735,0.04646957779585933,0.0,0.07145539381127375,0.1,0.04,0.0,0.7,0.1,0.0,0.0,0.0,0.0
F-DFHC-U,2023,0.02599359578074967,0.9019607843137255,0.6632311725883735,0.04646957779585933,0.0,0.07145539381127375,0.1,0.04,0.0,0.7,0.1,0.9,0.0,0.0,0.0
F-DFHC-U,2023,0.02599359578074967,0.9019607843137255,0.6908055329536208,0.05478708977488474,0.0,0.0798495673464679,0.1,0.04,0.0,0.7,0.12,0.0,0.0,0.0,0.0
F-DFHC-U,2023,0.02599359578074967,0.9019607843137255,0.6908055329536208,0.05478708977488474,0.0,0.0798495673464679,0.1,0.04,0.0,0.7,0.12,0.9,0.0,0.0,0.0
F-DFHC-U,2023,0.02599359578074967,0.9019607843137255,0.6632311725883735,0.04646957779585933,0.0,0.07145539381127375,0.1,0.04,0.0,0.72,0.1,0.0,0.0,0.0,0.0
F-DFHC-U,2023,0.02599359578074967,0.9019607843137255,0.6632311725883735,0.04646957779585933,0.0,0.07145539381127375,0.1,0.04,0.0,0.72,0.1,0.9,0.0,0.0,0.0
F-DFHC-U,2023,0.02599359578074967,0.9019607843137255,0.6908055329536208,0.05478708977488474,0.0,0.0798495673464679,0.1,0.04,0.0,0.72,0.12,0.0,0.0,0.0,0.0
F-DFHC-U,2023,0.02599359578074967,0.9019607843137255,0.6908055329536208,0.05478708977488474,0.0,0.0798495673464679,0.1,0.04,0.0,0.72,0.12,0.9,0.0,0.0,0.0
F-DFHC-U,2023,0.02599359578074967,0.9019607843137255,0.6632311725883735,0.04646957779585933,0.0,0.07145539381127375,0.1,0.04,0.0,0.73,0.1,0.0,0.0,0.0,0.0
F-DFHC-U,2023,0.02599359578074967,0.9019607843137255,0.6632311725883735,0.04646957779585933,0.0,0.07145539381127375,0.1,0.04,0.0,0.73,0.1,0.9,0.0,0.0,0.0
F-DFHC-U,2023,0.02599359578074967,0.9019607843137255,0.6908055329536208,0.05478708977488474,0.0,0.0798495673464679,0.1,0.04,0.0,0.73,0.12,0.0,0.0,0.0,0.0
F-DFHC-U,2023,0.02599359578074967,0.9019607843137255,0.6908055329536208,0.05478708977488474,0.0,0.0798495673464679,0.1,0.04,0.0,0.73,0.12,0.9,0.0,0.0,0.0
F-DFHC-U,2023,0.02599359578074967,0.9019607843137255,0.6632311725883735,0.04646957779585933,0.0,0.07145539381127375,0.1,0.04,0.0,0.74,0.1,0.0,0.0,0.0,0.0
F-DFHC-U,2023,0.02599359578074967,0.9019607843137255,0.6632311725883735,0.04646957779585933,0.0,0.07145539381127375,0.1,0.04,0.0,0.74,0.1,0.9,0.0,0.0,0.0
F-DFHC-U,2023,0.02599359578074967,0.9019607843137255,0.6908055329536208,0.05478708977488474,0.0,0.0798495673464679,0.1,0.04,0.0,0.74,0.12,0.0,0.0,0.0,0.0
F-DFHC-U,2023,0.02599359578074967,0.9019607843137255,0.6908055329536208,0.05478708977488474,0.0,0.0798495673464679,0.1,0.04,0.0,0.74,0.12,0.9,0.0,0.0,0.0
F-DFHC-U,2023,0.02599359578074967,0.9019607843137255,0.6632311725883735,0.04646957779585933,0.0,0.07145539381127375,0.1,0.04,0.0,0.746,0.1,0.0,0.0,0.0,0.0
F-DFHC-U,2023,0.02599359578074967,0.9019607843137255,0.6632311725883735,0.04646957779585933,0.0,0.07145539381127375,0.1,0.04,0.0,0.746,0.1,0.9,0.0,0.0,0.0
F-DFHC-U,2023,0.02599359578074967,0.9019607843137255,0.6908055329536208,0.05478708977488474,0.0,0.0798495673464679,0.1,0.04,0.0,0.746,0.12,0.0,0.0,0.0,0.0
F-DFHC-U,2023,0.02599359578074967,0.9019607843137255,0.6908055329536208,0.05478708977488474,0.0,0.0798495673464679,0.1,0.04,0.0,0.746,0.12,0.9,0.0,0.0,0.0
F-DFHC-U,2023,0.02599359578074967,0.9019607843137255,0.6632311725883735,0.04646957779585933,0.0,0.07145539381127375,0.1,0.04,0.0,0.75,0.1,0.0,0.0,0.0,0.0
F-DFHC-U,2023,0.02599359578074967,0.9019607843137255,0.6632311725883735,0.04646957779585933,0.0,0.07145539381127375,0.1,0.04,0.0,0.75,0.1,0.9,0.0,0.0,0.0
F-DFHC-U,2023,0.02599359578074967,0.9019607843137255,0.6908055329536208,0.05478708977488474,0.0,0.0798495673464679,0.1,0.04,0.0,0.75,0.12,0.0,0.0,0.0,0.0
F-DFHC-U,2023,0.02599359578074967,0.9019607843137255,0.6908055329536208,0.05478708977488474,0.0,0.0798495673464679,0.1,0.04,0.0,0.75,0.12,0.9,0.0,0.0,0.0
F-DFHC-U,2023,0.02599359578074967,0.9019607843137255,0.6632311725883735,0.04646957779585933,0.0,0.07145539381127375,0.1,0.04,0.02,0.0,0.1,0.0,0.0,0.0,0.0
F-DFHC-U,2023,0.02599359578074967,0.9019607843137255,0.6632311725883735,0.04646957779585933,0.0,0.07145539381127375,0.1,0.04,0.02,0.0,0.1,0.9,0.0,0.0,0.0
F-DFHC-U,2023,0.02599359578074967,0.9019607843137255,0.6908055329536208,0.05478708977488474,0.0,0.0798495673464679,0.1,0.04,0.02,0.0,0.12,0.0,0.0,0.0,0.0
F-DFHC-U,2023,0.02599359578074967,0.9019607843137255,0.6908055329536208,0.05478708977488474,0.0,0.0798495673464679,0.1,0.04,0.02,0.0,0.12,0.9,0.0,0.0,0.0
F-DFHC-U,2023,0.02599359578074967,0.9019607843137255,0.6632311725883735,0.04646957779585933,0.0,0.07145539381127375,0.1,0.04,0.02,0.7,0.1,0.0,0.0,0.0,0.0
F-DFHC-U,2023,0.02599359578074967,0.9019607843137255,0.6632311725883735,0.04646957779585933,0.0,0.07145539381127375,0.1,0.04,0.02,0.7,0.1,0.9,0.0,0.0,0.0
F-DFHC-U,2023,0.02599359578074967,0.9019607843137255,0.6908055329536208,0.05478708977488474,0.0,0.0798495673464679,0.1,0.04,0.02,0.7,0.12,0.0,0.0,0.0,0.0
F-DFHC-U,2023,0.02599359578074967,0.9019607843137255,0.6908055329536208,0.05478708977488474,0.0,0.0798495673464679,0.1,0.04,0.02,0.7,0.12,0.9,0.0,0.0,0.0
F-DFHC-U,2023,0.02599359578074967,0.9019607843137255,0.6632311725883735,0.04646957779585933,0.0,0.07145539381127375,0.1,0.04,0.02,0.72,0.1,0.0,0.0,0.0,0.0
F-DFHC-U,2023,0.02599359578074967,0.9019607843137255,0.6632311725883735,0.04646957779585933,0.0,0.07145539381127375,0.1,0.04,0.02,0.72,0.1,0.9,0.0,0.0,0.0
F-DFHC-U,2023,0.02599359578074967,0.9019607843137255,0.6908055329536208,0.05478708977488474,0.0,0.0798495673464679,0.1,0.04,0.02,0.72,0.12,0.0,0.0,0.0,0.0
F-DFHC-U,2023,0.02599359578074967,0.9019607843137255,0.6908055329536208,0.05478708977488474,0.0,0.0798495673464679,0.1,0.04,0.02,0.72,0.12,0.9,0.0,0.0,0.0
F-DFHC-U,2023,0.02599359578074967,0.9019607843137255,0.6632311725883735,0.04646957779585933,0.0,0.07145539381127375,0.1,0.04,0.02,0.73,0.1,0.0,0.0,0.0,0.0
F-DFHC-U,2023,0.02599359578074967,0.9019607843137255,0.6632311725883735,0.04646957779585933,0.0,0.07145539381127375,0.1,0.04,0.02,0.73,0.1,0.9,0.0,0.0,0.0
F-DFHC-U,2023,0.02599359578074967,0.9019607843137255,0.6908055329536208,0.05478708977488474,0.0,0.0798495673464679,0.1,0.04,0.02,0.73,0.12,0.0,0.0,0.0,0.0
F-DFHC-U,2023,0.02599359578074967,0.9019607843137255,0.6908055329536208,0.05478708977488474,0.0,0.0798495673464679,0.1,0.04,0.02,0.73,0.12,0.9,0.0,0.0,0.0
F-DFHC-U,2023,0.02599359578074967,0.9019607843137255,0.6632311725883735,0.04646957779585933,0.0,0.07145539381127375,0.1,0.04,0.02,0.74,0.1,0.0,0.0,0.0,0.0
F-DFHC-U,2023,0.02599359578074967,0.9019607843137255,0.6632311725883735,0.04646957779585933,0.0,0.07145539381127375,0.1,0.04,0.02,0.74,0.1,0.9,0.0,0.0,0.0
F-DFHC-U,2023,0.02599359578074967,0.9019607843137255,0.6908055329536208,0.05478708977488474,0.0,0.0798495673464679,0.1,0.04,0.02,0.74,0.12,0.0,0.0,0.0,0.0
F-DFHC-U,2023,0.02599359578074967,0.9019607843137255,0.6908055329536208,0.05478708977488474,0.0,0.0798495673464679,0.1,0.04,0.02,0.74,0.12,0.9,0.0,0.0,0.0
F-DFHC-U,2023,0.02599359578074967,0.9019607843137255,0.6632311725883735,0.04646957779585933,0.0,0.07145539381127375,0.1,0.04,0.02,0.746,0.1,0.0,0.0,0.0,0.0
F-DFHC-U,2023,0.02599359578074967,0.9019607843137255,0.6632311725883735,0.04646957779585933,0.0,0.07145539381127375,0.1,0.04,0.02,0.746,0.1,0.9,0.0,0.0,0.0
F-DFHC-U,2023,0.02599359578074967,0.9019607843137255,0.6908055329536208,0.05478708977488474,0.0,0.0798495673464679,0.1,0.04,0.02,0.746,0.12,0.0,0.0,0.0,0.0
F-DFHC-U,2023,0.02599359578074967,0.9019607843137255,0.6908055329536208,0.05478708977488474,0.0,0.0798495673464679,0.1,0.04,0.02,0.746,0.12,0.9,0.0,0.0,0.0
F-DFHC-U,2023,0.02599359578074967,0.9019607843137255,0.6632311725883735,0.04646957779585933,0.0,0.07145539381127375,0.1,0.04,0.02,0.75,0.1,0.0,0.0,0.0,0.0
F-DFHC-U,2023,0.02599359578074967,0.9019607843137255,0.6632311725883735,0.04646957779585933,0.0,0.07145539381127375,0.1,0.04,0.02,0.75,0.1,0.9,0.0,0.0,0.0
F-DFHC-U,2023,0.02599359578074967,0.9019607843137255,0.6908055329536208,0.05478708977488474,0.0,0.0798495673464679,0.1,0.04,0.02,0.75,0.12,0.0,0.0,0.0,0.0
F-DFHC-U,2023,0.02599359578074967,0.9019607843137255,0.6908055329536208,0.05478708977488474,0.0,0.0798495673464679,0.1,0.04,0.02,0.75,0.12,0.9,0.0,0.0,0.0
F-DFHC-U,2023,0.02599359578074967,0.9019607843137255,0.6632311725883735,0.04646957779585933,0.0,0.07145539381127375,0.1,0.04,0.04,0.0,0.1,0.0,0.0,0.0,0.0
F-DFHC-U,2023,0.02599359578074967,0.9019607843137255,0.6632311725883735,0.04646957779585933,0.0,0.07145539381127375,0.1,0.04,0.04,0.0,0.1,0.9,0.0,0.0,0.0
F-DFHC-U,2023,0.02599359578074967,0.9019607843137255,0.6908055329536208,0.05478708977488474,0.0,0.0798495673464679,0.1,0.04,0.04,0.0,0.12,0.0,0.0,0.0,0.0
F-DFHC-U,2023,0.02599359578074967,0.9019607843137255,0.6908055329536208,0.05478708977488474,0.0,0.0798495673464679,0.1,0.04,0.04,0.0,0.12,0.9,0.0,0.0,0.0
F-DFHC-U,2023,0.02599359578074967,0.9019607843137255,0.6632311725883735,0.04646957779585933,0.0,0.07145539381127375,0.1,0.04,0.04,0.7,0.1,0.0,0.0,0.0,0.0
F-DFHC-U,2023,0.02599359578074967,0.9019607843137255,0.6632311725883735,0.04646957779585933,0.0,0.07145539381127375,0.1,0.04,0.04,0.7,0.1,0.9,0.0,0.0,0.0
F-DFHC-U,2023,0.02599359578074967,0.9019607843137255,0.6908055329536208,0.05478708977488474,0.0,0.0798495673464679,0.1,0.04,0.04,0.7,0.12,0.0,0.0,0.0,0.0
F-DFHC-U,2023,0.02599359578074967,0.9019607843137255,0.6908055329536208,0.05478708977488474,0.0,0.0798495673464679,0.1,0.04,0.04,0.7,0.12,0.9,0.0,0.0,0.0
F-DFHC-U,2023,0.02599359578074967,0.9019607843137255,0.6632311725883735,0.04646957779585933,0.0,0.07145539381127375,0.1,0.04,0.04,0.72,0.1,0.0,0.0,0.0,0.0
F-DFHC-U,2023,0.02599359578074967,0.9019607843137255,0.6632311725883735,0.04646957779585933,0.0,0.07145539381127375,0.1,0.04,0.04,0.72,0.1,0.9,0.0,0.0,0.0
F-DFHC-U,2023,0.02599359578074967,0.9019607843137255,0.6908055329536208,0.05478708977488474,0.0,0.0798495673464679,0.1,0.04,0.04,0.72,0.12,0.0,0.0,0.0,0.0
F-DFHC-U,2023,0.02599359578074967,0.9019607843137255,0.6908055329536208,0.05478708977488474,0.0,0.0798495673464679,0.1,0.04,0.04,0.72,0.12,0.9,0.0,0.0,0.0
F-DFHC-U,2023,0.02599359578074967,0.9019607843137255,0.6632311725883735,0.04646957779585933,0.0,0.07145539381127375,0.1,0.04,0.04,0.73,0.1,0.0,0.0,0.0,0.0
F-DFHC-U,2023,0.02599359578074967,0.9019607843137255,0.6632311725883735,0.04646957779585933,0.0,0.07145539381127375,0.1,0.04,0.04,0.73,0.1,0.9,0.0,0.0,0.0
F-DFHC-U,2023,0.02599359578074967,0.9019607843137255,0.6908055329536208,0.05478708977488474,0.0,0.0798495673464679,0.1,0.04,0.04,0.73,0.12,0.0,0.0,0.0,0.0
F-DFHC-U,2023,0.02599359578074967,0.9019607843137255,0.6908055329536208,0.05478708977488474,0.0,0.0798495673464679,0.1,0.04,0.04,0.73,0.12,0.9,0.0,0.0,0.0
F-DFHC-U,2023,0.02599359578074967,0.9019607843137255,0.6632311725883735,0.04646957779585933,0.0,0.07145539381127375,0.1,0.04,0.04,0.74,0.1,0.0,0.0,0.0,0.0
F-DFHC-U,2023,0.02599359578074967,0.9019607843137255,0.6632311725883735,0.04646957779585933,0.0,0.07145539381127375,0.1,0.04,0.04,0.74,0.1,0.9,0.0,0.0,0.0
F-DFHC-U,2023,0.02599359578074967,0.9019607843137255,0.6908055329536208,0.05478708977488474,0.0,0.0798495673464679,0.1,0.04,0.04,0.74,0.12,0.0,0.0,0.0,0.0
F-DFHC-U,2023,0.02599359578074967,0.9019607843137255,0.6908055329536208,0.05478708977488474,0.0,0.0798495673464679,0.1,0.04,0.04,0.74,0.12,0.9,0.0,0.0,0.0
F-DFHC-U,2023,0.02599359578074967,0.9019607843137255,0.6632311725883735,0.04646957779585933,0.0,0.07145539381127375,0.1,0.04,0.04,0.746,0.1,0.0,0.0,0.0,0.0
F-DFHC-U,2023,0.02599359578074967,0.9019607843137255,0.6632311725883735,0.04646957779585933,0.0,0.07145539381127375,0.1,0.04,0.04,0.746,0.1,0.9,0.0,0.0,0.0
F-DFHC-U,2023,0.02599359578074967,0.9019607843137255,0.6908055329536208,0.05478708977488474,0.0,0.0798495673464679,0.1,0.04,0.04,0.746,0.12,0.0,0.0,0.0,0.0
F-DFHC-U,2023,0.02599359578074967,0.9019607843137255,0.6908055329536208,0.05478708977488474,0.0,0.0798495673464679,0.1,0.04,0.04,0.746,0.12,0.9,0.0,0.0,0.0
F-DFHC-U,2023,0.02599359578074967,0.9019607843137255,0.6632311725883735,0.04646957779585933,0.0,0.07145539381127375,0.1,0.04,0.04,0.75,0.1,0.0,0.0,0.0,0.0
F-DFHC-U,2023,0.02599359578074967,0.9019607843137255,0.6632311725883735,0.04646957779585933,0.0,0.07145539381127375,0.1,0.04,0.04,0.75,0.1,0.9,0.0,0.0,0.0
F-DFHC-U,2023,0.02599359578074967,0.9019607843137255,0.6908055329536208,0.05478708977488474,0.0,0.0798495673464679,0.1,0.04,0.04,0.75,0.12,0.0,0.0,0.0,0.0
F-DFHC-U,2023,0.02599359578074967,0.9019607843137255,0.6908055329536208,0.05478708977488474,0.0,0.0798495673464679,0.1,0.04,0.04,0.75,0.12,0.9,0.0,0.0,0.0
F-DFHC-U,2023,0.02599359578074967,0.9019607843137255,0.6632311725883735,0.04646957779585933,0.0,0.07145539381127375,0.1,0.06,0.0,0.0,0.1,0.0,0.0,0.0,0.0
F-DFHC-U,2023,0.02599359578074967,0.9019607843137255,0.6632311725883735,0.04646957779585933,0.0,0.07145539381127375,0.1,0.06,0.0,0.0,0.1,0.9,0.0,0.0,0.0
F-DFHC-U,2023,0.02599359578074967,0.9019607843137255,0.6908055329536208,0.05478708977488474,0.0,0.0798495673464679,0.1,0.06,0.0,0.0,0.12,0.0,0.0,0.0,0.0
F-DFHC-U,2023,0.02599359578074967,0.9019607843137255,0.6908055329536208,0.05478708977488474,0.0,0.0798495673464679,0.1,0.06,0.0,0.0,0.12,0.9,0.0,0.0,0.0
F-DFHC-U,2023,0.02599359578074967,0.9019607843137255,0.6632311725883735,0.04646957779585933,0.0,0.07145539381127375,0.1,0.06,0.0,0.7,0.1,0.0,0.0,0.0,0.0
F-DFHC-U,2023,0.02599359578074967,0.9019607843137255,0.6632311725883735,0.04646957779585933,0.0,0.07145539381127375,0.1,0.06,0.0,0.7,0.1,0.9,0.0,0.0,0.0
F-DFHC-U,2023,0.02599359578074967,0.9019607843137255,0.6908055329536208,0.05478708977488474,0.0,0.0798495673464679,0.1,0.06,0.0,0.7,0.12,0.0,0.0,0.0,0.0
F-DFHC-U,2023,0.02599359578074967,0.9019607843137255,0.6908055329536208,0.05478708977488474,0.0,0.0798495673464679,0.1,0.06,0.0,0.7,0.12,0.9,0.0,0.0,0.0
F-DFHC-U,2023,0.02599359578074967,0.9019607843137255,0.6632311725883735,0.04646957779585933,0.0,0.07145539381127375,0.1,0.06,0.0,0.72,0.1,0.0,0.0,0.0,0.0
F-DFHC-U,2023,0.02599359578074967,0.9019607843137255,0.6632311725883735,0.04646957779585933,0.0,0.07145539381127375,0.1,0.06,0.0,0.72,0.1,0.9,0.0,0.0,0.0
F-DFHC-U,2023,0.02599359578074967,0.9019607843137255,0.6908055329536208,0.05478708977488474,0.0,0.0798495673464679,0.1,0.06,0.0,0.72,0.12,0.0,0.0,0.0,0.0
F-DFHC-U,2023,0.02599359578074967,0.9019607843137255,0.6908055329536208,0.05478708977488474,0.0,0.0798495673464679,0.1,0.06,0.0,0.72,0.12,0.9,0.0,0.0,0.0
F-DFHC-U,2023,0.02599359578074967,0.9019607843137255,0.6632311725883735,0.04646957779585933,0.0,0.07145539381127375,0.1,0.06,0.0,0.73,0.1,0.0,0.0,0.0,0.0
F-DFHC-U,2023,0.02599359578074967,0.9019607843137255,0.6632311725883735,0.04646957779585933,0.0,0.07145539381127375,0.1,0.06,0.0,0.73,0.1,0.9,0.0,0.0,0.0
F-DFHC-U,2023,0.02599359578074967,0.9019607843137255,0.6908055329536208,0.05478708977488474,0.0,0.0798495673464679,0.1,0.06,0.0,0.73,0.12,0.0,0.0,0.0,0.0
F-DFHC-U,2023,0.02599359578074967,0.9019607843137255,0.6908055329536208,0.05478708977488474,0.0,0.0798495673464679,0.1,0.06,0.0,0.73,0.12,0.9,0.0,0.0,0.0
F-DFHC-U,2023,0.02599359578074967,0.9019607843137255,0.6632311725883735,0.04646957779585933,0.0,0.07145539381127375,0.1,0.06,0.0,0.74,0.1,0.0,0.0,0.0,0.0
F-DFHC-U,2023,0.02599359578074967,0.9019607843137255,0.6632311725883735,0.04646957779585933,0.0,0.07145539381127375,0.1,0.06,0.0,0.74,0.1,0.9,0.0,0.0,0.0
F-DFHC-U,2023,0.02599359578074967,0.9019607843137255,0.6908055329536208,0.05478708977488474,0.0,0.0798495673464679,0.1,0.06,0.0,0.74,0.12,0.0,0.0,0.0,0.0
F-DFHC-U,2023,0.02599359578074967,0.9019607843137255,0.6908055329536208,0.05478708977488474,0.0,0.0798495673464679,0.1,0.06,0.0,0.74,0.12,0.9,0.0,0.0,0.0
F-DFHC-U,2023,0.02599359578074967,0.9019607843137255,0.6632311725883735,0.04646957779585933,0.0,0.07145539381127375,0.1,0.06,0.0,0.746,0.1,0.0,0.0,0.0,0.0
F-DFHC-U,2023,0.02599359578074967,0.9019607843137255,0.6632311725883735,0.04646957779585933,0.0,0.07145539381127375,0.1,0.06,0.0,0.746,0.1,0.9,0.0,0.0,0.0
F-DFHC-U,2023,0.02599359578074967,0.9019607843137255,0.6908055329536208,0.05478708977488474,0.0,0.0798495673464679,0.1,0.06,0.0,0.746,0.12,0.0,0.0,0.0,0.0
F-DFHC-U,2023,0.02599359578074967,0.9019607843137255,0.6908055329536208,0.05478708977488474,0.0,0.0798495673464679,0.1,0.06,0.0,0.746,0.12,0.9,0.0,0.0,0.0
F-DFHC-U,2023,0.02599359578074967,0.9019607843137255,0.6632311725883735,0.04646957779585933,0.0,0.07145539381127375,0.1,0.06,0.0,0.75,0.1,0.0,0.0,0.0,0.0
F-DFHC-U,2023,0.02599359578074967,0.9019607843137255,0.6632311725883735,0.04646957779585933,0.0,0.07145539381127375,0.1,0.06,0.0,0.75,0.1,0.9,0.0,0.0,0.0
F-DFHC-U,2023,0.02599359578074967,0.9019607843137255,0.6908055329536208,0.05478708977488474,0.0,0.0798495673464679,0.1,0.06,0.0,0.75,0.12,0.0,0.0,0.0,0.0
F-DFHC-U,2023,0.02599359578074967,0.9019607843137255,0.6908055329536208,0.05478708977488474,0.0,0.0798495673464679,0.1,0.06,0.0,0.75,0.12,0.9,0.0,0.0,0.0
F-DFHC-U,2023,0.02599359578074967,0.9019607843137255,0.6632311725883735,0.04646957779585933,0.0,0.07145539381127375,0.1,0.06,0.02,0.0,0.1,0.0,0.0,0.0,0.0
F-DFHC-U,2023,0.02599359578074967,0.9019607843137255,0.6632311725883735,0.04646957779585933,0.0,0.07145539381127375,0.1,0.06,0.02,0.0,0.1,0.9,0.0,0.0,0.0
F-DFHC-U,2023,0.02599359578074967,0.9019607843137255,0.6908055329536208,0.05478708977488474,0.0,0.0798495673464679,0.1,0.06,0.02,0.0,0.12,0.0,0.0,0.0,0.0
F-DFHC-U,2023,0.02599359578074967,0.9019607843137255,0.6908055329536208,0.05478708977488474,0.0,0.0798495673464679,0.1,0.06,0.02,0.0,0.12,0.9,0.0,0.0,0.0
F-DFHC-U,2023,0.02599359578074967,0.9019607843137255,0.6632311725883735,0.04646957779585933,0.0,0.07145539381127375,0.1,0.06,0.02,0.7,0.1,0.0,0.0,0.0,0.0
F-DFHC-U,2023,0.02599359578074967,0.9019607843137255,0.6632311725883735,0.04646957779585933,0.0,0.07145539381127375,0.1,0.06,0.02,0.7,0.1,0.9,0.0,0.0,0.0
F-DFHC-U,2023,0.02599359578074967,0.9019607843137255,0.6908055329536208,0.05478708977488474,0.0,0.0798495673464679,0.1,0.06,0.02,0.7,0.12,0.0,0.0,0.0,0.0
F-DFHC-U,2023,0.02599359578074967,0.9019607843137255,0.6908055329536208,0.05478708977488474,0.0,0.0798495673464679,0.1,0.06,0.02,0.7,0.12,0.9,0.0,0.0,0.0
F-DFHC-U,2023,0.02599359578074967,0.9019607843137255,0.6632311725883735,0.04646957779585933,0.0,0.07145539381127375,0.1,0.06,0.02,0.72,0.1,0.0,0.0,0.0,0.0
F-DFHC-U,2023,0.02599359578074967,0.9019607843137255,0.6632311725883735,0.04646957779585933,0.0,0.07145539381127375,0.1,0.06,0.02,0.72,0.1,0.9,0.0,0.0,0.0
F-DFHC-U,2023,0.02599359578074967,0.9019607843137255,0.6908055329536208,0.05478708977488474,0.0,0.0798495673464679,0.1,0.06,0.02,0.72,0.12,0.0,0.0,0.0,0.0
F-DFHC-U,2023,0.02599359578074967,0.9019607843137255,0.6908055329536208,0.05478708977488474,0.0,0.0798495673464679,0.1,0.06,0.02,0.72,0.12,0.9,0.0,0.0,0.0
F-DFHC-U,2023,0.02599359578074967,0.9019607843137255,0.6632311725883735,0.04646957779585933,0.0,0.07145539381127375,0.1,0.06,0.02,0.73,0.1,0.0,0.0,0.0,0.0
F-DFHC-U,2023,0.02599359578074967,0.9019607843137255,0.6632311725883735,0.04646957779585933,0.0,0.07145539381127375,0.1,0.06,0.02,0.73,0.1,0.9,0.0,0.0,0.0
F-DFHC-U,2023,0.02599359578074967,0.9019607843137255,0.6908055329536208,0.05478708977488474,0.0,0.0798495673464679,0.1,0.06,0.02,0.73,0.12,0.0,0.0,0.0,0.0
F-DFHC-U,2023,0.02599359578074967,0.9019607843137255,0.6908055329536208,0.05478708977488474,0.0,0.0798495673464679,0.1,0.06,0.02,0.73,0.12,0.9,0.0,0.0,0.0
F-DFHC-U,2023,0.02599359578074967,0.9019607843137255,0.6632311725883735,0.04646957779585933,0.0,0.07145539381127375,0.1,0.06,0.02,0.74,0.1,0.0,0.0,0.0,0.0
F-DFHC-U,2023,0.02599359578074967,0.9019607843137255,0.6632311725883735,0.04646957779585933,0.0,0.07145539381127375,0.1,0.06,0.02,0.74,0.1,0.9,0.0,0.0,0.0
F-DFHC-U,2023,0.02599359578074967,0.9019607843137255,0.6908055329536208,0.05478708977488474,0.0,0.0798495673464679,0.1,0.06,0.02,0.74,0.12,0.0,0.0,0.0,0.0
F-DFHC-U,2023,0.02599359578074967,0.9019607843137255,0.6908055329536208,0.05478708977488474,0.0,0.0798495673464679,0.1,0.06,0.02,0.74,0.12,0.9,0.0,0.0,0.0
F-DFHC-U,2023,0.02599359578074967,0.9019607843137255,0.6632311725883735,0.04646957779585933,0.0,0.07145539381127375,0.1,0.06,0.02,0.746,0.1,0.0,0.0,0.0,0.0
F-DFHC-U,2023,0.02599359578074967,0.9019607843137255,0.6632311725883735,0.04646957779585933,0.0,0.07145539381127375,0.1,0.06,0.02,0.746,0.1,0.9,0.0,0.0,0.0
F-DFHC-U,2023,0.02599359578074967,0.9019607843137255,0.6908055329536208,0.05478708977488474,0.0,0.0798495673464679,0.1,0.06,0.02,0.746,0.12,0.0,0.0,0.0,0.0
F-DFHC-U,2023,0.02599359578074967,0.9019607843137255,0.6908055329536208,0.05478708977488474,0.0,0.0798495673464679,0.1,0.06,0.02,0.746,0.12,0.9,0.0,0.0,0.0
F-DFHC-U,2023,0.02599359578074967,0.9019607843137255,0.6632311725883735,0.04646957779585933,0.0,0.07145539381127375,0.1,0.06,0.02,0.75,0.1,0.0,0.0,0.0,0.0
F-DFHC-U,2023,0.02599359578074967,0.9019607843137255,0.6632311725883735,0.04646957779585933,0.0,0.07145539381127375,0.1,0.06,0.02,0.75,0.1,0.9,0.0,0.0,0.0
F-DFHC-U,2023,0.02599359578074967,0.9019607843137255,0.6908055329536208,0.05478708977488474,0.0,0.0798495673464679,0.1,0.06,0.02,0.75,0.12,0.0,0.0,0.0,0.0
F-DFHC-U,2023,0.02599359578074967,0.9019607843137255,0.6908055329536208,0.05478708977488474,0.0,0.0798495673464679,0.1,0.06,0.02,0.75,0.12,0.9,0.0,0.0,0.0
F-DFHC-U,2023,0.02599359578074967,0.9019607843137255,0.6632311725883735,0.04646957779585933,0.0,0.07145539381127375,0.1,0.06,0.04,0.0,0.1,0.0,0.0,0.0,0.0
F-DFHC-U,2023,0.02599359578074967,0.9019607843137255,0.6632311725883735,0.04646957779585933,0.0,0.07145539381127375,0.1,0.06,0.04,0.0,0.1,0.9,0.0,0.0,0.0
F-DFHC-U,2023,0.02599359578074967,0.9019607843137255,0.6908055329536208,0.05478708977488474,0.0,0.0798495673464679,0.1,0.06,0.04,0.0,0.12,0.0,0.0,0.0,0.0
F-DFHC-U,2023,0.02599359578074967,0.9019607843137255,0.6908055329536208,0.05478708977488474,0.0,0.0798495673464679,0.1,0.06,0.04,0.0,0.12,0.9,0.0,0.0,0.0
F-DFHC-U,2023,0.02599359578074967,0.9019607843137255,0.6632311725883735,0.04646957779585933,0.0,0.07145539381127375,0.1,0.06,0.04,0.7,0.1,0.0,0.0,0.0,0.0
F-DFHC-U,2023,0.02599359578074967,0.9019607843137255,0.6632311725883735,0.04646957779585933,0.0,0.07145539381127375,0.1,0.06,0.04,0.7,0.1,0.9,0.0,0.0,0.0
F-DFHC-U,2023,0.02599359578074967,0.9019607843137255,0.6908055329536208,0.05478708977488474,0.0,0.0798495673464679,0.1,0.06,0.04,0.7,0.12,0.0,0.0,0.0,0.0
F-DFHC-U,2023,0.02599359578074967,0.9019607843137255,0.6908055329536208,0.05478708977488474,0.0,0.0798495673464679,0.1,0.06,0.04,0.7,0.12,0.9,0.0,0.0,0.0
F-DFHC-U,2023,0.02599359578074967,0.9019607843137255,0.6632311725883735,0.04646957779585933,0.0,0.07145539381127375,0.1,0.06,0.04,0.72,0.1,0.0,0.0,0.0,0.0
F-DFHC-U,2023,0.02599359578074967,0.9019607843137255,0.6632311725883735,0.04646957779585933,0.0,0.07145539381127375,0.1,0.06,0.04,0.72,0.1,0.9,0.0,0.0,0.0
F-DFHC-U,2023,0.02599359578074967,0.9019607843137255,0.6908055329536208,0.05478708977488474,0.0,0.0798495673464679,0.1,0.06,0.04,0.72,0.12,0.0,0.0,0.0,0.0
F-DFHC-U,2023,0.02599359578074967,0.9019607843137255,0.6908055329536208,0.05478708977488474,0.0,0.0798495673464679,0.1,0.06,0.04,0.72,0.12,0.9,0.0,0.0,0.0
F-DFHC-U,2023,0.02599359578074967,0.9019607843137255,0.6632311725883735,0.04646957779585933,0.0,0.07145539381127375,0.1,0.06,0.04,0.73,0.1,0.0,0.0,0.0,0.0
F-DFHC-U,2023,0.02599359578074967,0.9019607843137255,0.6632311725883735,0.04646957779585933,0.0,0.07145539381127375,0.1,0.06,0.04,0.73,0.1,0.9,0.0,0.0,0.0
F-DFHC-U,2023,0.02599359578074967,0.9019607843137255,0.6908055329536208,0.05478708977488474,0.0,0.0798495673464679,0.1,0.06,0.04,0.73,0.12,0.0,0.0,0.0,0.0
F-DFHC-U,2023,0.02599359578074967,0.9019607843137255,0.6908055329536208,0.05478708977488474,0.0,0.0798495673464679,0.1,0.06,0.04,0.73,0.12,0.9,0.0,0.0,0.0
F-DFHC-U,2023,0.02599359578074967,0.9019607843137255,0.6632311725883735,0.04646957779585933,0.0,0.07145539381127375,0.1,0.06,0.04,0.74,0.1,0.0,0.0,0.0,0.0
F-DFHC-U,2023,0.02599359578074967,0.9019607843137255,0.6632311725883735,0.04646957779585933,0.0,0.07145539381127375,0.1,0.06,0.04,0.74,0.1,0.9,0.0,0.0,0.0
F-DFHC-U,2023,0.02599359578074967,0.9019607843137255,0.6908055329536208,0.05478708977488474,0.0,0.0798495673464679,0.1,0.06,0.04,0.74,0.12,0.0,0.0,0.0,0.0
F-DFHC-U,2023,0.02599359578074967,0.9019607843137255,0.6908055329536208,0.05478708977488474,0.0,0.0798495673464679,0.1,0.06,0.04,0.74,0.12,0.9,0.0,0.0,0.0
F-DFHC-U,2023,0.02599359578074967,0.9019607843137255,0.6632311725883735,0.04646957779585933,0.0,0.07145539381127375,0.1,0.06,0.04,0.746,0.1,0.0,0.0,0.0,0.0
F-DFHC-U,2023,0.02599359578074967,0.9019607843137255,0.6632311725883735,0.04646957779585933,0.0,0.07145539381127375,0.1,0.06,0.04,0.746,0.1,0.9,0.0,0.0,0.0
F-DFHC-U,2023,0.02599359578074967,0.9019607843137255,0.6908055329536208,0.05478708977488474,0.0,0.0798495673464679,0.1,0.06,0.04,0.746,0.12,0.0,0.0,0.0,0.0
F-DFHC-U,2023,0.02599359578074967,0.9019607843137255,0.6908055329536208,0.05478708977488474,0.0,0.0798495673464679,0.1,0.06,0.04,0.746,0.12,0.9,0.0,0.0,0.0
F-DFHC-U,2023,0.02599359578074967,0.9019607843137255,0.6632311725883735,0.04646957779585933,0.0,0.07145539381127375,0.1,0.06,0.04,0.75,0.1,0.0,0.0,0.0,0.0
F-DFHC-U,2023,0.02599359578074967,0.9019607843137255,0.6632311725883735,0.04646957779585933,0.0,0.07145539381127375,0.1,0.06,0.04,0.75,0.1,0.9,0.0,0.0,0.0
F-DFHC-U,2023,0.02599359578074967,0.9019607843137255,0.6908055329536208,0.05478708977488474,0.0,0.0798495673464679,0.1,0.06,0.04,0.75,0.12,0.0,0.0,0.0,0.0
F-DFHC-U,2023,0.02599359578074967,0.9019607843137255,0.6908055329536208,0.05478708977488474,0.0,0.0798495673464679,0.1,0.06,0.04,0.75,0.12,0.9,0.0,0.0,0.0
F-DFHC-U,2023,0.015633829346392916,0.8924731182795699,0.6605189404213,0.04624355844860319,0.0,0.0713588599613199,0.0,0.04,0.0,0.0,0.1,0.0,0.0,0.0,0.0
F-DFHC-U,2023,0.015633829346392916,0.8924731182795699,0.6605189404213,0.04624355844860319,0.0,0.0713588599613199,0.0,0.04,0.0,0.0,0.1,0.0,0.85,0.0,0.0
F-DFHC-U,2023,0.015633829346392916,0.8924731182795699,0.6605189404213,0.04624355844860319,0.0,0.0713588599613199,0.0,0.04,0.0,0.0,0.1,0.9,0.0,0.0,0.0
F-DFHC-U,2023,0.015633829346392916,0.8924731182795699,0.6605189404213,0.04624355844860319,0.0,0.0713588599613199,0.0,0.04,0.0,0.0,0.1,0.9,0.85,0.0,0.0
F-DFHC-U,2023,0.015633829346392916,0.8924731182795699,0.6880933007865474,0.054561070427628616,0.0,0.07974928989944957,0.0,0.04,0.0,0.0,0.12,0.0,0.0,0.0,0.0
F-DFHC-U,2023,0.015633829346392916,0.8924731182795699,0.6880933007865474,0.054561070427628616,0.0,0.07974928989944957,0.0,0.04,0.0,0.0,0.12,0.0,0.85,0.0,0.0
F-DFHC-U,2023,0.015633829346392916,0.8924731182795699,0.6880933007865474,0.054561070427628616,0.0,0.07974928989944957,0.0,0.04,0.0,0.0,0.12,0.9,0.0,0.0,0.0
F-DFHC-U,2023,0.015633829346392916,0.8924731182795699,0.6880933007865474,0.054561070427628616,0.0,0.07974928989944957,0.0,0.04,0.0,0.0,0.12,0.9,0.85,0.0,0.0
F-DFHC-U,2023,0.015633829346392916,0.8924731182795699,0.6605189404213,0.04624355844860319,0.0,0.0713588599613199,0.0,0.04,0.0,0.7,0.1,0.0,0.0,0.0,0.0
F-DFHC-U,2023,0.015633829346392916,0.8924731182795699,0.6605189404213,0.04624355844860319,0.0,0.0713588599613199,0.0,0.04,0.0,0.7,0.1,0.0,0.85,0.0,0.0
F-DFHC-U,2023,0.015633829346392916,0.8924731182795699,0.6605189404213,0.04624355844860319,0.0,0.0713588599613199,0.0,0.04,0.0,0.7,0.1,0.9,0.0,0.0,0.0
F-DFHC-U,2023,0.015633829346392916,0.8924731182795699,0.6605189404213,0.04624355844860319,0.0,0.0713588599613199,0.0,0.04,0.0,0.7,0.1,0.9,0.85,0.0,0.0
F-DFHC-U,2023,0.015633829346392916,0.8924731182795699,0.6880933007865474,0.054561070427628616,0.0,0.07974928989944957,0.0,0.04,0.0,0.7,0.12,0.0,0.0,0.0,0.0
F-DFHC-U,2023,0.015633829346392916,0.8924731182795699,0.6880933007865474,0.054561070427628616,0.0,0.07974928989944957,0.0,0.04,0.0,0.7,0.12,0.0,0.85,0.0,0.0
F-DFHC-U,2023,0.015633829346392916,0.8924731182795699,0.6880933007865474,0.054561070427628616,0.0,0.07974928989944957,0.0,0.04,0.0,0.7,0.12,0.9,0.0,0.0,0.0
F-DFHC-U,2023,0.015633829346392916,0.8924731182795699,0.6880933007865474,0.054561070427628616,0.0,0.07974928989944957,0.0,0.04,0.0,0.7,0.12,0.9,0.85,0.0,0.0
F-DFHC-U,2023,0.015633829346392916,0.8924731182795699,0.6605189404213,0.04624355844860319,0.0,0.0713588599613199,0.0,0.04,0.0,0.72,0.1,0.0,0.0,0.0,0.0
F-DFHC-U,2023,0.015633829346392916,0.8924731182795699,0.6605189404213,0.04624355844860319,0.0,0.0713588599613199,0.0,0.04,0.0,0.72,0.1,0.0,0.85,0.0,0.0
F-DFHC-U,2023,0.015633829346392916,0.8924731182795699,0.6605189404213,0.04624355844860319,0.0,0.0713588599613199,0.0,0.04,0.0,0.72,0.1,0.9,0.0,0.0,0.0
F-DFHC-U,2023,0.015633829346392916,0.8924731182795699,0.6605189404213,0.04624355844860319,0.0,0.0713588599613199,0.0,0.04,0.0,0.72,0.1,0.9,0.85,0.0,0.0
F-DFHC-U,2023,0.015633829346392916,0.8924731182795699,0.6880933007865474,0.054561070427628616,0.0,0.07974928989944957,0.0,0.04,0.0,0.72,0.12,0.0,0.0,0.0,0.0
F-DFHC-U,2023,0.015633829346392916,0.8924731182795699,0.6880933007865474,0.054561070427628616,0.0,0.07974928989944957,0.0,0.04,0.0,0.72,0.12,0.0,0.85,0.0,0.0
F-DFHC-U,2023,0.015633829346392916,0.8924731182795699,0.6880933007865474,0.054561070427628616,0.0,0.07974928989944957,0.0,0.04,0.0,0.72,0.12,0.9,0.0,0.0,0.0
F-DFHC-U,2023,0.015633829346392916,0.8924731182795699,0.6880933007865474,0.054561070427628616,0.0,0.07974928989944957,0.0,0.04,0.0,0.72,0.12,0.9,0.85,0.0,0.0
F-DFHC-U,2023,0.015633829346392916,0.8924731182795699,0.6605189404213,0.04624355844860319,0.0,0.0713588599613199,0.0,0.04,0.0,0.73,0.1,0.0,0.0,0.0,0.0
F-DFHC-U,2023,0.015633829346392916,0.8924731182795699,0.6605189404213,0.04624355844860319,0.0,0.0713588599613199,0.0,0.04,0.0,0.73,0.1,0.0,0.85,0.0,0.0
F-DFHC-U,2023,0.015633829346392916,0.8924731182795699,0.6605189404213,0.04624355844860319,0.0,0.0713588599613199,0.0,0.04,0.0,0.73,0.1,0.9,0.0,0.0,0.0
F-DFHC-U,2023,0.015633829346392916,0.8924731182795699,0.6605189404213,0.04624355844860319,0.0,0.0713588599613199,0.0,0.04,0.0,0.73,0.1,0.9,0.85,0.0,0.0
F-DFHC-U,2023,0.015633829346392916,0.8924731182795699,0.6880933007865474,0.054561070427628616,0.0,0.07974928989944957,0.0,0.04,0.0,0.73,0.12,0.0,0.0,0.0,0.0
F-DFHC-U,2023,0.015633829346392916,0.8924731182795699,0.6880933007865474,0.054561070427628616,0.0,0.07974928989944957,0.0,0.04,0.0,0.73,0.12,0.0,0.85,0.0,0.0
F-DFHC-U,2023,0.015633829346392916,0.8924731182795699,0.6880933007865474,0.054561070427628616,0.0,0.07974928989944957,0.0,0.04,0.0,0.73,0.12,0.9,0.0,0.0,0.0
F-DFHC-U,2023,0.015633829346392916,0.8924731182795699,0.6880933007865474,0.054561070427628616,0.0,0.07974928989944957,0.0,0.04,0.0,0.73,0.12,0.9,0.85,0.0,0.0
F-DFHC-U,2023,0.015633829346392916,0.8924731182795699,0.6605189404213,0.04624355844860319,0.0,0.0713588599613199,0.0,0.04,0.0,0.74,0.1,0.0,0.0,0.0,0.0
F-DFHC-U,2023,0.015633829346392916,0.8924731182795699,0.6605189404213,0.04624355844860319,0.0,0.0713588599613199,0.0,0.04,0.0,0.74,0.1,0.0,0.85,0.0,0.0
F-DFHC-U,2023,0.015633829346392916,0.8924731182795699,0.6605189404213,0.04624355844860319,0.0,0.0713588599613199,0.0,0.04,0.0,0.74,0.1,0.9,0.0,0.0,0.0
F-DFHC-U,2023,0.015633829346392916,0.8924731182795699,0.6605189404213,0.04624355844860319,0.0,0.0713588599613199,0.0,0.04,0.0,0.74,0.1,0.9,0.85,0.0,0.0
F-DFHC-U,2023,0.015633829346392916,0.8924731182795699,0.6880933007865474,0.054561070427628616,0.0,0.07974928989944957,0.0,0.04,0.0,0.74,0.12,0.0,0.0,0.0,0.0
F-DFHC-U,2023,0.015633829346392916,0.8924731182795699,0.6880933007865474,0.054561070427628616,0.0,0.07974928989944957,0.0,0.04,0.0,0.74,0.12,0.0,0.85,0.0,0.0
F-DFHC-U,2023,0.015633829346392916,0.8924731182795699,0.6880933007865474,0.054561070427628616,0.0,0.07974928989944957,0.0,0.04,0.0,0.74,0.12,0.9,0.0,0.0,0.0
F-DFHC-U,2023,0.015633829346392916,0.8924731182795699,0.6880933007865474,0.054561070427628616,0.0,0.07974928989944957,0.0,0.04,0.0,0.74,0.12,0.9,0.85,0.0,0.0
F-DFHC-U,2023,0.015633829346392916,0.8924731182795699,0.6605189404213,0.04624355844860319,0.0,0.0713588599613199,0.0,0.04,0.0,0.746,0.1,0.0,0.0,0.0,0.0
F-DFHC-U,2023,0.015633829346392916,0.8924731182795699,0.6605189404213,0.04624355844860319,0.0,0.0713588599613199,0.0,0.04,0.0,0.746,0.1,0.0,0.85,0.0,0.0
F-DFHC-U,2023,0.015633829346392916,0.8924731182795699,0.6605189404213,0.04624355844860319,0.0,0.0713588599613199,0.0,0.04,0.0,0.746,0.1,0.9,0.0,0.0,0.0
F-DFHC-U,2023,0.015633829346392916,0.8924731182795699,0.6605189404213,0.04624355844860319,0.0,0.0713588599613199,0.0,0.04,0.0,0.746,0.1,0.9,0.85,0.0,0.0
F-DFHC-U,2023,0.015633829346392916,0.8924731182795699,0.6880933007865474,0.054561070427628616,0.0,0.07974928989944957,0.0,0.04,0.0,0.746,0.12,0.0,0.0,0.0,0.0
F-DFHC-U,2023,0.015633829346392916,0.8924731182795699,0.6880933007865474,0.054561070427628616,0.0,0.07974928989944957,0.0,0.04,0.0,0.746,0.12,0.0,0.85,0.0,0.0
F-DFHC-U,2023,0.015633829346392916,0.8924731182795699,0.6880933007865474,0.054561070427628616,0.0,0.07974928989944957,0.0,0.04,0.0,0.746,0.12,0.9,0.0,0.0,0.0
F-DFHC-U,2023,0.015633829346392916,0.8924731182795699,0.6880933007865474,0.054561070427628616,0.0,0.07974928989944957,0.0,0.04,0.0,0.746,0.12,0.9,0.85,0.0,0.0
F-DFHC-U,2023,0.015633829346392916,0.8924731182795699,0.6605189404213,0.04624355844860319,0.0,0.0713588599613199,0.0,0.04,0.0,0.75,0.1,0.0,0.0,0.0,0.0
F-DFHC-U,2023,0.015633829346392916,0.8924731182795699,0.6605189404213,0.04624355844860319,0.0,0.0713588599613199,0.0,0.04,0.0,0.75,0.1,0.0,0.85,0.0,0.0
F-DFHC-U,2023,0.015633829346392916,0.8924731182795699,0.6605189404213,0.04624355844860319,0.0,0.0713588599613199,0.0,0.04,0.0,0.75,0.1,0.9,0.0,0.0,0.0
F-DFHC-U,2023,0.015633829346392916,0.8924731182795699,0.6605189404213,0.04624355844860319,0.0,0.0713588599613199,0.0,0.04,0.0,0.75,0.1,0.9,0.85,0.0,0.0
F-DFHC-U,2023,0.015633829346392916,0.8924731182795699,0.6880933007865474,0.054561070427628616,0.0,0.07974928989944957,0.0,0.04,0.0,0.75,0.12,0.0,0.0,0.0,0.0
F-DFHC-U,2023,0.015633829346392916,0.8924731182795699,0.6880933007865474,0.054561070427628616,0.0,0.07974928989944957,0.0,0.04,0.0,0.75,0.12,0.0,0.85,0.0,0.0
F-DFHC-U,2023,0.015633829346392916,0.8924731182795699,0.6880933007865474,0.054561070427628616,0.0,0.07974928989944957,0.0,0.04,0.0,0.75,0.12,0.9,0.0,0.0,0.0
F-DFHC-U,2023,0.015633829346392916,0.8924731182795699,0.6880933007865474,0.054561070427628616,0.0,0.07974928989944957,0.0,0.04,0.0,0.75,0.12,0.9,0.85,0.0,0.0
F-DFHC-U,2023,0.015633829346392916,0.8924731182795699,0.6605189404213,0.04624355844860319,0.0,0.0713588599613199,0.0,0.04,0.02,0.0,0.1,0.0,0.0,0.0,0.0
F-DFHC-U,2023,0.015633829346392916,0.8924731182795699,0.6605189404213,0.04624355844860319,0.0,0.0713588599613199,0.0,0.04,0.02,0.0,0.1,0.0,0.85,0.0,0.0
F-DFHC-U,2023,0.015633829346392916,0.8924731182795699,0.6605189404213,0.04624355844860319,0.0,0.0713588599613199,0.0,0.04,0.02,0.0,0.1,0.9,0.0,0.0,0.0
F-DFHC-U,2023,0.015633829346392916,0.8924731182795699,0.6605189404213,0.04624355844860319,0.0,0.0713588599613199,0.0,0.04,0.02,0.0,0.1,0.9,0.85,0.0,0.0
F-DFHC-U,2023,0.015633829346392916,0.8924731182795699,0.6880933007865474,0.054561070427628616,0.0,0.07974928989944957,0.0,0.04,0.02,0.0,0.12,0.0,0.0,0.0,0.0
F-DFHC-U,2023,0.015633829346392916,0.8924731182795699,0.6880933007865474,0.054561070427628616,0.0,0.07974928989944957,0.0,0.04,0.02,0.0,0.12,0.0,0.85,0.0,0.0
F-DFHC-U,2023,0.015633829346392916,0.8924731182795699,0.6880933007865474,0.054561070427628616,0.0,0.07974928989944957,0.0,0.04,0.02,0.0,0.12,0.9,0.0,0.0,0.0
F-DFHC-U,2023,0.015633829346392916,0.8924731182795699,0.6880933007865474,0.054561070427628616,0.0,0.07974928989944957,0.0,0.04,0.02,0.0,0.12,0.9,0.85,0.0,0.0
F-DFHC-U,2023,0.015633829346392916,0.8924731182795699,0.6605189404213,0.04624355844860319,0.0,0.0713588599613199,0.0,0.04,0.02,0.7,0.1,0.0,0.0,0.0,0.0
F-DFHC-U,2023,0.015633829346392916,0.8924731182795699,0.6605189404213,0.04624355844860319,0.0,0.0713588599613199,0.0,0.04,0.02,0.7,0.1,0.0,0.85,0.0,0.0
F-DFHC-U,2023,0.015633829346392916,0.8924731182795699,0.6605189404213,0.04624355844860319,0.0,0.0713588599613199,0.0,0.04,0.02,0.7,0.1,0.9,0.0,0.0,0.0
F-DFHC-U,2023,0.015633829346392916,0.8924731182795699,0.6605189404213,0.04624355844860319,0.0,0.0713588599613199,0.0,0.04,0.02,0.7,0.1,0.9,0.85,0.0,0.0
F-DFHC-U,2023,0.015633829346392916,0.8924731182795699,0.6880933007865474,0.054561070427628616,0.0,0.07974928989944957,0.0,0.04,0.02,0.7,0.12,0.0,0.0,0.0,0.0
F-DFHC-U,2023,0.015633829346392916,0.8924731182795699,0.6880933007865474,0.054561070427628616,0.0,0.07974928989944957,0.0,0.04,0.02,0.7,0.12,0.0,0.85,0.0,0.0
F-DFHC-U,2023,0.015633829346392916,0.8924731182795699,0.6880933007865474,0.054561070427628616,0.0,0.07974928989944957,0.0,0.04,0.02,0.7,0.12,0.9,0.0,0.0,0.0
F-DFHC-U,2023,0.015633829346392916,0.8924731182795699,0.6880933007865474,0.054561070427628616,0.0,0.07974928989944957,0.0,0.04,0.02,0.7,0.12,0.9,0.85,0.0,0.0
F-DFHC-U,2023,0.015633829346392916,0.8924731182795699,0.6605189404213,0.04624355844860319,0.0,0.0713588599613199,0.0,0.04,0.02,0.72,0.1,0.0,0.0,0.0,0.0
F-DFHC-U,2023,0.015633829346392916,0.8924731182795699,0.6605189404213,0.04624355844860319,0.0,0.0713588599613199,0.0,0.04,0.02,0.72,0.1,0.0,0.85,0.0,0.0
F-DFHC-U,2023,0.015633829346392916,0.8924731182795699,0.6605189404213,0.04624355844860319,0.0,0.0713588599613199,0.0,0.04,0.02,0.72,0.1,0.9,0.0,0.0,0.0
F-DFHC-U,2023,0.015633829346392916,0.8924731182795699,0.6605189404213,0.04624355844860319,0.0,0.0713588599613199,0.0,0.04,0.02,0.72,0.1,0.9,0.85,0.0,0.0
F-DFHC-U,2023,0.015633829346392916,0.8924731182795699,0.6880933007865474,0.054561070427628616,0.0,0.07974928989944957,0.0,0.04,0.02,0.72,0.12,0.0,0.0,0.0,0.0
F-DFHC-U,2023,0.015633829346392916,0.8924731182795699,0.6880933007865474,0.054561070427628616,0.0,0.07974928989944957,0.0,0.04,0.02,0.72,0.12,0.0,0.85,0.0,0.0
F-DFHC-U,2023,0.015633829346392916,0.8924731182795699,0.6880933007865474,0.054561070427628616,0.0,0.07974928989944957,0.0,0.04,0.02,0.72,0.12,0.9,0.0,0.0,0.0
F-DFHC-U,2023,0.015633829346392916,0.8924731182795699,0.6880933007865474,0.054561070427628616,0.0,0.07974928989944957,0.0,0.04,0.02,0.72,0.12,0.9,0.85,0.0,0.0
F-DFHC-U,2023,0.015633829346392916,0.8924731182795699,0.6605189404213,0.04624355844860319,0.0,0.0713588599613199,0.0,0.04,0.02,0.73,0.1,0.0,0.0,0.0,0.0
F-DFHC-U,2023,0.015633829346392916,0.8924731182795699,0.6605189404213,0.04624355844860319,0.0,0.0713588599613199,0.0,0.04,0.02,0.73,0.1,0.0,0.85,0.0,0.0
F-DFHC-U,2023,0.015633829346392916,0.8924731182795699,0.6605189404213,0.04624355844860319,0.0,0.0713588599613199,0.0,0.04,0.02,0.73,0.1,0.9,0.0,0.0,0.0
F-DFHC-U,2023,0.015633829346392916,0.8924731182795699,0.6605189404213,0.04624355844860319,0.0,0.0713588599613199,0.0,0.04,0.02,0.73,0.1,0.9,0.85,0.0,0.0
F-DFHC-U,2023,0.015633829346392916,0.8924731182795699,0.6880933007865474,0.054561070427628616,0.0,0.07974928989944957,0.0,0.04,0.02,0.73,0.12,0.0,0.0,0.0,0.0
F-DFHC-U,2023,0.015633829346392916,0.8924731182795699,0.6880933007865474,0.054561070427628616,0.0,0.07974928989944957,0.0,0.04,0.02,0.73,0.12,0.0,0.85,0.0,0.0
F-DFHC-U,2023,0.015633829346392916,0.8924731182795699,0.6880933007865474,0.054561070427628616,0.0,0.07974928989944957,0.0,0.04,0.02,0.73,0.12,0.9,0.0,0.0,0.0
F-DFHC-U,2023,0.015633829346392916,0.8924731182795699,0.6880933007865474,0.054561070427628616,0.0,0.07974928989944957,0.0,0.04,0.02,0.73,0.12,0.9,0.85,0.0,0.0
F-DFHC-U,2023,0.015633829346392916,0.8924731182795699,0.6605189404213,0.04624355844860319,0.0,0.0713588599613199,0.0,0.04,0.02,0.74,0.1,0.0,0.0,0.0,0.0
F-DFHC-U,2023,0.015633829346392916,0.8924731182795699,0.6605189404213,0.04624355844860319,0.0,0.0713588599613199,0.0,0.04,0.02,0.74,0.1,0.0,0.85,0.0,0.0
F-DFHC-U,2023,0.015633829346392916,0.8924731182795699,0.6605189404213,0.04624355844860319,0.0,0.0713588599613199,0.0,0.04,0.02,0.74,0.1,0.9,0.0,0.0,0.0
F-DFHC-U,2023,0.015633829346392916,0.8924731182795699,0.6605189404213,0.04624355844860319,0.0,0.0713588599613199,0.0,0.04,0.02,0.74,0.1,0.9,0.85,0.0,0.0
F-DFHC-U,2023,0.015633829346392916,0.8924731182795699,0.6880933007865474,0.054561070427628616,0.0,0.07974928989944957,0.0,0.04,0.02,0.74,0.12,0.0,0.0,0.0,0.0
F-DFHC-U,2023,0.015633829346392916,0.8924731182795699,0.6880933007865474,0.054561070427628616,0.0,0.07974928989944957,0.0,0.04,0.02,0.74,0.12,0.0,0.85,0.0,0.0
F-DFHC-U,2023,0.015633829346392916,0.8924731182795699,0.6880933007865474,0.054561070427628616,0.0,0.07974928989944957,0.0,0.04,0.02,0.74,0.12,0.9,0.0,0.0,0.0
F-DFHC-U,2023,0.015633829346392916,0.8924731182795699,0.6880933007865474,0.054561070427628616,0.0,0.07974928989944957,0.0,0.04,0.02,0.74,0.12,0.9,0.85,0.0,0.0
F-DFHC-U,2023,0.015633829346392916,0.8924731182795699,0.6605189404213,0.04624355844860319,0.0,0.0713588599613199,0.0,0.04,0.02,0.746,0.1,0.0,0.0,0.0,0.0
F-DFHC-U,2023,0.015633829346392916,0.8924731182795699,0.6605189404213,0.04624355844860319,0.0,0.0713588599613199,0.0,0.04,0.02,0.746,0.1,0.0,0.85,0.0,0.0
F-DFHC-U,2023,0.015633829346392916,0.8924731182795699,0.6605189404213,0.04624355844860319,0.0,0.0713588599613199,0.0,0.04,0.02,0.746,0.1,0.9,0.0,0.0,0.0
F-DFHC-U,2023,0.015633829346392916,0.8924731182795699,0.6605189404213,0.04624355844860319,0.0,0.0713588599613199,0.0,0.04,0.02,0.746,0.1,0.9,0.85,0.0,0.0
F-DFHC-U,2023,0.015633829346392916,0.8924731182795699,0.6880933007865474,0.054561070427628616,0.0,0.07974928989944957,0.0,0.04,0.02,0.746,0.12,0.0,0.0,0.0,0.0
F-DFHC-U,2023,0.015633829346392916,0.8924731182795699,0.6880933007865474,0.054561070427628616,0.0,0.07974928989944957,0.0,0.04,0.02,0.746,0.12,0.0,0.85,0.0,0.0
F-DFHC-U,2023,0.015633829346392916,0.8924731182795699,0.6880933007865474,0.054561070427628616,0.0,0.07974928989944957,0.0,0.04,0.02,0.746,0.12,0.9,0.0,0.0,0.0
F-DFHC-U,2023,0.015633829346392916,0.8924731182795699,0.6880933007865474,0.054561070427628616,0.0,0.07974928989944957,0.0,0.04,0.02,0.746,0.12,0.9,0.85,0.0,0.0
F-DFHC-U,2023,0.015633829346392916,0.8924731182795699,0.6605189404213,0.04624355844860319,0.0,0.0713588599613199,0.0,0.04,0.02,0.75,0.1,0.0,0.0,0.0,0.0
F-DFHC-U,2023,0.015633829346392916,0.8924731182795699,0.6605189404213,0.04624355844860319,0.0,0.0713588599613199,0.0,0.04,0.02,0.75,0.1,0.0,0.85,0.0,0.0
F-DFHC-U,2023,0.015633829346392916,0.8924731182795699,0.6605189404213,0.04624355844860319,0.0,0.0713588599613199,0.0,0.04,0.02,0.75,0.1,0.9,0.0,0.0,0.0
F-DFHC-U,2023,0.015633829346392916,0.8924731182795699,0.6605189404213,0.04624355844860319,0.0,0.0713588599613199,0.0,0.04,0.02,0.75,0.1,0.9,0.85,0.0,0.0
F-DFHC-U,2023,0.015633829346392916,0.8924731182795699,0.6880933007865474,0.054561070427628616,0.0,0.07974928989944957,0.0,0.04,0.02,0.75,0.12,0.0,0.0,0.0,0.0
F-DFHC-U,2023,0.015633829346392916,0.8924731182795699,0.6880933007865474,0.054561070427628616,0.0,0.07974928989944957,0.0,0.04,0.02,0.75,0.12,0.0,0.85,0.0,0.0
F-DFHC-U,2023,0.015633829346392916,0.8924731182795699,0.6880933007865474,0.054561070427628616,0.0,0.07974928989944957,0.0,0.04,0.02,0.75,0.12,0.9,0.0,0.0,0.0
F-DFHC-U,2023,0.015633829346392916,0.8924731182795699,0.6880933007865474,0.054561070427628616,0.0,0.07974928989944957,0.0,0.04,0.02,0.75,0.12,0.9,0.85,0.0,0.0
F-DFHC-U,2023,0.015633829346392916,0.8924731182795699,0.6605189404213,0.04624355844860319,0.0,0.0713588599613199,0.0,0.04,0.04,0.0,0.1,0.0,0.0,0.0,0.0
F-DFHC-U,2023,0.015633829346392916,0.8924731182795699,0.6605189404213,0.04624355844860319,0.0,0.0713588599613199,0.0,0.04,0.04,0.0,0.1,0.0,0.85,0.0,0.0
F-DFHC-U,2023,0.015633829346392916,0.8924731182795699,0.6605189404213,0.04624355844860319,0.0,0.0713588599613199,0.0,0.04,0.04,0.0,0.1,0.9,0.0,0.0,0.0
F-DFHC-U,2023,0.015633829346392916,0.8924731182795699,0.6605189404213,0.04624355844860319,0.0,0.0713588599613199,0.0,0.04,0.04,0.0,0.1,0.9,0.85,0.0,0.0
F-DFHC-U,2023,0.015633829346392916,0.8924731182795699,0.6880933007865474,0.054561070427628616,0.0,0.07974928989944957,0.0,0.04,0.04,0.0,0.12,0.0,0.0,0.0,0.0
F-DFHC-U,2023,0.015633829346392916,0.8924731182795699,0.6880933007865474,0.054561070427628616,0.0,0.07974928989944957,0.0,0.04,0.04,0.0,0.12,0.0,0.85,0.0,0.0
F-DFHC-U,2023,0.015633829346392916,0.8924731182795699,0.6880933007865474,0.054561070427628616,0.0,0.07974928989944957,0.0,0.04,0.04,0.0,0.12,0.9,0.0,0.0,0.0
F-DFHC-U,2023,0.015633829346392916,0.8924731182795699,0.6880933007865474,0.054561070427628616,0.0,0.07974928989944957,0.0,0.04,0.04,0.0,0.12,0.9,0.85,0.0,0.0
F-DFHC-U,2023,0.015633829346392916,0.8924731182795699,0.6605189404213,0.04624355844860319,0.0,0.0713588599613199,0.0,0.04,0.04,0.7,0.1,0.0,0.0,0.0,0.0
F-DFHC-U,2023,0.015633829346392916,0.8924731182795699,0.6605189404213,0.04624355844860319,0.0,0.0713588599613199,0.0,0.04,0.04,0.7,0.1,0.0,0.85,0.0,0.0
F-DFHC-U,2023,0.015633829346392916,0.8924731182795699,0.6605189404213,0.04624355844860319,0.0,0.0713588599613199,0.0,0.04,0.04,0.7,0.1,0.9,0.0,0.0,0.0
F-DFHC-U,2023,0.015633829346392916,0.8924731182795699,0.6605189404213,0.04624355844860319,0.0,0.0713588599613199,0.0,0.04,0.04,0.7,0.1,0.9,0.85,0.0,0.0
F-DFHC-U,2023,0.015633829346392916,0.8924731182795699,0.6880933007865474,0.054561070427628616,0.0,0.07974928989944957,0.0,0.04,0.04,0.7,0.12,0.0,0.0,0.0,0.0
F-DFHC-U,2023,0.015633829346392916,0.8924731182795699,0.6880933007865474,0.054561070427628616,0.0,0.07974928989944957,0.0,0.04,0.04,0.7,0.12,0.0,0.85,0.0,0.0
F-DFHC-U,2023,0.015633829346392916,0.8924731182795699,0.6880933007865474,0.054561070427628616,0.0,0.07974928989944957,0.0,0.04,0.04,0.7,0.12,0.9,0.0,0.0,0.0
F-DFHC-U,2023,0.015633829346392916,0.8924731182795699,0.6880933007865474,0.054561070427628616,0.0,0.07974928989944957,0.0,0.04,0.04,0.7,0.12,0.9,0.85,0.0,0.0
F-DFHC-U,2023,0.015633829346392916,0.8924731182795699,0.6605189404213,0.04624355844860319,0.0,0.0713588599613199,0.0,0.04,0.04,0.72,0.1,0.0,0.0,0.0,0.0
F-DFHC-U,2023,0.015633829346392916,0.8924731182795699,0.6605189404213,0.04624355844860319,0.0,0.0713588599613199,0.0,0.04,0.04,0.72,0.1,0.0,0.85,0.0,0.0
F-DFHC-U,2023,0.015633829346392916,0.8924731182795699,0.6605189404213,0.04624355844860319,0.0,0.0713588599613199,0.0,0.04,0.04,0.72,0.1,0.9,0.0,0.0,0.0
F-DFHC-U,2023,0.015633829346392916,0.8924731182795699,0.6605189404213,0.04624355844860319,0.0,0.0713588599613199,0.0,0.04,0.04,0.72,0.1,0.9,0.85,0.0,0.0
F-DFHC-U,2023,0.015633829346392916,0.8924731182795699,0.6880933007865474,0.054561070427628616,0.0,0.07974928989944957,0.0,0.04,0.04,0.72,0.12,0.0,0.0,0.0,0.0
F-DFHC-U,2023,0.015633829346392916,0.8924731182795699,0.6880933007865474,0.054561070427628616,0.0,0.07974928989944957,0.0,0.04,0.04,0.72,0.12,0.0,0.85,0.0,0.0
F-DFHC-U,2023,0.015633829346392916,0.8924731182795699,0.6880933007865474,0.054561070427628616,0.0,0.07974928989944957,0.0,0.04,0.04,0.72,0.12,0.9,0.0,0.0,0.0
F-DFHC-U,2023,0.015633829346392916,0.8924731182795699,0.6880933007865474,0.054561070427628616,0.0,0.07974928989944957,0.0,0.04,0.04,0.72,0.12,0.9,0.85,0.0,0.0
F-DFHC-U,2023,0.015633829346392916,0.8924731182795699,0.6605189404213,0.04624355844860319,0.0,0.0713588599613199,0.0,0.04,0.04,0.73,0.1,0.0,0.0,0.0,0.0
F-DFHC-U,2023,0.015633829346392916,0.8924731182795699,0.6605189404213,0.04624355844860319,0.0,0.0713588599613199,0.0,0.04,0.04,0.73,0.1,0.0,0.85,0.0,0.0
F-DFHC-U,2023,0.015633829346392916,0.8924731182795699,0.6605189404213,0.04624355844860319,0.0,0.0713588599613199,0.0,0.04,0.04,0.73,0.1,0.9,0.0,0.0,0.0
F-DFHC-U,2023,0.015633829346392916,0.8924731182795699,0.6605189404213,0.04624355844860319,0.0,0.0713588599613199,0.0,0.04,0.04,0.73,0.1,0.9,0.85,0.0,0.0
F-DFHC-U,2023,0.015633829346392916,0.8924731182795699,0.6880933007865474,0.054561070427628616,0.0,0.07974928989944957,0.0,0.04,0.04,0.73,0.12,0.0,0.0,0.0,0.0
F-DFHC-U,2023,0.015633829346392916,0.8924731182795699,0.6880933007865474,0.054561070427628616,0.0,0.07974928989944957,0.0,0.04,0.04,0.73,0.12,0.0,0.85,0.0,0.0
F-DFHC-U,2023,0.015633829346392916,0.8924731182795699,0.6880933007865474,0.054561070427628616,0.0,0.07974928989944957,0.0,0.04,0.04,0.73,0.12,0.9,0.0,0.0,0.0
F-DFHC-U,2023,0.015633829346392916,0.8924731182795699,0.6880933007865474,0.054561070427628616,0.0,0.07974928989944957,0.0,0.04,0.04,0.73,0.12,0.9,0.85,0.0,0.0
F-DFHC-U,2023,0.015633829346392916,0.8924731182795699,0.6605189404213,0.04624355844860319,0.0,0.0713588599613199,0.0,0.04,0.04,0.74,0.1,0.0,0.0,0.0,0.0
F-DFHC-U,2023,0.015633829346392916,0.8924731182795699,0.6605189404213,0.04624355844860319,0.0,0.0713588599613199,0.0,0.04,0.04,0.74,0.1,0.0,0.85,0.0,0.0
F-DFHC-U,2023,0.015633829346392916,0.8924731182795699,0.6605189404213,0.04624355844860319,0.0,0.0713588599613199,0.0,0.04,0.04,0.74,0.1,0.9,0.0,0.0,0.0
F-DFHC-U,2023,0.015633829346392916,0.8924731182795699,0.6605189404213,0.04624355844860319,0.0,0.0713588599613199,0.0,0.04,0.04,0.74,0.1,0.9,0.85,0.0,0.0
F-DFHC-U,2023,0.015633829346392916,0.8924731182795699,0.6880933007865474,0.054561070427628616,0.0,0.07974928989944957,0.0,0.04,0.04,0.74,0.12,0.0,0.0,0.0,0.0
F-DFHC-U,2023,0.015633829346392916,0.8924731182795699,0.6880933007865474,0.054561070427628616,0.0,0.07974928989944957,0.0,0.04,0.04,0.74,0.12,0.0,0.85,0.0,0.0
F-DFHC-U,2023,0.015633829346392916,0.8924731182795699,0.6880933007865474,0.054561070427628616,0.0,0.07974928989944957,0.0,0.04,0.04,0.74,0.12,0.9,0.0,0.0,0.0
F-DFHC-U,2023,0.015633829346392916,0.8924731182795699,0.6880933007865474,0.054561070427628616,0.0,0.07974928989944957,0.0,0.04,0.04,0.74,0.12,0.9,0.85,0.0,0.0
F-DFHC-U,2023,0.015633829346392916,0.8924731182795699,0.6605189404213,0.04624355844860319,0.0,0.0713588599613199,0.0,0.04,0.04,0.746,0.1,0.0,0.0,0.0,0.0
F-DFHC-U,2023,0.015633829346392916,0.8924731182795699,0.6605189404213,0.04624355844860319,0.0,0.0713588599613199,0.0,0.04,0.04,0.746,0.1,0.0,0.85,0.0,0.0
F-DFHC-U,2023,0.015633829346392916,0.8924731182795699,0.6605189404213,0.04624355844860319,0.0,0.0713588599613199,0.0,0.04,0.04,0.746,0.1,0.9,0.0,0.0,0.0
F-DFHC-U,2023,0.015633829346392916,0.8924731182795699,0.6605189404213,0.04624355844860319,0.0,0.0713588599613199,0.0,0.04,0.04,0.746,0.1,0.9,0.85,0.0,0.0
F-DFHC-U,2023,0.015633829346392916,0.8924731182795699,0.6880933007865474,0.054561070427628616,0.0,0.07974928989944957,0.0,0.04,0.04,0.746,0.12,0.0,0.0,0.0,0.0
F-DFHC-U,2023,0.015633829346392916,0.8924731182795699,0.6880933007865474,0.054561070427628616,0.0,0.07974928989944957,0.0,0.04,0.04,0.746,0.12,0.0,0.85,0.0,0.0
F-DFHC-U,2023,0.015633829346392916,0.8924731182795699,0.6880933007865474,0.054561070427628616,0.0,0.07974928989944957,0.0,0.04,0.04,0.746,0.12,0.9,0.0,0.0,0.0
F-DFHC-U,2023,0.015633829346392916,0.8924731182795699,0.6880933007865474,0.054561070427628616,0.0,0.07974928989944957,0.0,0.04,0.04,0.746,0.12,0.9,0.85,0.0,0.0
F-DFHC-U,2023,0.015633829346392916,0.8924731182795699,0.6605189404213,0.04624355844860319,0.0,0.0713588599613199,0.0,0.04,0.04,0.75,0.1,0.0,0.0,0.0,0.0
F-DFHC-U,2023,0.015633829346392916,0.8924731182795699,0.6605189404213,0.04624355844860319,0.0,0.0713588599613199,0.0,0.04,0.04,0.75,0.1,0.0,0.85,0.0,0.0
F-DFHC-U,2023,0.015633829346392916,0.8924731182795699,0.6605189404213,0.04624355844860319,0.0,0.0713588599613199,0.0,0.04,0.04,0.75,0.1,0.9,0.0,0.0,0.0
F-DFHC-U,2023,0.015633829346392916,0.8924731182795699,0.6605189404213,0.04624355844860319,0.0,0.0713588599613199,0.0,0.04,0.04,0.75,0.1,0.9,0.85,0.0,0.0
F-DFHC-U,2023,0.015633829346392916,0.8924731182795699,0.6880933007865474,0.054561070427628616,0.0,0.07974928989944957,0.0,0.04,0.04,0.75,0.12,0.0,0.0,0.0,0.0
F-DFHC-U,2023,0.015633829346392916,0.8924731182795699,0.6880933007865474,0.054561070427628616,0.0,0.07974928989944957,0.0,0.04,0.04,0.75,0.12,0.0,0.85,0.0,0.0
F-DFHC-U,2023,0.015633829346392916,0.8924731182795699,0.6880933007865474,0.054561070427628616,0.0,0.07974928989944957,0.0,0.04,0.04,0.75,0.12,0.9,0.0,0.0,0.0
F-DFHC-U,2023,0.015633829346392916,0.8924731182795699,0.6880933007865474,0.054561070427628616,0.0,0.07974928989944957,0.0,0.04,0.04,0.75,0.12,0.9,0.85,0.0,0.0
F-DFHC-U,2023,0.015633829346392916,0.8924731182795699,0.6605189404213,0.04624355844860319,0.0,0.0713588599613199,0.0,0.06,0.0,0.0,0.1,0.0,0.0,0.0,0.0
F-DFHC-U,2023,0.015633829346392916,0.8924731182795699,0.6605189404213,0.04624355844860319,0.0,0.0713588599613199,0.0,0.06,0.0,0.0,0.1,0.0,0.85,0.0,0.0
F-DFHC-U,2023,0.015633829346392916,0.8924731182795699,0.6605189404213,0.04624355844860319,0.0,0.0713588599613199,0.0,0.06,0.0,0.0,0.1,0.9,0.0,0.0,0.0
F-DFHC-U,2023,0.015633829346392916,0.8924731182795699,0.6605189404213,0.04624355844860319,0.0,0.0713588599613199,0.0,0.06,0.0,0.0,0.1,0.9,0.85,0.0,0.0
F-DFHC-U,2023,0.015633829346392916,0.8924731182795699,0.6880933007865474,0.054561070427628616,0.0,0.07974928989944957,0.0,0.06,0.0,0.0,0.12,0.0,0.0,0.0,0.0
F-DFHC-U,2023,0.015633829346392916,0.8924731182795699,0.6880933007865474,0.054561070427628616,0.0,0.07974928989944957,0.0,0.06,0.0,0.0,0.12,0.0,0.85,0.0,0.0
F-DFHC-U,2023,0.015633829346392916,0.8924731182795699,0.6880933007865474,0.054561070427628616,0.0,0.07974928989944957,0.0,0.06,0.0,0.0,0.12,0.9,0.0,0.0,0.0
F-DFHC-U,2023,0.015633829346392916,0.8924731182795699,0.6880933007865474,0.054561070427628616,0.0,0.07974928989944957,0.0,0.06,0.0,0.0,0.12,0.9,0.85,0.0,0.0
F-DFHC-U,2023,0.015633829346392916,0.8924731182795699,0.6605189404213,0.04624355844860319,0.0,0.0713588599613199,0.0,0.06,0.0,0.7,0.1,0.0,0.0,0.0,0.0
F-DFHC-U,2023,0.015633829346392916,0.8924731182795699,0.6605189404213,0.04624355844860319,0.0,0.0713588599613199,0.0,0.06,0.0,0.7,0.1,0.0,0.85,0.0,0.0
F-DFHC-U,2023,0.015633829346392916,0.8924731182795699,0.6605189404213,0.04624355844860319,0.0,0.0713588599613199,0.0,0.06,0.0,0.7,0.1,0.9,0.0,0.0,0.0
F-DFHC-U,2023,0.015633829346392916,0.8924731182795699,0.6605189404213,0.04624355844860319,0.0,0.0713588599613199,0.0,0.06,0.0,0.7,0.1,0.9,0.85,0.0,0.0
F-DFHC-U,2023,0.015633829346392916,0.8924731182795699,0.6880933007865474,0.054561070427628616,0.0,0.07974928989944957,0.0,0.06,0.0,0.7,0.12,0.0,0.0,0.0,0.0
F-DFHC-U,2023,0.015633829346392916,0.8924731182795699,0.6880933007865474,0.054561070427628616,0.0,0.07974928989944957,0.0,0.06,0.0,0.7,0.12,0.0,0.85,0.0,0.0
F-DFHC-U,2023,0.015633829346392916,0.8924731182795699,0.6880933007865474,0.054561070427628616,0.0,0.07974928989944957,0.0,0.06,0.0,0.7,0.12,0.9,0.0,0.0,0.0
F-DFHC-U,2023,0.015633829346392916,0.8924731182795699,0.6880933007865474,0.054561070427628616,0.0,0.07974928989944957,0.0,0.06,0.0,0.7,0.12,0.9,0.85,0.0,0.0
F-DFHC-U,2023,0.015633829346392916,0.8924731182795699,0.6605189404213,0.04624355844860319,0.0,0.0713588599613199,0.0,0.06,0.0,0.72,0.1,0.0,0.0,0.0,0.0
F-DFHC-U,2023,0.015633829346392916,0.8924731182795699,0.6605189404213,0.04624355844860319,0.0,0.0713588599613199,0.0,0.06,0.0,0.72,0.1,0.0,0.85,0.0,0.0
F-DFHC-U,2023,0.015633829346392916,0.8924731182795699,0.6605189404213,0.04624355844860319,0.0,0.0713588599613199,0.0,0.06,0.0,0.72,0.1,0.9,0.0,0.0,0.0
F-DFHC-U,2023,0.015633829346392916,0.8924731182795699,0.6605189404213,0.04624355844860319,0.0,0.0713588599613199,0.0,0.06,0.0,0.72,0.1,0.9,0.85,0.0,0.0
F-DFHC-U,2023,0.015633829346392916,0.8924731182795699,0.6880933007865474,0.054561070427628616,0.0,0.07974928989944957,0.0,0.06,0.0,0.72,0.12,0.0,0.0,0.0,0.0
F-DFHC-U,2023,0.015633829346392916,0.8924731182795699,0.6880933007865474,0.054561070427628616,0.0,0.07974928989944957,0.0,0.06,0.0,0.72,0.12,0.0,0.85,0.0,0.0
F-DFHC-U,2023,0.015633829346392916,0.8924731182795699,0.6880933007865474,0.054561070427628616,0.0,0.07974928989944957,0.0,0.06,0.0,0.72,0.12,0.9,0.0,0.0,0.0
F-DFHC-U,2023,0.015633829346392916,0.8924731182795699,0.6880933007865474,0.054561070427628616,0.0,0.07974928989944957,0.0,0.06,0.0,0.72,0.12,0.9,0.85,0.0,0.0
F-DFHC-U,2023,0.015633829346392916,0.8924731182795699,0.6605189404213,0.04624355844860319,0.0,0.0713588599613199,0.0,0.06,0.0,0.73,0.1,0.0,0.0,0.0,0.0
F-DFHC-U,2023,0.015633829346392916,0.8924731182795699,0.6605189404213,0.04624355844860319,0.0,0.0713588599613199,0.0,0.06,0.0,0.73,0.1,0.0,0.85,0.0,0.0
F-DFHC-U,2023,0.015633829346392916,0.8924731182795699,0.6605189404213,0.04624355844860319,0.0,0.0713588599613199,0.0,0.06,0.0,0.73,0.1,0.9,0.0,0.0,0.0
F-DFHC-U,2023,0.015633829346392916,0.8924731182795699,0.6605189404213,0.04624355844860319,0.0,0.0713588599613199,0.0,0.06,0.0,0.73,0.1,0.9,0.85,0.0,0.0
F-DFHC-U,2023,0.015633829346392916,0.8924731182795699,0.6880933007865474,0.054561070427628616,0.0,0.07974928989944957,0.0,0.06,0.0,0.73,0.12,0.0,0.0,0.0,0.0
F-DFHC-U,2023,0.015633829346392916,0.8924731182795699,0.6880933007865474,0.054561070427628616,0.0,0.07974928989944957,0.0,0.06,0.0,0.73,0.12,0.0,0.85,0.0,0.0
F-DFHC-U,2023,0.015633829346392916,0.8924731182795699,0.6880933007865474,0.054561070427628616,0.0,0.07974928989944957,0.0,0.06,0.0,0.73,0.12,0.9,0.0,0.0,0.0
F-DFHC-U,2023,0.015633829346392916,0.8924731182795699,0.6880933007865474,0.054561070427628616,0.0,0.07974928989944957,0.0,0.06,0.0,0.73,0.12,0.9,0.85,0.0,0.0
F-DFHC-U,2023,0.015633829346392916,0.8924731182795699,0.6605189404213,0.04624355844860319,0.0,0.0713588599613199,0.0,0.06,0.0,0.74,0.1,0.0,0.0,0.0,0.0
F-DFHC-U,2023,0.015633829346392916,0.8924731182795699,0.6605189404213,0.04624355844860319,0.0,0.0713588599613199,0.0,0.06,0.0,0.74,0.1,0.0,0.85,0.0,0.0
F-DFHC-U,2023,0.015633829346392916,0.8924731182795699,0.6605189404213,0.04624355844860319,0.0,0.0713588599613199,0.0,0.06,0.0,0.74,0.1,0.9,0.0,0.0,0.0
F-DFHC-U,2023,0.015633829346392916,0.8924731182795699,0.6605189404213,0.04624355844860319,0.0,0.0713588599613199,0.0,0.06,0.0,0.74,0.1,0.9,0.85,0.0,0.0
F-DFHC-U,2023,0.015633829346392916,0.8924731182795699,0.6880933007865474,0.054561070427628616,0.0,0.07974928989944957,0.0,0.06,0.0,0.74,0.12,0.0,0.0,0.0,0.0
F-DFHC-U,2023,0.015633829346392916,0.8924731182795699,0.6880933007865474,0.054561070427628616,0.0,0.07974928989944957,0.0,0.06,0.0,0.74,0.12,0.0,0.85,0.0,0.0
F-DFHC-U,2023,0.015633829346392916,0.8924731182795699,0.6880933007865474,0.054561070427628616,0.0,0.07974928989944957,0.0,0.06,0.0,0.74,0.12,0.9,0.0,0.0,0.0
F-DFHC-U,2023,0.015633829346392916,0.8924731182795699,0.6880933007865474,0.054561070427628616,0.0,0.07974928989944957,0.0,0.06,0.0,0.74,0.12,0.9,0.85,0.0,0.0
F-DFHC-U,2023,0.015633829346392916,0.8924731182795699,0.6605189404213,0.04624355844860319,0.0,0.0713588599613199,0.0,0.06,0.0,0.746,0.1,0.0,0.0,0.0,0.0
F-DFHC-U,2023,0.015633829346392916,0.8924731182795699,0.6605189404213,0.04624355844860319,0.0,0.0713588599613199,0.0,0.06,0.0,0.746,0.1,0.0,0.85,0.0,0.0
F-DFHC-U,2023,0.015633829346392916,0.8924731182795699,0.6605189404213,0.04624355844860319,0.0,0.0713588599613199,0.0,0.06,0.0,0.746,0.1,0.9,0.0,0.0,0.0
F-DFHC-U,2023,0.015633829346392916,0.8924731182795699,0.6605189404213,0.04624355844860319,0.0,0.0713588599613199,0.0,0.06,0.0,0.746,0.1,0.9,0.85,0.0,0.0
F-DFHC-U,2023,0.015633829346392916,0.8924731182795699,0.6880933007865474,0.054561070427628616,0.0,0.07974928989944957,0.0,0.06,0.0,0.746,0.12,0.0,0.0,0.0,0.0
F-DFHC-U,2023,0.015633829346392916,0.8924731182795699,0.6880933007865474,0.054561070427628616,0.0,0.07974928989944957,0.0,0.06,0.0,0.746,0.12,0.0,0.85,0.0,0.0
F-DFHC-U,2023,0.015633829346392916,0.8924731182795699,0.6880933007865474,0.054561070427628616,0.0,0.07974928989944957,0.0,0.06,0.0,0.746,0.12,0.9,0.0,0.0,0.0
F-DFHC-U,2023,0.015633829346392916,0.8924731182795699,0.6880933007865474,0.054561070427628616,0.0,0.07974928989944957,0.0,0.06,0.0,0.746,0.12,0.9,0.85,0.0,0.0
F-DFHC-U,2023,0.015633829346392916,0.8924731182795699,0.6605189404213,0.04624355844860319,0.0,0.0713588599613199,0.0,0.06,0.0,0.75,0.1,0.0,0.0,0.0,0.0
F-DFHC-U,2023,0.015633829346392916,0.8924731182795699,0.6605189404213,0.04624355844860319,0.0,0.0713588599613199,0.0,0.06,0.0,0.75,0.1,0.0,0.85,0.0,0.0
F-DFHC-U,2023,0.015633829346392916,0.8924731182795699,0.6605189404213,0.04624355844860319,0.0,0.0713588599613199,0.0,0.06,0.0,0.75,0.1,0.9,0.0,0.0,0.0
F-DFHC-U,2023,0.015633829346392916,0.8924731182795699,0.6605189404213,0.04624355844860319,0.0,0.0713588599613199,0.0,0.06,0.0,0.75,0.1,0.9,0.85,0.0,0.0
F-DFHC-U,2023,0.015633829346392916,0.8924731182795699,0.6880933007865474,0.054561070427628616,0.0,0.07974928989944957,0.0,0.06,0.0,0.75,0.12,0.0,0.0,0.0,0.0
F-DFHC-U,2023,0.015633829346392916,0.8924731182795699,0.6880933007865474,0.054561070427628616,0.0,0.07974928989944957,0.0,0.06,0.0,0.75,0.12,0.0,0.85,0.0,0.0
F-DFHC-U,2023,0.015633829346392916,0.8924731182795699,0.6880933007865474,0.054561070427628616,0.0,0.07974928989944957,0.0,0.06,0.0,0.75,0.12,0.9,0.0,0.0,0.0
F-DFHC-U,2023,0.015633829346392916,0.8924731182795699,0.6880933007865474,0.054561070427628616,0.0,0.07974928989944957,0.0,0.06,0.0,0.75,0.12,0.9,0.85,0.0,0.0
F-DFHC-U,2023,0.015633829346392916,0.8924731182795699,0.6605189404213,0.04624355844860319,0.0,0.0713588599613199,0.0,0.06,0.02,0.0,0.1,0.0,0.0,0.0,0.0
F-DFHC-U,2023,0.015633829346392916,0.8924731182795699,0.6605189404213,0.04624355844860319,0.0,0.0713588599613199,0.0,0.06,0.02,0.0,0.1,0.0,0.85,0.0,0.0
F-DFHC-U,2023,0.015633829346392916,0.8924731182795699,0.6605189404213,0.04624355844860319,0.0,0.0713588599613199,0.0,0.06,0.02,0.0,0.1,0.9,0.0,0.0,0.0
F-DFHC-U,2023,0.015633829346392916,0.8924731182795699,0.6605189404213,0.04624355844860319,0.0,0.0713588599613199,0.0,0.06,0.02,0.0,0.1,0.9,0.85,0.0,0.0
F-DFHC-U,2023,0.015633829346392916,0.8924731182795699,0.6880933007865474,0.054561070427628616,0.0,0.07974928989944957,0.0,0.06,0.02,0.0,0.12,0.0,0.0,0.0,0.0
F-DFHC-U,2023,0.015633829346392916,0.8924731182795699,0.6880933007865474,0.054561070427628616,0.0,0.07974928989944957,0.0,0.06,0.02,0.0,0.12,0.0,0.85,0.0,0.0
F-DFHC-U,2023,0.015633829346392916,0.8924731182795699,0.6880933007865474,0.054561070427628616,0.0,0.07974928989944957,0.0,0.06,0.02,0.0,0.12,0.9,0.0,0.0,0.0
F-DFHC-U,2023,0.015633829346392916,0.8924731182795699,0.6880933007865474,0.054561070427628616,0.0,0.07974928989944957,0.0,0.06,0.02,0.0,0.12,0.9,0.85,0.0,0.0
F-DFHC-U,2023,0.015633829346392916,0.8924731182795699,0.6605189404213,0.04624355844860319,0.0,0.0713588599613199,0.0,0.06,0.02,0.7,0.1,0.0,0.0,0.0,0.0
F-DFHC-U,2023,0.015633829346392916,0.8924731182795699,0.6605189404213,0.04624355844860319,0.0,0.0713588599613199,0.0,0.06,0.02,0.7,0.1,0.0,0.85,0.0,0.0
F-DFHC-U,2023,0.015633829346392916,0.8924731182795699,0.6605189404213,0.04624355844860319,0.0,0.0713588599613199,0.0,0.06,0.02,0.7,0.1,0.9,0.0,0.0,0.0
F-DFHC-U,2023,0.015633829346392916,0.8924731182795699,0.6605189404213,0.04624355844860319,0.0,0.0713588599613199,0.0,0.06,0.02,0.7,0.1,0.9,0.85,0.0,0.0
F-DFHC-U,2023,0.015633829346392916,0.8924731182795699,0.6880933007865474,0.054561070427628616,0.0,0.07974928989944957,0.0,0.06,0.02,0.7,0.12,0.0,0.0,0.0,0.0
F-DFHC-U,2023,0.015633829346392916,0.8924731182795699,0.6880933007865474,0.054561070427628616,0.0,0.07974928989944957,0.0,0.06,0.02,0.7,0.12,0.0,0.85,0.0,0.0
F-DFHC-U,2023,0.015633829346392916,0.8924731182795699,0.6880933007865474,0.054561070427628616,0.0,0.07974928989944957,0.0,0.06,0.02,0.7,0.12,0.9,0.0,0.0,0.0
F-DFHC-U,2023,0.015633829346392916,0.8924731182795699,0.6880933007865474,0.054561070427628616,0.0,0.07974928989944957,0.0,0.06,0.02,0.7,0.12,0.9,0.85,0.0,0.0
F-DFHC-U,2023,0.015633829346392916,0.8924731182795699,0.6605189404213,0.04624355844860319,0.0,0.0713588599613199,0.0,0.06,0.02,0.72,0.1,0.0,0.0,0.0,0.0
F-DFHC-U,2023,0.015633829346392916,0.8924731182795699,0.6605189404213,0.04624355844860319,0.0,0.0713588599613199,0.0,0.06,0.02,0.72,0.1,0.0,0.85,0.0,0.0
F-DFHC-U,2023,0.015633829346392916,0.8924731182795699,0.6605189404213,0.04624355844860319,0.0,0.0713588599613199,0.0,0.06,0.02,0.72,0.1,0.9,0.0,0.0,0.0
F-DFHC-U,2023,0.015633829346392916,0.8924731182795699,0.6605189404213,0.04624355844860319,0.0,0.0713588599613199,0.0,0.06,0.02,0.72,0.1,0.9,0.85,0.0,0.0
F-DFHC-U,2023,0.015633829346392916,0.8924731182795699,0.6880933007865474,0.054561070427628616,0.0,0.07974928989944957,0.0,0.06,0.02,0.72,0.12,0.0,0.0,0.0,0.0
F-DFHC-U,2023,0.015633829346392916,0.8924731182795699,0.6880933007865474,0.054561070427628616,0.0,0.07974928989944957,0.0,0.06,0.02,0.72,0.12,0.0,0.85,0.0,0.0
F-DFHC-U,2023,0.015633829346392916,0.8924731182795699,0.6880933007865474,0.054561070427628616,0.0,0.07974928989944957,0.0,0.06,0.02,0.72,0.12,0.9,0.0,0.0,0.0
F-DFHC-U,2023,0.015633829346392916,0.8924731182795699,0.6880933007865474,0.054561070427628616,0.0,0.07974928989944957,0.0,0.06,0.02,0.72,0.12,0.9,0.85,0.0,0.0
F-DFHC-U,2023,0.015633829346392916,0.8924731182795699,0.6605189404213,0.04624355844860319,0.0,0.0713588599613199,0.0,0.06,0.02,0.73,0.1,0.0,0.0,0.0,0.0
F-DFHC-U,2023,0.015633829346392916,0.8924731182795699,0.6605189404213,0.04624355844860319,0.0,0.0713588599613199,0.0,0.06,0.02,0.73,0.1,0.0,0.85,0.0,0.0
F-DFHC-U,2023,0.015633829346392916,0.8924731182795699,0.6605189404213,0.04624355844860319,0.0,0.0713588599613199,0.0,0.06,0.02,0.73,0.1,0.9,0.0,0.0,0.0
F-DFHC-U,2023,0.015633829346392916,0.8924731182795699,0.6605189404213,0.04624355844860319,0.0,0.0713588599613199,0.0,0.06,0.02,0.73,0.1,0.9,0.85,0.0,0.0
F-DFHC-U,2023,0.015633829346392916,0.8924731182795699,0.6880933007865474,0.054561070427628616,0.0,0.07974928989944957,0.0,0.06,0.02,0.73,0.12,0.0,0.0,0.0,0.0
F-DFHC-U,2023,0.015633829346392916,0.8924731182795699,0.6880933007865474,0.054561070427628616,0.0,0.07974928989944957,0.0,0.06,0.02,0.73,0.12,0.0,0.85,0.0,0.0
F-DFHC-U,2023,0.015633829346392916,0.8924731182795699,0.6880933007865474,0.054561070427628616,0.0,0.07974928989944957,0.0,0.06,0.02,0.73,0.12,0.9,0.0,0.0,0.0
F-DFHC-U,2023,0.015633829346392916,0.8924731182795699,0.6880933007865474,0.054561070427628616,0.0,0.07974928989944957,0.0,0.06,0.02,0.73,0.12,0.9,0.85,0.0,0.0
F-DFHC-U,2023,0.015633829346392916,0.8924731182795699,0.6605189404213,0.04624355844860319,0.0,0.0713588599613199,0.0,0.06,0.02,0.74,0.1,0.0,0.0,0.0,0.0
F-DFHC-U,2023,0.015633829346392916,0.8924731182795699,0.6605189404213,0.04624355844860319,0.0,0.0713588599613199,0.0,0.06,0.02,0.74,0.1,0.0,0.85,0.0,0.0
F-DFHC-U,2023,0.015633829346392916,0.8924731182795699,0.6605189404213,0.04624355844860319,0.0,0.0713588599613199,0.0,0.06,0.02,0.74,0.1,0.9,0.0,0.0,0.0
F-DFHC-U,2023,0.015633829346392916,0.8924731182795699,0.6605189404213,0.04624355844860319,0.0,0.0713588599613199,0.0,0.06,0.02,0.74,0.1,0.9,0.85,0.0,0.0
F-DFHC-U,2023,0.015633829346392916,0.8924731182795699,0.6880933007865474,0.054561070427628616,0.0,0.07974928989944957,0.0,0.06,0.02,0.74,0.12,0.0,0.0,0.0,0.0
F-DFHC-U,2023,0.015633829346392916,0.8924731182795699,0.6880933007865474,0.054561070427628616,0.0,0.07974928989944957,0.0,0.06,0.02,0.74,0.12,0.0,0.85,0.0,0.0
F-DFHC-U,2023,0.015633829346392916,0.8924731182795699,0.6880933007865474,0.054561070427628616,0.0,0.07974928989944957,0.0,0.06,0.02,0.74,0.12,0.9,0.0,0.0,0.0
F-DFHC-U,2023,0.015633829346392916,0.8924731182795699,0.6880933007865474,0.054561070427628616,0.0,0.07974928989944957,0.0,0.06,0.02,0.74,0.12,0.9,0.85,0.0,0.0
F-DFHC-U,2023,0.015633829346392916,0.8924731182795699,0.6605189404213,0.04624355844860319,0.0,0.0713588599613199,0.0,0.06,0.02,0.746,0.1,0.0,0.0,0.0,0.0
F-DFHC-U,2023,0.015633829346392916,0.8924731182795699,0.6605189404213,0.04624355844860319,0.0,0.0713588599613199,0.0,0.06,0.02,0.746,0.1,0.0,0.85,0.0,0.0
F-DFHC-U,2023,0.015633829346392916,0.8924731182795699,0.6605189404213,0.04624355844860319,0.0,0.0713588599613199,0.0,0.06,0.02,0.746,0.1,0.9,0.0,0.0,0.0
F-DFHC-U,2023,0.015633829346392916,0.8924731182795699,0.6605189404213,0.04624355844860319,0.0,0.0713588599613199,0.0,0.06,0.02,0.746,0.1,0.9,0.85,0.0,0.0
F-DFHC-U,2023,0.015633829346392916,0.8924731182795699,0.6880933007865474,0.054561070427628616,0.0,0.07974928989944957,0.0,0.06,0.02,0.746,0.12,0.0,0.0,0.0,0.0
F-DFHC-U,2023,0.015633829346392916,0.8924731182795699,0.6880933007865474,0.054561070427628616,0.0,0.07974928989944957,0.0,0.06,0.02,0.746,0.12,0.0,0.85,0.0,0.0
F-DFHC-U,2023,0.015633829346392916,0.8924731182795699,0.6880933007865474,0.054561070427628616,0.0,0.07974928989944957,0.0,0.06,0.02,0.746,0.12,0.9,0.0,0.0,0.0
F-DFHC-U,2023,0.015633829346392916,0.8924731182795699,0.6880933007865474,0.054561070427628616,0.0,0.07974928989944957,0.0,0.06,0.02,0.746,0.12,0.9,0.85,0.0,0.0
F-DFHC-U,2023,0.015633829346392916,0.8924731182795699,0.6605189404213,0.04624355844860319,0.0,0.0713588599613199,0.0,0.06,0.02,0.75,0.1,0.0,0.0,0.0,0.0
F-DFHC-U,2023,0.015633829346392916,0.8924731182795699,0.6605189404213,0.04624355844860319,0.0,0.0713588599613199,0.0,0.06,0.02,0.75,0.1,0.0,0.85,0.0,0.0
F-DFHC-U,2023,0.015633829346392916,0.8924731182795699,0.6605189404213,0.04624355844860319,0.0,0.0713588599613199,0.0,0.06,0.02,0.75,0.1,0.9,0.0,0.0,0.0
F-DFHC-U,2023,0.015633829346392916,0.8924731182795699,0.6605189404213,0.04624355844860319,0.0,0.0713588599613199,0.0,0.06,0.02,0.75,0.1,0.9,0.85,0.0,0.0
F-DFHC-U,2023,0.015633829346392916,0.8924731182795699,0.6880933007865474,0.054561070427628616,0.0,0.07974928989944957,0.0,0.06,0.02,0.75,0.12,0.0,0.0,0.0,0.0
F-DFHC-U,2023,0.015633829346392916,0.8924731182795699,0.6880933007865474,0.054561070427628616,0.0,0.07974928989944957,0.0,0.06,0.02,0.75,0.12,0.0,0.85,0.0,0.0
F-DFHC-U,2023,0.015633829346392916,0.8924731182795699,0.6880933007865474,0.054561070427628616,0.0,0.07974928989944957,0.0,0.06,0.02,0.75,0.12,0.9,0.0,0.0,0.0
F-DFHC-U,2023,0.015633829346392916,0.8924731182795699,0.6880933007865474,0.054561070427628616,0.0,0.07974928989944957,0.0,0.06,0.02,0.75,0.12,0.9,0.85,0.0,0.0
F-DFHC-U,2023,0.015633829346392916,0.8924731182795699,0.6605189404213,0.04624355844860319,0.0,0.0713588599613199,0.0,0.06,0.04,0.0,0.1,0.0,0.0,0.0,0.0
F-DFHC-U,2023,0.015633829346392916,0.8924731182795699,0.6605189404213,0.04624355844860319,0.0,0.0713588599613199,0.0,0.06,0.04,0.0,0.1,0.0,0.85,0.0,0.0
F-DFHC-U,2023,0.015633829346392916,0.8924731182795699,0.6605189404213,0.04624355844860319,0.0,0.0713588599613199,0.0,0.06,0.04,0.0,0.1,0.9,0.0,0.0,0.0
F-DFHC-U,2023,0.015633829346392916,0.8924731182795699,0.6605189404213,0.04624355844860319,0.0,0.0713588599613199,0.0,0.06,0.04,0.0,0.1,0.9,0.85,0.0,0.0
F-DFHC-U,2023,0.015633829346392916,0.8924731182795699,0.6880933007865474,0.054561070427628616,0.0,0.07974928989944957,0.0,0.06,0.04,0.0,0.12,0.0,0.0,0.0,0.0
F-DFHC-U,2023,0.015633829346392916,0.8924731182795699,0.6880933007865474,0.054561070427628616,0.0,0.07974928989944957,0.0,0.06,0.04,0.0,0.12,0.0,0.85,0.0,0.0
F-DFHC-U,2023,0.015633829346392916,0.8924731182795699,0.6880933007865474,0.054561070427628616,0.0,0.07974928989944957,0.0,0.06,0.04,0.0,0.12,0.9,0.0,0.0,0.0
F-DFHC-U,2023,0.015633829346392916,0.8924731182795699,0.6880933007865474,0.054561070427628616,0.0,0.07974928989944957,0.0,0.06,0.04,0.0,0.12,0.9,0.85,0.0,0.0
F-DFHC-U,2023,0.015633829346392916,0.8924731182795699,0.6605189404213,0.04624355844860319,0.0,0.0713588599613199,0.0,0.06,0.04,0.7,0.1,0.0,0.0,0.0,0.0
F-DFHC-U,2023,0.015633829346392916,0.8924731182795699,0.6605189404213,0.04624355844860319,0.0,0.0713588599613199,0.0,0.06,0.04,0.7,0.1,0.0,0.85,0.0,0.0
F-DFHC-U,2023,0.015633829346392916,0.8924731182795699,0.6605189404213,0.04624355844860319,0.0,0.0713588599613199,0.0,0.06,0.04,0.7,0.1,0.9,0.0,0.0,0.0
F-DFHC-U,2023,0.015633829346392916,0.8924731182795699,0.6605189404213,0.04624355844860319,0.0,0.0713588599613199,0.0,0.06,0.04,0.7,0.1,0.9,0.85,0.0,0.0
F-DFHC-U,2023,0.015633829346392916,0.8924731182795699,0.6880933007865474,0.054561070427628616,0.0,0.07974928989944957,0.0,0.06,0.04,0.7,0.12,0.0,0.0,0.0,0.0
F-DFHC-U,2023,0.015633829346392916,0.8924731182795699,0.6880933007865474,0.054561070427628616,0.0,0.07974928989944957,0.0,0.06,0.04,0.7,0.12,0.0,0.85,0.0,0.0
F-DFHC-U,2023,0.015633829346392916,0.8924731182795699,0.6880933007865474,0.054561070427628616,0.0,0.07974928989944957,0.0,0.06,0.04,0.7,0.12,0.9,0.0,0.0,0.0
F-DFHC-U,2023,0.015633829346392916,0.8924731182795699,0.6880933007865474,0.054561070427628616,0.0,0.07974928989944957,0.0,0.06,0.04,0.7,0.12,0.9,0.85,0.0,0.0
F-DFHC-U,2023,0.015633829346392916,0.8924731182795699,0.6605189404213,0.04624355844860319,0.0,0.0713588599613199,0.0,0.06,0.04,0.72,0.1,0.0,0.0,0.0,0.0
F-DFHC-U,2023,0.015633829346392916,0.8924731182795699,0.6605189404213,0.04624355844860319,0.0,0.0713588599613199,0.0,0.06,0.04,0.72,0.1,0.0,0.85,0.0,0.0
F-DFHC-U,2023,0.015633829346392916,0.8924731182795699,0.6605189404213,0.04624355844860319,0.0,0.0713588599613199,0.0,0.06,0.04,0.72,0.1,0.9,0.0,0.0,0.0
F-DFHC-U,2023,0.015633829346392916,0.8924731182795699,0.6605189404213,0.04624355844860319,0.0,0.0713588599613199,0.0,0.06,0.04,0.72,0.1,0.9,0.85,0.0,0.0
F-DFHC-U,2023,0.015633829346392916,0.8924731182795699,0.6880933007865474,0.054561070427628616,0.0,0.07974928989944957,0.0,0.06,0.04,0.72,0.12,0.0,0.0,0.0,0.0
F-DFHC-U,2023,0.015633829346392916,0.8924731182795699,0.6880933007865474,0.054561070427628616,0.0,0.07974928989944957,0.0,0.06,0.04,0.72,0.12,0.0,0.85,0.0,0.0
F-DFHC-U,2023,0.015633829346392916,0.8924731182795699,0.6880933007865474,0.054561070427628616,0.0,0.07974928989944957,0.0,0.06,0.04,0.72,0.12,0.9,0.0,0.0,0.0
F-DFHC-U,2023,0.015633829346392916,0.8924731182795699,0.6880933007865474,0.054561070427628616,0.0,0.07974928989944957,0.0,0.06,0.04,0.72,0.12,0.9,0.85,0.0,0.0
F-DFHC-U,2023,0.015633829346392916,0.8924731182795699,0.6605189404213,0.04624355844860319,0.0,0.0713588599613199,0.0,0.06,0.04,0.73,0.1,0.0,0.0,0.0,0.0
F-DFHC-U,2023,0.015633829346392916,0.8924731182795699,0.6605189404213,0.04624355844860319,0.0,0.0713588599613199,0.0,0.06,0.04,0.73,0.1,0.0,0.85,0.0,0.0
F-DFHC-U,2023,0.015633829346392916,0.8924731182795699,0.6605189404213,0.04624355844860319,0.0,0.0713588599613199,0.0,0.06,0.04,0.73,0.1,0.9,0.0,0.0,0.0
F-DFHC-U,2023,0.015633829346392916,0.8924731182795699,0.6605189404213,0.04624355844860319,0.0,0.0713588599613199,0.0,0.06,0.04,0.73,0.1,0.9,0.85,0.0,0.0
F-DFHC-U,2023,0.015633829346392916,0.8924731182795699,0.6880933007865474,0.054561070427628616,0.0,0.07974928989944957,0.0,0.06,0.04,0.73,0.12,0.0,0.0,0.0,0.0
F-DFHC-U,2023,0.015633829346392916,0.8924731182795699,0.6880933007865474,0.054561070427628616,0.0,0.07974928989944957,0.0,0.06,0.04,0.73,0.12,0.0,0.85,0.0,0.0
F-DFHC-U,2023,0.015633829346392916,0.8924731182795699,0.6880933007865474,0.054561070427628616,0.0,0.07974928989944957,0.0,0.06,0.04,0.73,0.12,0.9,0.0,0.0,0.0
F-DFHC-U,2023,0.015633829346392916,0.8924731182795699,0.6880933007865474,0.054561070427628616,0.0,0.07974928989944957,0.0,0.06,0.04,0.73,0.12,0.9,0.85,0.0,0.0
F-DFHC-U,2023,0.015633829346392916,0.8924731182795699,0.6605189404213,0.04624355844860319,0.0,0.0713588599613199,0.0,0.06,0.04,0.74,0.1,0.0,0.0,0.0,0.0
F-DFHC-U,2023,0.015633829346392916,0.8924731182795699,0.6605189404213,0.04624355844860319,0.0,0.0713588599613199,0.0,0.06,0.04,0.74,0.1,0.0,0.85,0.0,0.0
F-DFHC-U,2023,0.015633829346392916,0.8924731182795699,0.6605189404213,0.04624355844860319,0.0,0.0713588599613199,0.0,0.06,0.04,0.74,0.1,0.9,0.0,0.0,0.0
F-DFHC-U,2023,0.015633829346392916,0.8924731182795699,0.6605189404213,0.04624355844860319,0.0,0.0713588599613199,0.0,0.06,0.04,0.74,0.1,0.9,0.85,0.0,0.0
F-DFHC-U,2023,0.015633829346392916,0.8924731182795699,0.6880933007865474,0.054561070427628616,0.0,0.07974928989944957,0.0,0.06,0.04,0.74,0.12,0.0,0.0,0.0,0.0
F-DFHC-U,2023,0.015633829346392916,0.8924731182795699,0.6880933007865474,0.054561070427628616,0.0,0.07974928989944957,0.0,0.06,0.04,0.74,0.12,0.0,0.85,0.0,0.0
F-DFHC-U,2023,0.015633829346392916,0.8924731182795699,0.6880933007865474,0.054561070427628616,0.0,0.07974928989944957,0.0,0.06,0.04,0.74,0.12,0.9,0.0,0.0,0.0
F-DFHC-U,2023,0.015633829346392916,0.8924731182795699,0.6880933007865474,0.054561070427628616,0.0,0.07974928989944957,0.0,0.06,0.04,0.74,0.12,0.9,0.85,0.0,0.0
F-DFHC-U,2023,0.015633829346392916,0.8924731182795699,0.6605189404213,0.04624355844860319,0.0,0.0713588599613199,0.0,0.06,0.04,0.746,0.1,0.0,0.0,0.0,0.0
F-DFHC-U,2023,0.015633829346392916,0.8924731182795699,0.6605189404213,0.04624355844860319,0.0,0.0713588599613199,0.0,0.06,0.04,0.746,0.1,0.0,0.85,0.0,0.0
F-DFHC-U,2023,0.015633829346392916,0.8924731182795699,0.6605189404213,0.04624355844860319,0.0,0.0713588599613199,0.0,0.06,0.04,0.746,0.1,0.9,0.0,0.0,0.0
F-DFHC-U,2023,0.015633829346392916,0.8924731182795699,0.6605189404213,0.04624355844860319,0.0,0.0713588599613199,0.0,0.06,0.04,0.746,0.1,0.9,0.85,0.0,0.0
F-DFHC-U,2023,0.015633829346392916,0.8924731182795699,0.6880933007865474,0.054561070427628616,0.0,0.07974928989944957,0.0,0.06,0.04,0.746,0.12,0.0,0.0,0.0,0.0
F-DFHC-U,2023,0.015633829346392916,0.8924731182795699,0.6880933007865474,0.054561070427628616,0.0,0.07974928989944957,0.0,0.06,0.04,0.746,0.12,0.0,0.85,0.0,0.0
F-DFHC-U,2023,0.015633829346392916,0.8924731182795699,0.6880933007865474,0.054561070427628616,0.0,0.07974928989944957,0.0,0.06,0.04,0.746,0.12,0.9,0.0,0.0,0.0
F-DFHC-U,2023,0.015633829346392916,0.8924731182795699,0.6880933007865474,0.054561070427628616,0.0,0.07974928989944957,0.0,0.06,0.04,0.746,0.12,0.9,0.85,0.0,0.0
F-DFHC-U,2023,0.015633829346392916,0.8924731182795699,0.6605189404213,0.04624355844860319,0.0,0.0713588599613199,0.0,0.06,0.04,0.75,0.1,0.0,0.0,0.0,0.0
F-DFHC-U,2023,0.015633829346392916,0.8924731182795699,0.6605189404213,0.04624355844860319,0.0,0.0713588599613199,0.0,0.06,0.04,0.75,0.1,0.0,0.85,0.0,0.0
F-DFHC-U,2023,0.015633829346392916,0.8924731182795699,0.6605189404213,0.04624355844860319,0.0,0.0713588599613199,0.0,0.06,0.04,0.75,0.1,0.9,0.0,0.0,0.0
F-DFHC-U,2023,0.015633829346392916,0.8924731182795699,0.6605189404213,0.04624355844860319,0.0,0.0713588599613199,0.0,0.06,0.04,0.75,0.1,0.9,0.85,0.0,0.0
F-DFHC-U,2023,0.015633829346392916,0.8924731182795699,0.6880933007865474,0.054561070427628616,0.0,0.07974928989944957,0.0,0.06,0.04,0.75,0.12,0.0,0.0,0.0,0.0
F-DFHC-U,2023,0.015633829346392916,0.8924731182795699,0.6880933007865474,0.054561070427628616,0.0,0.07974928989944957,0.0,0.06,0.04,0.75,0.12,0.0,0.85,0.0,0.0
F-DFHC-U,2023,0.015633829346392916,0.8924731182795699,0.6880933007865474,0.054561070427628616,0.0,0.07974928989944957,0.0,0.06,0.04,0.75,0.12,0.9,0.0,0.0,0.0
F-DFHC-U,2023,0.015633829346392916,0.8924731182795699,0.6880933007865474,0.054561070427628616,0.0,0.07974928989944957,0.0,0.06,0.04,0.75,0.12,0.9,0.85,0.0,0.0
F-DFHC-U,2023,0.015633829346392916,0.8924731182795699,0.6605189404213,0.04624355844860319,0.0,0.0713588599613199,0.02,0.04,0.0,0.0,0.1,0.0,0.0,0.0,0.0
F-DFHC-U,2023,0.015633829346392916,0.8924731182795699,0.6605189404213,0.04624355844860319,0.0,0.0713588599613199,0.02,0.04,0.0,0.0,0.1,0.0,0.85,0.0,0.0
F-DFHC-U,2023,0.015633829346392916,0.8924731182795699,0.6605189404213,0.04624355844860319,0.0,0.0713588599613199,0.02,0.04,0.0,0.0,0.1,0.9,0.0,0.0,0.0
F-DFHC-U,2023,0.015633829346392916,0.8924731182795699,0.6605189404213,0.04624355844860319,0.0,0.0713588599613199,0.02,0.04,0.0,0.0,0.1,0.9,0.85,0.0,0.0
F-DFHC-U,2023,0.015633829346392916,0.8924731182795699,0.6880933007865474,0.054561070427628616,0.0,0.07974928989944957,0.02,0.04,0.0,0.0,0.12,0.0,0.0,0.0,0.0
F-DFHC-U,2023,0.015633829346392916,0.8924731182795699,0.6880933007865474,0.054561070427628616,0.0,0.07974928989944957,0.02,0.04,0.0,0.0,0.12,0.0,0.85,0.0,0.0
F-DFHC-U,2023,0.015633829346392916,0.8924731182795699,0.6880933007865474,0.054561070427628616,0.0,0.07974928989944957,0.02,0.04,0.0,0.0,0.12,0.9,0.0,0.0,0.0
F-DFHC-U,2023,0.015633829346392916,0.8924731182795699,0.6880933007865474,0.054561070427628616,0.0,0.07974928989944957,0.02,0.04,0.0,0.0,0.12,0.9,0.85,0.0,0.0
F-DFHC-U,2023,0.015633829346392916,0.8924731182795699,0.6605189404213,0.04624355844860319,0.0,0.0713588599613199,0.02,0.04,0.0,0.7,0.1,0.0,0.0,0.0,0.0
F-DFHC-U,2023,0.015633829346392916,0.8924731182795699,0.6605189404213,0.04624355844860319,0.0,0.0713588599613199,0.02,0.04,0.0,0.7,0.1,0.0,0.85,0.0,0.0
F-DFHC-U,2023,0.015633829346392916,0.8924731182795699,0.6605189404213,0.04624355844860319,0.0,0.0713588599613199,0.02,0.04,0.0,0.7,0.1,0.9,0.0,0.0,0.0
F-DFHC-U,2023,0.015633829346392916,0.8924731182795699,0.6605189404213,0.04624355844860319,0.0,0.0713588599613199,0.02,0.04,0.0,0.7,0.1,0.9,0.85,0.0,0.0
F-DFHC-U,2023,0.015633829346392916,0.8924731182795699,0.6880933007865474,0.054561070427628616,0.0,0.07974928989944957,0.02,0.04,0.0,0.7,0.12,0.0,0.0,0.0,0.0
F-DFHC-U,2023,0.015633829346392916,0.8924731182795699,0.6880933007865474,0.054561070427628616,0.0,0.07974928989944957,0.02,0.04,0.0,0.7,0.12,0.0,0.85,0.0,0.0
F-DFHC-U,2023,0.015633829346392916,0.8924731182795699,0.6880933007865474,0.054561070427628616,0.0,0.07974928989944957,0.02,0.04,0.0,0.7,0.12,0.9,0.0,0.0,0.0
F-DFHC-U,2023,0.015633829346392916,0.8924731182795699,0.6880933007865474,0.054561070427628616,0.0,0.07974928989944957,0.02,0.04,0.0,0.7,0.12,0.9,0.85,0.0,0.0
F-DFHC-U,2023,0.015633829346392916,0.8924731182795699,0.6605189404213,0.04624355844860319,0.0,0.0713588599613199,0.02,0.04,0.0,0.72,0.1,0.0,0.0,0.0,0.0
F-DFHC-U,2023,0.015633829346392916,0.8924731182795699,0.6605189404213,0.04624355844860319,0.0,0.0713588599613199,0.02,0.04,0.0,0.72,0.1,0.0,0.85,0.0,0.0
F-DFHC-U,2023,0.015633829346392916,0.8924731182795699,0.6605189404213,0.04624355844860319,0.0,0.0713588599613199,0.02,0.04,0.0,0.72,0.1,0.9,0.0,0.0,0.0
F-DFHC-U,2023,0.015633829346392916,0.8924731182795699,0.6605189404213,0.04624355844860319,0.0,0.0713588599613199,0.02,0.04,0.0,0.72,0.1,0.9,0.85,0.0,0.0
F-DFHC-U,2023,0.015633829346392916,0.8924731182795699,0.6880933007865474,0.054561070427628616,0.0,0.07974928989944957,0.02,0.04,0.0,0.72,0.12,0.0,0.0,0.0,0.0
F-DFHC-U,2023,0.015633829346392916,0.8924731182795699,0.6880933007865474,0.054561070427628616,0.0,0.07974928989944957,0.02,0.04,0.0,0.72,0.12,0.0,0.85,0.0,0.0
F-DFHC-U,2023,0.015633829346392916,0.8924731182795699,0.6880933007865474,0.054561070427628616,0.0,0.07974928989944957,0.02,0.04,0.0,0.72,0.12,0.9,0.0,0.0,0.0
F-DFHC-U,2023,0.015633829346392916,0.8924731182795699,0.6880933007865474,0.054561070427628616,0.0,0.07974928989944957,0.02,0.04,0.0,0.72,0.12,0.9,0.85,0.0,0.0
F-DFHC-U,2023,0.015633829346392916,0.8924731182795699,0.6605189404213,0.04624355844860319,0.0,0.0713588599613199,0.02,0.04,0.0,0.73,0.1,0.0,0.0,0.0,0.0
F-DFHC-U,2023,0.015633829346392916,0.8924731182795699,0.6605189404213,0.04624355844860319,0.0,0.0713588599613199,0.02,0.04,0.0,0.73,0.1,0.0,0.85,0.0,0.0
F-DFHC-U,2023,0.015633829346392916,0.8924731182795699,0.6605189404213,0.04624355844860319,0.0,0.0713588599613199,0.02,0.04,0.0,0.73,0.1,0.9,0.0,0.0,0.0
F-DFHC-U,2023,0.015633829346392916,0.8924731182795699,0.6605189404213,0.04624355844860319,0.0,0.0713588599613199,0.02,0.04,0.0,0.73,0.1,0.9,0.85,0.0,0.0
F-DFHC-U,2023,0.015633829346392916,0.8924731182795699,0.6880933007865474,0.054561070427628616,0.0,0.07974928989944957,0.02,0.04,0.0,0.73,0.12,0.0,0.0,0.0,0.0
F-DFHC-U,2023,0.015633829346392916,0.8924731182795699,0.6880933007865474,0.054561070427628616,0.0,0.07974928989944957,0.02,0.04,0.0,0.73,0.12,0.0,0.85,0.0,0.0
F-DFHC-U,2023,0.015633829346392916,0.8924731182795699,0.6880933007865474,0.054561070427628616,0.0,0.07974928989944957,0.02,0.04,0.0,0.73,0.12,0.9,0.0,0.0,0.0
F-DFHC-U,2023,0.015633829346392916,0.8924731182795699,0.6880933007865474,0.054561070427628616,0.0,0.07974928989944957,0.02,0.04,0.0,0.73,0.12,0.9,0.85,0.0,0.0
F-DFHC-U,2023,0.015633829346392916,0.8924731182795699,0.6605189404213,0.04624355844860319,0.0,0.0713588599613199,0.02,0.04,0.0,0.74,0.1,0.0,0.0,0.0,0.0
F-DFHC-U,2023,0.015633829346392916,0.8924731182795699,0.6605189404213,0.04624355844860319,0.0,0.0713588599613199,0.02,0.04,0.0,0.74,0.1,0.0,0.85,0.0,0.0
F-DFHC-U,2023,0.015633829346392916,0.8924731182795699,0.6605189404213,0.04624355844860319,0.0,0.0713588599613199,0.02,0.04,0.0,0.74,0.1,0.9,0.0,0.0,0.0
F-DFHC-U,2023,0.015633829346392916,0.8924731182795699,0.6605189404213,0.04624355844860319,0.0,0.0713588599613199,0.02,0.04,0.0,0.74,0.1,0.9,0.85,0.0,0.0
F-DFHC-U,2023,0.015633829346392916,0.8924731182795699,0.6880933007865474,0.054561070427628616,0.0,0.07974928989944957,0.02,0.04,0.0,0.74,0.12,0.0,0.0,0.0,0.0
F-DFHC-U,2023,0.015633829346392916,0.8924731182795699,0.6880933007865474,0.054561070427628616,0.0,0.07974928989944957,0.02,0.04,0.0,0.74,0.12,0.0,0.85,0.0,0.0
F-DFHC-U,2023,0.015633829346392916,0.8924731182795699,0.6880933007865474,0.054561070427628616,0.0,0.07974928989944957,0.02,0.04,0.0,0.74,0.12,0.9,0.0,0.0,0.0
F-DFHC-U,2023,0.015633829346392916,0.8924731182795699,0.6880933007865474,0.054561070427628616,0.0,0.07974928989944957,0.02,0.04,0.0,0.74,0.12,0.9,0.85,0.0,0.0
F-DFHC-U,2023,0.015633829346392916,0.8924731182795699,0.6605189404213,0.04624355844860319,0.0,0.0713588599613199,0.02,0.04,0.0,0.746,0.1,0.0,0.0,0.0,0.0
F-DFHC-U,2023,0.015633829346392916,0.8924731182795699,0.6605189404213,0.04624355844860319,0.0,0.0713588599613199,0.02,0.04,0.0,0.746,0.1,0.0,0.85,0.0,0.0
F-DFHC-U,2023,0.015633829346392916,0.8924731182795699,0.6605189404213,0.04624355844860319,0.0,0.0713588599613199,0.02,0.04,0.0,0.746,0.1,0.9,0.0,0.0,0.0
F-DFHC-U,2023,0.015633829346392916,0.8924731182795699,0.6605189404213,0.04624355844860319,0.0,0.0713588599613199,0.02,0.04,0.0,0.746,0.1,0.9,0.85,0.0,0.0
F-DFHC-U,2023,0.015633829346392916,0.8924731182795699,0.6880933007865474,0.054561070427628616,0.0,0.07974928989944957,0.02,0.04,0.0,0.746,0.12,0.0,0.0,0.0,0.0
F-DFHC-U,2023,0.015633829346392916,0.8924731182795699,0.6880933007865474,0.054561070427628616,0.0,0.07974928989944957,0.02,0.04,0.0,0.746,0.12,0.0,0.85,0.0,0.0
F-DFHC-U,2023,0.015633829346392916,0.8924731182795699,0.6880933007865474,0.054561070427628616,0.0,0.07974928989944957,0.02,0.04,0.0,0.746,0.12,0.9,0.0,0.0,0.0
F-DFHC-U,2023,0.015633829346392916,0.8924731182795699,0.6880933007865474,0.054561070427628616,0.0,0.07974928989944957,0.02,0.04,0.0,0.746,0.12,0.9,0.85,0.0,0.0
F-DFHC-U,2023,0.015633829346392916,0.8924731182795699,0.6605189404213,0.04624355844860319,0.0,0.0713588599613199,0.02,0.04,0.0,0.75,0.1,0.0,0.0,0.0,0.0
F-DFHC-U,2023,0.015633829346392916,0.8924731182795699,0.6605189404213,0.04624355844860319,0.0,0.0713588599613199,0.02,0.04,0.0,0.75,0.1,0.0,0.85,0.0,0.0
F-DFHC-U,2023,0.015633829346392916,0.8924731182795699,0.6605189404213,0.04624355844860319,0.0,0.0713588599613199,0.02,0.04,0.0,0.75,0.1,0.9,0.0,0.0,0.0
F-DFHC-U,2023,0.015633829346392916,0.8924731182795699,0.6605189404213,0.04624355844860319,0.0,0.0713588599613199,0.02,0.04,0.0,0.75,0.1,0.9,0.85,0.0,0.0
F-DFHC-U,2023,0.015633829346392916,0.8924731182795699,0.6880933007865474,0.054561070427628616,0.0,0.07974928989944957,0.02,0.04,0.0,0.75,0.12,0.0,0.0,0.0,0.0
F-DFHC-U,2023,0.015633829346392916,0.8924731182795699,0.6880933007865474,0.054561070427628616,0.0,0.07974928989944957,0.02,0.04,0.0,0.75,0.12,0.0,0.85,0.0,0.0
F-DFHC-U,2023,0.015633829346392916,0.8924731182795699,0.6880933007865474,0.054561070427628616,0.0,0.07974928989944957,0.02,0.04,0.0,0.75,0.12,0.9,0.0,0.0,0.0
F-DFHC-U,2023,0.015633829346392916,0.8924731182795699,0.6880933007865474,0.054561070427628616,0.0,0.07974928989944957,0.02,0.04,0.0,0.75,0.12,0.9,0.85,0.0,0.0
F-DFHC-U,2023,0.015633829346392916,0.8924731182795699,0.6605189404213,0.04624355844860319,0.0,0.0713588599613199,0.02,0.04,0.02,0.0,0.1,0.0,0.0,0.0,0.0
F-DFHC-U,2023,0.015633829346392916,0.8924731182795699,0.6605189404213,0.04624355844860319,0.0,0.0713588599613199,0.02,0.04,0.02,0.0,0.1,0.0,0.85,0.0,0.0
F-DFHC-U,2023,0.015633829346392916,0.8924731182795699,0.6605189404213,0.04624355844860319,0.0,0.0713588599613199,0.02,0.04,0.02,0.0,0.1,0.9,0.0,0.0,0.0
F-DFHC-U,2023,0.015633829346392916,0.8924731182795699,0.6605189404213,0.04624355844860319,0.0,0.0713588599613199,0.02,0.04,0.02,0.0,0.1,0.9,0.85,0.0,0.0
F-DFHC-U,2023,0.015633829346392916,0.8924731182795699,0.6880933007865474,0.054561070427628616,0.0,0.07974928989944957,0.02,0.04,0.02,0.0,0.12,0.0,0.0,0.0,0.0
F-DFHC-U,2023,0.015633829346392916,0.8924731182795699,0.6880933007865474,0.054561070427628616,0.0,0.07974928989944957,0.02,0.04,0.02,0.0,0.12,0.0,0.85,0.0,0.0
F-DFHC-U,2023,0.015633829346392916,0.8924731182795699,0.6880933007865474,0.054561070427628616,0.0,0.07974928989944957,0.02,0.04,0.02,0.0,0.12,0.9,0.0,0.0,0.0
F-DFHC-U,2023,0.015633829346392916,0.8924731182795699,0.6880933007865474,0.054561070427628616,0.0,0.07974928989944957,0.02,0.04,0.02,0.0,0.12,0.9,0.85,0.0,0.0
F-DFHC-U,2023,0.015633829346392916,0.8924731182795699,0.6605189404213,0.04624355844860319,0.0,0.0713588599613199,0.02,0.04,0.02,0.7,0.1,0.0,0.0,0.0,0.0
F-DFHC-U,2023,0.015633829346392916,0.8924731182795699,0.6605189404213,0.04624355844860319,0.0,0.0713588599613199,0.02,0.04,0.02,0.7,0.1,0.0,0.85,0.0,0.0
F-DFHC-U,2023,0.015633829346392916,0.8924731182795699,0.6605189404213,0.04624355844860319,0.0,0.0713588599613199,0.02,0.04,0.02,0.7,0.1,0.9,0.0,0.0,0.0
F-DFHC-U,2023,0.015633829346392916,0.8924731182795699,0.6605189404213,0.04624355844860319,0.0,0.0713588599613199,0.02,0.04,0.02,0.7,0.1,0.9,0.85,0.0,0.0
F-DFHC-U,2023,0.015633829346392916,0.8924731182795699,0.6880933007865474,0.054561070427628616,0.0,0.07974928989944957,0.02,0.04,0.02,0.7,0.12,0.0,0.0,0.0,0.0
F-DFHC-U,2023,0.015633829346392916,0.8924731182795699,0.6880933007865474,0.054561070427628616,0.0,0.07974928989944957,0.02,0.04,0.02,0.7,0.12,0.0,0.85,0.0,0.0
F-DFHC-U,2023,0.015633829346392916,0.8924731182795699,0.6880933007865474,0.054561070427628616,0.0,0.07974928989944957,0.02,0.04,0.02,0.7,0.12,0.9,0.0,0.0,0.0
F-DFHC-U,2023,0.015633829346392916,0.8924731182795699,0.6880933007865474,0.054561070427628616,0.0,0.07974928989944957,0.02,0.04,0.02,0.7,0.12,0.9,0.85,0.0,0.0
F-DFHC-U,2023,0.015633829346392916,0.8924731182795699,0.6605189404213,0.04624355844860319,0.0,0.0713588599613199,0.02,0.04,0.02,0.72,0.1,0.0,0.0,0.0,0.0
F-DFHC-U,2023,0.015633829346392916,0.8924731182795699,0.6605189404213,0.04624355844860319,0.0,0.0713588599613199,0.02,0.04,0.02,0.72,0.1,0.0,0.85,0.0,0.0
F-DFHC-U,2023,0.015633829346392916,0.8924731182795699,0.6605189404213,0.04624355844860319,0.0,0.0713588599613199,0.02,0.04,0.02,0.72,0.1,0.9,0.0,0.0,0.0
F-DFHC-U,2023,0.015633829346392916,0.8924731182795699,0.6605189404213,0.04624355844860319,0.0,0.0713588599613199,0.02,0.04,0.02,0.72,0.1,0.9,0.85,0.0,0.0
F-DFHC-U,2023,0.015633829346392916,0.8924731182795699,0.6880933007865474,0.054561070427628616,0.0,0.07974928989944957,0.02,0.04,0.02,0.72,0.12,0.0,0.0,0.0,0.0
F-DFHC-U,2023,0.015633829346392916,0.8924731182795699,0.6880933007865474,0.054561070427628616,0.0,0.07974928989944957,0.02,0.04,0.02,0.72,0.12,0.0,0.85,0.0,0.0
F-DFHC-U,2023,0.015633829346392916,0.8924731182795699,0.6880933007865474,0.054561070427628616,0.0,0.07974928989944957,0.02,0.04,0.02,0.72,0.12,0.9,0.0,0.0,0.0
F-DFHC-U,2023,0.015633829346392916,0.8924731182795699,0.6880933007865474,0.054561070427628616,0.0,0.07974928989944957,0.02,0.04,0.02,0.72,0.12,0.9,0.85,0.0,0.0
F-DFHC-U,2023,0.015633829346392916,0.8924731182795699,0.6605189404213,0.04624355844860319,0.0,0.0713588599613199,0.02,0.04,0.02,0.73,0.1,0.0,0.0,0.0,0.0
F-DFHC-U,2023,0.015633829346392916,0.8924731182795699,0.6605189404213,0.04624355844860319,0.0,0.0713588599613199,0.02,0.04,0.02,0.73,0.1,0.0,0.85,0.0,0.0
F-DFHC-U,2023,0.015633829346392916,0.8924731182795699,0.6605189404213,0.04624355844860319,0.0,0.0713588599613199,0.02,0.04,0.02,0.73,0.1,0.9,0.0,0.0,0.0
F-DFHC-U,2023,0.015633829346392916,0.8924731182795699,0.6605189404213,0.04624355844860319,0.0,0.0713588599613199,0.02,0.04,0.02,0.73,0.1,0.9,0.85,0.0,0.0
F-DFHC-U,2023,0.015633829346392916,0.8924731182795699,0.6880933007865474,0.054561070427628616,0.0,0.07974928989944957,0.02,0.04,0.02,0.73,0.12,0.0,0.0,0.0,0.0
F-DFHC-U,2023,0.015633829346392916,0.8924731182795699,0.6880933007865474,0.054561070427628616,0.0,0.07974928989944957,0.02,0.04,0.02,0.73,0.12,0.0,0.85,0.0,0.0
F-DFHC-U,2023,0.015633829346392916,0.8924731182795699,0.6880933007865474,0.054561070427628616,0.0,0.07974928989944957,0.02,0.04,0.02,0.73,0.12,0.9,0.0,0.0,0.0
F-DFHC-U,2023,0.015633829346392916,0.8924731182795699,0.6880933007865474,0.054561070427628616,0.0,0.07974928989944957,0.02,0.04,0.02,0.73,0.12,0.9,0.85,0.0,0.0
F-DFHC-U,2023,0.015633829346392916,0.8924731182795699,0.6605189404213,0.04624355844860319,0.0,0.0713588599613199,0.02,0.04,0.02,0.74,0.1,0.0,0.0,0.0,0.0
F-DFHC-U,2023,0.015633829346392916,0.8924731182795699,0.6605189404213,0.04624355844860319,0.0,0.0713588599613199,0.02,0.04,0.02,0.74,0.1,0.0,0.85,0.0,0.0
F-DFHC-U,2023,0.015633829346392916,0.8924731182795699,0.6605189404213,0.04624355844860319,0.0,0.0713588599613199,0.02,0.04,0.02,0.74,0.1,0.9,0.0,0.0,0.0
F-DFHC-U,2023,0.015633829346392916,0.8924731182795699,0.6605189404213,0.04624355844860319,0.0,0.0713588599613199,0.02,0.04,0.02,0.74,0.1,0.9,0.85,0.0,0.0
F-DFHC-U,2023,0.015633829346392916,0.8924731182795699,0.6880933007865474,0.054561070427628616,0.0,0.07974928989944957,0.02,0.04,0.02,0.74,0.12,0.0,0.0,0.0,0.0
F-DFHC-U,2023,0.015633829346392916,0.8924731182795699,0.6880933007865474,0.054561070427628616,0.0,0.07974928989944957,0.02,0.04,0.02,0.74,0.12,0.0,0.85,0.0,0.0
F-DFHC-U,2023,0.015633829346392916,0.8924731182795699,0.6880933007865474,0.054561070427628616,0.0,0.07974928989944957,0.02,0.04,0.02,0.74,0.12,0.9,0.0,0.0,0.0
F-DFHC-U,2023,0.015633829346392916,0.8924731182795699,0.6880933007865474,0.054561070427628616,0.0,0.07974928989944957,0.02,0.04,0.02,0.74,0.12,0.9,0.85,0.0,0.0
F-DFHC-U,2023,0.015633829346392916,0.8924731182795699,0.6605189404213,0.04624355844860319,0.0,0.0713588599613199,0.02,0.04,0.02,0.746,0.1,0.0,0.0,0.0,0.0
F-DFHC-U,2023,0.015633829346392916,0.8924731182795699,0.6605189404213,0.04624355844860319,0.0,0.0713588599613199,0.02,0.04,0.02,0.746,0.1,0.0,0.85,0.0,0.0
F-DFHC-U,2023,0.015633829346392916,0.8924731182795699,0.6605189404213,0.04624355844860319,0.0,0.0713588599613199,0.02,0.04,0.02,0.746,0.1,0.9,0.0,0.0,0.0
F-DFHC-U,2023,0.015633829346392916,0.8924731182795699,0.6605189404213,0.04624355844860319,0.0,0.0713588599613199,0.02,0.04,0.02,0.746,0.1,0.9,0.85,0.0,0.0
F-DFHC-U,2023,0.015633829346392916,0.8924731182795699,0.6880933007865474,0.054561070427628616,0.0,0.07974928989944957,0.02,0.04,0.02,0.746,0.12,0.0,0.0,0.0,0.0
F-DFHC-U,2023,0.015633829346392916,0.8924731182795699,0.6880933007865474,0.054561070427628616,0.0,0.07974928989944957,0.02,0.04,0.02,0.746,0.12,0.0,0.85,0.0,0.0
F-DFHC-U,2023,0.015633829346392916,0.8924731182795699,0.6880933007865474,0.054561070427628616,0.0,0.07974928989944957,0.02,0.04,0.02,0.746,0.12,0.9,0.0,0.0,0.0
F-DFHC-U,2023,0.015633829346392916,0.8924731182795699,0.6880933007865474,0.054561070427628616,0.0,0.07974928989944957,0.02,0.04,0.02,0.746,0.12,0.9,0.85,0.0,0.0
F-DFHC-U,2023,0.015633829346392916,0.8924731182795699,0.6605189404213,0.04624355844860319,0.0,0.0713588599613199,0.02,0.04,0.02,0.75,0.1,0.0,0.0,0.0,0.0
F-DFHC-U,2023,0.015633829346392916,0.8924731182795699,0.6605189404213,0.04624355844860319,0.0,0.0713588599613199,0.02,0.04,0.02,0.75,0.1,0.0,0.85,0.0,0.0
F-DFHC-U,2023,0.015633829346392916,0.8924731182795699,0.6605189404213,0.04624355844860319,0.0,0.0713588599613199,0.02,0.04,0.02,0.75,0.1,0.9,0.0,0.0,0.0
F-DFHC-U,2023,0.015633829346392916,0.8924731182795699,0.6605189404213,0.04624355844860319,0.0,0.0713588599613199,0.02,0.04,0.02,0.75,0.1,0.9,0.85,0.0,0.0
F-DFHC-U,2023,0.015633829346392916,0.8924731182795699,0.6880933007865474,0.054561070427628616,0.0,0.07974928989944957,0.02,0.04,0.02,0.75,0.12,0.0,0.0,0.0,0.0
F-DFHC-U,2023,0.015633829346392916,0.8924731182795699,0.6880933007865474,0.054561070427628616,0.0,0.07974928989944957,0.02,0.04,0.02,0.75,0.12,0.0,0.85,0.0,0.0
F-DFHC-U,2023,0.015633829346392916,0.8924731182795699,0.6880933007865474,0.054561070427628616,0.0,0.07974928989944957,0.02,0.04,0.02,0.75,0.12,0.9,0.0,0.0,0.0
F-DFHC-U,2023,0.015633829346392916,0.8924731182795699,0.6880933007865474,0.054561070427628616,0.0,0.07974928989944957,0.02,0.04,0.02,0.75,0.12,0.9,0.85,0.0,0.0
F-DFHC-U,2023,0.015633829346392916,0.8924731182795699,0.6605189404213,0.04624355844860319,0.0,0.0713588599613199,0.02,0.04,0.04,0.0,0.1,0.0,0.0,0.0,0.0
F-DFHC-U,2023,0.015633829346392916,0.8924731182795699,0.6605189404213,0.04624355844860319,0.0,0.0713588599613199,0.02,0.04,0.04,0.0,0.1,0.0,0.85,0.0,0.0
F-DFHC-U,2023,0.015633829346392916,0.8924731182795699,0.6605189404213,0.04624355844860319,0.0,0.0713588599613199,0.02,0.04,0.04,0.0,0.1,0.9,0.0,0.0,0.0
F-DFHC-U,2023,0.015633829346392916,0.8924731182795699,0.6605189404213,0.04624355844860319,0.0,0.0713588599613199,0.02,0.04,0.04,0.0,0.1,0.9,0.85,0.0,0.0
F-DFHC-U,2023,0.015633829346392916,0.8924731182795699,0.6880933007865474,0.054561070427628616,0.0,0.07974928989944957,0.02,0.04,0.04,0.0,0.12,0.0,0.0,0.0,0.0
F-DFHC-U,2023,0.015633829346392916,0.8924731182795699,0.6880933007865474,0.054561070427628616,0.0,0.07974928989944957,0.02,0.04,0.04,0.0,0.12,0.0,0.85,0.0,0.0
F-DFHC-U,2023,0.015633829346392916,0.8924731182795699,0.6880933007865474,0.054561070427628616,0.0,0.07974928989944957,0.02,0.04,0.04,0.0,0.12,0.9,0.0,0.0,0.0
F-DFHC-U,2023,0.015633829346392916,0.8924731182795699,0.6880933007865474,0.054561070427628616,0.0,0.07974928989944957,0.02,0.04,0.04,0.0,0.12,0.9,0.85,0.0,0.0
F-DFHC-U,2023,0.015633829346392916,0.8924731182795699,0.6605189404213,0.04624355844860319,0.0,0.0713588599613199,0.02,0.04,0.04,0.7,0.1,0.0,0.0,0.0,0.0
F-DFHC-U,2023,0.015633829346392916,0.8924731182795699,0.6605189404213,0.04624355844860319,0.0,0.0713588599613199,0.02,0.04,0.04,0.7,0.1,0.0,0.85,0.0,0.0
F-DFHC-U,2023,0.015633829346392916,0.8924731182795699,0.6605189404213,0.04624355844860319,0.0,0.0713588599613199,0.02,0.04,0.04,0.7,0.1,0.9,0.0,0.0,0.0
F-DFHC-U,2023,0.015633829346392916,0.8924731182795699,0.6605189404213,0.04624355844860319,0.0,0.0713588599613199,0.02,0.04,0.04,0.7,0.1,0.9,0.85,0.0,0.0
F-DFHC-U,2023,0.015633829346392916,0.8924731182795699,0.6880933007865474,0.054561070427628616,0.0,0.07974928989944957,0.02,0.04,0.04,0.7,0.12,0.0,0.0,0.0,0.0
F-DFHC-U,2023,0.015633829346392916,0.8924731182795699,0.6880933007865474,0.054561070427628616,0.0,0.07974928989944957,0.02,0.04,0.04,0.7,0.12,0.0,0.85,0.0,0.0
F-DFHC-U,2023,0.015633829346392916,0.8924731182795699,0.6880933007865474,0.054561070427628616,0.0,0.07974928989944957,0.02,0.04,0.04,0.7,0.12,0.9,0.0,0.0,0.0
F-DFHC-U,2023,0.015633829346392916,0.8924731182795699,0.6880933007865474,0.054561070427628616,0.0,0.07974928989944957,0.02,0.04,0.04,0.7,0.12,0.9,0.85,0.0,0.0
F-DFHC-U,2023,0.015633829346392916,0.8924731182795699,0.6605189404213,0.04624355844860319,0.0,0.0713588599613199,0.02,0.04,0.04,0.72,0.1,0.0,0.0,0.0,0.0
F-DFHC-U,2023,0.015633829346392916,0.8924731182795699,0.6605189404213,0.04624355844860319,0.0,0.0713588599613199,0.02,0.04,0.04,0.72,0.1,0.0,0.85,0.0,0.0
F-DFHC-U,2023,0.015633829346392916,0.8924731182795699,0.6605189404213,0.04624355844860319,0.0,0.0713588599613199,0.02,0.04,0.04,0.72,0.1,0.9,0.0,0.0,0.0
F-DFHC-U,2023,0.015633829346392916,0.8924731182795699,0.6605189404213,0.04624355844860319,0.0,0.0713588599613199,0.02,0.04,0.04,0.72,0.1,0.9,0.85,0.0,0.0
F-DFHC-U,2023,0.015633829346392916,0.8924731182795699,0.6880933007865474,0.054561070427628616,0.0,0.07974928989944957,0.02,0.04,0.04,0.72,0.12,0.0,0.0,0.0,0.0
F-DFHC-U,2023,0.015633829346392916,0.8924731182795699,0.6880933007865474,0.054561070427628616,0.0,0.07974928989944957,0.02,0.04,0.04,0.72,0.12,0.0,0.85,0.0,0.0
F-DFHC-U,2023,0.015633829346392916,0.8924731182795699,0.6880933007865474,0.054561070427628616,0.0,0.07974928989944957,0.02,0.04,0.04,0.72,0.12,0.9,0.0,0.0,0.0
F-DFHC-U,2023,0.015633829346392916,0.8924731182795699,0.6880933007865474,0.054561070427628616,0.0,0.07974928989944957,0.02,0.04,0.04,0.72,0.12,0.9,0.85,0.0,0.0
F-DFHC-U,2023,0.015633829346392916,0.8924731182795699,0.6605189404213,0.04624355844860319,0.0,0.0713588599613199,0.02,0.04,0.04,0.73,0.1,0.0,0.0,0.0,0.0
F-DFHC-U,2023,0.015633829346392916,0.8924731182795699,0.6605189404213,0.04624355844860319,0.0,0.0713588599613199,0.02,0.04,0.04,0.73,0.1,0.0,0.85,0.0,0.0
F-DFHC-U,2023,0.015633829346392916,0.8924731182795699,0.6605189404213,0.04624355844860319,0.0,0.0713588599613199,0.02,0.04,0.04,0.73,0.1,0.9,0.0,0.0,0.0
F-DFHC-U,2023,0.015633829346392916,0.8924731182795699,0.6605189404213,0.04624355844860319,0.0,0.0713588599613199,0.02,0.04,0.04,0.73,0.1,0.9,0.85,0.0,0.0
F-DFHC-U,2023,0.015633829346392916,0.8924731182795699,0.6880933007865474,0.054561070427628616,0.0,0.07974928989944957,0.02,0.04,0.04,0.73,0.12,0.0,0.0,0.0,0.0
F-DFHC-U,2023,0.015633829346392916,0.8924731182795699,0.6880933007865474,0.054561070427628616,0.0,0.07974928989944957,0.02,0.04,0.04,0.73,0.12,0.0,0.85,0.0,0.0
F-DFHC-U,2023,0.015633829346392916,0.8924731182795699,0.6880933007865474,0.054561070427628616,0.0,0.07974928989944957,0.02,0.04,0.04,0.73,0.12,0.9,0.0,0.0,0.0
F-DFHC-U,2023,0.015633829346392916,0.8924731182795699,0.6880933007865474,0.054561070427628616,0.0,0.07974928989944957,0.02,0.04,0.04,0.73,0.12,0.9,0.85,0.0,0.0
F-DFHC-U,2023,0.015633829346392916,0.8924731182795699,0.6605189404213,0.04624355844860319,0.0,0.0713588599613199,0.02,0.04,0.04,0.74,0.1,0.0,0.0,0.0,0.0
F-DFHC-U,2023,0.015633829346392916,0.8924731182795699,0.6605189404213,0.04624355844860319,0.0,0.0713588599613199,0.02,0.04,0.04,0.74,0.1,0.0,0.85,0.0,0.0
F-DFHC-U,2023,0.015633829346392916,0.8924731182795699,0.6605189404213,0.04624355844860319,0.0,0.0713588599613199,0.02,0.04,0.04,0.74,0.1,0.9,0.0,0.0,0.0
F-DFHC-U,2023,0.015633829346392916,0.8924731182795699,0.6605189404213,0.04624355844860319,0.0,0.0713588599613199,0.02,0.04,0.04,0.74,0.1,0.9,0.85,0.0,0.0
F-DFHC-U,2023,0.015633829346392916,0.8924731182795699,0.6880933007865474,0.054561070427628616,0.0,0.07974928989944957,0.02,0.04,0.04,0.74,0.12,0.0,0.0,0.0,0.0
F-DFHC-U,2023,0.015633829346392916,0.8924731182795699,0.6880933007865474,0.054561070427628616,0.0,0.07974928989944957,0.02,0.04,0.04,0.74,0.12,0.0,0.85,0.0,0.0
F-DFHC-U,2023,0.015633829346392916,0.8924731182795699,0.6880933007865474,0.054561070427628616,0.0,0.07974928989944957,0.02,0.04,0.04,0.74,0.12,0.9,0.0,0.0,0.0
F-DFHC-U,2023,0.015633829346392916,0.8924731182795699,0.6880933007865474,0.054561070427628616,0.0,0.07974928989944957,0.02,0.04,0.04,0.74,0.12,0.9,0.85,0.0,0.0
F-DFHC-U,2023,0.015633829346392916,0.8924731182795699,0.6605189404213,0.04624355844860319,0.0,0.0713588599613199,0.02,0.04,0.04,0.746,0.1,0.0,0.0,0.0,0.0
F-DFHC-U,2023,0.015633829346392916,0.8924731182795699,0.6605189404213,0.04624355844860319,0.0,0.0713588599613199,0.02,0.04,0.04,0.746,0.1,0.0,0.85,0.0,0.0
F-DFHC-U,2023,0.015633829346392916,0.8924731182795699,0.6605189404213,0.04624355844860319,0.0,0.0713588599613199,0.02,0.04,0.04,0.746,0.1,0.9,0.0,0.0,0.0
F-DFHC-U,2023,0.015633829346392916,0.8924731182795699,0.6605189404213,0.04624355844860319,0.0,0.0713588599613199,0.02,0.04,0.04,0.746,0.1,0.9,0.85,0.0,0.0
F-DFHC-U,2023,0.015633829346392916,0.8924731182795699,0.6880933007865474,0.054561070427628616,0.0,0.07974928989944957,0.02,0.04,0.04,0.746,0.12,0.0,0.0,0.0,0.0
F-DFHC-U,2023,0.015633829346392916,0.8924731182795699,0.6880933007865474,0.054561070427628616,0.0,0.07974928989944957,0.02,0.04,0.04,0.746,0.12,0.0,0.85,0.0,0.0
F-DFHC-U,2023,0.015633829346392916,0.8924731182795699,0.6880933007865474,0.054561070427628616,0.0,0.07974928989944957,0.02,0.04,0.04,0.746,0.12,0.9,0.0,0.0,0.0
F-DFHC-U,2023,0.015633829346392916,0.8924731182795699,0.6880933007865474,0.054561070427628616,0.0,0.07974928989944957,0.02,0.04,0.04,0.746,0.12,0.9,0.85,0.0,0.0
F-DFHC-U,2023,0.015633829346392916,0.8924731182795699,0.6605189404213,0.04624355844860319,0.0,0.0713588599613199,0.02,0.04,0.04,0.75,0.1,0.0,0.0,0.0,0.0
F-DFHC-U,2023,0.015633829346392916,0.8924731182795699,0.6605189404213,0.04624355844860319,0.0,0.0713588599613199,0.02,0.04,0.04,0.75,0.1,0.0,0.85,0.0,0.0
F-DFHC-U,2023,0.015633829346392916,0.8924731182795699,0.6605189404213,0.04624355844860319,0.0,0.0713588599613199,0.02,0.04,0.04,0.75,0.1,0.9,0.0,0.0,0.0
F-DFHC-U,2023,0.015633829346392916,0.8924731182795699,0.6605189404213,0.04624355844860319,0.0,0.0713588599613199,0.02,0.04,0.04,0.75,0.1,0.9,0.85,0.0,0.0
F-DFHC-U,2023,0.015633829346392916,0.8924731182795699,0.6880933007865474,0.054561070427628616,0.0,0.07974928989944957,0.02,0.04,0.04,0.75,0.12,0.0,0.0,0.0,0.0
F-DFHC-U,2023,0.015633829346392916,0.8924731182795699,0.6880933007865474,0.054561070427628616,0.0,0.07974928989944957,0.02,0.04,0.04,0.75,0.12,0.0,0.85,0.0,0.0
F-DFHC-U,2023,0.015633829346392916,0.8924731182795699,0.6880933007865474,0.054561070427628616,0.0,0.07974928989944957,0.02,0.04,0.04,0.75,0.12,0.9,0.0,0.0,0.0
F-DFHC-U,2023,0.015633829346392916,0.8924731182795699,0.6880933007865474,0.054561070427628616,0.0,0.07974928989944957,0.02,0.04,0.04,0.75,0.12,0.9,0.85,0.0,0.0
F-DFHC-U,2023,0.015633829346392916,0.8924731182795699,0.6605189404213,0.04624355844860319,0.0,0.0713588599613199,0.02,0.06,0.0,0.0,0.1,0.0,0.0,0.0,0.0
F-DFHC-U,2023,0.015633829346392916,0.8924731182795699,0.6605189404213,0.04624355844860319,0.0,0.0713588599613199,0.02,0.06,0.0,0.0,0.1,0.0,0.85,0.0,0.0
F-DFHC-U,2023,0.015633829346392916,0.8924731182795699,0.6605189404213,0.04624355844860319,0.0,0.0713588599613199,0.02,0.06,0.0,0.0,0.1,0.9,0.0,0.0,0.0
F-DFHC-U,2023,0.015633829346392916,0.8924731182795699,0.6605189404213,0.04624355844860319,0.0,0.0713588599613199,0.02,0.06,0.0,0.0,0.1,0.9,0.85,0.0,0.0
F-DFHC-U,2023,0.015633829346392916,0.8924731182795699,0.6880933007865474,0.054561070427628616,0.0,0.07974928989944957,0.02,0.06,0.0,0.0,0.12,0.0,0.0,0.0,0.0
F-DFHC-U,2023,0.015633829346392916,0.8924731182795699,0.6880933007865474,0.054561070427628616,0.0,0.07974928989944957,0.02,0.06,0.0,0.0,0.12,0.0,0.85,0.0,0.0
F-DFHC-U,2023,0.015633829346392916,0.8924731182795699,0.6880933007865474,0.054561070427628616,0.0,0.07974928989944957,0.02,0.06,0.0,0.0,0.12,0.9,0.0,0.0,0.0
F-DFHC-U,2023,0.015633829346392916,0.8924731182795699,0.6880933007865474,0.054561070427628616,0.0,0.07974928989944957,0.02,0.06,0.0,0.0,0.12,0.9,0.85,0.0,0.0
F-DFHC-U,2023,0.015633829346392916,0.8924731182795699,0.6605189404213,0.04624355844860319,0.0,0.0713588599613199,0.02,0.06,0.0,0.7,0.1,0.0,0.0,0.0,0.0
F-DFHC-U,2023,0.015633829346392916,0.8924731182795699,0.6605189404213,0.04624355844860319,0.0,0.0713588599613199,0.02,0.06,0.0,0.7,0.1,0.0,0.85,0.0,0.0
F-DFHC-U,2023,0.015633829346392916,0.8924731182795699,0.6605189404213,0.04624355844860319,0.0,0.0713588599613199,0.02,0.06,0.0,0.7,0.1,0.9,0.0,0.0,0.0
F-DFHC-U,2023,0.015633829346392916,0.8924731182795699,0.6605189404213,0.04624355844860319,0.0,0.0713588599613199,0.02,0.06,0.0,0.7,0.1,0.9,0.85,0.0,0.0
F-DFHC-U,2023,0.015633829346392916,0.8924731182795699,0.6880933007865474,0.054561070427628616,0.0,0.07974928989944957,0.02,0.06,0.0,0.7,0.12,0.0,0.0,0.0,0.0
F-DFHC-U,2023,0.015633829346392916,0.8924731182795699,0.6880933007865474,0.054561070427628616,0.0,0.07974928989944957,0.02,0.06,0.0,0.7,0.12,0.0,0.85,0.0,0.0
F-DFHC-U,2023,0.015633829346392916,0.8924731182795699,0.6880933007865474,0.054561070427628616,0.0,0.07974928989944957,0.02,0.06,0.0,0.7,0.12,0.9,0.0,0.0,0.0
F-DFHC-U,2023,0.015633829346392916,0.8924731182795699,0.6880933007865474,0.054561070427628616,0.0,0.07974928989944957,0.02,0.06,0.0,0.7,0.12,0.9,0.85,0.0,0.0
F-DFHC-U,2023,0.015633829346392916,0.8924731182795699,0.6605189404213,0.04624355844860319,0.0,0.0713588599613199,0.02,0.06,0.0,0.72,0.1,0.0,0.0,0.0,0.0
F-DFHC-U,2023,0.015633829346392916,0.8924731182795699,0.6605189404213,0.04624355844860319,0.0,0.0713588599613199,0.02,0.06,0.0,0.72,0.1,0.0,0.85,0.0,0.0
F-DFHC-U,2023,0.015633829346392916,0.8924731182795699,0.6605189404213,0.04624355844860319,0.0,0.0713588599613199,0.02,0.06,0.0,0.72,0.1,0.9,0.0,0.0,0.0
F-DFHC-U,2023,0.015633829346392916,0.8924731182795699,0.6605189404213,0.04624355844860319,0.0,0.0713588599613199,0.02,0.06,0.0,0.72,0.1,0.9,0.85,0.0,0.0
F-DFHC-U,2023,0.015633829346392916,0.8924731182795699,0.6880933007865474,0.054561070427628616,0.0,0.07974928989944957,0.02,0.06,0.0,0.72,0.12,0.0,0.0,0.0,0.0
F-DFHC-U,2023,0.015633829346392916,0.8924731182795699,0.6880933007865474,0.054561070427628616,0.0,0.07974928989944957,0.02,0.06,0.0,0.72,0.12,0.0,0.85,0.0,0.0
F-DFHC-U,2023,0.015633829346392916,0.8924731182795699,0.6880933007865474,0.054561070427628616,0.0,0.07974928989944957,0.02,0.06,0.0,0.72,0.12,0.9,0.0,0.0,0.0
F-DFHC-U,2023,0.015633829346392916,0.8924731182795699,0.6880933007865474,0.054561070427628616,0.0,0.07974928989944957,0.02,0.06,0.0,0.72,0.12,0.9,0.85,0.0,0.0
F-DFHC-U,2023,0.015633829346392916,0.8924731182795699,0.6605189404213,0.04624355844860319,0.0,0.0713588599613199,0.02,0.06,0.0,0.73,0.1,0.0,0.0,0.0,0.0
F-DFHC-U,2023,0.015633829346392916,0.8924731182795699,0.6605189404213,0.04624355844860319,0.0,0.0713588599613199,0.02,0.06,0.0,0.73,0.1,0.0,0.85,0.0,0.0
F-DFHC-U,2023,0.015633829346392916,0.8924731182795699,0.6605189404213,0.04624355844860319,0.0,0.0713588599613199,0.02,0.06,0.0,0.73,0.1,0.9,0.0,0.0,0.0
F-DFHC-U,2023,0.015633829346392916,0.8924731182795699,0.6605189404213,0.04624355844860319,0.0,0.0713588599613199,0.02,0.06,0.0,0.73,0.1,0.9,0.85,0.0,0.0
F-DFHC-U,2023,0.015633829346392916,0.8924731182795699,0.6880933007865474,0.054561070427628616,0.0,0.07974928989944957,0.02,0.06,0.0,0.73,0.12,0.0,0.0,0.0,0.0
F-DFHC-U,2023,0.015633829346392916,0.8924731182795699,0.6880933007865474,0.054561070427628616,0.0,0.07974928989944957,0.02,0.06,0.0,0.73,0.12,0.0,0.85,0.0,0.0
F-DFHC-U,2023,0.015633829346392916,0.8924731182795699,0.6880933007865474,0.054561070427628616,0.0,0.07974928989944957,0.02,0.06,0.0,0.73,0.12,0.9,0.0,0.0,0.0
F-DFHC-U,2023,0.015633829346392916,0.8924731182795699,0.6880933007865474,0.054561070427628616,0.0,0.07974928989944957,0.02,0.06,0.0,0.73,0.12,0.9,0.85,0.0,0.0
F-DFHC-U,2023,0.015633829346392916,0.8924731182795699,0.6605189404213,0.04624355844860319,0.0,0.0713588599613199,0.02,0.06,0.0,0.74,0.1,0.0,0.0,0.0,0.0
F-DFHC-U,2023,0.015633829346392916,0.8924731182795699,0.6605189404213,0.04624355844860319,0.0,0.0713588599613199,0.02,0.06,0.0,0.74,0.1,0.0,0.85,0.0,0.0
F-DFHC-U,2023,0.015633829346392916,0.8924731182795699,0.6605189404213,0.04624355844860319,0.0,0.0713588599613199,0.02,0.06,0.0,0.74,0.1,0.9,0.0,0.0,0.0
F-DFHC-U,2023,0.015633829346392916,0.8924731182795699,0.6605189404213,0.04624355844860319,0.0,0.0713588599613199,0.02,0.06,0.0,0.74,0.1,0.9,0.85,0.0,0.0
F-DFHC-U,2023,0.015633829346392916,0.8924731182795699,0.6880933007865474,0.054561070427628616,0.0,0.07974928989944957,0.02,0.06,0.0,0.74,0.12,0.0,0.0,0.0,0.0
F-DFHC-U,2023,0.015633829346392916,0.8924731182795699,0.6880933007865474,0.054561070427628616,0.0,0.07974928989944957,0.02,0.06,0.0,0.74,0.12,0.0,0.85,0.0,0.0
F-DFHC-U,2023,0.015633829346392916,0.8924731182795699,0.6880933007865474,0.054561070427628616,0.0,0.07974928989944957,0.02,0.06,0.0,0.74,0.12,0.9,0.0,0.0,0.0
F-DFHC-U,2023,0.015633829346392916,0.8924731182795699,0.6880933007865474,0.054561070427628616,0.0,0.07974928989944957,0.02,0.06,0.0,0.74,0.12,0.9,0.85,0.0,0.0
F-DFHC-U,2023,0.015633829346392916,0.8924731182795699,0.6605189404213,0.04624355844860319,0.0,0.0713588599613199,0.02,0.06,0.0,0.746,0.1,0.0,0.0,0.0,0.0
F-DFHC-U,2023,0.015633829346392916,0.8924731182795699,0.6605189404213,0.04624355844860319,0.0,0.0713588599613199,0.02,0.06,0.0,0.746,0.1,0.0,0.85,0.0,0.0
F-DFHC-U,2023,0.015633829346392916,0.8924731182795699,0.6605189404213,0.04624355844860319,0.0,0.0713588599613199,0.02,0.06,0.0,0.746,0.1,0.9,0.0,0.0,0.0
F-DFHC-U,2023,0.015633829346392916,0.8924731182795699,0.6605189404213,0.04624355844860319,0.0,0.0713588599613199,0.02,0.06,0.0,0.746,0.1,0.9,0.85,0.0,0.0
F-DFHC-U,2023,0.015633829346392916,0.8924731182795699,0.6880933007865474,0.054561070427628616,0.0,0.07974928989944957,0.02,0.06,0.0,0.746,0.12,0.0,0.0,0.0,0.0
F-DFHC-U,2023,0.015633829346392916,0.8924731182795699,0.6880933007865474,0.054561070427628616,0.0,0.07974928989944957,0.02,0.06,0.0,0.746,0.12,0.0,0.85,0.0,0.0
F-DFHC-U,2023,0.015633829346392916,0.8924731182795699,0.6880933007865474,0.054561070427628616,0.0,0.07974928989944957,0.02,0.06,0.0,0.746,0.12,0.9,0.0,0.0,0.0
F-DFHC-U,2023,0.015633829346392916,0.8924731182795699,0.6880933007865474,0.054561070427628616,0.0,0.07974928989944957,0.02,0.06,0.0,0.746,0.12,0.9,0.85,0.0,0.0
F-DFHC-U,2023,0.015633829346392916,0.8924731182795699,0.6605189404213,0.04624355844860319,0.0,0.0713588599613199,0.02,0.06,0.0,0.75,0.1,0.0,0.0,0.0,0.0
F-DFHC-U,2023,0.015633829346392916,0.8924731182795699,0.6605189404213,0.04624355844860319,0.0,0.0713588599613199,0.02,0.06,0.0,0.75,0.1,0.0,0.85,0.0,0.0
F-DFHC-U,2023,0.015633829346392916,0.8924731182795699,0.6605189404213,0.04624355844860319,0.0,0.0713588599613199,0.02,0.06,0.0,0.75,0.1,0.9,0.0,0.0,0.0
F-DFHC-U,2023,0.015633829346392916,0.8924731182795699,0.6605189404213,0.04624355844860319,0.0,0.0713588599613199,0.02,0.06,0.0,0.75,0.1,0.9,0.85,0.0,0.0
F-DFHC-U,2023,0.015633829346392916,0.8924731182795699,0.6880933007865474,0.054561070427628616,0.0,0.07974928989944957,0.02,0.06,0.0,0.75,0.12,0.0,0.0,0.0,0.0
F-DFHC-U,2023,0.015633829346392916,0.8924731182795699,0.6880933007865474,0.054561070427628616,0.0,0.07974928989944957,0.02,0.06,0.0,0.75,0.12,0.0,0.85,0.0,0.0
F-DFHC-U,2023,0.015633829346392916,0.8924731182795699,0.6880933007865474,0.054561070427628616,0.0,0.07974928989944957,0.02,0.06,0.0,0.75,0.12,0.9,0.0,0.0,0.0
F-DFHC-U,2023,0.015633829346392916,0.8924731182795699,0.6880933007865474,0.054561070427628616,0.0,0.07974928989944957,0.02,0.06,0.0,0.75,0.12,0.9,0.85,0.0,0.0
F-DFHC-U,2023,0.015633829346392916,0.8924731182795699,0.6605189404213,0.04624355844860319,0.0,0.0713588599613199,0.02,0.06,0.02,0.0,0.1,0.0,0.0,0.0,0.0
F-DFHC-U,2023,0.015633829346392916,0.8924731182795699,0.6605189404213,0.04624355844860319,0.0,0.0713588599613199,0.02,0.06,0.02,0.0,0.1,0.0,0.85,0.0,0.0
F-DFHC-U,2023,0.015633829346392916,0.8924731182795699,0.6605189404213,0.04624355844860319,0.0,0.0713588599613199,0.02,0.06,0.02,0.0,0.1,0.9,0.0,0.0,0.0
F-DFHC-U,2023,0.015633829346392916,0.8924731182795699,0.6605189404213,0.04624355844860319,0.0,0.0713588599613199,0.02,0.06,0.02,0.0,0.1,0.9,0.85,0.0,0.0
F-DFHC-U,2023,0.015633829346392916,0.8924731182795699,0.6880933007865474,0.054561070427628616,0.0,0.07974928989944957,0.02,0.06,0.02,0.0,0.12,0.0,0.0,0.0,0.0
F-DFHC-U,2023,0.015633829346392916,0.8924731182795699,0.6880933007865474,0.054561070427628616,0.0,0.07974928989944957,0.02,0.06,0.02,0.0,0.12,0.0,0.85,0.0,0.0
F-DFHC-U,2023,0.015633829346392916,0.8924731182795699,0.6880933007865474,0.054561070427628616,0.0,0.07974928989944957,0.02,0.06,0.02,0.0,0.12,0.9,0.0,0.0,0.0
F-DFHC-U,2023,0.015633829346392916,0.8924731182795699,0.6880933007865474,0.054561070427628616,0.0,0.07974928989944957,0.02,0.06,0.02,0.0,0.12,0.9,0.85,0.0,0.0
F-DFHC-U,2023,0.015633829346392916,0.8924731182795699,0.6605189404213,0.04624355844860319,0.0,0.0713588599613199,0.02,0.06,0.02,0.7,0.1,0.0,0.0,0.0,0.0
F-DFHC-U,2023,0.015633829346392916,0.8924731182795699,0.6605189404213,0.04624355844860319,0.0,0.0713588599613199,0.02,0.06,0.02,0.7,0.1,0.0,0.85,0.0,0.0
F-DFHC-U,2023,0.015633829346392916,0.8924731182795699,0.6605189404213,0.04624355844860319,0.0,0.0713588599613199,0.02,0.06,0.02,0.7,0.1,0.9,0.0,0.0,0.0
F-DFHC-U,2023,0.015633829346392916,0.8924731182795699,0.6605189404213,0.04624355844860319,0.0,0.0713588599613199,0.02,0.06,0.02,0.7,0.1,0.9,0.85,0.0,0.0
F-DFHC-U,2023,0.015633829346392916,0.8924731182795699,0.6880933007865474,0.054561070427628616,0.0,0.07974928989944957,0.02,0.06,0.02,0.7,0.12,0.0,0.0,0.0,0.0
F-DFHC-U,2023,0.015633829346392916,0.8924731182795699,0.6880933007865474,0.054561070427628616,0.0,0.07974928989944957,0.02,0.06,0.02,0.7,0.12,0.0,0.85,0.0,0.0
F-DFHC-U,2023,0.015633829346392916,0.8924731182795699,0.6880933007865474,0.054561070427628616,0.0,0.07974928989944957,0.02,0.06,0.02,0.7,0.12,0.9,0.0,0.0,0.0
F-DFHC-U,2023,0.015633829346392916,0.8924731182795699,0.6880933007865474,0.054561070427628616,0.0,0.07974928989944957,0.02,0.06,0.02,0.7,0.12,0.9,0.85,0.0,0.0
F-DFHC-U,2023,0.015633829346392916,0.8924731182795699,0.6605189404213,0.04624355844860319,0.0,0.0713588599613199,0.02,0.06,0.02,0.72,0.1,0.0,0.0,0.0,0.0
F-DFHC-U,2023,0.015633829346392916,0.8924731182795699,0.6605189404213,0.04624355844860319,0.0,0.0713588599613199,0.02,0.06,0.02,0.72,0.1,0.0,0.85,0.0,0.0
F-DFHC-U,2023,0.015633829346392916,0.8924731182795699,0.6605189404213,0.04624355844860319,0.0,0.0713588599613199,0.02,0.06,0.02,0.72,0.1,0.9,0.0,0.0,0.0
F-DFHC-U,2023,0.015633829346392916,0.8924731182795699,0.6605189404213,0.04624355844860319,0.0,0.0713588599613199,0.02,0.06,0.02,0.72,0.1,0.9,0.85,0.0,0.0
F-DFHC-U,2023,0.015633829346392916,0.8924731182795699,0.6880933007865474,0.054561070427628616,0.0,0.07974928989944957,0.02,0.06,0.02,0.72,0.12,0.0,0.0,0.0,0.0
F-DFHC-U,2023,0.015633829346392916,0.8924731182795699,0.6880933007865474,0.054561070427628616,0.0,0.07974928989944957,0.02,0.06,0.02,0.72,0.12,0.0,0.85,0.0,0.0
F-DFHC-U,2023,0.015633829346392916,0.8924731182795699,0.6880933007865474,0.054561070427628616,0.0,0.07974928989944957,0.02,0.06,0.02,0.72,0.12,0.9,0.0,0.0,0.0
F-DFHC-U,2023,0.015633829346392916,0.8924731182795699,0.6880933007865474,0.054561070427628616,0.0,0.07974928989944957,0.02,0.06,0.02,0.72,0.12,0.9,0.85,0.0,0.0
F-DFHC-U,2023,0.015633829346392916,0.8924731182795699,0.6605189404213,0.04624355844860319,0.0,0.0713588599613199,0.02,0.06,0.02,0.73,0.1,0.0,0.0,0.0,0.0
F-DFHC-U,2023,0.015633829346392916,0.8924731182795699,0.6605189404213,0.04624355844860319,0.0,0.0713588599613199,0.02,0.06,0.02,0.73,0.1,0.0,0.85,0.0,0.0
F-DFHC-U,2023,0.015633829346392916,0.8924731182795699,0.6605189404213,0.04624355844860319,0.0,0.0713588599613199,0.02,0.06,0.02,0.73,0.1,0.9,0.0,0.0,0.0
F-DFHC-U,2023,0.015633829346392916,0.8924731182795699,0.6605189404213,0.04624355844860319,0.0,0.0713588599613199,0.02,0.06,0.02,0.73,0.1,0.9,0.85,0.0,0.0
F-DFHC-U,2023,0.015633829346392916,0.8924731182795699,0.6880933007865474,0.054561070427628616,0.0,0.07974928989944957,0.02,0.06,0.02,0.73,0.12,0.0,0.0,0.0,0.0
F-DFHC-U,2023,0.015633829346392916,0.8924731182795699,0.6880933007865474,0.054561070427628616,0.0,0.07974928989944957,0.02,0.06,0.02,0.73,0.12,0.0,0.85,0.0,0.0
F-DFHC-U,2023,0.015633829346392916,0.8924731182795699,0.6880933007865474,0.054561070427628616,0.0,0.07974928989944957,0.02,0.06,0.02,0.73,0.12,0.9,0.0,0.0,0.0
F-DFHC-U,2023,0.015633829346392916,0.8924731182795699,0.6880933007865474,0.054561070427628616,0.0,0.07974928989944957,0.02,0.06,0.02,0.73,0.12,0.9,0.85,0.0,0.0
F-DFHC-U,2023,0.015633829346392916,0.8924731182795699,0.6605189404213,0.04624355844860319,0.0,0.0713588599613199,0.02,0.06,0.02,0.74,0.1,0.0,0.0,0.0,0.0
F-DFHC-U,2023,0.015633829346392916,0.8924731182795699,0.6605189404213,0.04624355844860319,0.0,0.0713588599613199,0.02,0.06,0.02,0.74,0.1,0.0,0.85,0.0,0.0
F-DFHC-U,2023,0.015633829346392916,0.8924731182795699,0.6605189404213,0.04624355844860319,0.0,0.0713588599613199,0.02,0.06,0.02,0.74,0.1,0.9,0.0,0.0,0.0
F-DFHC-U,2023,0.015633829346392916,0.8924731182795699,0.6605189404213,0.04624355844860319,0.0,0.0713588599613199,0.02,0.06,0.02,0.74,0.1,0.9,0.85,0.0,0.0
F-DFHC-U,2023,0.015633829346392916,0.8924731182795699,0.6880933007865474,0.054561070427628616,0.0,0.07974928989944957,0.02,0.06,0.02,0.74,0.12,0.0,0.0,0.0,0.0
F-DFHC-U,2023,0.015633829346392916,0.8924731182795699,0.6880933007865474,0.054561070427628616,0.0,0.07974928989944957,0.02,0.06,0.02,0.74,0.12,0.0,0.85,0.0,0.0
F-DFHC-U,2023,0.015633829346392916,0.8924731182795699,0.6880933007865474,0.054561070427628616,0.0,0.07974928989944957,0.02,0.06,0.02,0.74,0.12,0.9,0.0,0.0,0.0
F-DFHC-U,2023,0.015633829346392916,0.8924731182795699,0.6880933007865474,0.054561070427628616,0.0,0.07974928989944957,0.02,0.06,0.02,0.74,0.12,0.9,0.85,0.0,0.0
F-DFHC-U,2023,0.015633829346392916,0.8924731182795699,0.6605189404213,0.04624355844860319,0.0,0.0713588599613199,0.02,0.06,0.02,0.746,0.1,0.0,0.0,0.0,0.0
F-DFHC-U,2023,0.015633829346392916,0.8924731182795699,0.6605189404213,0.04624355844860319,0.0,0.0713588599613199,0.02,0.06,0.02,0.746,0.1,0.0,0.85,0.0,0.0
F-DFHC-U,2023,0.015633829346392916,0.8924731182795699,0.6605189404213,0.04624355844860319,0.0,0.0713588599613199,0.02,0.06,0.02,0.746,0.1,0.9,0.0,0.0,0.0
F-DFHC-U,2023,0.015633829346392916,0.8924731182795699,0.6605189404213,0.04624355844860319,0.0,0.0713588599613199,0.02,0.06,0.02,0.746,0.1,0.9,0.85,0.0,0.0
F-DFHC-U,2023,0.015633829346392916,0.8924731182795699,0.6880933007865474,0.054561070427628616,0.0,0.07974928989944957,0.02,0.06,0.02,0.746,0.12,0.0,0.0,0.0,0.0
F-DFHC-U,2023,0.015633829346392916,0.8924731182795699,0.6880933007865474,0.054561070427628616,0.0,0.07974928989944957,0.02,0.06,0.02,0.746,0.12,0.0,0.85,0.0,0.0
F-DFHC-U,2023,0.015633829346392916,0.8924731182795699,0.6880933007865474,0.054561070427628616,0.0,0.07974928989944957,0.02,0.06,0.02,0.746,0.12,0.9,0.0,0.0,0.0
F-DFHC-U,2023,0.015633829346392916,0.8924731182795699,0.6880933007865474,0.054561070427628616,0.0,0.07974928989944957,0.02,0.06,0.02,0.746,0.12,0.9,0.85,0.0,0.0
F-DFHC-U,2023,0.015633829346392916,0.8924731182795699,0.6605189404213,0.04624355844860319,0.0,0.0713588599613199,0.02,0.06,0.02,0.75,0.1,0.0,0.0,0.0,0.0
F-DFHC-U,2023,0.015633829346392916,0.8924731182795699,0.6605189404213,0.04624355844860319,0.0,0.0713588599613199,0.02,0.06,0.02,0.75,0.1,0.0,0.85,0.0,0.0
F-DFHC-U,2023,0.015633829346392916,0.8924731182795699,0.6605189404213,0.04624355844860319,0.0,0.0713588599613199,0.02,0.06,0.02,0.75,0.1,0.9,0.0,0.0,0.0
F-DFHC-U,2023,0.015633829346392916,0.8924731182795699,0.6605189404213,0.04624355844860319,0.0,0.0713588599613199,0.02,0.06,0.02,0.75,0.1,0.9,0.85,0.0,0.0
F-DFHC-U,2023,0.015633829346392916,0.8924731182795699,0.6880933007865474,0.054561070427628616,0.0,0.07974928989944957,0.02,0.06,0.02,0.75,0.12,0.0,0.0,0.0,0.0
F-DFHC-U,2023,0.015633829346392916,0.8924731182795699,0.6880933007865474,0.054561070427628616,0.0,0.07974928989944957,0.02,0.06,0.02,0.75,0.12,0.0,0.85,0.0,0.0
F-DFHC-U,2023,0.015633829346392916,0.8924731182795699,0.6880933007865474,0.054561070427628616,0.0,0.07974928989944957,0.02,0.06,0.02,0.75,0.12,0.9,0.0,0.0,0.0
F-DFHC-U,2023,0.015633829346392916,0.8924731182795699,0.6880933007865474,0.054561070427628616,0.0,0.07974928989944957,0.02,0.06,0.02,0.75,0.12,0.9,0.85,0.0,0.0
F-DFHC-U,2023,0.015633829346392916,0.8924731182795699,0.6605189404213,0.04624355844860319,0.0,0.0713588599613199,0.02,0.06,0.04,0.0,0.1,0.0,0.0,0.0,0.0
F-DFHC-U,2023,0.015633829346392916,0.8924731182795699,0.6605189404213,0.04624355844860319,0.0,0.0713588599613199,0.02,0.06,0.04,0.0,0.1,0.0,0.85,0.0,0.0
F-DFHC-U,2023,0.015633829346392916,0.8924731182795699,0.6605189404213,0.04624355844860319,0.0,0.0713588599613199,0.02,0.06,0.04,0.0,0.1,0.9,0.0,0.0,0.0
F-DFHC-U,2023,0.015633829346392916,0.8924731182795699,0.6605189404213,0.04624355844860319,0.0,0.0713588599613199,0.02,0.06,0.04,0.0,0.1,0.9,0.85,0.0,0.0
F-DFHC-U,2023,0.015633829346392916,0.8924731182795699,0.6880933007865474,0.054561070427628616,0.0,0.07974928989944957,0.02,0.06,0.04,0.0,0.12,0.0,0.0,0.0,0.0
F-DFHC-U,2023,0.015633829346392916,0.8924731182795699,0.6880933007865474,0.054561070427628616,0.0,0.07974928989944957,0.02,0.06,0.04,0.0,0.12,0.0,0.85,0.0,0.0
F-DFHC-U,2023,0.015633829346392916,0.8924731182795699,0.6880933007865474,0.054561070427628616,0.0,0.07974928989944957,0.02,0.06,0.04,0.0,0.12,0.9,0.0,0.0,0.0
F-DFHC-U,2023,0.015633829346392916,0.8924731182795699,0.6880933007865474,0.054561070427628616,0.0,0.07974928989944957,0.02,0.06,0.04,0.0,0.12,0.9,0.85,0.0,0.0
F-DFHC-U,2023,0.015633829346392916,0.8924731182795699,0.6605189404213,0.04624355844860319,0.0,0.0713588599613199,0.02,0.06,0.04,0.7,0.1,0.0,0.0,0.0,0.0
F-DFHC-U,2023,0.015633829346392916,0.8924731182795699,0.6605189404213,0.04624355844860319,0.0,0.0713588599613199,0.02,0.06,0.04,0.7,0.1,0.0,0.85,0.0,0.0
F-DFHC-U,2023,0.015633829346392916,0.8924731182795699,0.6605189404213,0.04624355844860319,0.0,0.0713588599613199,0.02,0.06,0.04,0.7,0.1,0.9,0.0,0.0,0.0
F-DFHC-U,2023,0.015633829346392916,0.8924731182795699,0.6605189404213,0.04624355844860319,0.0,0.0713588599613199,0.02,0.06,0.04,0.7,0.1,0.9,0.85,0.0,0.0
F-DFHC-U,2023,0.015633829346392916,0.8924731182795699,0.6880933007865474,0.054561070427628616,0.0,0.07974928989944957,0.02,0.06,0.04,0.7,0.12,0.0,0.0,0.0,0.0
F-DFHC-U,2023,0.015633829346392916,0.8924731182795699,0.6880933007865474,0.054561070427628616,0.0,0.07974928989944957,0.02,0.06,0.04,0.7,0.12,0.0,0.85,0.0,0.0
F-DFHC-U,2023,0.015633829346392916,0.8924731182795699,0.6880933007865474,0.054561070427628616,0.0,0.07974928989944957,0.02,0.06,0.04,0.7,0.12,0.9,0.0,0.0,0.0
F-DFHC-U,2023,0.015633829346392916,0.8924731182795699,0.6880933007865474,0.054561070427628616,0.0,0.07974928989944957,0.02,0.06,0.04,0.7,0.12,0.9,0.85,0.0,0.0
F-DFHC-U,2023,0.015633829346392916,0.8924731182795699,0.6605189404213,0.04624355844860319,0.0,0.0713588599613199,0.02,0.06,0.04,0.72,0.1,0.0,0.0,0.0,0.0
F-DFHC-U,2023,0.015633829346392916,0.8924731182795699,0.6605189404213,0.04624355844860319,0.0,0.0713588599613199,0.02,0.06,0.04,0.72,0.1,0.0,0.85,0.0,0.0
F-DFHC-U,2023,0.015633829346392916,0.8924731182795699,0.6605189404213,0.04624355844860319,0.0,0.0713588599613199,0.02,0.06,0.04,0.72,0.1,0.9,0.0,0.0,0.0
F-DFHC-U,2023,0.015633829346392916,0.8924731182795699,0.6605189404213,0.04624355844860319,0.0,0.0713588599613199,0.02,0.06,0.04,0.72,0.1,0.9,0.85,0.0,0.0
F-DFHC-U,2023,0.015633829346392916,0.8924731182795699,0.6880933007865474,0.054561070427628616,0.0,0.07974928989944957,0.02,0.06,0.04,0.72,0.12,0.0,0.0,0.0,0.0
F-DFHC-U,2023,0.015633829346392916,0.8924731182795699,0.6880933007865474,0.054561070427628616,0.0,0.07974928989944957,0.02,0.06,0.04,0.72,0.12,0.0,0.85,0.0,0.0
F-DFHC-U,2023,0.015633829346392916,0.8924731182795699,0.6880933007865474,0.054561070427628616,0.0,0.07974928989944957,0.02,0.06,0.04,0.72,0.12,0.9,0.0,0.0,0.0
F-DFHC-U,2023,0.015633829346392916,0.8924731182795699,0.6880933007865474,0.054561070427628616,0.0,0.07974928989944957,0.02,0.06,0.04,0.72,0.12,0.9,0.85,0.0,0.0
F-DFHC-U,2023,0.015633829346392916,0.8924731182795699,0.6605189404213,0.04624355844860319,0.0,0.0713588599613199,0.02,0.06,0.04,0.73,0.1,0.0,0.0,0.0,0.0
F-DFHC-U,2023,0.015633829346392916,0.8924731182795699,0.6605189404213,0.04624355844860319,0.0,0.0713588599613199,0.02,0.06,0.04,0.73,0.1,0.0,0.85,0.0,0.0
F-DFHC-U,2023,0.015633829346392916,0.8924731182795699,0.6605189404213,0.04624355844860319,0.0,0.0713588599613199,0.02,0.06,0.04,0.73,0.1,0.9,0.0,0.0,0.0
F-DFHC-U,2023,0.015633829346392916,0.8924731182795699,0.6605189404213,0.04624355844860319,0.0,0.0713588599613199,0.02,0.06,0.04,0.73,0.1,0.9,0.85,0.0,0.0
F-DFHC-U,2023,0.015633829346392916,0.8924731182795699,0.6880933007865474,0.054561070427628616,0.0,0.07974928989944957,0.02,0.06,0.04,0.73,0.12,0.0,0.0,0.0,0.0
F-DFHC-U,2023,0.015633829346392916,0.8924731182795699,0.6880933007865474,0.054561070427628616,0.0,0.07974928989944957,0.02,0.06,0.04,0.73,0.12,0.0,0.85,0.0,0.0
F-DFHC-U,2023,0.015633829346392916,0.8924731182795699,0.6880933007865474,0.054561070427628616,0.0,0.07974928989944957,0.02,0.06,0.04,0.73,0.12,0.9,0.0,0.0,0.0
F-DFHC-U,2023,0.015633829346392916,0.8924731182795699,0.6880933007865474,0.054561070427628616,0.0,0.07974928989944957,0.02,0.06,0.04,0.73,0.12,0.9,0.85,0.0,0.0
F-DFHC-U,2023,0.015633829346392916,0.8924731182795699,0.6605189404213,0.04624355844860319,0.0,0.0713588599613199,0.02,0.06,0.04,0.74,0.1,0.0,0.0,0.0,0.0
F-DFHC-U,2023,0.015633829346392916,0.8924731182795699,0.6605189404213,0.04624355844860319,0.0,0.0713588599613199,0.02,0.06,0.04,0.74,0.1,0.0,0.85,0.0,0.0
F-DFHC-U,2023,0.015633829346392916,0.8924731182795699,0.6605189404213,0.04624355844860319,0.0,0.0713588599613199,0.02,0.06,0.04,0.74,0.1,0.9,0.0,0.0,0.0
F-DFHC-U,2023,0.015633829346392916,0.8924731182795699,0.6605189404213,0.04624355844860319,0.0,0.0713588599613199,0.02,0.06,0.04,0.74,0.1,0.9,0.85,0.0,0.0
F-DFHC-U,2023,0.015633829346392916,0.8924731182795699,0.6880933007865474,0.054561070427628616,0.0,0.07974928989944957,0.02,0.06,0.04,0.74,0.12,0.0,0.0,0.0,0.0
F-DFHC-U,2023,0.015633829346392916,0.8924731182795699,0.6880933007865474,0.054561070427628616,0.0,0.07974928989944957,0.02,0.06,0.04,0.74,0.12,0.0,0.85,0.0,0.0
F-DFHC-U,2023,0.015633829346392916,0.8924731182795699,0.6880933007865474,0.054561070427628616,0.0,0.07974928989944957,0.02,0.06,0.04,0.74,0.12,0.9,0.0,0.0,0.0
F-DFHC-U,2023,0.015633829346392916,0.8924731182795699,0.6880933007865474,0.054561070427628616,0.0,0.07974928989944957,0.02,0.06,0.04,0.74,0.12,0.9,0.85,0.0,0.0
F-DFHC-U,2023,0.015633829346392916,0.8924731182795699,0.6605189404213,0.04624355844860319,0.0,0.0713588599613199,0.02,0.06,0.04,0.746,0.1,0.0,0.0,0.0,0.0
F-DFHC-U,2023,0.015633829346392916,0.8924731182795699,0.6605189404213,0.04624355844860319,0.0,0.0713588599613199,0.02,0.06,0.04,0.746,0.1,0.0,0.85,0.0,0.0
F-DFHC-U,2023,0.015633829346392916,0.8924731182795699,0.6605189404213,0.04624355844860319,0.0,0.0713588599613199,0.02,0.06,0.04,0.746,0.1,0.9,0.0,0.0,0.0
F-DFHC-U,2023,0.015633829346392916,0.8924731182795699,0.6605189404213,0.04624355844860319,0.0,0.0713588599613199,0.02,0.06,0.04,0.746,0.1,0.9,0.85,0.0,0.0
F-DFHC-U,2023,0.015633829346392916,0.8924731182795699,0.6880933007865474,0.054561070427628616,0.0,0.07974928989944957,0.02,0.06,0.04,0.746,0.12,0.0,0.0,0.0,0.0
F-DFHC-U,2023,0.015633829346392916,0.8924731182795699,0.6880933007865474,0.054561070427628616,0.0,0.07974928989944957,0.02,0.06,0.04,0.746,0.12,0.0,0.85,0.0,0.0
F-DFHC-U,2023,0.015633829346392916,0.8924731182795699,0.6880933007865474,0.054561070427628616,0.0,0.07974928989944957,0.02,0.06,0.04,0.746,0.12,0.9,0.0,0.0,0.0
F-DFHC-U,2023,0.015633829346392916,0.8924731182795699,0.6880933007865474,0.054561070427628616,0.0,0.07974928989944957,0.02,0.06,0.04,0.746,0.12,0.9,0.85,0.0,0.0
F-DFHC-U,2023,0.015633829346392916,0.8924731182795699,0.6605189404213,0.04624355844860319,0.0,0.0713588599613199,0.02,0.06,0.04,0.75,0.1,0.0,0.0,0.0,0.0
F-DFHC-U,2023,0.015633829346392916,0.8924731182795699,0.6605189404213,0.04624355844860319,0.0,0.0713588599613199,0.02,0.06,0.04,0.75,0.1,0.0,0.85,0.0,0.0
F-DFHC-U,2023,0.015633829346392916,0.8924731182795699,0.6605189404213,0.04624355844860319,0.0,0.0713588599613199,0.02,0.06,0.04,0.75,0.1,0.9,0.0,0.0,0.0
F-DFHC-U,2023,0.015633829346392916,0.8924731182795699,0.6605189404213,0.04624355844860319,0.0,0.0713588599613199,0.02,0.06,0.04,0.75,0.1,0.9,0.85,0.0,0.0
F-DFHC-U,2023,0.015633829346392916,0.8924731182795699,0.6880933007865474,0.054561070427628616,0.0,0.07974928989944957,0.02,0.06,0.04,0.75,0.12,0.0,0.0,0.0,0.0
F-DFHC-U,2023,0.015633829346392916,0.8924731182795699,0.6880933007865474,0.054561070427628616,0.0,0.07974928989944957,0.02,0.06,0.04,0.75,0.12,0.0,0.85,0.0,0.0
F-DFHC-U,2023,0.015633829346392916,0.8924731182795699,0.6880933007865474,0.054561070427628616,0.0,0.07974928989944957,0.02,0.06,0.04,0.75,0.12,0.9,0.0,0.0,0.0
F-DFHC-U,2023,0.015633829346392916,0.8924731182795699,0.6880933007865474,0.054561070427628616,0.0,0.07974928989944957,0.02,0.06,0.04,0.75,0.12,0.9,0.85,0.0,0.0
F-DFHC-U,2023,0.015633829346392916,0.8924731182795699,0.6605189404213,0.04624355844860319,0.0,0.0713588599613199,0.06,0.04,0.0,0.0,0.1,0.0,0.0,0.0,0.0
F-DFHC-U,2023,0.015633829346392916,0.8924731182795699,0.6605189404213,0.04624355844860319,0.0,0.0713588599613199,0.06,0.04,0.0,0.0,0.1,0.0,0.85,0.0,0.0
F-DFHC-U,2023,0.015633829346392916,0.8924731182795699,0.6605189404213,0.04624355844860319,0.0,0.0713588599613199,0.06,0.04,0.0,0.0,0.1,0.9,0.0,0.0,0.0
F-DFHC-U,2023,0.015633829346392916,0.8924731182795699,0.6605189404213,0.04624355844860319,0.0,0.0713588599613199,0.06,0.04,0.0,0.0,0.1,0.9,0.85,0.0,0.0
F-DFHC-U,2023,0.015633829346392916,0.8924731182795699,0.6880933007865474,0.054561070427628616,0.0,0.07974928989944957,0.06,0.04,0.0,0.0,0.12,0.0,0.0,0.0,0.0
F-DFHC-U,2023,0.015633829346392916,0.8924731182795699,0.6880933007865474,0.054561070427628616,0.0,0.07974928989944957,0.06,0.04,0.0,0.0,0.12,0.0,0.85,0.0,0.0
F-DFHC-U,2023,0.015633829346392916,0.8924731182795699,0.6880933007865474,0.054561070427628616,0.0,0.07974928989944957,0.06,0.04,0.0,0.0,0.12,0.9,0.0,0.0,0.0
F-DFHC-U,2023,0.015633829346392916,0.8924731182795699,0.6880933007865474,0.054561070427628616,0.0,0.07974928989944957,0.06,0.04,0.0,0.0,0.12,0.9,0.85,0.0,0.0
F-DFHC-U,2023,0.015633829346392916,0.8924731182795699,0.6605189404213,0.04624355844860319,0.0,0.0713588599613199,0.06,0.04,0.0,0.7,0.1,0.0,0.0,0.0,0.0
F-DFHC-U,2023,0.015633829346392916,0.8924731182795699,0.6605189404213,0.04624355844860319,0.0,0.0713588599613199,0.06,0.04,0.0,0.7,0.1,0.0,0.85,0.0,0.0
F-DFHC-U,2023,0.015633829346392916,0.8924731182795699,0.6605189404213,0.04624355844860319,0.0,0.0713588599613199,0.06,0.04,0.0,0.7,0.1,0.9,0.0,0.0,0.0
F-DFHC-U,2023,0.015633829346392916,0.8924731182795699,0.6605189404213,0.04624355844860319,0.0,0.0713588599613199,0.06,0.04,0.0,0.7,0.1,0.9,0.85,0.0,0.0
F-DFHC-U,2023,0.015633829346392916,0.8924731182795699,0.6880933007865474,0.054561070427628616,0.0,0.07974928989944957,0.06,0.04,0.0,0.7,0.12,0.0,0.0,0.0,0.0
F-DFHC-U,2023,0.015633829346392916,0.8924731182795699,0.6880933007865474,0.054561070427628616,0.0,0.07974928989944957,0.06,0.04,0.0,0.7,0.12,0.0,0.85,0.0,0.0
F-DFHC-U,2023,0.015633829346392916,0.8924731182795699,0.6880933007865474,0.054561070427628616,0.0,0.07974928989944957,0.06,0.04,0.0,0.7,0.12,0.9,0.0,0.0,0.0
F-DFHC-U,2023,0.015633829346392916,0.8924731182795699,0.6880933007865474,0.054561070427628616,0.0,0.07974928989944957,0.06,0.04,0.0,0.7,0.12,0.9,0.85,0.0,0.0
F-DFHC-U,2023,0.015633829346392916,0.8924731182795699,0.6605189404213,0.04624355844860319,0.0,0.0713588599613199,0.06,0.04,0.0,0.72,0.1,0.0,0.0,0.0,0.0
F-DFHC-U,2023,0.015633829346392916,0.8924731182795699,0.6605189404213,0.04624355844860319,0.0,0.0713588599613199,0.06,0.04,0.0,0.72,0.1,0.0,0.85,0.0,0.0
F-DFHC-U,2023,0.015633829346392916,0.8924731182795699,0.6605189404213,0.04624355844860319,0.0,0.0713588599613199,0.06,0.04,0.0,0.72,0.1,0.9,0.0,0.0,0.0
F-DFHC-U,2023,0.015633829346392916,0.8924731182795699,0.6605189404213,0.04624355844860319,0.0,0.0713588599613199,0.06,0.04,0.0,0.72,0.1,0.9,0.85,0.0,0.0
F-DFHC-U,2023,0.015633829346392916,0.8924731182795699,0.6880933007865474,0.054561070427628616,0.0,0.07974928989944957,0.06,0.04,0.0,0.72,0.12,0.0,0.0,0.0,0.0
F-DFHC-U,2023,0.015633829346392916,0.8924731182795699,0.6880933007865474,0.054561070427628616,0.0,0.07974928989944957,0.06,0.04,0.0,0.72,0.12,0.0,0.85,0.0,0.0
F-DFHC-U,2023,0.015633829346392916,0.8924731182795699,0.6880933007865474,0.054561070427628616,0.0,0.07974928989944957,0.06,0.04,0.0,0.72,0.12,0.9,0.0,0.0,0.0
F-DFHC-U,2023,0.015633829346392916,0.8924731182795699,0.6880933007865474,0.054561070427628616,0.0,0.07974928989944957,0.06,0.04,0.0,0.72,0.12,0.9,0.85,0.0,0.0
F-DFHC-U,2023,0.015633829346392916,0.8924731182795699,0.6605189404213,0.04624355844860319,0.0,0.0713588599613199,0.06,0.04,0.0,0.73,0.1,0.0,0.0,0.0,0.0
F-DFHC-U,2023,0.015633829346392916,0.8924731182795699,0.6605189404213,0.04624355844860319,0.0,0.0713588599613199,0.06,0.04,0.0,0.73,0.1,0.0,0.85,0.0,0.0
F-DFHC-U,2023,0.015633829346392916,0.8924731182795699,0.6605189404213,0.04624355844860319,0.0,0.0713588599613199,0.06,0.04,0.0,0.73,0.1,0.9,0.0,0.0,0.0
F-DFHC-U,2023,0.015633829346392916,0.8924731182795699,0.6605189404213,0.04624355844860319,0.0,0.0713588599613199,0.06,0.04,0.0,0.73,0.1,0.9,0.85,0.0,0.0
F-DFHC-U,2023,0.015633829346392916,0.8924731182795699,0.6880933007865474,0.054561070427628616,0.0,0.07974928989944957,0.06,0.04,0.0,0.73,0.12,0.0,0.0,0.0,0.0
F-DFHC-U,2023,0.015633829346392916,0.8924731182795699,0.6880933007865474,0.054561070427628616,0.0,0.07974928989944957,0.06,0.04,0.0,0.73,0.12,0.0,0.85,0.0,0.0
F-DFHC-U,2023,0.015633829346392916,0.8924731182795699,0.6880933007865474,0.054561070427628616,0.0,0.07974928989944957,0.06,0.04,0.0,0.73,0.12,0.9,0.0,0.0,0.0
F-DFHC-U,2023,0.015633829346392916,0.8924731182795699,0.6880933007865474,0.054561070427628616,0.0,0.07974928989944957,0.06,0.04,0.0,0.73,0.12,0.9,0.85,0.0,0.0
F-DFHC-U,2023,0.015633829346392916,0.8924731182795699,0.6605189404213,0.04624355844860319,0.0,0.0713588599613199,0.06,0.04,0.0,0.74,0.1,0.0,0.0,0.0,0.0
F-DFHC-U,2023,0.015633829346392916,0.8924731182795699,0.6605189404213,0.04624355844860319,0.0,0.0713588599613199,0.06,0.04,0.0,0.74,0.1,0.0,0.85,0.0,0.0
F-DFHC-U,2023,0.015633829346392916,0.8924731182795699,0.6605189404213,0.04624355844860319,0.0,0.0713588599613199,0.06,0.04,0.0,0.74,0.1,0.9,0.0,0.0,0.0
F-DFHC-U,2023,0.015633829346392916,0.8924731182795699,0.6605189404213,0.04624355844860319,0.0,0.0713588599613199,0.06,0.04,0.0,0.74,0.1,0.9,0.85,0.0,0.0
F-DFHC-U,2023,0.015633829346392916,0.8924731182795699,0.6880933007865474,0.054561070427628616,0.0,0.07974928989944957,0.06,0.04,0.0,0.74,0.12,0.0,0.0,0.0,0.0
F-DFHC-U,2023,0.015633829346392916,0.8924731182795699,0.6880933007865474,0.054561070427628616,0.0,0.07974928989944957,0.06,0.04,0.0,0.74,0.12,0.0,0.85,0.0,0.0
F-DFHC-U,2023,0.015633829346392916,0.8924731182795699,0.6880933007865474,0.054561070427628616,0.0,0.07974928989944957,0.06,0.04,0.0,0.74,0.12,0.9,0.0,0.0,0.0
F-DFHC-U,2023,0.015633829346392916,0.8924731182795699,0.6880933007865474,0.054561070427628616,0.0,0.07974928989944957,0.06,0.04,0.0,0.74,0.12,0.9,0.85,0.0,0.0
F-DFHC-U,2023,0.015633829346392916,0.8924731182795699,0.6605189404213,0.04624355844860319,0.0,0.0713588599613199,0.06,0.04,0.0,0.746,0.1,0.0,0.0,0.0,0.0
F-DFHC-U,2023,0.015633829346392916,0.8924731182795699,0.6605189404213,0.04624355844860319,0.0,0.0713588599613199,0.06,0.04,0.0,0.746,0.1,0.0,0.85,0.0,0.0
F-DFHC-U,2023,0.015633829346392916,0.8924731182795699,0.6605189404213,0.04624355844860319,0.0,0.0713588599613199,0.06,0.04,0.0,0.746,0.1,0.9,0.0,0.0,0.0
F-DFHC-U,2023,0.015633829346392916,0.8924731182795699,0.6605189404213,0.04624355844860319,0.0,0.0713588599613199,0.06,0.04,0.0,0.746,0.1,0.9,0.85,0.0,0.0
F-DFHC-U,2023,0.015633829346392916,0.8924731182795699,0.6880933007865474,0.054561070427628616,0.0,0.07974928989944957,0.06,0.04,0.0,0.746,0.12,0.0,0.0,0.0,0.0
F-DFHC-U,2023,0.015633829346392916,0.8924731182795699,0.6880933007865474,0.054561070427628616,0.0,0.07974928989944957,0.06,0.04,0.0,0.746,0.12,0.0,0.85,0.0,0.0
F-DFHC-U,2023,0.015633829346392916,0.8924731182795699,0.6880933007865474,0.054561070427628616,0.0,0.07974928989944957,0.06,0.04,0.0,0.746,0.12,0.9,0.0,0.0,0.0
F-DFHC-U,2023,0.015633829346392916,0.8924731182795699,0.6880933007865474,0.054561070427628616,0.0,0.07974928989944957,0.06,0.04,0.0,0.746,0.12,0.9,0.85,0.0,0.0
F-DFHC-U,2023,0.015633829346392916,0.8924731182795699,0.6605189404213,0.04624355844860319,0.0,0.0713588599613199,0.06,0.04,0.0,0.75,0.1,0.0,0.0,0.0,0.0
F-DFHC-U,2023,0.015633829346392916,0.8924731182795699,0.6605189404213,0.04624355844860319,0.0,0.0713588599613199,0.06,0.04,0.0,0.75,0.1,0.0,0.85,0.0,0.0
F-DFHC-U,2023,0.015633829346392916,0.8924731182795699,0.6605189404213,0.04624355844860319,0.0,0.0713588599613199,0.06,0.04,0.0,0.75,0.1,0.9,0.0,0.0,0.0
F-DFHC-U,2023,0.015633829346392916,0.8924731182795699,0.6605189404213,0.04624355844860319,0.0,0.0713588599613199,0.06,0.04,0.0,0.75,0.1,0.9,0.85,0.0,0.0
F-DFHC-U,2023,0.015633829346392916,0.8924731182795699,0.6880933007865474,0.054561070427628616,0.0,0.07974928989944957,0.06,0.04,0.0,0.75,0.12,0.0,0.0,0.0,0.0
F-DFHC-U,2023,0.015633829346392916,0.8924731182795699,0.6880933007865474,0.054561070427628616,0.0,0.07974928989944957,0.06,0.04,0.0,0.75,0.12,0.0,0.85,0.0,0.0
F-DFHC-U,2023,0.015633829346392916,0.8924731182795699,0.6880933007865474,0.054561070427628616,0.0,0.07974928989944957,0.06,0.04,0.0,0.75,0.12,0.9,0.0,0.0,0.0
F-DFHC-U,2023,0.015633829346392916,0.8924731182795699,0.6880933007865474,0.054561070427628616,0.0,0.07974928989944957,0.06,0.04,0.0,0.75,0.12,0.9,0.85,0.0,0.0
F-DFHC-U,2023,0.015633829346392916,0.8924731182795699,0.6605189404213,0.04624355844860319,0.0,0.0713588599613199,0.06,0.04,0.02,0.0,0.1,0.0,0.0,0.0,0.0
F-DFHC-U,2023,0.015633829346392916,0.8924731182795699,0.6605189404213,0.04624355844860319,0.0,0.0713588599613199,0.06,0.04,0.02,0.0,0.1,0.0,0.85,0.0,0.0
F-DFHC-U,2023,0.015633829346392916,0.8924731182795699,0.6605189404213,0.04624355844860319,0.0,0.0713588599613199,0.06,0.04,0.02,0.0,0.1,0.9,0.0,0.0,0.0
F-DFHC-U,2023,0.015633829346392916,0.8924731182795699,0.6605189404213,0.04624355844860319,0.0,0.0713588599613199,0.06,0.04,0.02,0.0,0.1,0.9,0.85,0.0,0.0
F-DFHC-U,2023,0.015633829346392916,0.8924731182795699,0.6880933007865474,0.054561070427628616,0.0,0.07974928989944957,0.06,0.04,0.02,0.0,0.12,0.0,0.0,0.0,0.0
F-DFHC-U,2023,0.015633829346392916,0.8924731182795699,0.6880933007865474,0.054561070427628616,0.0,0.07974928989944957,0.06,0.04,0.02,0.0,0.12,0.0,0.85,0.0,0.0
F-DFHC-U,2023,0.015633829346392916,0.8924731182795699,0.6880933007865474,0.054561070427628616,0.0,0.07974928989944957,0.06,0.04,0.02,0.0,0.12,0.9,0.0,0.0,0.0
F-DFHC-U,2023,0.015633829346392916,0.8924731182795699,0.6880933007865474,0.054561070427628616,0.0,0.07974928989944957,0.06,0.04,0.02,0.0,0.12,0.9,0.85,0.0,0.0
F-DFHC-U,2023,0.015633829346392916,0.8924731182795699,0.6605189404213,0.04624355844860319,0.0,0.0713588599613199,0.06,0.04,0.02,0.7,0.1,0.0,0.0,0.0,0.0
F-DFHC-U,2023,0.015633829346392916,0.8924731182795699,0.6605189404213,0.04624355844860319,0.0,0.0713588599613199,0.06,0.04,0.02,0.7,0.1,0.0,0.85,0.0,0.0
F-DFHC-U,2023,0.015633829346392916,0.8924731182795699,0.6605189404213,0.04624355844860319,0.0,0.0713588599613199,0.06,0.04,0.02,0.7,0.1,0.9,0.0,0.0,0.0
F-DFHC-U,2023,0.015633829346392916,0.8924731182795699,0.6605189404213,0.04624355844860319,0.0,0.0713588599613199,0.06,0.04,0.02,0.7,0.1,0.9,0.85,0.0,0.0
F-DFHC-U,2023,0.015633829346392916,0.8924731182795699,0.6880933007865474,0.054561070427628616,0.0,0.07974928989944957,0.06,0.04,0.02,0.7,0.12,0.0,0.0,0.0,0.0
F-DFHC-U,2023,0.015633829346392916,0.8924731182795699,0.6880933007865474,0.054561070427628616,0.0,0.07974928989944957,0.06,0.04,0.02,0.7,0.12,0.0,0.85,0.0,0.0
F-DFHC-U,2023,0.015633829346392916,0.8924731182795699,0.6880933007865474,0.054561070427628616,0.0,0.07974928989944957,0.06,0.04,0.02,0.7,0.12,0.9,0.0,0.0,0.0
F-DFHC-U,2023,0.015633829346392916,0.8924731182795699,0.6880933007865474,0.054561070427628616,0.0,0.07974928989944957,0.06,0.04,0.02,0.7,0.12,0.9,0.85,0.0,0.0
F-DFHC-U,2023,0.015633829346392916,0.8924731182795699,0.6605189404213,0.04624355844860319,0.0,0.0713588599613199,0.06,0.04,0.02,0.72,0.1,0.0,0.0,0.0,0.0
F-DFHC-U,2023,0.015633829346392916,0.8924731182795699,0.6605189404213,0.04624355844860319,0.0,0.0713588599613199,0.06,0.04,0.02,0.72,0.1,0.0,0.85,0.0,0.0
F-DFHC-U,2023,0.015633829346392916,0.8924731182795699,0.6605189404213,0.04624355844860319,0.0,0.0713588599613199,0.06,0.04,0.02,0.72,0.1,0.9,0.0,0.0,0.0
F-DFHC-U,2023,0.015633829346392916,0.8924731182795699,0.6605189404213,0.04624355844860319,0.0,0.0713588599613199,0.06,0.04,0.02,0.72,0.1,0.9,0.85,0.0,0.0
F-DFHC-U,2023,0.015633829346392916,0.8924731182795699,0.6880933007865474,0.054561070427628616,0.0,0.07974928989944957,0.06,0.04,0.02,0.72,0.12,0.0,0.0,0.0,0.0
F-DFHC-U,2023,0.015633829346392916,0.8924731182795699,0.6880933007865474,0.054561070427628616,0.0,0.07974928989944957,0.06,0.04,0.02,0.72,0.12,0.0,0.85,0.0,0.0
F-DFHC-U,2023,0.015633829346392916,0.8924731182795699,0.6880933007865474,0.054561070427628616,0.0,0.07974928989944957,0.06,0.04,0.02,0.72,0.12,0.9,0.0,0.0,0.0
F-DFHC-U,2023,0.015633829346392916,0.8924731182795699,0.6880933007865474,0.054561070427628616,0.0,0.07974928989944957,0.06,0.04,0.02,0.72,0.12,0.9,0.85,0.0,0.0
F-DFHC-U,2023,0.015633829346392916,0.8924731182795699,0.6605189404213,0.04624355844860319,0.0,0.0713588599613199,0.06,0.04,0.02,0.73,0.1,0.0,0.0,0.0,0.0
F-DFHC-U,2023,0.015633829346392916,0.8924731182795699,0.6605189404213,0.04624355844860319,0.0,0.0713588599613199,0.06,0.04,0.02,0.73,0.1,0.0,0.85,0.0,0.0
F-DFHC-U,2023,0.015633829346392916,0.8924731182795699,0.6605189404213,0.04624355844860319,0.0,0.0713588599613199,0.06,0.04,0.02,0.73,0.1,0.9,0.0,0.0,0.0
F-DFHC-U,2023,0.015633829346392916,0.8924731182795699,0.6605189404213,0.04624355844860319,0.0,0.0713588599613199,0.06,0.04,0.02,0.73,0.1,0.9,0.85,0.0,0.0
F-DFHC-U,2023,0.015633829346392916,0.8924731182795699,0.6880933007865474,0.054561070427628616,0.0,0.07974928989944957,0.06,0.04,0.02,0.73,0.12,0.0,0.0,0.0,0.0
F-DFHC-U,2023,0.015633829346392916,0.8924731182795699,0.6880933007865474,0.054561070427628616,0.0,0.07974928989944957,0.06,0.04,0.02,0.73,0.12,0.0,0.85,0.0,0.0
F-DFHC-U,2023,0.015633829346392916,0.8924731182795699,0.6880933007865474,0.054561070427628616,0.0,0.07974928989944957,0.06,0.04,0.02,0.73,0.12,0.9,0.0,0.0,0.0
F-DFHC-U,2023,0.015633829346392916,0.8924731182795699,0.6880933007865474,0.054561070427628616,0.0,0.07974928989944957,0.06,0.04,0.02,0.73,0.12,0.9,0.85,0.0,0.0
F-DFHC-U,2023,0.015633829346392916,0.8924731182795699,0.6605189404213,0.04624355844860319,0.0,0.0713588599613199,0.06,0.04,0.02,0.74,0.1,0.0,0.0,0.0,0.0
F-DFHC-U,2023,0.015633829346392916,0.8924731182795699,0.6605189404213,0.04624355844860319,0.0,0.0713588599613199,0.06,0.04,0.02,0.74,0.1,0.0,0.85,0.0,0.0
F-DFHC-U,2023,0.015633829346392916,0.8924731182795699,0.6605189404213,0.04624355844860319,0.0,0.0713588599613199,0.06,0.04,0.02,0.74,0.1,0.9,0.0,0.0,0.0
F-DFHC-U,2023,0.015633829346392916,0.8924731182795699,0.6605189404213,0.04624355844860319,0.0,0.0713588599613199,0.06,0.04,0.02,0.74,0.1,0.9,0.85,0.0,0.0
F-DFHC-U,2023,0.015633829346392916,0.8924731182795699,0.6880933007865474,0.054561070427628616,0.0,0.07974928989944957,0.06,0.04,0.02,0.74,0.12,0.0,0.0,0.0,0.0
F-DFHC-U,2023,0.015633829346392916,0.8924731182795699,0.6880933007865474,0.054561070427628616,0.0,0.07974928989944957,0.06,0.04,0.02,0.74,0.12,0.0,0.85,0.0,0.0
F-DFHC-U,2023,0.015633829346392916,0.8924731182795699,0.6880933007865474,0.054561070427628616,0.0,0.07974928989944957,0.06,0.04,0.02,0.74,0.12,0.9,0.0,0.0,0.0
F-DFHC-U,2023,0.015633829346392916,0.8924731182795699,0.6880933007865474,0.054561070427628616,0.0,0.07974928989944957,0.06,0.04,0.02,0.74,0.12,0.9,0.85,0.0,0.0
F-DFHC-U,2023,0.015633829346392916,0.8924731182795699,0.6605189404213,0.04624355844860319,0.0,0.0713588599613199,0.06,0.04,0.02,0.746,0.1,0.0,0.0,0.0,0.0
F-DFHC-U,2023,0.015633829346392916,0.8924731182795699,0.6605189404213,0.04624355844860319,0.0,0.0713588599613199,0.06,0.04,0.02,0.746,0.1,0.0,0.85,0.0,0.0
F-DFHC-U,2023,0.015633829346392916,0.8924731182795699,0.6605189404213,0.04624355844860319,0.0,0.0713588599613199,0.06,0.04,0.02,0.746,0.1,0.9,0.0,0.0,0.0
F-DFHC-U,2023,0.015633829346392916,0.8924731182795699,0.6605189404213,0.04624355844860319,0.0,0.0713588599613199,0.06,0.04,0.02,0.746,0.1,0.9,0.85,0.0,0.0
F-DFHC-U,2023,0.015633829346392916,0.8924731182795699,0.6880933007865474,0.054561070427628616,0.0,0.07974928989944957,0.06,0.04,0.02,0.746,0.12,0.0,0.0,0.0,0.0
F-DFHC-U,2023,0.015633829346392916,0.8924731182795699,0.6880933007865474,0.054561070427628616,0.0,0.07974928989944957,0.06,0.04,0.02,0.746,0.12,0.0,0.85,0.0,0.0
F-DFHC-U,2023,0.015633829346392916,0.8924731182795699,0.6880933007865474,0.054561070427628616,0.0,0.07974928989944957,0.06,0.04,0.02,0.746,0.12,0.9,0.0,0.0,0.0
F-DFHC-U,2023,0.015633829346392916,0.8924731182795699,0.6880933007865474,0.054561070427628616,0.0,0.07974928989944957,0.06,0.04,0.02,0.746,0.12,0.9,0.85,0.0,0.0
F-DFHC-U,2023,0.015633829346392916,0.8924731182795699,0.6605189404213,0.04624355844860319,0.0,0.0713588599613199,0.06,0.04,0.02,0.75,0.1,0.0,0.0,0.0,0.0
F-DFHC-U,2023,0.015633829346392916,0.8924731182795699,0.6605189404213,0.04624355844860319,0.0,0.0713588599613199,0.06,0.04,0.02,0.75,0.1,0.0,0.85,0.0,0.0
F-DFHC-U,2023,0.015633829346392916,0.8924731182795699,0.6605189404213,0.04624355844860319,0.0,0.0713588599613199,0.06,0.04,0.02,0.75,0.1,0.9,0.0,0.0,0.0
F-DFHC-U,2023,0.015633829346392916,0.8924731182795699,0.6605189404213,0.04624355844860319,0.0,0.0713588599613199,0.06,0.04,0.02,0.75,0.1,0.9,0.85,0.0,0.0
F-DFHC-U,2023,0.015633829346392916,0.8924731182795699,0.6880933007865474,0.054561070427628616,0.0,0.07974928989944957,0.06,0.04,0.02,0.75,0.12,0.0,0.0,0.0,0.0
F-DFHC-U,2023,0.015633829346392916,0.8924731182795699,0.6880933007865474,0.054561070427628616,0.0,0.07974928989944957,0.06,0.04,0.02,0.75,0.12,0.0,0.85,0.0,0.0
F-DFHC-U,2023,0.015633829346392916,0.8924731182795699,0.6880933007865474,0.054561070427628616,0.0,0.07974928989944957,0.06,0.04,0.02,0.75,0.12,0.9,0.0,0.0,0.0
F-DFHC-U,2023,0.015633829346392916,0.8924731182795699,0.6880933007865474,0.054561070427628616,0.0,0.07974928989944957,0.06,0.04,0.02,0.75,0.12,0.9,0.85,0.0,0.0
F-DFHC-U,2023,0.015633829346392916,0.8924731182795699,0.6605189404213,0.04624355844860319,0.0,0.0713588599613199,0.06,0.04,0.04,0.0,0.1,0.0,0.0,0.0,0.0
F-DFHC-U,2023,0.015633829346392916,0.8924731182795699,0.6605189404213,0.04624355844860319,0.0,0.0713588599613199,0.06,0.04,0.04,0.0,0.1,0.0,0.85,0.0,0.0
F-DFHC-U,2023,0.015633829346392916,0.8924731182795699,0.6605189404213,0.04624355844860319,0.0,0.0713588599613199,0.06,0.04,0.04,0.0,0.1,0.9,0.0,0.0,0.0
F-DFHC-U,2023,0.015633829346392916,0.8924731182795699,0.6605189404213,0.04624355844860319,0.0,0.0713588599613199,0.06,0.04,0.04,0.0,0.1,0.9,0.85,0.0,0.0
F-DFHC-U,2023,0.015633829346392916,0.8924731182795699,0.6880933007865474,0.054561070427628616,0.0,0.07974928989944957,0.06,0.04,0.04,0.0,0.12,0.0,0.0,0.0,0.0
F-DFHC-U,2023,0.015633829346392916,0.8924731182795699,0.6880933007865474,0.054561070427628616,0.0,0.07974928989944957,0.06,0.04,0.04,0.0,0.12,0.0,0.85,0.0,0.0
F-DFHC-U,2023,0.015633829346392916,0.8924731182795699,0.6880933007865474,0.054561070427628616,0.0,0.07974928989944957,0.06,0.04,0.04,0.0,0.12,0.9,0.0,0.0,0.0
F-DFHC-U,2023,0.015633829346392916,0.8924731182795699,0.6880933007865474,0.054561070427628616,0.0,0.07974928989944957,0.06,0.04,0.04,0.0,0.12,0.9,0.85,0.0,0.0
F-DFHC-U,2023,0.015633829346392916,0.8924731182795699,0.6605189404213,0.04624355844860319,0.0,0.0713588599613199,0.06,0.04,0.04,0.7,0.1,0.0,0.0,0.0,0.0
F-DFHC-U,2023,0.015633829346392916,0.8924731182795699,0.6605189404213,0.04624355844860319,0.0,0.0713588599613199,0.06,0.04,0.04,0.7,0.1,0.0,0.85,0.0,0.0
F-DFHC-U,2023,0.015633829346392916,0.8924731182795699,0.6605189404213,0.04624355844860319,0.0,0.0713588599613199,0.06,0.04,0.04,0.7,0.1,0.9,0.0,0.0,0.0
F-DFHC-U,2023,0.015633829346392916,0.8924731182795699,0.6605189404213,0.04624355844860319,0.0,0.0713588599613199,0.06,0.04,0.04,0.7,0.1,0.9,0.85,0.0,0.0
F-DFHC-U,2023,0.015633829346392916,0.8924731182795699,0.6880933007865474,0.054561070427628616,0.0,0.07974928989944957,0.06,0.04,0.04,0.7,0.12,0.0,0.0,0.0,0.0
F-DFHC-U,2023,0.015633829346392916,0.8924731182795699,0.6880933007865474,0.054561070427628616,0.0,0.07974928989944957,0.06,0.04,0.04,0.7,0.12,0.0,0.85,0.0,0.0
F-DFHC-U,2023,0.015633829346392916,0.8924731182795699,0.6880933007865474,0.054561070427628616,0.0,0.07974928989944957,0.06,0.04,0.04,0.7,0.12,0.9,0.0,0.0,0.0
F-DFHC-U,2023,0.015633829346392916,0.8924731182795699,0.6880933007865474,0.054561070427628616,0.0,0.07974928989944957,0.06,0.04,0.04,0.7,0.12,0.9,0.85,0.0,0.0
F-DFHC-U,2023,0.015633829346392916,0.8924731182795699,0.6605189404213,0.04624355844860319,0.0,0.0713588599613199,0.06,0.04,0.04,0.72,0.1,0.0,0.0,0.0,0.0
F-DFHC-U,2023,0.015633829346392916,0.8924731182795699,0.6605189404213,0.04624355844860319,0.0,0.0713588599613199,0.06,0.04,0.04,0.72,0.1,0.0,0.85,0.0,0.0
F-DFHC-U,2023,0.015633829346392916,0.8924731182795699,0.6605189404213,0.04624355844860319,0.0,0.0713588599613199,0.06,0.04,0.04,0.72,0.1,0.9,0.0,0.0,0.0
F-DFHC-U,2023,0.015633829346392916,0.8924731182795699,0.6605189404213,0.04624355844860319,0.0,0.0713588599613199,0.06,0.04,0.04,0.72,0.1,0.9,0.85,0.0,0.0
F-DFHC-U,2023,0.015633829346392916,0.8924731182795699,0.6880933007865474,0.054561070427628616,0.0,0.07974928989944957,0.06,0.04,0.04,0.72,0.12,0.0,0.0,0.0,0.0
F-DFHC-U,2023,0.015633829346392916,0.8924731182795699,0.6880933007865474,0.054561070427628616,0.0,0.07974928989944957,0.06,0.04,0.04,0.72,0.12,0.0,0.85,0.0,0.0
F-DFHC-U,2023,0.015633829346392916,0.8924731182795699,0.6880933007865474,0.054561070427628616,0.0,0.07974928989944957,0.06,0.04,0.04,0.72,0.12,0.9,0.0,0.0,0.0
F-DFHC-U,2023,0.015633829346392916,0.8924731182795699,0.6880933007865474,0.054561070427628616,0.0,0.07974928989944957,0.06,0.04,0.04,0.72,0.12,0.9,0.85,0.0,0.0
F-DFHC-U,2023,0.015633829346392916,0.8924731182795699,0.6605189404213,0.04624355844860319,0.0,0.0713588599613199,0.06,0.04,0.04,0.73,0.1,0.0,0.0,0.0,0.0
F-DFHC-U,2023,0.015633829346392916,0.8924731182795699,0.6605189404213,0.04624355844860319,0.0,0.0713588599613199,0.06,0.04,0.04,0.73,0.1,0.0,0.85,0.0,0.0
F-DFHC-U,2023,0.015633829346392916,0.8924731182795699,0.6605189404213,0.04624355844860319,0.0,0.0713588599613199,0.06,0.04,0.04,0.73,0.1,0.9,0.0,0.0,0.0
F-DFHC-U,2023,0.015633829346392916,0.8924731182795699,0.6605189404213,0.04624355844860319,0.0,0.0713588599613199,0.06,0.04,0.04,0.73,0.1,0.9,0.85,0.0,0.0
F-DFHC-U,2023,0.015633829346392916,0.8924731182795699,0.6880933007865474,0.054561070427628616,0.0,0.07974928989944957,0.06,0.04,0.04,0.73,0.12,0.0,0.0,0.0,0.0
F-DFHC-U,2023,0.015633829346392916,0.8924731182795699,0.6880933007865474,0.054561070427628616,0.0,0.07974928989944957,0.06,0.04,0.04,0.73,0.12,0.0,0.85,0.0,0.0
F-DFHC-U,2023,0.015633829346392916,0.8924731182795699,0.6880933007865474,0.054561070427628616,0.0,0.07974928989944957,0.06,0.04,0.04,0.73,0.12,0.9,0.0,0.0,0.0
F-DFHC-U,2023,0.015633829346392916,0.8924731182795699,0.6880933007865474,0.054561070427628616,0.0,0.07974928989944957,0.06,0.04,0.04,0.73,0.12,0.9,0.85,0.0,0.0
F-DFHC-U,2023,0.015633829346392916,0.8924731182795699,0.6605189404213,0.04624355844860319,0.0,0.0713588599613199,0.06,0.04,0.04,0.74,0.1,0.0,0.0,0.0,0.0
F-DFHC-U,2023,0.015633829346392916,0.8924731182795699,0.6605189404213,0.04624355844860319,0.0,0.0713588599613199,0.06,0.04,0.04,0.74,0.1,0.0,0.85,0.0,0.0
F-DFHC-U,2023,0.015633829346392916,0.8924731182795699,0.6605189404213,0.04624355844860319,0.0,0.0713588599613199,0.06,0.04,0.04,0.74,0.1,0.9,0.0,0.0,0.0
F-DFHC-U,2023,0.015633829346392916,0.8924731182795699,0.6605189404213,0.04624355844860319,0.0,0.0713588599613199,0.06,0.04,0.04,0.74,0.1,0.9,0.85,0.0,0.0
F-DFHC-U,2023,0.015633829346392916,0.8924731182795699,0.6880933007865474,0.054561070427628616,0.0,0.07974928989944957,0.06,0.04,0.04,0.74,0.12,0.0,0.0,0.0,0.0
F-DFHC-U,2023,0.015633829346392916,0.8924731182795699,0.6880933007865474,0.054561070427628616,0.0,0.07974928989944957,0.06,0.04,0.04,0.74,0.12,0.0,0.85,0.0,0.0
F-DFHC-U,2023,0.015633829346392916,0.8924731182795699,0.6880933007865474,0.054561070427628616,0.0,0.07974928989944957,0.06,0.04,0.04,0.74,0.12,0.9,0.0,0.0,0.0
F-DFHC-U,2023,0.015633829346392916,0.8924731182795699,0.6880933007865474,0.054561070427628616,0.0,0.07974928989944957,0.06,0.04,0.04,0.74,0.12,0.9,0.85,0.0,0.0
F-DFHC-U,2023,0.015633829346392916,0.8924731182795699,0.6605189404213,0.04624355844860319,0.0,0.0713588599613199,0.06,0.04,0.04,0.746,0.1,0.0,0.0,0.0,0.0
F-DFHC-U,2023,0.015633829346392916,0.8924731182795699,0.6605189404213,0.04624355844860319,0.0,0.0713588599613199,0.06,0.04,0.04,0.746,0.1,0.0,0.85,0.0,0.0
F-DFHC-U,2023,0.015633829346392916,0.8924731182795699,0.6605189404213,0.04624355844860319,0.0,0.0713588599613199,0.06,0.04,0.04,0.746,0.1,0.9,0.0,0.0,0.0
F-DFHC-U,2023,0.015633829346392916,0.8924731182795699,0.6605189404213,0.04624355844860319,0.0,0.0713588599613199,0.06,0.04,0.04,0.746,0.1,0.9,0.85,0.0,0.0
F-DFHC-U,2023,0.015633829346392916,0.8924731182795699,0.6880933007865474,0.054561070427628616,0.0,0.07974928989944957,0.06,0.04,0.04,0.746,0.12,0.0,0.0,0.0,0.0
F-DFHC-U,2023,0.015633829346392916,0.8924731182795699,0.6880933007865474,0.054561070427628616,0.0,0.07974928989944957,0.06,0.04,0.04,0.746,0.12,0.0,0.85,0.0,0.0
F-DFHC-U,2023,0.015633829346392916,0.8924731182795699,0.6880933007865474,0.054561070427628616,0.0,0.07974928989944957,0.06,0.04,0.04,0.746,0.12,0.9,0.0,0.0,0.0
F-DFHC-U,2023,0.015633829346392916,0.8924731182795699,0.6880933007865474,0.054561070427628616,0.0,0.07974928989944957,0.06,0.04,0.04,0.746,0.12,0.9,0.85,0.0,0.0
F-DFHC-U,2023,0.015633829346392916,0.8924731182795699,0.6605189404213,0.04624355844860319,0.0,0.0713588599613199,0.06,0.04,0.04,0.75,0.1,0.0,0.0,0.0,0.0
F-DFHC-U,2023,0.015633829346392916,0.8924731182795699,0.6605189404213,0.04624355844860319,0.0,0.0713588599613199,0.06,0.04,0.04,0.75,0.1,0.0,0.85,0.0,0.0
F-DFHC-U,2023,0.015633829346392916,0.8924731182795699,0.6605189404213,0.04624355844860319,0.0,0.0713588599613199,0.06,0.04,0.04,0.75,0.1,0.9,0.0,0.0,0.0
F-DFHC-U,2023,0.015633829346392916,0.8924731182795699,0.6605189404213,0.04624355844860319,0.0,0.0713588599613199,0.06,0.04,0.04,0.75,0.1,0.9,0.85,0.0,0.0
F-DFHC-U,2023,0.015633829346392916,0.8924731182795699,0.6880933007865474,0.054561070427628616,0.0,0.07974928989944957,0.06,0.04,0.04,0.75,0.12,0.0,0.0,0.0,0.0
F-DFHC-U,2023,0.015633829346392916,0.8924731182795699,0.6880933007865474,0.054561070427628616,0.0,0.07974928989944957,0.06,0.04,0.04,0.75,0.12,0.0,0.85,0.0,0.0
F-DFHC-U,2023,0.015633829346392916,0.8924731182795699,0.6880933007865474,0.054561070427628616,0.0,0.07974928989944957,0.06,0.04,0.04,0.75,0.12,0.9,0.0,0.0,0.0
F-DFHC-U,2023,0.015633829346392916,0.8924731182795699,0.6880933007865474,0.054561070427628616,0.0,0.07974928989944957,0.06,0.04,0.04,0.75,0.12,0.9,0.85,0.0,0.0
F-DFHC-U,2023,0.015633829346392916,0.8924731182795699,0.6605189404213,0.04624355844860319,0.0,0.0713588599613199,0.06,0.06,0.0,0.0,0.1,0.0,0.0,0.0,0.0
F-DFHC-U,2023,0.015633829346392916,0.8924731182795699,0.6605189404213,0.04624355844860319,0.0,0.0713588599613199,0.06,0.06,0.0,0.0,0.1,0.0,0.85,0.0,0.0
F-DFHC-U,2023,0.015633829346392916,0.8924731182795699,0.6605189404213,0.04624355844860319,0.0,0.0713588599613199,0.06,0.06,0.0,0.0,0.1,0.9,0.0,0.0,0.0
F-DFHC-U,2023,0.015633829346392916,0.8924731182795699,0.6605189404213,0.04624355844860319,0.0,0.0713588599613199,0.06,0.06,0.0,0.0,0.1,0.9,0.85,0.0,0.0
F-DFHC-U,2023,0.015633829346392916,0.8924731182795699,0.6880933007865474,0.054561070427628616,0.0,0.07974928989944957,0.06,0.06,0.0,0.0,0.12,0.0,0.0,0.0,0.0
F-DFHC-U,2023,0.015633829346392916,0.8924731182795699,0.6880933007865474,0.054561070427628616,0.0,0.07974928989944957,0.06,0.06,0.0,0.0,0.12,0.0,0.85,0.0,0.0
F-DFHC-U,2023,0.015633829346392916,0.8924731182795699,0.6880933007865474,0.054561070427628616,0.0,0.07974928989944957,0.06,0.06,0.0,0.0,0.12,0.9,0.0,0.0,0.0
F-DFHC-U,2023,0.015633829346392916,0.8924731182795699,0.6880933007865474,0.054561070427628616,0.0,0.07974928989944957,0.06,0.06,0.0,0.0,0.12,0.9,0.85,0.0,0.0
F-DFHC-U,2023,0.015633829346392916,0.8924731182795699,0.6605189404213,0.04624355844860319,0.0,0.0713588599613199,0.06,0.06,0.0,0.7,0.1,0.0,0.0,0.0,0.0
F-DFHC-U,2023,0.015633829346392916,0.8924731182795699,0.6605189404213,0.04624355844860319,0.0,0.0713588599613199,0.06,0.06,0.0,0.7,0.1,0.0,0.85,0.0,0.0
F-DFHC-U,2023,0.015633829346392916,0.8924731182795699,0.6605189404213,0.04624355844860319,0.0,0.0713588599613199,0.06,0.06,0.0,0.7,0.1,0.9,0.0,0.0,0.0
F-DFHC-U,2023,0.015633829346392916,0.8924731182795699,0.6605189404213,0.04624355844860319,0.0,0.0713588599613199,0.06,0.06,0.0,0.7,0.1,0.9,0.85,0.0,0.0
F-DFHC-U,2023,0.015633829346392916,0.8924731182795699,0.6880933007865474,0.054561070427628616,0.0,0.07974928989944957,0.06,0.06,0.0,0.7,0.12,0.0,0.0,0.0,0.0
F-DFHC-U,2023,0.015633829346392916,0.8924731182795699,0.6880933007865474,0.054561070427628616,0.0,0.07974928989944957,0.06,0.06,0.0,0.7,0.12,0.0,0.85,0.0,0.0
F-DFHC-U,2023,0.015633829346392916,0.8924731182795699,0.6880933007865474,0.054561070427628616,0.0,0.07974928989944957,0.06,0.06,0.0,0.7,0.12,0.9,0.0,0.0,0.0
F-DFHC-U,2023,0.015633829346392916,0.8924731182795699,0.6880933007865474,0.054561070427628616,0.0,0.07974928989944957,0.06,0.06,0.0,0.7,0.12,0.9,0.85,0.0,0.0
F-DFHC-U,2023,0.015633829346392916,0.8924731182795699,0.6605189404213,0.04624355844860319,0.0,0.0713588599613199,0.06,0.06,0.0,0.72,0.1,0.0,0.0,0.0,0.0
F-DFHC-U,2023,0.015633829346392916,0.8924731182795699,0.6605189404213,0.04624355844860319,0.0,0.0713588599613199,0.06,0.06,0.0,0.72,0.1,0.0,0.85,0.0,0.0
F-DFHC-U,2023,0.015633829346392916,0.8924731182795699,0.6605189404213,0.04624355844860319,0.0,0.0713588599613199,0.06,0.06,0.0,0.72,0.1,0.9,0.0,0.0,0.0
F-DFHC-U,2023,0.015633829346392916,0.8924731182795699,0.6605189404213,0.04624355844860319,0.0,0.0713588599613199,0.06,0.06,0.0,0.72,0.1,0.9,0.85,0.0,0.0
F-DFHC-U,2023,0.015633829346392916,0.8924731182795699,0.6880933007865474,0.054561070427628616,0.0,0.07974928989944957,0.06,0.06,0.0,0.72,0.12,0.0,0.0,0.0,0.0
F-DFHC-U,2023,0.015633829346392916,0.8924731182795699,0.6880933007865474,0.054561070427628616,0.0,0.07974928989944957,0.06,0.06,0.0,0.72,0.12,0.0,0.85,0.0,0.0
F-DFHC-U,2023,0.015633829346392916,0.8924731182795699,0.6880933007865474,0.054561070427628616,0.0,0.07974928989944957,0.06,0.06,0.0,0.72,0.12,0.9,0.0,0.0,0.0
F-DFHC-U,2023,0.015633829346392916,0.8924731182795699,0.6880933007865474,0.054561070427628616,0.0,0.07974928989944957,0.06,0.06,0.0,0.72,0.12,0.9,0.85,0.0,0.0
F-DFHC-U,2023,0.015633829346392916,0.8924731182795699,0.6605189404213,0.04624355844860319,0.0,0.0713588599613199,0.06,0.06,0.0,0.73,0.1,0.0,0.0,0.0,0.0
F-DFHC-U,2023,0.015633829346392916,0.8924731182795699,0.6605189404213,0.04624355844860319,0.0,0.0713588599613199,0.06,0.06,0.0,0.73,0.1,0.0,0.85,0.0,0.0
F-DFHC-U,2023,0.015633829346392916,0.8924731182795699,0.6605189404213,0.04624355844860319,0.0,0.0713588599613199,0.06,0.06,0.0,0.73,0.1,0.9,0.0,0.0,0.0
F-DFHC-U,2023,0.015633829346392916,0.8924731182795699,0.6605189404213,0.04624355844860319,0.0,0.0713588599613199,0.06,0.06,0.0,0.73,0.1,0.9,0.85,0.0,0.0
F-DFHC-U,2023,0.015633829346392916,0.8924731182795699,0.6880933007865474,0.054561070427628616,0.0,0.07974928989944957,0.06,0.06,0.0,0.73,0.12,0.0,0.0,0.0,0.0
F-DFHC-U,2023,0.015633829346392916,0.8924731182795699,0.6880933007865474,0.054561070427628616,0.0,0.07974928989944957,0.06,0.06,0.0,0.73,0.12,0.0,0.85,0.0,0.0
F-DFHC-U,2023,0.015633829346392916,0.8924731182795699,0.6880933007865474,0.054561070427628616,0.0,0.07974928989944957,0.06,0.06,0.0,0.73,0.12,0.9,0.0,0.0,0.0
F-DFHC-U,2023,0.015633829346392916,0.8924731182795699,0.6880933007865474,0.054561070427628616,0.0,0.07974928989944957,0.06,0.06,0.0,0.73,0.12,0.9,0.85,0.0,0.0
F-DFHC-U,2023,0.015633829346392916,0.8924731182795699,0.6605189404213,0.04624355844860319,0.0,0.0713588599613199,0.06,0.06,0.0,0.74,0.1,0.0,0.0,0.0,0.0
F-DFHC-U,2023,0.015633829346392916,0.8924731182795699,0.6605189404213,0.04624355844860319,0.0,0.0713588599613199,0.06,0.06,0.0,0.74,0.1,0.0,0.85,0.0,0.0
F-DFHC-U,2023,0.015633829346392916,0.8924731182795699,0.6605189404213,0.04624355844860319,0.0,0.0713588599613199,0.06,0.06,0.0,0.74,0.1,0.9,0.0,0.0,0.0
F-DFHC-U,2023,0.015633829346392916,0.8924731182795699,0.6605189404213,0.04624355844860319,0.0,0.0713588599613199,0.06,0.06,0.0,0.74,0.1,0.9,0.85,0.0,0.0
F-DFHC-U,2023,0.015633829346392916,0.8924731182795699,0.6880933007865474,0.054561070427628616,0.0,0.07974928989944957,0.06,0.06,0.0,0.74,0.12,0.0,0.0,0.0,0.0
F-DFHC-U,2023,0.015633829346392916,0.8924731182795699,0.6880933007865474,0.054561070427628616,0.0,0.07974928989944957,0.06,0.06,0.0,0.74,0.12,0.0,0.85,0.0,0.0
F-DFHC-U,2023,0.015633829346392916,0.8924731182795699,0.6880933007865474,0.054561070427628616,0.0,0.07974928989944957,0.06,0.06,0.0,0.74,0.12,0.9,0.0,0.0,0.0
F-DFHC-U,2023,0.015633829346392916,0.8924731182795699,0.6880933007865474,0.054561070427628616,0.0,0.07974928989944957,0.06,0.06,0.0,0.74,0.12,0.9,0.85,0.0,0.0
F-DFHC-U,2023,0.015633829346392916,0.8924731182795699,0.6605189404213,0.04624355844860319,0.0,0.0713588599613199,0.06,0.06,0.0,0.746,0.1,0.0,0.0,0.0,0.0
F-DFHC-U,2023,0.015633829346392916,0.8924731182795699,0.6605189404213,0.04624355844860319,0.0,0.0713588599613199,0.06,0.06,0.0,0.746,0.1,0.0,0.85,0.0,0.0
F-DFHC-U,2023,0.015633829346392916,0.8924731182795699,0.6605189404213,0.04624355844860319,0.0,0.0713588599613199,0.06,0.06,0.0,0.746,0.1,0.9,0.0,0.0,0.0
F-DFHC-U,2023,0.015633829346392916,0.8924731182795699,0.6605189404213,0.04624355844860319,0.0,0.0713588599613199,0.06,0.06,0.0,0.746,0.1,0.9,0.85,0.0,0.0
F-DFHC-U,2023,0.015633829346392916,0.8924731182795699,0.6880933007865474,0.054561070427628616,0.0,0.07974928989944957,0.06,0.06,0.0,0.746,0.12,0.0,0.0,0.0,0.0
F-DFHC-U,2023,0.015633829346392916,0.8924731182795699,0.6880933007865474,0.054561070427628616,0.0,0.07974928989944957,0.06,0.06,0.0,0.746,0.12,0.0,0.85,0.0,0.0
F-DFHC-U,2023,0.015633829346392916,0.8924731182795699,0.6880933007865474,0.054561070427628616,0.0,0.07974928989944957,0.06,0.06,0.0,0.746,0.12,0.9,0.0,0.0,0.0
F-DFHC-U,2023,0.015633829346392916,0.8924731182795699,0.6880933007865474,0.054561070427628616,0.0,0.07974928989944957,0.06,0.06,0.0,0.746,0.12,0.9,0.85,0.0,0.0
F-DFHC-U,2023,0.015633829346392916,0.8924731182795699,0.6605189404213,0.04624355844860319,0.0,0.0713588599613199,0.06,0.06,0.0,0.75,0.1,0.0,0.0,0.0,0.0
F-DFHC-U,2023,0.015633829346392916,0.8924731182795699,0.6605189404213,0.04624355844860319,0.0,0.0713588599613199,0.06,0.06,0.0,0.75,0.1,0.0,0.85,0.0,0.0
F-DFHC-U,2023,0.015633829346392916,0.8924731182795699,0.6605189404213,0.04624355844860319,0.0,0.0713588599613199,0.06,0.06,0.0,0.75,0.1,0.9,0.0,0.0,0.0
F-DFHC-U,2023,0.015633829346392916,0.8924731182795699,0.6605189404213,0.04624355844860319,0.0,0.0713588599613199,0.06,0.06,0.0,0.75,0.1,0.9,0.85,0.0,0.0
F-DFHC-U,2023,0.015633829346392916,0.8924731182795699,0.6880933007865474,0.054561070427628616,0.0,0.07974928989944957,0.06,0.06,0.0,0.75,0.12,0.0,0.0,0.0,0.0
F-DFHC-U,2023,0.015633829346392916,0.8924731182795699,0.6880933007865474,0.054561070427628616,0.0,0.07974928989944957,0.06,0.06,0.0,0.75,0.12,0.0,0.85,0.0,0.0
F-DFHC-U,2023,0.015633829346392916,0.8924731182795699,0.6880933007865474,0.054561070427628616,0.0,0.07974928989944957,0.06,0.06,0.0,0.75,0.12,0.9,0.0,0.0,0.0
F-DFHC-U,2023,0.015633829346392916,0.8924731182795699,0.6880933007865474,0.054561070427628616,0.0,0.07974928989944957,0.06,0.06,0.0,0.75,0.12,0.9,0.85,0.0,0.0
F-DFHC-U,2023,0.015633829346392916,0.8924731182795699,0.6605189404213,0.04624355844860319,0.0,0.0713588599613199,0.06,0.06,0.02,0.0,0.1,0.0,0.0,0.0,0.0
F-DFHC-U,2023,0.015633829346392916,0.8924731182795699,0.6605189404213,0.04624355844860319,0.0,0.0713588599613199,0.06,0.06,0.02,0.0,0.1,0.0,0.85,0.0,0.0
F-DFHC-U,2023,0.015633829346392916,0.8924731182795699,0.6605189404213,0.04624355844860319,0.0,0.0713588599613199,0.06,0.06,0.02,0.0,0.1,0.9,0.0,0.0,0.0
F-DFHC-U,2023,0.015633829346392916,0.8924731182795699,0.6605189404213,0.04624355844860319,0.0,0.0713588599613199,0.06,0.06,0.02,0.0,0.1,0.9,0.85,0.0,0.0
F-DFHC-U,2023,0.015633829346392916,0.8924731182795699,0.6880933007865474,0.054561070427628616,0.0,0.07974928989944957,0.06,0.06,0.02,0.0,0.12,0.0,0.0,0.0,0.0
F-DFHC-U,2023,0.015633829346392916,0.8924731182795699,0.6880933007865474,0.054561070427628616,0.0,0.07974928989944957,0.06,0.06,0.02,0.0,0.12,0.0,0.85,0.0,0.0
F-DFHC-U,2023,0.015633829346392916,0.8924731182795699,0.6880933007865474,0.054561070427628616,0.0,0.07974928989944957,0.06,0.06,0.02,0.0,0.12,0.9,0.0,0.0,0.0
F-DFHC-U,2023,0.015633829346392916,0.8924731182795699,0.6880933007865474,0.054561070427628616,0.0,0.07974928989944957,0.06,0.06,0.02,0.0,0.12,0.9,0.85,0.0,0.0
F-DFHC-U,2023,0.015633829346392916,0.8924731182795699,0.6605189404213,0.04624355844860319,0.0,0.0713588599613199,0.06,0.06,0.02,0.7,0.1,0.0,0.0,0.0,0.0
F-DFHC-U,2023,0.015633829346392916,0.8924731182795699,0.6605189404213,0.04624355844860319,0.0,0.0713588599613199,0.06,0.06,0.02,0.7,0.1,0.0,0.85,0.0,0.0
F-DFHC-U,2023,0.015633829346392916,0.8924731182795699,0.6605189404213,0.04624355844860319,0.0,0.0713588599613199,0.06,0.06,0.02,0.7,0.1,0.9,0.0,0.0,0.0
F-DFHC-U,2023,0.015633829346392916,0.8924731182795699,0.6605189404213,0.04624355844860319,0.0,0.0713588599613199,0.06,0.06,0.02,0.7,0.1,0.9,0.85,0.0,0.0
F-DFHC-U,2023,0.015633829346392916,0.8924731182795699,0.6880933007865474,0.054561070427628616,0.0,0.07974928989944957,0.06,0.06,0.02,0.7,0.12,0.0,0.0,0.0,0.0
F-DFHC-U,2023,0.015633829346392916,0.8924731182795699,0.6880933007865474,0.054561070427628616,0.0,0.07974928989944957,0.06,0.06,0.02,0.7,0.12,0.0,0.85,0.0,0.0
F-DFHC-U,2023,0.015633829346392916,0.8924731182795699,0.6880933007865474,0.054561070427628616,0.0,0.07974928989944957,0.06,0.06,0.02,0.7,0.12,0.9,0.0,0.0,0.0
F-DFHC-U,2023,0.015633829346392916,0.8924731182795699,0.6880933007865474,0.054561070427628616,0.0,0.07974928989944957,0.06,0.06,0.02,0.7,0.12,0.9,0.85,0.0,0.0
F-DFHC-U,2023,0.015633829346392916,0.8924731182795699,0.6605189404213,0.04624355844860319,0.0,0.0713588599613199,0.06,0.06,0.02,0.72,0.1,0.0,0.0,0.0,0.0
F-DFHC-U,2023,0.015633829346392916,0.8924731182795699,0.6605189404213,0.04624355844860319,0.0,0.0713588599613199,0.06,0.06,0.02,0.72,0.1,0.0,0.85,0.0,0.0
F-DFHC-U,2023,0.015633829346392916,0.8924731182795699,0.6605189404213,0.04624355844860319,0.0,0.0713588599613199,0.06,0.06,0.02,0.72,0.1,0.9,0.0,0.0,0.0
F-DFHC-U,2023,0.015633829346392916,0.8924731182795699,0.6605189404213,0.04624355844860319,0.0,0.0713588599613199,0.06,0.06,0.02,0.72,0.1,0.9,0.85,0.0,0.0
F-DFHC-U,2023,0.015633829346392916,0.8924731182795699,0.6880933007865474,0.054561070427628616,0.0,0.07974928989944957,0.06,0.06,0.02,0.72,0.12,0.0,0.0,0.0,0.0
F-DFHC-U,2023,0.015633829346392916,0.8924731182795699,0.6880933007865474,0.054561070427628616,0.0,0.07974928989944957,0.06,0.06,0.02,0.72,0.12,0.0,0.85,0.0,0.0
F-DFHC-U,2023,0.015633829346392916,0.8924731182795699,0.6880933007865474,0.054561070427628616,0.0,0.07974928989944957,0.06,0.06,0.02,0.72,0.12,0.9,0.0,0.0,0.0
F-DFHC-U,2023,0.015633829346392916,0.8924731182795699,0.6880933007865474,0.054561070427628616,0.0,0.07974928989944957,0.06,0.06,0.02,0.72,0.12,0.9,0.85,0.0,0.0
F-DFHC-U,2023,0.015633829346392916,0.8924731182795699,0.6605189404213,0.04624355844860319,0.0,0.0713588599613199,0.06,0.06,0.02,0.73,0.1,0.0,0.0,0.0,0.0
F-DFHC-U,2023,0.015633829346392916,0.8924731182795699,0.6605189404213,0.04624355844860319,0.0,0.0713588599613199,0.06,0.06,0.02,0.73,0.1,0.0,0.85,0.0,0.0
F-DFHC-U,2023,0.015633829346392916,0.8924731182795699,0.6605189404213,0.04624355844860319,0.0,0.0713588599613199,0.06,0.06,0.02,0.73,0.1,0.9,0.0,0.0,0.0
F-DFHC-U,2023,0.015633829346392916,0.8924731182795699,0.6605189404213,0.04624355844860319,0.0,0.0713588599613199,0.06,0.06,0.02,0.73,0.1,0.9,0.85,0.0,0.0
F-DFHC-U,2023,0.015633829346392916,0.8924731182795699,0.6880933007865474,0.054561070427628616,0.0,0.07974928989944957,0.06,0.06,0.02,0.73,0.12,0.0,0.0,0.0,0.0
F-DFHC-U,2023,0.015633829346392916,0.8924731182795699,0.6880933007865474,0.054561070427628616,0.0,0.07974928989944957,0.06,0.06,0.02,0.73,0.12,0.0,0.85,0.0,0.0
F-DFHC-U,2023,0.015633829346392916,0.8924731182795699,0.6880933007865474,0.054561070427628616,0.0,0.07974928989944957,0.06,0.06,0.02,0.73,0.12,0.9,0.0,0.0,0.0
F-DFHC-U,2023,0.015633829346392916,0.8924731182795699,0.6880933007865474,0.054561070427628616,0.0,0.07974928989944957,0.06,0.06,0.02,0.73,0.12,0.9,0.85,0.0,0.0
F-DFHC-U,2023,0.015633829346392916,0.8924731182795699,0.6605189404213,0.04624355844860319,0.0,0.0713588599613199,0.06,0.06,0.02,0.74,0.1,0.0,0.0,0.0,0.0
F-DFHC-U,2023,0.015633829346392916,0.8924731182795699,0.6605189404213,0.04624355844860319,0.0,0.0713588599613199,0.06,0.06,0.02,0.74,0.1,0.0,0.85,0.0,0.0
F-DFHC-U,2023,0.015633829346392916,0.8924731182795699,0.6605189404213,0.04624355844860319,0.0,0.0713588599613199,0.06,0.06,0.02,0.74,0.1,0.9,0.0,0.0,0.0
F-DFHC-U,2023,0.015633829346392916,0.8924731182795699,0.6605189404213,0.04624355844860319,0.0,0.0713588599613199,0.06,0.06,0.02,0.74,0.1,0.9,0.85,0.0,0.0
F-DFHC-U,2023,0.015633829346392916,0.8924731182795699,0.6880933007865474,0.054561070427628616,0.0,0.07974928989944957,0.06,0.06,0.02,0.74,0.12,0.0,0.0,0.0,0.0
F-DFHC-U,2023,0.015633829346392916,0.8924731182795699,0.6880933007865474,0.054561070427628616,0.0,0.07974928989944957,0.06,0.06,0.02,0.74,0.12,0.0,0.85,0.0,0.0
F-DFHC-U,2023,0.015633829346392916,0.8924731182795699,0.6880933007865474,0.054561070427628616,0.0,0.07974928989944957,0.06,0.06,0.02,0.74,0.12,0.9,0.0,0.0,0.0
F-DFHC-U,2023,0.015633829346392916,0.8924731182795699,0.6880933007865474,0.054561070427628616,0.0,0.07974928989944957,0.06,0.06,0.02,0.74,0.12,0.9,0.85,0.0,0.0
F-DFHC-U,2023,0.015633829346392916,0.8924731182795699,0.6605189404213,0.04624355844860319,0.0,0.0713588599613199,0.06,0.06,0.02,0.746,0.1,0.0,0.0,0.0,0.0
F-DFHC-U,2023,0.015633829346392916,0.8924731182795699,0.6605189404213,0.04624355844860319,0.0,0.0713588599613199,0.06,0.06,0.02,0.746,0.1,0.0,0.85,0.0,0.0
F-DFHC-U,2023,0.015633829346392916,0.8924731182795699,0.6605189404213,0.04624355844860319,0.0,0.0713588599613199,0.06,0.06,0.02,0.746,0.1,0.9,0.0,0.0,0.0
F-DFHC-U,2023,0.015633829346392916,0.8924731182795699,0.6605189404213,0.04624355844860319,0.0,0.0713588599613199,0.06,0.06,0.02,0.746,0.1,0.9,0.85,0.0,0.0
F-DFHC-U,2023,0.015633829346392916,0.8924731182795699,0.6880933007865474,0.054561070427628616,0.0,0.07974928989944957,0.06,0.06,0.02,0.746,0.12,0.0,0.0,0.0,0.0
F-DFHC-U,2023,0.015633829346392916,0.8924731182795699,0.6880933007865474,0.054561070427628616,0.0,0.07974928989944957,0.06,0.06,0.02,0.746,0.12,0.0,0.85,0.0,0.0
F-DFHC-U,2023,0.015633829346392916,0.8924731182795699,0.6880933007865474,0.054561070427628616,0.0,0.07974928989944957,0.06,0.06,0.02,0.746,0.12,0.9,0.0,0.0,0.0
F-DFHC-U,2023,0.015633829346392916,0.8924731182795699,0.6880933007865474,0.054561070427628616,0.0,0.07974928989944957,0.06,0.06,0.02,0.746,0.12,0.9,0.85,0.0,0.0
F-DFHC-U,2023,0.015633829346392916,0.8924731182795699,0.6605189404213,0.04624355844860319,0.0,0.0713588599613199,0.06,0.06,0.02,0.75,0.1,0.0,0.0,0.0,0.0
F-DFHC-U,2023,0.015633829346392916,0.8924731182795699,0.6605189404213,0.04624355844860319,0.0,0.0713588599613199,0.06,0.06,0.02,0.75,0.1,0.0,0.85,0.0,0.0
F-DFHC-U,2023,0.015633829346392916,0.8924731182795699,0.6605189404213,0.04624355844860319,0.0,0.0713588599613199,0.06,0.06,0.02,0.75,0.1,0.9,0.0,0.0,0.0
F-DFHC-U,2023,0.015633829346392916,0.8924731182795699,0.6605189404213,0.04624355844860319,0.0,0.0713588599613199,0.06,0.06,0.02,0.75,0.1,0.9,0.85,0.0,0.0
F-DFHC-U,2023,0.015633829346392916,0.8924731182795699,0.6880933007865474,0.054561070427628616,0.0,0.07974928989944957,0.06,0.06,0.02,0.75,0.12,0.0,0.0,0.0,0.0
F-DFHC-U,2023,0.015633829346392916,0.8924731182795699,0.6880933007865474,0.054561070427628616,0.0,0.07974928989944957,0.06,0.06,0.02,0.75,0.12,0.0,0.85,0.0,0.0
F-DFHC-U,2023,0.015633829346392916,0.8924731182795699,0.6880933007865474,0.054561070427628616,0.0,0.07974928989944957,0.06,0.06,0.02,0.75,0.12,0.9,0.0,0.0,0.0
F-DFHC-U,2023,0.015633829346392916,0.8924731182795699,0.6880933007865474,0.054561070427628616,0.0,0.07974928989944957,0.06,0.06,0.02,0.75,0.12,0.9,0.85,0.0,0.0
F-DFHC-U,2023,0.015633829346392916,0.8924731182795699,0.6605189404213,0.04624355844860319,0.0,0.0713588599613199,0.06,0.06,0.04,0.0,0.1,0.0,0.0,0.0,0.0
F-DFHC-U,2023,0.015633829346392916,0.8924731182795699,0.6605189404213,0.04624355844860319,0.0,0.0713588599613199,0.06,0.06,0.04,0.0,0.1,0.0,0.85,0.0,0.0
F-DFHC-U,2023,0.015633829346392916,0.8924731182795699,0.6605189404213,0.04624355844860319,0.0,0.0713588599613199,0.06,0.06,0.04,0.0,0.1,0.9,0.0,0.0,0.0
F-DFHC-U,2023,0.015633829346392916,0.8924731182795699,0.6605189404213,0.04624355844860319,0.0,0.0713588599613199,0.06,0.06,0.04,0.0,0.1,0.9,0.85,0.0,0.0
F-DFHC-U,2023,0.015633829346392916,0.8924731182795699,0.6880933007865474,0.054561070427628616,0.0,0.07974928989944957,0.06,0.06,0.04,0.0,0.12,0.0,0.0,0.0,0.0
F-DFHC-U,2023,0.015633829346392916,0.8924731182795699,0.6880933007865474,0.054561070427628616,0.0,0.07974928989944957,0.06,0.06,0.04,0.0,0.12,0.0,0.85,0.0,0.0
F-DFHC-U,2023,0.015633829346392916,0.8924731182795699,0.6880933007865474,0.054561070427628616,0.0,0.07974928989944957,0.06,0.06,0.04,0.0,0.12,0.9,0.0,0.0,0.0
F-DFHC-U,2023,0.015633829346392916,0.8924731182795699,0.6880933007865474,0.054561070427628616,0.0,0.07974928989944957,0.06,0.06,0.04,0.0,0.12,0.9,0.85,0.0,0.0
F-DFHC-U,2023,0.015633829346392916,0.8924731182795699,0.6605189404213,0.04624355844860319,0.0,0.0713588599613199,0.06,0.06,0.04,0.7,0.1,0.0,0.0,0.0,0.0
F-DFHC-U,2023,0.015633829346392916,0.8924731182795699,0.6605189404213,0.04624355844860319,0.0,0.0713588599613199,0.06,0.06,0.04,0.7,0.1,0.0,0.85,0.0,0.0
F-DFHC-U,2023,0.015633829346392916,0.8924731182795699,0.6605189404213,0.04624355844860319,0.0,0.0713588599613199,0.06,0.06,0.04,0.7,0.1,0.9,0.0,0.0,0.0
F-DFHC-U,2023,0.015633829346392916,0.8924731182795699,0.6605189404213,0.04624355844860319,0.0,0.0713588599613199,0.06,0.06,0.04,0.7,0.1,0.9,0.85,0.0,0.0
F-DFHC-U,2023,0.015633829346392916,0.8924731182795699,0.6880933007865474,0.054561070427628616,0.0,0.07974928989944957,0.06,0.06,0.04,0.7,0.12,0.0,0.0,0.0,0.0
F-DFHC-U,2023,0.015633829346392916,0.8924731182795699,0.6880933007865474,0.054561070427628616,0.0,0.07974928989944957,0.06,0.06,0.04,0.7,0.12,0.0,0.85,0.0,0.0
F-DFHC-U,2023,0.015633829346392916,0.8924731182795699,0.6880933007865474,0.054561070427628616,0.0,0.07974928989944957,0.06,0.06,0.04,0.7,0.12,0.9,0.0,0.0,0.0
F-DFHC-U,2023,0.015633829346392916,0.8924731182795699,0.6880933007865474,0.054561070427628616,0.0,0.07974928989944957,0.06,0.06,0.04,0.7,0.12,0.9,0.85,0.0,0.0
F-DFHC-U,2023,0.015633829346392916,0.8924731182795699,0.6605189404213,0.04624355844860319,0.0,0.0713588599613199,0.06,0.06,0.04,0.72,0.1,0.0,0.0,0.0,0.0
F-DFHC-U,2023,0.015633829346392916,0.8924731182795699,0.6605189404213,0.04624355844860319,0.0,0.0713588599613199,0.06,0.06,0.04,0.72,0.1,0.0,0.85,0.0,0.0
F-DFHC-U,2023,0.015633829346392916,0.8924731182795699,0.6605189404213,0.04624355844860319,0.0,0.0713588599613199,0.06,0.06,0.04,0.72,0.1,0.9,0.0,0.0,0.0
F-DFHC-U,2023,0.015633829346392916,0.8924731182795699,0.6605189404213,0.04624355844860319,0.0,0.0713588599613199,0.06,0.06,0.04,0.72,0.1,0.9,0.85,0.0,0.0
F-DFHC-U,2023,0.015633829346392916,0.8924731182795699,0.6880933007865474,0.054561070427628616,0.0,0.07974928989944957,0.06,0.06,0.04,0.72,0.12,0.0,0.0,0.0,0.0
F-DFHC-U,2023,0.015633829346392916,0.8924731182795699,0.6880933007865474,0.054561070427628616,0.0,0.07974928989944957,0.06,0.06,0.04,0.72,0.12,0.0,0.85,0.0,0.0
F-DFHC-U,2023,0.015633829346392916,0.8924731182795699,0.6880933007865474,0.054561070427628616,0.0,0.07974928989944957,0.06,0.06,0.04,0.72,0.12,0.9,0.0,0.0,0.0
F-DFHC-U,2023,0.015633829346392916,0.8924731182795699,0.6880933007865474,0.054561070427628616,0.0,0.07974928989944957,0.06,0.06,0.04,0.72,0.12,0.9,0.85,0.0,0.0
F-DFHC-U,2023,0.015633829346392916,0.8924731182795699,0.6605189404213,0.04624355844860319,0.0,0.0713588599613199,0.06,0.06,0.04,0.73,0.1,0.0,0.0,0.0,0.0
F-DFHC-U,2023,0.015633829346392916,0.8924731182795699,0.6605189404213,0.04624355844860319,0.0,0.0713588599613199,0.06,0.06,0.04,0.73,0.1,0.0,0.85,0.0,0.0
F-DFHC-U,2023,0.015633829346392916,0.8924731182795699,0.6605189404213,0.04624355844860319,0.0,0.0713588599613199,0.06,0.06,0.04,0.73,0.1,0.9,0.0,0.0,0.0
F-DFHC-U,2023,0.015633829346392916,0.8924731182795699,0.6605189404213,0.04624355844860319,0.0,0.0713588599613199,0.06,0.06,0.04,0.73,0.1,0.9,0.85,0.0,0.0
F-DFHC-U,2023,0.015633829346392916,0.8924731182795699,0.6880933007865474,0.054561070427628616,0.0,0.07974928989944957,0.06,0.06,0.04,0.73,0.12,0.0,0.0,0.0,0.0
F-DFHC-U,2023,0.015633829346392916,0.8924731182795699,0.6880933007865474,0.054561070427628616,0.0,0.07974928989944957,0.06,0.06,0.04,0.73,0.12,0.0,0.85,0.0,0.0
F-DFHC-U,2023,0.015633829346392916,0.8924731182795699,0.6880933007865474,0.054561070427628616,0.0,0.07974928989944957,0.06,0.06,0.04,0.73,0.12,0.9,0.0,0.0,0.0
F-DFHC-U,2023,0.015633829346392916,0.8924731182795699,0.6880933007865474,0.054561070427628616,0.0,0.07974928989944957,0.06,0.06,0.04,0.73,0.12,0.9,0.85,0.0,0.0
F-DFHC-U,2023,0.015633829346392916,0.8924731182795699,0.6605189404213,0.04624355844860319,0.0,0.0713588599613199,0.06,0.06,0.04,0.74,0.1,0.0,0.0,0.0,0.0
F-DFHC-U,2023,0.015633829346392916,0.8924731182795699,0.6605189404213,0.04624355844860319,0.0,0.0713588599613199,0.06,0.06,0.04,0.74,0.1,0.0,0.85,0.0,0.0
F-DFHC-U,2023,0.015633829346392916,0.8924731182795699,0.6605189404213,0.04624355844860319,0.0,0.0713588599613199,0.06,0.06,0.04,0.74,0.1,0.9,0.0,0.0,0.0
F-DFHC-U,2023,0.015633829346392916,0.8924731182795699,0.6605189404213,0.04624355844860319,0.0,0.0713588599613199,0.06,0.06,0.04,0.74,0.1,0.9,0.85,0.0,0.0
F-DFHC-U,2023,0.015633829346392916,0.8924731182795699,0.6880933007865474,0.054561070427628616,0.0,0.07974928989944957,0.06,0.06,0.04,0.74,0.12,0.0,0.0,0.0,0.0
F-DFHC-U,2023,0.015633829346392916,0.8924731182795699,0.6880933007865474,0.054561070427628616,0.0,0.07974928989944957,0.06,0.06,0.04,0.74,0.12,0.0,0.85,0.0,0.0
F-DFHC-U,2023,0.015633829346392916,0.8924731182795699,0.6880933007865474,0.054561070427628616,0.0,0.07974928989944957,0.06,0.06,0.04,0.74,0.12,0.9,0.0,0.0,0.0
F-DFHC-U,2023,0.015633829346392916,0.8924731182795699,0.6880933007865474,0.054561070427628616,0.0,0.07974928989944957,0.06,0.06,0.04,0.74,0.12,0.9,0.85,0.0,0.0
F-DFHC-U,2023,0.015633829346392916,0.8924731182795699,0.6605189404213,0.04624355844860319,0.0,0.0713588599613199,0.06,0.06,0.04,0.746,0.1,0.0,0.0,0.0,0.0
F-DFHC-U,2023,0.015633829346392916,0.8924731182795699,0.6605189404213,0.04624355844860319,0.0,0.0713588599613199,0.06,0.06,0.04,0.746,0.1,0.0,0.85,0.0,0.0
F-DFHC-U,2023,0.015633829346392916,0.8924731182795699,0.6605189404213,0.04624355844860319,0.0,0.0713588599613199,0.06,0.06,0.04,0.746,0.1,0.9,0.0,0.0,0.0
F-DFHC-U,2023,0.015633829346392916,0.8924731182795699,0.6605189404213,0.04624355844860319,0.0,0.0713588599613199,0.06,0.06,0.04,0.746,0.1,0.9,0.85,0.0,0.0
F-DFHC-U,2023,0.015633829346392916,0.8924731182795699,0.6880933007865474,0.054561070427628616,0.0,0.07974928989944957,0.06,0.06,0.04,0.746,0.12,0.0,0.0,0.0,0.0
F-DFHC-U,2023,0.015633829346392916,0.8924731182795699,0.6880933007865474,0.054561070427628616,0.0,0.07974928989944957,0.06,0.06,0.04,0.746,0.12,0.0,0.85,0.0,0.0
F-DFHC-U,2023,0.015633829346392916,0.8924731182795699,0.6880933007865474,0.054561070427628616,0.0,0.07974928989944957,0.06,0.06,0.04,0.746,0.12,0.9,0.0,0.0,0.0
F-DFHC-U,2023,0.015633829346392916,0.8924731182795699,0.6880933007865474,0.054561070427628616,0.0,0.07974928989944957,0.06,0.06,0.04,0.746,0.12,0.9,0.85,0.0,0.0
F-DFHC-U,2023,0.015633829346392916,0.8924731182795699,0.6605189404213,0.04624355844860319,0.0,0.0713588599613199,0.06,0.06,0.04,0.75,0.1,0.0,0.0,0.0,0.0
F-DFHC-U,2023,0.015633829346392916,0.8924731182795699,0.6605189404213,0.04624355844860319,0.0,0.0713588599613199,0.06,0.06,0.04,0.75,0.1,0.0,0.85,0.0,0.0
F-DFHC-U,2023,0.015633829346392916,0.8924731182795699,0.6605189404213,0.04624355844860319,0.0,0.0713588599613199,0.06,0.06,0.04,0.75,0.1,0.9,0.0,0.0,0.0
F-DFHC-U,2023,0.015633829346392916,0.8924731182795699,0.6605189404213,0.04624355844860319,0.0,0.0713588599613199,0.06,0.06,0.04,0.75,0.1,0.9,0.85,0.0,0.0
F-DFHC-U,2023,0.015633829346392916,0.8924731182795699,0.6880933007865474,0.054561070427628616,0.0,0.07974928989944957,0.06,0.06,0.04,0.75,0.12,0.0,0.0,0.0,0.0
F-DFHC-U,2023,0.015633829346392916,0.8924731182795699,0.6880933007865474,0.054561070427628616,0.0,0.07974928989944957,0.06,0.06,0.04,0.75,0.12,0.0,0.85,0.0,0.0
F-DFHC-U,2023,0.015633829346392916,0.8924731182795699,0.6880933007865474,0.054561070427628616,0.0,0.07974928989944957,0.06,0.06,0.04,0.75,0.12,0.9,0.0,0.0,0.0
F-DFHC-U,2023,0.015633829346392916,0.8924731182795699,0.6880933007865474,0.054561070427628616,0.0,0.07974928989944957,0.06,0.06,0.04,0.75,0.12,0.9,0.85,0.0,0.0
F-DFHC-U,2023,0.015633829346392916,0.8924731182795699,0.6605189404213,0.04624355844860319,0.0,0.0713588599613199,0.08,0.04,0.0,0.0,0.1,0.0,0.85,0.0,0.0
F-DFHC-U,2023,0.015633829346392916,0.8924731182795699,0.6605189404213,0.04624355844860319,0.0,0.0713588599613199,0.08,0.04,0.0,0.0,0.1,0.9,0.85,0.0,0.0
F-DFHC-U,2023,0.015633829346392916,0.8924731182795699,0.6880933007865474,0.054561070427628616,0.0,0.07974928989944957,0.08,0.04,0.0,0.0,0.12,0.0,0.85,0.0,0.0
F-DFHC-U,2023,0.015633829346392916,0.8924731182795699,0.6880933007865474,0.054561070427628616,0.0,0.07974928989944957,0.08,0.04,0.0,0.0,0.12,0.9,0.85,0.0,0.0
F-DFHC-U,2023,0.015633829346392916,0.8924731182795699,0.6605189404213,0.04624355844860319,0.0,0.0713588599613199,0.08,0.04,0.0,0.7,0.1,0.0,0.85,0.0,0.0
F-DFHC-U,2023,0.015633829346392916,0.8924731182795699,0.6605189404213,0.04624355844860319,0.0,0.0713588599613199,0.08,0.04,0.0,0.7,0.1,0.9,0.85,0.0,0.0
F-DFHC-U,2023,0.015633829346392916,0.8924731182795699,0.6880933007865474,0.054561070427628616,0.0,0.07974928989944957,0.08,0.04,0.0,0.7,0.12,0.0,0.85,0.0,0.0
F-DFHC-U,2023,0.015633829346392916,0.8924731182795699,0.6880933007865474,0.054561070427628616,0.0,0.07974928989944957,0.08,0.04,0.0,0.7,0.12,0.9,0.85,0.0,0.0
F-DFHC-U,2023,0.015633829346392916,0.8924731182795699,0.6605189404213,0.04624355844860319,0.0,0.0713588599613199,0.08,0.04,0.0,0.72,0.1,0.0,0.85,0.0,0.0
F-DFHC-U,2023,0.015633829346392916,0.8924731182795699,0.6605189404213,0.04624355844860319,0.0,0.0713588599613199,0.08,0.04,0.0,0.72,0.1,0.9,0.85,0.0,0.0
F-DFHC-U,2023,0.015633829346392916,0.8924731182795699,0.6880933007865474,0.054561070427628616,0.0,0.07974928989944957,0.08,0.04,0.0,0.72,0.12,0.0,0.85,0.0,0.0
F-DFHC-U,2023,0.015633829346392916,0.8924731182795699,0.6880933007865474,0.054561070427628616,0.0,0.07974928989944957,0.08,0.04,0.0,0.72,0.12,0.9,0.85,0.0,0.0
F-DFHC-U,2023,0.015633829346392916,0.8924731182795699,0.6605189404213,0.04624355844860319,0.0,0.0713588599613199,0.08,0.04,0.0,0.73,0.1,0.0,0.85,0.0,0.0
F-DFHC-U,2023,0.015633829346392916,0.8924731182795699,0.6605189404213,0.04624355844860319,0.0,0.0713588599613199,0.08,0.04,0.0,0.73,0.1,0.9,0.85,0.0,0.0
F-DFHC-U,2023,0.015633829346392916,0.8924731182795699,0.6880933007865474,0.054561070427628616,0.0,0.07974928989944957,0.08,0.04,0.0,0.73,0.12,0.0,0.85,0.0,0.0
F-DFHC-U,2023,0.015633829346392916,0.8924731182795699,0.6880933007865474,0.054561070427628616,0.0,0.07974928989944957,0.08,0.04,0.0,0.73,0.12,0.9,0.85,0.0,0.0
F-DFHC-U,2023,0.015633829346392916,0.8924731182795699,0.6605189404213,0.04624355844860319,0.0,0.0713588599613199,0.08,0.04,0.0,0.74,0.1,0.0,0.85,0.0,0.0
F-DFHC-U,2023,0.015633829346392916,0.8924731182795699,0.6605189404213,0.04624355844860319,0.0,0.0713588599613199,0.08,0.04,0.0,0.74,0.1,0.9,0.85,0.0,0.0
F-DFHC-U,2023,0.015633829346392916,0.8924731182795699,0.6880933007865474,0.054561070427628616,0.0,0.07974928989944957,0.08,0.04,0.0,0.74,0.12,0.0,0.85,0.0,0.0
F-DFHC-U,2023,0.015633829346392916,0.8924731182795699,0.6880933007865474,0.054561070427628616,0.0,0.07974928989944957,0.08,0.04,0.0,0.74,0.12,0.9,0.85,0.0,0.0
F-DFHC-U,2023,0.015633829346392916,0.8924731182795699,0.6605189404213,0.04624355844860319,0.0,0.0713588599613199,0.08,0.04,0.0,0.746,0.1,0.0,0.85,0.0,0.0
F-DFHC-U,2023,0.015633829346392916,0.8924731182795699,0.6605189404213,0.04624355844860319,0.0,0.0713588599613199,0.08,0.04,0.0,0.746,0.1,0.9,0.85,0.0,0.0
F-DFHC-U,2023,0.015633829346392916,0.8924731182795699,0.6880933007865474,0.054561070427628616,0.0,0.07974928989944957,0.08,0.04,0.0,0.746,0.12,0.0,0.85,0.0,0.0
F-DFHC-U,2023,0.015633829346392916,0.8924731182795699,0.6880933007865474,0.054561070427628616,0.0,0.07974928989944957,0.08,0.04,0.0,0.746,0.12,0.9,0.85,0.0,0.0
F-DFHC-U,2023,0.015633829346392916,0.8924731182795699,0.6605189404213,0.04624355844860319,0.0,0.0713588599613199,0.08,0.04,0.0,0.75,0.1,0.0,0.85,0.0,0.0
F-DFHC-U,2023,0.015633829346392916,0.8924731182795699,0.6605189404213,0.04624355844860319,0.0,0.0713588599613199,0.08,0.04,0.0,0.75,0.1,0.9,0.85,0.0,0.0
F-DFHC-U,2023,0.015633829346392916,0.8924731182795699,0.6880933007865474,0.054561070427628616,0.0,0.07974928989944957,0.08,0.04,0.0,0.75,0.12,0.0,0.85,0.0,0.0
F-DFHC-U,2023,0.015633829346392916,0.8924731182795699,0.6880933007865474,0.054561070427628616,0.0,0.07974928989944957,0.08,0.04,0.0,0.75,0.12,0.9,0.85,0.0,0.0
F-DFHC-U,2023,0.015633829346392916,0.8924731182795699,0.6605189404213,0.04624355844860319,0.0,0.0713588599613199,0.08,0.04,0.02,0.0,0.1,0.0,0.85,0.0,0.0
F-DFHC-U,2023,0.015633829346392916,0.8924731182795699,0.6605189404213,0.04624355844860319,0.0,0.0713588599613199,0.08,0.04,0.02,0.0,0.1,0.9,0.85,0.0,0.0
F-DFHC-U,2023,0.015633829346392916,0.8924731182795699,0.6880933007865474,0.054561070427628616,0.0,0.07974928989944957,0.08,0.04,0.02,0.0,0.12,0.0,0.85,0.0,0.0
F-DFHC-U,2023,0.015633829346392916,0.8924731182795699,0.6880933007865474,0.054561070427628616,0.0,0.07974928989944957,0.08,0.04,0.02,0.0,0.12,0.9,0.85,0.0,0.0
F-DFHC-U,2023,0.015633829346392916,0.8924731182795699,0.6605189404213,0.04624355844860319,0.0,0.0713588599613199,0.08,0.04,0.02,0.7,0.1,0.0,0.85,0.0,0.0
F-DFHC-U,2023,0.015633829346392916,0.8924731182795699,0.6605189404213,0.04624355844860319,0.0,0.0713588599613199,0.08,0.04,0.02,0.7,0.1,0.9,0.85,0.0,0.0
F-DFHC-U,2023,0.015633829346392916,0.8924731182795699,0.6880933007865474,0.054561070427628616,0.0,0.07974928989944957,0.08,0.04,0.02,0.7,0.12,0.0,0.85,0.0,0.0
F-DFHC-U,2023,0.015633829346392916,0.8924731182795699,0.6880933007865474,0.054561070427628616,0.0,0.07974928989944957,0.08,0.04,0.02,0.7,0.12,0.9,0.85,0.0,0.0
F-DFHC-U,2023,0.015633829346392916,0.8924731182795699,0.6605189404213,0.04624355844860319,0.0,0.0713588599613199,0.08,0.04,0.02,0.72,0.1,0.0,0.85,0.0,0.0
F-DFHC-U,2023,0.015633829346392916,0.8924731182795699,0.6605189404213,0.04624355844860319,0.0,0.0713588599613199,0.08,0.04,0.02,0.72,0.1,0.9,0.85,0.0,0.0
F-DFHC-U,2023,0.015633829346392916,0.8924731182795699,0.6880933007865474,0.054561070427628616,0.0,0.07974928989944957,0.08,0.04,0.02,0.72,0.12,0.0,0.85,0.0,0.0
F-DFHC-U,2023,0.015633829346392916,0.8924731182795699,0.6880933007865474,0.054561070427628616,0.0,0.07974928989944957,0.08,0.04,0.02,0.72,0.12,0.9,0.85,0.0,0.0
F-DFHC-U,2023,0.015633829346392916,0.8924731182795699,0.6605189404213,0.04624355844860319,0.0,0.0713588599613199,0.08,0.04,0.02,0.73,0.1,0.0,0.85,0.0,0.0
F-DFHC-U,2023,0.015633829346392916,0.8924731182795699,0.6605189404213,0.04624355844860319,0.0,0.0713588599613199,0.08,0.04,0.02,0.73,0.1,0.9,0.85,0.0,0.0
F-DFHC-U,2023,0.015633829346392916,0.8924731182795699,0.6880933007865474,0.054561070427628616,0.0,0.07974928989944957,0.08,0.04,0.02,0.73,0.12,0.0,0.85,0.0,0.0
F-DFHC-U,2023,0.015633829346392916,0.8924731182795699,0.6880933007865474,0.054561070427628616,0.0,0.07974928989944957,0.08,0.04,0.02,0.73,0.12,0.9,0.85,0.0,0.0
F-DFHC-U,2023,0.015633829346392916,0.8924731182795699,0.6605189404213,0.04624355844860319,0.0,0.0713588599613199,0.08,0.04,0.02,0.74,0.1,0.0,0.85,0.0,0.0
F-DFHC-U,2023,0.015633829346392916,0.8924731182795699,0.6605189404213,0.04624355844860319,0.0,0.0713588599613199,0.08,0.04,0.02,0.74,0.1,0.9,0.85,0.0,0.0
F-DFHC-U,2023,0.015633829346392916,0.8924731182795699,0.6880933007865474,0.054561070427628616,0.0,0.07974928989944957,0.08,0.04,0.02,0.74,0.12,0.0,0.85,0.0,0.0
F-DFHC-U,2023,0.015633829346392916,0.8924731182795699,0.6880933007865474,0.054561070427628616,0.0,0.07974928989944957,0.08,0.04,0.02,0.74,0.12,0.9,0.85,0.0,0.0
F-DFHC-U,2023,0.015633829346392916,0.8924731182795699,0.6605189404213,0.04624355844860319,0.0,0.0713588599613199,0.08,0.04,0.02,0.746,0.1,0.0,0.85,0.0,0.0
F-DFHC-U,2023,0.015633829346392916,0.8924731182795699,0.6605189404213,0.04624355844860319,0.0,0.0713588599613199,0.08,0.04,0.02,0.746,0.1,0.9,0.85,0.0,0.0
F-DFHC-U,2023,0.015633829346392916,0.8924731182795699,0.6880933007865474,0.054561070427628616,0.0,0.07974928989944957,0.08,0.04,0.02,0.746,0.12,0.0,0.85,0.0,0.0
F-DFHC-U,2023,0.015633829346392916,0.8924731182795699,0.6880933007865474,0.054561070427628616,0.0,0.07974928989944957,0.08,0.04,0.02,0.746,0.12,0.9,0.85,0.0,0.0
F-DFHC-U,2023,0.015633829346392916,0.8924731182795699,0.6605189404213,0.04624355844860319,0.0,0.0713588599613199,0.08,0.04,0.02,0.75,0.1,0.0,0.85,0.0,0.0
F-DFHC-U,2023,0.015633829346392916,0.8924731182795699,0.6605189404213,0.04624355844860319,0.0,0.0713588599613199,0.08,0.04,0.02,0.75,0.1,0.9,0.85,0.0,0.0
F-DFHC-U,2023,0.015633829346392916,0.8924731182795699,0.6880933007865474,0.054561070427628616,0.0,0.07974928989944957,0.08,0.04,0.02,0.75,0.12,0.0,0.85,0.0,0.0
F-DFHC-U,2023,0.015633829346392916,0.8924731182795699,0.6880933007865474,0.054561070427628616,0.0,0.07974928989944957,0.08,0.04,0.02,0.75,0.12,0.9,0.85,0.0,0.0
F-DFHC-U,2023,0.015633829346392916,0.8924731182795699,0.6605189404213,0.04624355844860319,0.0,0.0713588599613199,0.08,0.04,0.04,0.0,0.1,0.0,0.85,0.0,0.0
F-DFHC-U,2023,0.015633829346392916,0.8924731182795699,0.6605189404213,0.04624355844860319,0.0,0.0713588599613199,0.08,0.04,0.04,0.0,0.1,0.9,0.85,0.0,0.0
F-DFHC-U,2023,0.015633829346392916,0.8924731182795699,0.6880933007865474,0.054561070427628616,0.0,0.07974928989944957,0.08,0.04,0.04,0.0,0.12,0.0,0.85,0.0,0.0
F-DFHC-U,2023,0.015633829346392916,0.8924731182795699,0.6880933007865474,0.054561070427628616,0.0,0.07974928989944957,0.08,0.04,0.04,0.0,0.12,0.9,0.85,0.0,0.0
F-DFHC-U,2023,0.015633829346392916,0.8924731182795699,0.6605189404213,0.04624355844860319,0.0,0.0713588599613199,0.08,0.04,0.04,0.7,0.1,0.0,0.85,0.0,0.0
F-DFHC-U,2023,0.015633829346392916,0.8924731182795699,0.6605189404213,0.04624355844860319,0.0,0.0713588599613199,0.08,0.04,0.04,0.7,0.1,0.9,0.85,0.0,0.0
F-DFHC-U,2023,0.015633829346392916,0.8924731182795699,0.6880933007865474,0.054561070427628616,0.0,0.07974928989944957,0.08,0.04,0.04,0.7,0.12,0.0,0.85,0.0,0.0
F-DFHC-U,2023,0.015633829346392916,0.8924731182795699,0.6880933007865474,0.054561070427628616,0.0,0.07974928989944957,0.08,0.04,0.04,0.7,0.12,0.9,0.85,0.0,0.0
F-DFHC-U,2023,0.015633829346392916,0.8924731182795699,0.6605189404213,0.04624355844860319,0.0,0.0713588599613199,0.08,0.04,0.04,0.72,0.1,0.0,0.85,0.0,0.0
F-DFHC-U,2023,0.015633829346392916,0.8924731182795699,0.6605189404213,0.04624355844860319,0.0,0.0713588599613199,0.08,0.04,0.04,0.72,0.1,0.9,0.85,0.0,0.0
F-DFHC-U,2023,0.015633829346392916,0.8924731182795699,0.6880933007865474,0.054561070427628616,0.0,0.07974928989944957,0.08,0.04,0.04,0.72,0.12,0.0,0.85,0.0,0.0
F-DFHC-U,2023,0.015633829346392916,0.8924731182795699,0.6880933007865474,0.054561070427628616,0.0,0.07974928989944957,0.08,0.04,0.04,0.72,0.12,0.9,0.85,0.0,0.0
F-DFHC-U,2023,0.015633829346392916,0.8924731182795699,0.6605189404213,0.04624355844860319,0.0,0.0713588599613199,0.08,0.04,0.04,0.73,0.1,0.0,0.85,0.0,0.0
F-DFHC-U,2023,0.015633829346392916,0.8924731182795699,0.6605189404213,0.04624355844860319,0.0,0.0713588599613199,0.08,0.04,0.04,0.73,0.1,0.9,0.85,0.0,0.0
F-DFHC-U,2023,0.015633829346392916,0.8924731182795699,0.6880933007865474,0.054561070427628616,0.0,0.07974928989944957,0.08,0.04,0.04,0.73,0.12,0.0,0.85,0.0,0.0
F-DFHC-U,2023,0.015633829346392916,0.8924731182795699,0.6880933007865474,0.054561070427628616,0.0,0.07974928989944957,0.08,0.04,0.04,0.73,0.12,0.9,0.85,0.0,0.0
F-DFHC-U,2023,0.015633829346392916,0.8924731182795699,0.6605189404213,0.04624355844860319,0.0,0.0713588599613199,0.08,0.04,0.04,0.74,0.1,0.0,0.85,0.0,0.0
F-DFHC-U,2023,0.015633829346392916,0.8924731182795699,0.6605189404213,0.04624355844860319,0.0,0.0713588599613199,0.08,0.04,0.04,0.74,0.1,0.9,0.85,0.0,0.0
F-DFHC-U,2023,0.015633829346392916,0.8924731182795699,0.6880933007865474,0.054561070427628616,0.0,0.07974928989944957,0.08,0.04,0.04,0.74,0.12,0.0,0.85,0.0,0.0
F-DFHC-U,2023,0.015633829346392916,0.8924731182795699,0.6880933007865474,0.054561070427628616,0.0,0.07974928989944957,0.08,0.04,0.04,0.74,0.12,0.9,0.85,0.0,0.0
F-DFHC-U,2023,0.015633829346392916,0.8924731182795699,0.6605189404213,0.04624355844860319,0.0,0.0713588599613199,0.08,0.04,0.04,0.746,0.1,0.0,0.85,0.0,0.0
F-DFHC-U,2023,0.015633829346392916,0.8924731182795699,0.6605189404213,0.04624355844860319,0.0,0.0713588599613199,0.08,0.04,0.04,0.746,0.1,0.9,0.85,0.0,0.0
F-DFHC-U,2023,0.015633829346392916,0.8924731182795699,0.6880933007865474,0.054561070427628616,0.0,0.07974928989944957,0.08,0.04,0.04,0.746,0.12,0.0,0.85,0.0,0.0
F-DFHC-U,2023,0.015633829346392916,0.8924731182795699,0.6880933007865474,0.054561070427628616,0.0,0.07974928989944957,0.08,0.04,0.04,0.746,0.12,0.9,0.85,0.0,0.0
F-DFHC-U,2023,0.015633829346392916,0.8924731182795699,0.6605189404213,0.04624355844860319,0.0,0.0713588599613199,0.08,0.04,0.04,0.75,0.1,0.0,0.85,0.0,0.0
F-DFHC-U,2023,0.015633829346392916,0.8924731182795699,0.6605189404213,0.04624355844860319,0.0,0.0713588599613199,0.08,0.04,0.04,0.75,0.1,0.9,0.85,0.0,0.0
F-DFHC-U,2023,0.015633829346392916,0.8924731182795699,0.6880933007865474,0.054561070427628616,0.0,0.07974928989944957,0.08,0.04,0.04,0.75,0.12,0.0,0.85,0.0,0.0
F-DFHC-U,2023,0.015633829346392916,0.8924731182795699,0.6880933007865474,0.054561070427628616,0.0,0.07974928989944957,0.08,0.04,0.04,0.75,0.12,0.9,0.85,0.0,0.0
F-DFHC-U,2023,0.015633829346392916,0.8924731182795699,0.6605189404213,0.04624355844860319,0.0,0.0713588599613199,0.08,0.06,0.0,0.0,0.1,0.0,0.85,0.0,0.0
F-DFHC-U,2023,0.015633829346392916,0.8924731182795699,0.6605189404213,0.04624355844860319,0.0,0.0713588599613199,0.08,0.06,0.0,0.0,0.1,0.9,0.85,0.0,0.0
F-DFHC-U,2023,0.015633829346392916,0.8924731182795699,0.6880933007865474,0.054561070427628616,0.0,0.07974928989944957,0.08,0.06,0.0,0.0,0.12,0.0,0.85,0.0,0.0
F-DFHC-U,2023,0.015633829346392916,0.8924731182795699,0.6880933007865474,0.054561070427628616,0.0,0.07974928989944957,0.08,0.06,0.0,0.0,0.12,0.9,0.85,0.0,0.0
F-DFHC-U,2023,0.015633829346392916,0.8924731182795699,0.6605189404213,0.04624355844860319,0.0,0.0713588599613199,0.08,0.06,0.0,0.7,0.1,0.0,0.85,0.0,0.0
F-DFHC-U,2023,0.015633829346392916,0.8924731182795699,0.6605189404213,0.04624355844860319,0.0,0.0713588599613199,0.08,0.06,0.0,0.7,0.1,0.9,0.85,0.0,0.0
F-DFHC-U,2023,0.015633829346392916,0.8924731182795699,0.6880933007865474,0.054561070427628616,0.0,0.07974928989944957,0.08,0.06,0.0,0.7,0.12,0.0,0.85,0.0,0.0
F-DFHC-U,2023,0.015633829346392916,0.8924731182795699,0.6880933007865474,0.054561070427628616,0.0,0.07974928989944957,0.08,0.06,0.0,0.7,0.12,0.9,0.85,0.0,0.0
F-DFHC-U,2023,0.015633829346392916,0.8924731182795699,0.6605189404213,0.04624355844860319,0.0,0.0713588599613199,0.08,0.06,0.0,0.72,0.1,0.0,0.85,0.0,0.0
F-DFHC-U,2023,0.015633829346392916,0.8924731182795699,0.6605189404213,0.04624355844860319,0.0,0.0713588599613199,0.08,0.06,0.0,0.72,0.1,0.9,0.85,0.0,0.0
F-DFHC-U,2023,0.015633829346392916,0.8924731182795699,0.6880933007865474,0.054561070427628616,0.0,0.07974928989944957,0.08,0.06,0.0,0.72,0.12,0.0,0.85,0.0,0.0
F-DFHC-U,2023,0.015633829346392916,0.8924731182795699,0.6880933007865474,0.054561070427628616,0.0,0.07974928989944957,0.08,0.06,0.0,0.72,0.12,0.9,0.85,0.0,0.0
F-DFHC-U,2023,0.015633829346392916,0.8924731182795699,0.6605189404213,0.04624355844860319,0.0,0.0713588599613199,0.08,0.06,0.0,0.73,0.1,0.0,0.85,0.0,0.0
F-DFHC-U,2023,0.015633829346392916,0.8924731182795699,0.6605189404213,0.04624355844860319,0.0,0.0713588599613199,0.08,0.06,0.0,0.73,0.1,0.9,0.85,0.0,0.0
F-DFHC-U,2023,0.015633829346392916,0.8924731182795699,0.6880933007865474,0.054561070427628616,0.0,0.07974928989944957,0.08,0.06,0.0,0.73,0.12,0.0,0.85,0.0,0.0
F-DFHC-U,2023,0.015633829346392916,0.8924731182795699,0.6880933007865474,0.054561070427628616,0.0,0.07974928989944957,0.08,0.06,0.0,0.73,0.12,0.9,0.85,0.0,0.0
F-DFHC-U,2023,0.015633829346392916,0.8924731182795699,0.6605189404213,0.04624355844860319,0.0,0.0713588599613199,0.08,0.06,0.0,0.74,0.1,0.0,0.85,0.0,0.0
F-DFHC-U,2023,0.015633829346392916,0.8924731182795699,0.6605189404213,0.04624355844860319,0.0,0.0713588599613199,0.08,0.06,0.0,0.74,0.1,0.9,0.85,0.0,0.0
F-DFHC-U,2023,0.015633829346392916,0.8924731182795699,0.6880933007865474,0.054561070427628616,0.0,0.07974928989944957,0.08,0.06,0.0,0.74,0.12,0.0,0.85,0.0,0.0
F-DFHC-U,2023,0.015633829346392916,0.8924731182795699,0.6880933007865474,0.054561070427628616,0.0,0.07974928989944957,0.08,0.06,0.0,0.74,0.12,0.9,0.85,0.0,0.0
F-DFHC-U,2023,0.015633829346392916,0.8924731182795699,0.6605189404213,0.04624355844860319,0.0,0.0713588599613199,0.08,0.06,0.0,0.746,0.1,0.0,0.85,0.0,0.0
F-DFHC-U,2023,0.015633829346392916,0.8924731182795699,0.6605189404213,0.04624355844860319,0.0,0.0713588599613199,0.08,0.06,0.0,0.746,0.1,0.9,0.85,0.0,0.0
F-DFHC-U,2023,0.015633829346392916,0.8924731182795699,0.6880933007865474,0.054561070427628616,0.0,0.07974928989944957,0.08,0.06,0.0,0.746,0.12,0.0,0.85,0.0,0.0
F-DFHC-U,2023,0.015633829346392916,0.8924731182795699,0.6880933007865474,0.054561070427628616,0.0,0.07974928989944957,0.08,0.06,0.0,0.746,0.12,0.9,0.85,0.0,0.0
F-DFHC-U,2023,0.015633829346392916,0.8924731182795699,0.6605189404213,0.04624355844860319,0.0,0.0713588599613199,0.08,0.06,0.0,0.75,0.1,0.0,0.85,0.0,0.0
F-DFHC-U,2023,0.015633829346392916,0.8924731182795699,0.6605189404213,0.04624355844860319,0.0,0.0713588599613199,0.08,0.06,0.0,0.75,0.1,0.9,0.85,0.0,0.0
F-DFHC-U,2023,0.015633829346392916,0.8924731182795699,0.6880933007865474,0.054561070427628616,0.0,0.07974928989944957,0.08,0.06,0.0,0.75,0.12,0.0,0.85,0.0,0.0
F-DFHC-U,2023,0.015633829346392916,0.8924731182795699,0.6880933007865474,0.054561070427628616,0.0,0.07974928989944957,0.08,0.06,0.0,0.75,0.12,0.9,0.85,0.0,0.0
F-DFHC-U,2023,0.015633829346392916,0.8924731182795699,0.6605189404213,0.04624355844860319,0.0,0.0713588599613199,0.08,0.06,0.02,0.0,0.1,0.0,0.85,0.0,0.0
F-DFHC-U,2023,0.015633829346392916,0.8924731182795699,0.6605189404213,0.04624355844860319,0.0,0.0713588599613199,0.08,0.06,0.02,0.0,0.1,0.9,0.85,0.0,0.0
F-DFHC-U,2023,0.015633829346392916,0.8924731182795699,0.6880933007865474,0.054561070427628616,0.0,0.07974928989944957,0.08,0.06,0.02,0.0,0.12,0.0,0.85,0.0,0.0
F-DFHC-U,2023,0.015633829346392916,0.8924731182795699,0.6880933007865474,0.054561070427628616,0.0,0.07974928989944957,0.08,0.06,0.02,0.0,0.12,0.9,0.85,0.0,0.0
F-DFHC-U,2023,0.015633829346392916,0.8924731182795699,0.6605189404213,0.04624355844860319,0.0,0.0713588599613199,0.08,0.06,0.02,0.7,0.1,0.0,0.85,0.0,0.0
F-DFHC-U,2023,0.015633829346392916,0.8924731182795699,0.6605189404213,0.04624355844860319,0.0,0.0713588599613199,0.08,0.06,0.02,0.7,0.1,0.9,0.85,0.0,0.0
F-DFHC-U,2023,0.015633829346392916,0.8924731182795699,0.6880933007865474,0.054561070427628616,0.0,0.07974928989944957,0.08,0.06,0.02,0.7,0.12,0.0,0.85,0.0,0.0
F-DFHC-U,2023,0.015633829346392916,0.8924731182795699,0.6880933007865474,0.054561070427628616,0.0,0.07974928989944957,0.08,0.06,0.02,0.7,0.12,0.9,0.85,0.0,0.0
F-DFHC-U,2023,0.015633829346392916,0.8924731182795699,0.6605189404213,0.04624355844860319,0.0,0.0713588599613199,0.08,0.06,0.02,0.72,0.1,0.0,0.85,0.0,0.0
F-DFHC-U,2023,0.015633829346392916,0.8924731182795699,0.6605189404213,0.04624355844860319,0.0,0.0713588599613199,0.08,0.06,0.02,0.72,0.1,0.9,0.85,0.0,0.0
F-DFHC-U,2023,0.015633829346392916,0.8924731182795699,0.6880933007865474,0.054561070427628616,0.0,0.07974928989944957,0.08,0.06,0.02,0.72,0.12,0.0,0.85,0.0,0.0
F-DFHC-U,2023,0.015633829346392916,0.8924731182795699,0.6880933007865474,0.054561070427628616,0.0,0.07974928989944957,0.08,0.06,0.02,0.72,0.12,0.9,0.85,0.0,0.0
F-DFHC-U,2023,0.015633829346392916,0.8924731182795699,0.6605189404213,0.04624355844860319,0.0,0.0713588599613199,0.08,0.06,0.02,0.73,0.1,0.0,0.85,0.0,0.0
F-DFHC-U,2023,0.015633829346392916,0.8924731182795699,0.6605189404213,0.04624355844860319,0.0,0.0713588599613199,0.08,0.06,0.02,0.73,0.1,0.9,0.85,0.0,0.0
F-DFHC-U,2023,0.015633829346392916,0.8924731182795699,0.6880933007865474,0.054561070427628616,0.0,0.07974928989944957,0.08,0.06,0.02,0.73,0.12,0.0,0.85,0.0,0.0
F-DFHC-U,2023,0.015633829346392916,0.8924731182795699,0.6880933007865474,0.054561070427628616,0.0,0.07974928989944957,0.08,0.06,0.02,0.73,0.12,0.9,0.85,0.0,0.0
F-DFHC-U,2023,0.015633829346392916,0.8924731182795699,0.6605189404213,0.04624355844860319,0.0,0.0713588599613199,0.08,0.06,0.02,0.74,0.1,0.0,0.85,0.0,0.0
F-DFHC-U,2023,0.015633829346392916,0.8924731182795699,0.6605189404213,0.04624355844860319,0.0,0.0713588599613199,0.08,0.06,0.02,0.74,0.1,0.9,0.85,0.0,0.0
F-DFHC-U,2023,0.015633829346392916,0.8924731182795699,0.6880933007865474,0.054561070427628616,0.0,0.07974928989944957,0.08,0.06,0.02,0.74,0.12,0.0,0.85,0.0,0.0
F-DFHC-U,2023,0.015633829346392916,0.8924731182795699,0.6880933007865474,0.054561070427628616,0.0,0.07974928989944957,0.08,0.06,0.02,0.74,0.12,0.9,0.85,0.0,0.0
F-DFHC-U,2023,0.015633829346392916,0.8924731182795699,0.6605189404213,0.04624355844860319,0.0,0.0713588599613199,0.08,0.06,0.02,0.746,0.1,0.0,0.85,0.0,0.0
F-DFHC-U,2023,0.015633829346392916,0.8924731182795699,0.6605189404213,0.04624355844860319,0.0,0.0713588599613199,0.08,0.06,0.02,0.746,0.1,0.9,0.85,0.0,0.0
F-DFHC-U,2023,0.015633829346392916,0.8924731182795699,0.6880933007865474,0.054561070427628616,0.0,0.07974928989944957,0.08,0.06,0.02,0.746,0.12,0.0,0.85,0.0,0.0
F-DFHC-U,2023,0.015633829346392916,0.8924731182795699,0.6880933007865474,0.054561070427628616,0.0,0.07974928989944957,0.08,0.06,0.02,0.746,0.12,0.9,0.85,0.0,0.0
F-DFHC-U,2023,0.015633829346392916,0.8924731182795699,0.6605189404213,0.04624355844860319,0.0,0.0713588599613199,0.08,0.06,0.02,0.75,0.1,0.0,0.85,0.0,0.0
F-DFHC-U,2023,0.015633829346392916,0.8924731182795699,0.6605189404213,0.04624355844860319,0.0,0.0713588599613199,0.08,0.06,0.02,0.75,0.1,0.9,0.85,0.0,0.0
F-DFHC-U,2023,0.015633829346392916,0.8924731182795699,0.6880933007865474,0.054561070427628616,0.0,0.07974928989944957,0.08,0.06,0.02,0.75,0.12,0.0,0.85,0.0,0.0
F-DFHC-U,2023,0.015633829346392916,0.8924731182795699,0.6880933007865474,0.054561070427628616,0.0,0.07974928989944957,0.08,0.06,0.02,0.75,0.12,0.9,0.85,0.0,0.0
F-DFHC-U,2023,0.015633829346392916,0.8924731182795699,0.6605189404213,0.04624355844860319,0.0,0.0713588599613199,0.08,0.06,0.04,0.0,0.1,0.0,0.85,0.0,0.0
F-DFHC-U,2023,0.015633829346392916,0.8924731182795699,0.6605189404213,0.04624355844860319,0.0,0.0713588599613199,0.08,0.06,0.04,0.0,0.1,0.9,0.85,0.0,0.0
F-DFHC-U,2023,0.015633829346392916,0.8924731182795699,0.6880933007865474,0.054561070427628616,0.0,0.07974928989944957,0.08,0.06,0.04,0.0,0.12,0.0,0.85,0.0,0.0
F-DFHC-U,2023,0.015633829346392916,0.8924731182795699,0.6880933007865474,0.054561070427628616,0.0,0.07974928989944957,0.08,0.06,0.04,0.0,0.12,0.9,0.85,0.0,0.0
F-DFHC-U,2023,0.015633829346392916,0.8924731182795699,0.6605189404213,0.04624355844860319,0.0,0.0713588599613199,0.08,0.06,0.04,0.7,0.1,0.0,0.85,0.0,0.0
F-DFHC-U,2023,0.015633829346392916,0.8924731182795699,0.6605189404213,0.04624355844860319,0.0,0.0713588599613199,0.08,0.06,0.04,0.7,0.1,0.9,0.85,0.0,0.0
F-DFHC-U,2023,0.015633829346392916,0.8924731182795699,0.6880933007865474,0.054561070427628616,0.0,0.07974928989944957,0.08,0.06,0.04,0.7,0.12,0.0,0.85,0.0,0.0
F-DFHC-U,2023,0.015633829346392916,0.8924731182795699,0.6880933007865474,0.054561070427628616,0.0,0.07974928989944957,0.08,0.06,0.04,0.7,0.12,0.9,0.85,0.0,0.0
F-DFHC-U,2023,0.015633829346392916,0.8924731182795699,0.6605189404213,0.04624355844860319,0.0,0.0713588599613199,0.08,0.06,0.04,0.72,0.1,0.0,0.85,0.0,0.0
F-DFHC-U,2023,0.015633829346392916,0.8924731182795699,0.6605189404213,0.04624355844860319,0.0,0.0713588599613199,0.08,0.06,0.04,0.72,0.1,0.9,0.85,0.0,0.0
F-DFHC-U,2023,0.015633829346392916,0.8924731182795699,0.6880933007865474,0.054561070427628616,0.0,0.07974928989944957,0.08,0.06,0.04,0.72,0.12,0.0,0.85,0.0,0.0
F-DFHC-U,2023,0.015633829346392916,0.8924731182795699,0.6880933007865474,0.054561070427628616,0.0,0.07974928989944957,0.08,0.06,0.04,0.72,0.12,0.9,0.85,0.0,0.0
F-DFHC-U,2023,0.015633829346392916,0.8924731182795699,0.6605189404213,0.04624355844860319,0.0,0.0713588599613199,0.08,0.06,0.04,0.73,0.1,0.0,0.85,0.0,0.0
F-DFHC-U,2023,0.015633829346392916,0.8924731182795699,0.6605189404213,0.04624355844860319,0.0,0.0713588599613199,0.08,0.06,0.04,0.73,0.1,0.9,0.85,0.0,0.0
F-DFHC-U,2023,0.015633829346392916,0.8924731182795699,0.6880933007865474,0.054561070427628616,0.0,0.07974928989944957,0.08,0.06,0.04,0.73,0.12,0.0,0.85,0.0,0.0
F-DFHC-U,2023,0.015633829346392916,0.8924731182795699,0.6880933007865474,0.054561070427628616,0.0,0.07974928989944957,0.08,0.06,0.04,0.73,0.12,0.9,0.85,0.0,0.0
F-DFHC-U,2023,0.015633829346392916,0.8924731182795699,0.6605189404213,0.04624355844860319,0.0,0.0713588599613199,0.08,0.06,0.04,0.74,0.1,0.0,0.85,0.0,0.0
F-DFHC-U,2023,0.015633829346392916,0.8924731182795699,0.6605189404213,0.04624355844860319,0.0,0.0713588599613199,0.08,0.06,0.04,0.74,0.1,0.9,0.85,0.0,0.0
F-DFHC-U,2023,0.015633829346392916,0.8924731182795699,0.6880933007865474,0.054561070427628616,0.0,0.07974928989944957,0.08,0.06,0.04,0.74,0.12,0.0,0.85,0.0,0.0
F-DFHC-U,2023,0.015633829346392916,0.8924731182795699,0.6880933007865474,0.054561070427628616,0.0,0.07974928989944957,0.08,0.06,0.04,0.74,0.12,0.9,0.85,0.0,0.0
F-DFHC-U,2023,0.015633829346392916,0.8924731182795699,0.6605189404213,0.04624355844860319,0.0,0.0713588599613199,0.08,0.06,0.04,0.746,0.1,0.0,0.85,0.0,0.0
F-DFHC-U,2023,0.015633829346392916,0.8924731182795699,0.6605189404213,0.04624355844860319,0.0,0.0713588599613199,0.08,0.06,0.04,0.746,0.1,0.9,0.85,0.0,0.0
F-DFHC-U,2023,0.015633829346392916,0.8924731182795699,0.6880933007865474,0.054561070427628616,0.0,0.07974928989944957,0.08,0.06,0.04,0.746,0.12,0.0,0.85,0.0,0.0
F-DFHC-U,2023,0.015633829346392916,0.8924731182795699,0.6880933007865474,0.054561070427628616,0.0,0.07974928989944957,0.08,0.06,0.04,0.746,0.12,0.9,0.85,0.0,0.0
F-DFHC-U,2023,0.015633829346392916,0.8924731182795699,0.6605189404213,0.04624355844860319,0.0,0.0713588599613199,0.08,0.06,0.04,0.75,0.1,0.0,0.85,0.0,0.0
F-DFHC-U,2023,0.015633829346392916,0.8924731182795699,0.6605189404213,0.04624355844860319,0.0,0.0713588599613199,0.08,0.06,0.04,0.75,0.1,0.9,0.85,0.0,0.0
F-DFHC-U,2023,0.015633829346392916,0.8924731182795699,0.6880933007865474,0.054561070427628616,0.0,0.07974928989944957,0.08,0.06,0.04,0.75,0.12,0.0,0.85,0.0,0.0
F-DFHC-U,2023,0.015633829346392916,0.8924731182795699,0.6880933007865474,0.054561070427628616,0.0,0.07974928989944957,0.08,0.06,0.04,0.75,0.12,0.9,0.85,0.0,0.0
F-DFHC-U,2023,0.015633829346392916,0.8924731182795699,0.6605189404213,0.04624355844860319,0.0,0.0713588599613199,0.1,0.04,0.0,0.0,0.1,0.0,0.85,0.0,0.0
F-DFHC-U,2023,0.015633829346392916,0.8924731182795699,0.6605189404213,0.04624355844860319,0.0,0.0713588599613199,0.1,0.04,0.0,0.0,0.1,0.9,0.85,0.0,0.0
F-DFHC-U,2023,0.015633829346392916,0.8924731182795699,0.6880933007865474,0.054561070427628616,0.0,0.07974928989944957,0.1,0.04,0.0,0.0,0.12,0.0,0.85,0.0,0.0
F-DFHC-U,2023,0.015633829346392916,0.8924731182795699,0.6880933007865474,0.054561070427628616,0.0,0.07974928989944957,0.1,0.04,0.0,0.0,0.12,0.9,0.85,0.0,0.0
F-DFHC-U,2023,0.015633829346392916,0.8924731182795699,0.6605189404213,0.04624355844860319,0.0,0.0713588599613199,0.1,0.04,0.0,0.7,0.1,0.0,0.85,0.0,0.0
F-DFHC-U,2023,0.015633829346392916,0.8924731182795699,0.6605189404213,0.04624355844860319,0.0,0.0713588599613199,0.1,0.04,0.0,0.7,0.1,0.9,0.85,0.0,0.0
F-DFHC-U,2023,0.015633829346392916,0.8924731182795699,0.6880933007865474,0.054561070427628616,0.0,0.07974928989944957,0.1,0.04,0.0,0.7,0.12,0.0,0.85,0.0,0.0
F-DFHC-U,2023,0.015633829346392916,0.8924731182795699,0.6880933007865474,0.054561070427628616,0.0,0.07974928989944957,0.1,0.04,0.0,0.7,0.12,0.9,0.85,0.0,0.0
F-DFHC-U,2023,0.015633829346392916,0.8924731182795699,0.6605189404213,0.04624355844860319,0.0,0.0713588599613199,0.1,0.04,0.0,0.72,0.1,0.0,0.85,0.0,0.0
F-DFHC-U,2023,0.015633829346392916,0.8924731182795699,0.6605189404213,0.04624355844860319,0.0,0.0713588599613199,0.1,0.04,0.0,0.72,0.1,0.9,0.85,0.0,0.0
F-DFHC-U,2023,0.015633829346392916,0.8924731182795699,0.6880933007865474,0.054561070427628616,0.0,0.07974928989944957,0.1,0.04,0.0,0.72,0.12,0.0,0.85,0.0,0.0
F-DFHC-U,2023,0.015633829346392916,0.8924731182795699,0.6880933007865474,0.054561070427628616,0.0,0.07974928989944957,0.1,0.04,0.0,0.72,0.12,0.9,0.85,0.0,0.0
F-DFHC-U,2023,0.015633829346392916,0.8924731182795699,0.6605189404213,0.04624355844860319,0.0,0.0713588599613199,0.1,0.04,0.0,0.73,0.1,0.0,0.85,0.0,0.0
F-DFHC-U,2023,0.015633829346392916,0.8924731182795699,0.6605189404213,0.04624355844860319,0.0,0.0713588599613199,0.1,0.04,0.0,0.73,0.1,0.9,0.85,0.0,0.0
F-DFHC-U,2023,0.015633829346392916,0.8924731182795699,0.6880933007865474,0.054561070427628616,0.0,0.07974928989944957,0.1,0.04,0.0,0.73,0.12,0.0,0.85,0.0,0.0
F-DFHC-U,2023,0.015633829346392916,0.8924731182795699,0.6880933007865474,0.054561070427628616,0.0,0.07974928989944957,0.1,0.04,0.0,0.73,0.12,0.9,0.85,0.0,0.0
F-DFHC-U,2023,0.015633829346392916,0.8924731182795699,0.6605189404213,0.04624355844860319,0.0,0.0713588599613199,0.1,0.04,0.0,0.74,0.1,0.0,0.85,0.0,0.0
F-DFHC-U,2023,0.015633829346392916,0.8924731182795699,0.6605189404213,0.04624355844860319,0.0,0.0713588599613199,0.1,0.04,0.0,0.74,0.1,0.9,0.85,0.0,0.0
F-DFHC-U,2023,0.015633829346392916,0.8924731182795699,0.6880933007865474,0.054561070427628616,0.0,0.07974928989944957,0.1,0.04,0.0,0.74,0.12,0.0,0.85,0.0,0.0
F-DFHC-U,2023,0.015633829346392916,0.8924731182795699,0.6880933007865474,0.054561070427628616,0.0,0.07974928989944957,0.1,0.04,0.0,0.74,0.12,0.9,0.85,0.0,0.0
F-DFHC-U,2023,0.015633829346392916,0.8924731182795699,0.6605189404213,0.04624355844860319,0.0,0.0713588599613199,0.1,0.04,0.0,0.746,0.1,0.0,0.85,0.0,0.0
F-DFHC-U,2023,0.015633829346392916,0.8924731182795699,0.6605189404213,0.04624355844860319,0.0,0.0713588599613199,0.1,0.04,0.0,0.746,0.1,0.9,0.85,0.0,0.0
F-DFHC-U,2023,0.015633829346392916,0.8924731182795699,0.6880933007865474,0.054561070427628616,0.0,0.07974928989944957,0.1,0.04,0.0,0.746,0.12,0.0,0.85,0.0,0.0
F-DFHC-U,2023,0.015633829346392916,0.8924731182795699,0.6880933007865474,0.054561070427628616,0.0,0.07974928989944957,0.1,0.04,0.0,0.746,0.12,0.9,0.85,0.0,0.0
F-DFHC-U,2023,0.015633829346392916,0.8924731182795699,0.6605189404213,0.04624355844860319,0.0,0.0713588599613199,0.1,0.04,0.0,0.75,0.1,0.0,0.85,0.0,0.0
F-DFHC-U,2023,0.015633829346392916,0.8924731182795699,0.6605189404213,0.04624355844860319,0.0,0.0713588599613199,0.1,0.04,0.0,0.75,0.1,0.9,0.85,0.0,0.0
F-DFHC-U,2023,0.015633829346392916,0.8924731182795699,0.6880933007865474,0.054561070427628616,0.0,0.07974928989944957,0.1,0.04,0.0,0.75,0.12,0.0,0.85,0.0,0.0
F-DFHC-U,2023,0.015633829346392916,0.8924731182795699,0.6880933007865474,0.054561070427628616,0.0,0.07974928989944957,0.1,0.04,0.0,0.75,0.12,0.9,0.85,0.0,0.0
F-DFHC-U,2023,0.015633829346392916,0.8924731182795699,0.6605189404213,0.04624355844860319,0.0,0.0713588599613199,0.1,0.04,0.02,0.0,0.1,0.0,0.85,0.0,0.0
F-DFHC-U,2023,0.015633829346392916,0.8924731182795699,0.6605189404213,0.04624355844860319,0.0,0.0713588599613199,0.1,0.04,0.02,0.0,0.1,0.9,0.85,0.0,0.0
F-DFHC-U,2023,0.015633829346392916,0.8924731182795699,0.6880933007865474,0.054561070427628616,0.0,0.07974928989944957,0.1,0.04,0.02,0.0,0.12,0.0,0.85,0.0,0.0
F-DFHC-U,2023,0.015633829346392916,0.8924731182795699,0.6880933007865474,0.054561070427628616,0.0,0.07974928989944957,0.1,0.04,0.02,0.0,0.12,0.9,0.85,0.0,0.0
F-DFHC-U,2023,0.015633829346392916,0.8924731182795699,0.6605189404213,0.04624355844860319,0.0,0.0713588599613199,0.1,0.04,0.02,0.7,0.1,0.0,0.85,0.0,0.0
F-DFHC-U,2023,0.015633829346392916,0.8924731182795699,0.6605189404213,0.04624355844860319,0.0,0.0713588599613199,0.1,0.04,0.02,0.7,0.1,0.9,0.85,0.0,0.0
F-DFHC-U,2023,0.015633829346392916,0.8924731182795699,0.6880933007865474,0.054561070427628616,0.0,0.07974928989944957,0.1,0.04,0.02,0.7,0.12,0.0,0.85,0.0,0.0
F-DFHC-U,2023,0.015633829346392916,0.8924731182795699,0.6880933007865474,0.054561070427628616,0.0,0.07974928989944957,0.1,0.04,0.02,0.7,0.12,0.9,0.85,0.0,0.0
F-DFHC-U,2023,0.015633829346392916,0.8924731182795699,0.6605189404213,0.04624355844860319,0.0,0.0713588599613199,0.1,0.04,0.02,0.72,0.1,0.0,0.85,0.0,0.0
F-DFHC-U,2023,0.015633829346392916,0.8924731182795699,0.6605189404213,0.04624355844860319,0.0,0.0713588599613199,0.1,0.04,0.02,0.72,0.1,0.9,0.85,0.0,0.0
F-DFHC-U,2023,0.015633829346392916,0.8924731182795699,0.6880933007865474,0.054561070427628616,0.0,0.07974928989944957,0.1,0.04,0.02,0.72,0.12,0.0,0.85,0.0,0.0
F-DFHC-U,2023,0.015633829346392916,0.8924731182795699,0.6880933007865474,0.054561070427628616,0.0,0.07974928989944957,0.1,0.04,0.02,0.72,0.12,0.9,0.85,0.0,0.0
F-DFHC-U,2023,0.015633829346392916,0.8924731182795699,0.6605189404213,0.04624355844860319,0.0,0.0713588599613199,0.1,0.04,0.02,0.73,0.1,0.0,0.85,0.0,0.0
F-DFHC-U,2023,0.015633829346392916,0.8924731182795699,0.6605189404213,0.04624355844860319,0.0,0.0713588599613199,0.1,0.04,0.02,0.73,0.1,0.9,0.85,0.0,0.0
F-DFHC-U,2023,0.015633829346392916,0.8924731182795699,0.6880933007865474,0.054561070427628616,0.0,0.07974928989944957,0.1,0.04,0.02,0.73,0.12,0.0,0.85,0.0,0.0
F-DFHC-U,2023,0.015633829346392916,0.8924731182795699,0.6880933007865474,0.054561070427628616,0.0,0.07974928989944957,0.1,0.04,0.02,0.73,0.12,0.9,0.85,0.0,0.0
F-DFHC-U,2023,0.015633829346392916,0.8924731182795699,0.6605189404213,0.04624355844860319,0.0,0.0713588599613199,0.1,0.04,0.02,0.74,0.1,0.0,0.85,0.0,0.0
F-DFHC-U,2023,0.015633829346392916,0.8924731182795699,0.6605189404213,0.04624355844860319,0.0,0.0713588599613199,0.1,0.04,0.02,0.74,0.1,0.9,0.85,0.0,0.0
F-DFHC-U,2023,0.015633829346392916,0.8924731182795699,0.6880933007865474,0.054561070427628616,0.0,0.07974928989944957,0.1,0.04,0.02,0.74,0.12,0.0,0.85,0.0,0.0
F-DFHC-U,2023,0.015633829346392916,0.8924731182795699,0.6880933007865474,0.054561070427628616,0.0,0.07974928989944957,0.1,0.04,0.02,0.74,0.12,0.9,0.85,0.0,0.0
F-DFHC-U,2023,0.015633829346392916,0.8924731182795699,0.6605189404213,0.04624355844860319,0.0,0.0713588599613199,0.1,0.04,0.02,0.746,0.1,0.0,0.85,0.0,0.0
F-DFHC-U,2023,0.015633829346392916,0.8924731182795699,0.6605189404213,0.04624355844860319,0.0,0.0713588599613199,0.1,0.04,0.02,0.746,0.1,0.9,0.85,0.0,0.0
F-DFHC-U,2023,0.015633829346392916,0.8924731182795699,0.6880933007865474,0.054561070427628616,0.0,0.07974928989944957,0.1,0.04,0.02,0.746,0.12,0.0,0.85,0.0,0.0
F-DFHC-U,2023,0.015633829346392916,0.8924731182795699,0.6880933007865474,0.054561070427628616,0.0,0.07974928989944957,0.1,0.04,0.02,0.746,0.12,0.9,0.85,0.0,0.0
F-DFHC-U,2023,0.015633829346392916,0.8924731182795699,0.6605189404213,0.04624355844860319,0.0,0.0713588599613199,0.1,0.04,0.02,0.75,0.1,0.0,0.85,0.0,0.0
F-DFHC-U,2023,0.015633829346392916,0.8924731182795699,0.6605189404213,0.04624355844860319,0.0,0.0713588599613199,0.1,0.04,0.02,0.75,0.1,0.9,0.85,0.0,0.0
F-DFHC-U,2023,0.015633829346392916,0.8924731182795699,0.6880933007865474,0.054561070427628616,0.0,0.07974928989944957,0.1,0.04,0.02,0.75,0.12,0.0,0.85,0.0,0.0
F-DFHC-U,2023,0.015633829346392916,0.8924731182795699,0.6880933007865474,0.054561070427628616,0.0,0.07974928989944957,0.1,0.04,0.02,0.75,0.12,0.9,0.85,0.0,0.0
F-DFHC-U,2023,0.015633829346392916,0.8924731182795699,0.6605189404213,0.04624355844860319,0.0,0.0713588599613199,0.1,0.04,0.04,0.0,0.1,0.0,0.85,0.0,0.0
F-DFHC-U,2023,0.015633829346392916,0.8924731182795699,0.6605189404213,0.04624355844860319,0.0,0.0713588599613199,0.1,0.04,0.04,0.0,0.1,0.9,0.85,0.0,0.0
F-DFHC-U,2023,0.015633829346392916,0.8924731182795699,0.6880933007865474,0.054561070427628616,0.0,0.07974928989944957,0.1,0.04,0.04,0.0,0.12,0.0,0.85,0.0,0.0
F-DFHC-U,2023,0.015633829346392916,0.8924731182795699,0.6880933007865474,0.054561070427628616,0.0,0.07974928989944957,0.1,0.04,0.04,0.0,0.12,0.9,0.85,0.0,0.0
F-DFHC-U,2023,0.015633829346392916,0.8924731182795699,0.6605189404213,0.04624355844860319,0.0,0.0713588599613199,0.1,0.04,0.04,0.7,0.1,0.0,0.85,0.0,0.0
F-DFHC-U,2023,0.015633829346392916,0.8924731182795699,0.6605189404213,0.04624355844860319,0.0,0.0713588599613199,0.1,0.04,0.04,0.7,0.1,0.9,0.85,0.0,0.0
F-DFHC-U,2023,0.015633829346392916,0.8924731182795699,0.6880933007865474,0.054561070427628616,0.0,0.07974928989944957,0.1,0.04,0.04,0.7,0.12,0.0,0.85,0.0,0.0
F-DFHC-U,2023,0.015633829346392916,0.8924731182795699,0.6880933007865474,0.054561070427628616,0.0,0.07974928989944957,0.1,0.04,0.04,0.7,0.12,0.9,0.85,0.0,0.0
F-DFHC-U,2023,0.015633829346392916,0.8924731182795699,0.6605189404213,0.04624355844860319,0.0,0.0713588599613199,0.1,0.04,0.04,0.72,0.1,0.0,0.85,0.0,0.0
F-DFHC-U,2023,0.015633829346392916,0.8924731182795699,0.6605189404213,0.04624355844860319,0.0,0.0713588599613199,0.1,0.04,0.04,0.72,0.1,0.9,0.85,0.0,0.0
F-DFHC-U,2023,0.015633829346392916,0.8924731182795699,0.6880933007865474,0.054561070427628616,0.0,0.07974928989944957,0.1,0.04,0.04,0.72,0.12,0.0,0.85,0.0,0.0
F-DFHC-U,2023,0.015633829346392916,0.8924731182795699,0.6880933007865474,0.054561070427628616,0.0,0.07974928989944957,0.1,0.04,0.04,0.72,0.12,0.9,0.85,0.0,0.0
F-DFHC-U,2023,0.015633829346392916,0.8924731182795699,0.6605189404213,0.04624355844860319,0.0,0.0713588599613199,0.1,0.04,0.04,0.73,0.1,0.0,0.85,0.0,0.0
F-DFHC-U,2023,0.015633829346392916,0.8924731182795699,0.6605189404213,0.04624355844860319,0.0,0.0713588599613199,0.1,0.04,0.04,0.73,0.1,0.9,0.85,0.0,0.0
F-DFHC-U,2023,0.015633829346392916,0.8924731182795699,0.6880933007865474,0.054561070427628616,0.0,0.07974928989944957,0.1,0.04,0.04,0.73,0.12,0.0,0.85,0.0,0.0
F-DFHC-U,2023,0.015633829346392916,0.8924731182795699,0.6880933007865474,0.054561070427628616,0.0,0.07974928989944957,0.1,0.04,0.04,0.73,0.12,0.9,0.85,0.0,0.0
F-DFHC-U,2023,0.015633829346392916,0.8924731182795699,0.6605189404213,0.04624355844860319,0.0,0.0713588599613199,0.1,0.04,0.04,0.74,0.1,0.0,0.85,0.0,0.0
F-DFHC-U,2023,0.015633829346392916,0.8924731182795699,0.6605189404213,0.04624355844860319,0.0,0.0713588599613199,0.1,0.04,0.04,0.74,0.1,0.9,0.85,0.0,0.0
F-DFHC-U,2023,0.015633829346392916,0.8924731182795699,0.6880933007865474,0.054561070427628616,0.0,0.07974928989944957,0.1,0.04,0.04,0.74,0.12,0.0,0.85,0.0,0.0
F-DFHC-U,2023,0.015633829346392916,0.8924731182795699,0.6880933007865474,0.054561070427628616,0.0,0.07974928989944957,0.1,0.04,0.04,0.74,0.12,0.9,0.85,0.0,0.0
F-DFHC-U,2023,0.015633829346392916,0.8924731182795699,0.6605189404213,0.04624355844860319,0.0,0.0713588599613199,0.1,0.04,0.04,0.746,0.1,0.0,0.85,0.0,0.0
F-DFHC-U,2023,0.015633829346392916,0.8924731182795699,0.6605189404213,0.04624355844860319,0.0,0.0713588599613199,0.1,0.04,0.04,0.746,0.1,0.9,0.85,0.0,0.0
F-DFHC-U,2023,0.015633829346392916,0.8924731182795699,0.6880933007865474,0.054561070427628616,0.0,0.07974928989944957,0.1,0.04,0.04,0.746,0.12,0.0,0.85,0.0,0.0
F-DFHC-U,2023,0.015633829346392916,0.8924731182795699,0.6880933007865474,0.054561070427628616,0.0,0.07974928989944957,0.1,0.04,0.04,0.746,0.12,0.9,0.85,0.0,0.0
F-DFHC-U,2023,0.015633829346392916,0.8924731182795699,0.6605189404213,0.04624355844860319,0.0,0.0713588599613199,0.1,0.04,0.04,0.75,0.1,0.0,0.85,0.0,0.0
F-DFHC-U,2023,0.015633829346392916,0.8924731182795699,0.6605189404213,0.04624355844860319,0.0,0.0713588599613199,0.1,0.04,0.04,0.75,0.1,0.9,0.85,0.0,0.0
F-DFHC-U,2023,0.015633829346392916,0.8924731182795699,0.6880933007865474,0.054561070427628616,0.0,0.07974928989944957,0.1,0.04,0.04,0.75,0.12,0.0,0.85,0.0,0.0
F-DFHC-U,2023,0.015633829346392916,0.8924731182795699,0.6880933007865474,0.054561070427628616,0.0,0.07974928989944957,0.1,0.04,0.04,0.75,0.12,0.9,0.85,0.0,0.0
F-DFHC-U,2023,0.015633829346392916,0.8924731182795699,0.6605189404213,0.04624355844860319,0.0,0.0713588599613199,0.1,0.06,0.0,0.0,0.1,0.0,0.85,0.0,0.0
F-DFHC-U,2023,0.015633829346392916,0.8924731182795699,0.6605189404213,0.04624355844860319,0.0,0.0713588599613199,0.1,0.06,0.0,0.0,0.1,0.9,0.85,0.0,0.0
F-DFHC-U,2023,0.015633829346392916,0.8924731182795699,0.6880933007865474,0.054561070427628616,0.0,0.07974928989944957,0.1,0.06,0.0,0.0,0.12,0.0,0.85,0.0,0.0
F-DFHC-U,2023,0.015633829346392916,0.8924731182795699,0.6880933007865474,0.054561070427628616,0.0,0.07974928989944957,0.1,0.06,0.0,0.0,0.12,0.9,0.85,0.0,0.0
F-DFHC-U,2023,0.015633829346392916,0.8924731182795699,0.6605189404213,0.04624355844860319,0.0,0.0713588599613199,0.1,0.06,0.0,0.7,0.1,0.0,0.85,0.0,0.0
F-DFHC-U,2023,0.015633829346392916,0.8924731182795699,0.6605189404213,0.04624355844860319,0.0,0.0713588599613199,0.1,0.06,0.0,0.7,0.1,0.9,0.85,0.0,0.0
F-DFHC-U,2023,0.015633829346392916,0.8924731182795699,0.6880933007865474,0.054561070427628616,0.0,0.07974928989944957,0.1,0.06,0.0,0.7,0.12,0.0,0.85,0.0,0.0
F-DFHC-U,2023,0.015633829346392916,0.8924731182795699,0.6880933007865474,0.054561070427628616,0.0,0.07974928989944957,0.1,0.06,0.0,0.7,0.12,0.9,0.85,0.0,0.0
F-DFHC-U,2023,0.015633829346392916,0.8924731182795699,0.6605189404213,0.04624355844860319,0.0,0.0713588599613199,0.1,0.06,0.0,0.72,0.1,0.0,0.85,0.0,0.0
F-DFHC-U,2023,0.015633829346392916,0.8924731182795699,0.6605189404213,0.04624355844860319,0.0,0.0713588599613199,0.1,0.06,0.0,0.72,0.1,0.9,0.85,0.0,0.0
F-DFHC-U,2023,0.015633829346392916,0.8924731182795699,0.6880933007865474,0.054561070427628616,0.0,0.07974928989944957,0.1,0.06,0.0,0.72,0.12,0.0,0.85,0.0,0.0
F-DFHC-U,2023,0.015633829346392916,0.8924731182795699,0.6880933007865474,0.054561070427628616,0.0,0.07974928989944957,0.1,0.06,0.0,0.72,0.12,0.9,0.85,0.0,0.0
F-DFHC-U,2023,0.015633829346392916,0.8924731182795699,0.6605189404213,0.04624355844860319,0.0,0.0713588599613199,0.1,0.06,0.0,0.73,0.1,0.0,0.85,0.0,0.0
F-DFHC-U,2023,0.015633829346392916,0.8924731182795699,0.6605189404213,0.04624355844860319,0.0,0.0713588599613199,0.1,0.06,0.0,0.73,0.1,0.9,0.85,0.0,0.0
F-DFHC-U,2023,0.015633829346392916,0.8924731182795699,0.6880933007865474,0.054561070427628616,0.0,0.07974928989944957,0.1,0.06,0.0,0.73,0.12,0.0,0.85,0.0,0.0
F-DFHC-U,2023,0.015633829346392916,0.8924731182795699,0.6880933007865474,0.054561070427628616,0.0,0.07974928989944957,0.1,0.06,0.0,0.73,0.12,0.9,0.85,0.0,0.0
F-DFHC-U,2023,0.015633829346392916,0.8924731182795699,0.6605189404213,0.04624355844860319,0.0,0.0713588599613199,0.1,0.06,0.0,0.74,0.1,0.0,0.85,0.0,0.0
F-DFHC-U,2023,0.015633829346392916,0.8924731182795699,0.6605189404213,0.04624355844860319,0.0,0.0713588599613199,0.1,0.06,0.0,0.74,0.1,0.9,0.85,0.0,0.0
F-DFHC-U,2023,0.015633829346392916,0.8924731182795699,0.6880933007865474,0.054561070427628616,0.0,0.07974928989944957,0.1,0.06,0.0,0.74,0.12,0.0,0.85,0.0,0.0
F-DFHC-U,2023,0.015633829346392916,0.8924731182795699,0.6880933007865474,0.054561070427628616,0.0,0.07974928989944957,0.1,0.06,0.0,0.74,0.12,0.9,0.85,0.0,0.0
F-DFHC-U,2023,0.015633829346392916,0.8924731182795699,0.6605189404213,0.04624355844860319,0.0,0.0713588599613199,0.1,0.06,0.0,0.746,0.1,0.0,0.85,0.0,0.0
F-DFHC-U,2023,0.015633829346392916,0.8924731182795699,0.6605189404213,0.04624355844860319,0.0,0.0713588599613199,0.1,0.06,0.0,0.746,0.1,0.9,0.85,0.0,0.0
F-DFHC-U,2023,0.015633829346392916,0.8924731182795699,0.6880933007865474,0.054561070427628616,0.0,0.07974928989944957,0.1,0.06,0.0,0.746,0.12,0.0,0.85,0.0,0.0
F-DFHC-U,2023,0.015633829346392916,0.8924731182795699,0.6880933007865474,0.054561070427628616,0.0,0.07974928989944957,0.1,0.06,0.0,0.746,0.12,0.9,0.85,0.0,0.0
F-DFHC-U,2023,0.015633829346392916,0.8924731182795699,0.6605189404213,0.04624355844860319,0.0,0.0713588599613199,0.1,0.06,0.0,0.75,0.1,0.0,0.85,0.0,0.0
F-DFHC-U,2023,0.015633829346392916,0.8924731182795699,0.6605189404213,0.04624355844860319,0.0,0.0713588599613199,0.1,0.06,0.0,0.75,0.1,0.9,0.85,0.0,0.0
F-DFHC-U,2023,0.015633829346392916,0.8924731182795699,0.6880933007865474,0.054561070427628616,0.0,0.07974928989944957,0.1,0.06,0.0,0.75,0.12,0.0,0.85,0.0,0.0
F-DFHC-U,2023,0.015633829346392916,0.8924731182795699,0.6880933007865474,0.054561070427628616,0.0,0.07974928989944957,0.1,0.06,0.0,0.75,0.12,0.9,0.85,0.0,0.0
F-DFHC-U,2023,0.015633829346392916,0.8924731182795699,0.6605189404213,0.04624355844860319,0.0,0.0713588599613199,0.1,0.06,0.02,0.0,0.1,0.0,0.85,0.0,0.0
F-DFHC-U,2023,0.015633829346392916,0.8924731182795699,0.6605189404213,0.04624355844860319,0.0,0.0713588599613199,0.1,0.06,0.02,0.0,0.1,0.9,0.85,0.0,0.0
F-DFHC-U,2023,0.015633829346392916,0.8924731182795699,0.6880933007865474,0.054561070427628616,0.0,0.07974928989944957,0.1,0.06,0.02,0.0,0.12,0.0,0.85,0.0,0.0
F-DFHC-U,2023,0.015633829346392916,0.8924731182795699,0.6880933007865474,0.054561070427628616,0.0,0.07974928989944957,0.1,0.06,0.02,0.0,0.12,0.9,0.85,0.0,0.0
F-DFHC-U,2023,0.015633829346392916,0.8924731182795699,0.6605189404213,0.04624355844860319,0.0,0.0713588599613199,0.1,0.06,0.02,0.7,0.1,0.0,0.85,0.0,0.0
F-DFHC-U,2023,0.015633829346392916,0.8924731182795699,0.6605189404213,0.04624355844860319,0.0,0.0713588599613199,0.1,0.06,0.02,0.7,0.1,0.9,0.85,0.0,0.0
F-DFHC-U,2023,0.015633829346392916,0.8924731182795699,0.6880933007865474,0.054561070427628616,0.0,0.07974928989944957,0.1,0.06,0.02,0.7,0.12,0.0,0.85,0.0,0.0
F-DFHC-U,2023,0.015633829346392916,0.8924731182795699,0.6880933007865474,0.054561070427628616,0.0,0.07974928989944957,0.1,0.06,0.02,0.7,0.12,0.9,0.85,0.0,0.0
F-DFHC-U,2023,0.015633829346392916,0.8924731182795699,0.6605189404213,0.04624355844860319,0.0,0.0713588599613199,0.1,0.06,0.02,0.72,0.1,0.0,0.85,0.0,0.0
F-DFHC-U,2023,0.015633829346392916,0.8924731182795699,0.6605189404213,0.04624355844860319,0.0,0.0713588599613199,0.1,0.06,0.02,0.72,0.1,0.9,0.85,0.0,0.0
F-DFHC-U,2023,0.015633829346392916,0.8924731182795699,0.6880933007865474,0.054561070427628616,0.0,0.07974928989944957,0.1,0.06,0.02,0.72,0.12,0.0,0.85,0.0,0.0
F-DFHC-U,2023,0.015633829346392916,0.8924731182795699,0.6880933007865474,0.054561070427628616,0.0,0.07974928989944957,0.1,0.06,0.02,0.72,0.12,0.9,0.85,0.0,0.0
F-DFHC-U,2023,0.015633829346392916,0.8924731182795699,0.6605189404213,0.04624355844860319,0.0,0.0713588599613199,0.1,0.06,0.02,0.73,0.1,0.0,0.85,0.0,0.0
F-DFHC-U,2023,0.015633829346392916,0.8924731182795699,0.6605189404213,0.04624355844860319,0.0,0.0713588599613199,0.1,0.06,0.02,0.73,0.1,0.9,0.85,0.0,0.0
F-DFHC-U,2023,0.015633829346392916,0.8924731182795699,0.6880933007865474,0.054561070427628616,0.0,0.07974928989944957,0.1,0.06,0.02,0.73,0.12,0.0,0.85,0.0,0.0
F-DFHC-U,2023,0.015633829346392916,0.8924731182795699,0.6880933007865474,0.054561070427628616,0.0,0.07974928989944957,0.1,0.06,0.02,0.73,0.12,0.9,0.85,0.0,0.0
F-DFHC-U,2023,0.015633829346392916,0.8924731182795699,0.6605189404213,0.04624355844860319,0.0,0.0713588599613199,0.1,0.06,0.02,0.74,0.1,0.0,0.85,0.0,0.0
F-DFHC-U,2023,0.015633829346392916,0.8924731182795699,0.6605189404213,0.04624355844860319,0.0,0.0713588599613199,0.1,0.06,0.02,0.74,0.1,0.9,0.85,0.0,0.0
F-DFHC-U,2023,0.015633829346392916,0.8924731182795699,0.6880933007865474,0.054561070427628616,0.0,0.07974928989944957,0.1,0.06,0.02,0.74,0.12,0.0,0.85,0.0,0.0
F-DFHC-U,2023,0.015633829346392916,0.8924731182795699,0.6880933007865474,0.054561070427628616,0.0,0.07974928989944957,0.1,0.06,0.02,0.74,0.12,0.9,0.85,0.0,0.0
F-DFHC-U,2023,0.015633829346392916,0.8924731182795699,0.6605189404213,0.04624355844860319,0.0,0.0713588599613199,0.1,0.06,0.02,0.746,0.1,0.0,0.85,0.0,0.0
F-DFHC-U,2023,0.015633829346392916,0.8924731182795699,0.6605189404213,0.04624355844860319,0.0,0.0713588599613199,0.1,0.06,0.02,0.746,0.1,0.9,0.85,0.0,0.0
F-DFHC-U,2023,0.015633829346392916,0.8924731182795699,0.6880933007865474,0.054561070427628616,0.0,0.07974928989944957,0.1,0.06,0.02,0.746,0.12,0.0,0.85,0.0,0.0
F-DFHC-U,2023,0.015633829346392916,0.8924731182795699,0.6880933007865474,0.054561070427628616,0.0,0.07974928989944957,0.1,0.06,0.02,0.746,0.12,0.9,0.85,0.0,0.0
F-DFHC-U,2023,0.015633829346392916,0.8924731182795699,0.6605189404213,0.04624355844860319,0.0,0.0713588599613199,0.1,0.06,0.02,0.75,0.1,0.0,0.85,0.0,0.0
F-DFHC-U,2023,0.015633829346392916,0.8924731182795699,0.6605189404213,0.04624355844860319,0.0,0.0713588599613199,0.1,0.06,0.02,0.75,0.1,0.9,0.85,0.0,0.0
F-DFHC-U,2023,0.015633829346392916,0.8924731182795699,0.6880933007865474,0.054561070427628616,0.0,0.07974928989944957,0.1,0.06,0.02,0.75,0.12,0.0,0.85,0.0,0.0
F-DFHC-U,2023,0.015633829346392916,0.8924731182795699,0.6880933007865474,0.054561070427628616,0.0,0.07974928989944957,0.1,0.06,0.02,0.75,0.12,0.9,0.85,0.0,0.0
F-DFHC-U,2023,0.015633829346392916,0.8924731182795699,0.6605189404213,0.04624355844860319,0.0,0.0713588599613199,0.1,0.06,0.04,0.0,0.1,0.0,0.85,0.0,0.0
F-DFHC-U,2023,0.015633829346392916,0.8924731182795699,0.6605189404213,0.04624355844860319,0.0,0.0713588599613199,0.1,0.06,0.04,0.0,0.1,0.9,0.85,0.0,0.0
F-DFHC-U,2023,0.015633829346392916,0.8924731182795699,0.6880933007865474,0.054561070427628616,0.0,0.07974928989944957,0.1,0.06,0.04,0.0,0.12,0.0,0.85,0.0,0.0
F-DFHC-U,2023,0.015633829346392916,0.8924731182795699,0.6880933007865474,0.054561070427628616,0.0,0.07974928989944957,0.1,0.06,0.04,0.0,0.12,0.9,0.85,0.0,0.0
F-DFHC-U,2023,0.015633829346392916,0.8924731182795699,0.6605189404213,0.04624355844860319,0.0,0.0713588599613199,0.1,0.06,0.04,0.7,0.1,0.0,0.85,0.0,0.0
F-DFHC-U,2023,0.015633829346392916,0.8924731182795699,0.6605189404213,0.04624355844860319,0.0,0.0713588599613199,0.1,0.06,0.04,0.7,0.1,0.9,0.85,0.0,0.0
F-DFHC-U,2023,0.015633829346392916,0.8924731182795699,0.6880933007865474,0.054561070427628616,0.0,0.07974928989944957,0.1,0.06,0.04,0.7,0.12,0.0,0.85,0.0,0.0
F-DFHC-U,2023,0.015633829346392916,0.8924731182795699,0.6880933007865474,0.054561070427628616,0.0,0.07974928989944957,0.1,0.06,0.04,0.7,0.12,0.9,0.85,0.0,0.0
F-DFHC-U,2023,0.015633829346392916,0.8924731182795699,0.6605189404213,0.04624355844860319,0.0,0.0713588599613199,0.1,0.06,0.04,0.72,0.1,0.0,0.85,0.0,0.0
F-DFHC-U,2023,0.015633829346392916,0.8924731182795699,0.6605189404213,0.04624355844860319,0.0,0.0713588599613199,0.1,0.06,0.04,0.72,0.1,0.9,0.85,0.0,0.0
F-DFHC-U,2023,0.015633829346392916,0.8924731182795699,0.6880933007865474,0.054561070427628616,0.0,0.07974928989944957,0.1,0.06,0.04,0.72,0.12,0.0,0.85,0.0,0.0
F-DFHC-U,2023,0.015633829346392916,0.8924731182795699,0.6880933007865474,0.054561070427628616,0.0,0.07974928989944957,0.1,0.06,0.04,0.72,0.12,0.9,0.85,0.0,0.0
F-DFHC-U,2023,0.015633829346392916,0.8924731182795699,0.6605189404213,0.04624355844860319,0.0,0.0713588599613199,0.1,0.06,0.04,0.73,0.1,0.0,0.85,0.0,0.0
F-DFHC-U,2023,0.015633829346392916,0.8924731182795699,0.6605189404213,0.04624355844860319,0.0,0.0713588599613199,0.1,0.06,0.04,0.73,0.1,0.9,0.85,0.0,0.0
F-DFHC-U,2023,0.015633829346392916,0.8924731182795699,0.6880933007865474,0.054561070427628616,0.0,0.07974928989944957,0.1,0.06,0.04,0.73,0.12,0.0,0.85,0.0,0.0
F-DFHC-U,2023,0.015633829346392916,0.8924731182795699,0.6880933007865474,0.054561070427628616,0.0,0.07974928989944957,0.1,0.06,0.04,0.73,0.12,0.9,0.85,0.0,0.0
F-DFHC-U,2023,0.015633829346392916,0.8924731182795699,0.6605189404213,0.04624355844860319,0.0,0.0713588599613199,0.1,0.06,0.04,0.74,0.1,0.0,0.85,0.0,0.0
F-DFHC-U,2023,0.015633829346392916,0.8924731182795699,0.6605189404213,0.04624355844860319,0.0,0.0713588599613199,0.1,0.06,0.04,0.74,0.1,0.9,0.85,0.0,0.0
F-DFHC-U,2023,0.015633829346392916,0.8924731182795699,0.6880933007865474,0.054561070427628616,0.0,0.07974928989944957,0.1,0.06,0.04,0.74,0.12,0.0,0.85,0.0,0.0
F-DFHC-U,2023,0.015633829346392916,0.8924731182795699,0.6880933007865474,0.054561070427628616,0.0,0.07974928989944957,0.1,0.06,0.04,0.74,0.12,0.9,0.85,0.0,0.0
F-DFHC-U,2023,0.015633829346392916,0.8924731182795699,0.6605189404213,0.04624355844860319,0.0,0.0713588599613199,0.1,0.06,0.04,0.746,0.1,0.0,0.85,0.0,0.0
F-DFHC-U,2023,0.015633829346392916,0.8924731182795699,0.6605189404213,0.04624355844860319,0.0,0.0713588599613199,0.1,0.06,0.04,0.746,0.1,0.9,0.85,0.0,0.0
F-DFHC-U,2023,0.015633829346392916,0.8924731182795699,0.6880933007865474,0.054561070427628616,0.0,0.07974928989944957,0.1,0.06,0.04,0.746,0.12,0.0,0.85,0.0,0.0
F-DFHC-U,2023,0.015633829346392916,0.8924731182795699,0.6880933007865474,0.054561070427628616,0.0,0.07974928989944957,0.1,0.06,0.04,0.746,0.12,0.9,0.85,0.0,0.0
F-DFHC-U,2023,0.015633829346392916,0.8924731182795699,0.6605189404213,0.04624355844860319,0.0,0.0713588599613199,0.1,0.06,0.04,0.75,0.1,0.0,0.85,0.0,0.0
F-DFHC-U,2023,0.015633829346392916,0.8924731182795699,0.6605189404213,0.04624355844860319,0.0,0.0713588599613199,0.1,0.06,0.04,0.75,0.1,0.9,0.85,0.0,0.0
F-DFHC-U,2023,0.015633829346392916,0.8924731182795699,0.6880933007865474,0.054561070427628616,0.0,0.07974928989944957,0.1,0.06,0.04,0.75,0.12,0.0,0.85,0.0,0.0
F-DFHC-U,2023,0.015633829346392916,0.8924731182795699,0.6880933007865474,0.054561070427628616,0.0,0.07974928989944957,0.1,0.06,0.04,0.75,0.12,0.9,0.85,0.0,0.0
F-DFHC-U,2023,0.03126765869278583,0.9021739130434783,0.6646324925413616,0.046605189404213,0.001693452258102461,0.07182058500975275,0.0,0.08,0.0,0.0,0.1,0.0,0.0,0.0,0.0
F-DFHC-U,2023,0.03126765869278583,0.9021739130434783,0.6646324925413616,0.046605189404213,0.001693452258102461,0.07182058500975275,0.0,0.08,0.0,0.0,0.1,0.0,0.85,0.0,0.0
F-DFHC-U,2023,0.03126765869278583,0.9021739130434783,0.6646324925413616,0.046605189404213,0.001693452258102461,0.07182058500975275,0.0,0.08,0.0,0.0,0.1,0.9,0.0,0.0,0.0
F-DFHC-U,2023,0.03126765869278583,0.9021739130434783,0.6646324925413616,0.046605189404213,0.001693452258102461,0.07182058500975275,0.0,0.08,0.0,0.0,0.1,0.9,0.85,0.0,0.0
F-DFHC-U,2023,0.03126765869278583,0.9021739130434783,0.6646324925413616,0.046605189404213,0.001693452258102461,0.07182058500975275,0.0,0.08,0.0,0.7,0.1,0.0,0.0,0.0,0.0
F-DFHC-U,2023,0.03126765869278583,0.9021739130434783,0.6646324925413616,0.046605189404213,0.001693452258102461,0.07182058500975275,0.0,0.08,0.0,0.7,0.1,0.0,0.85,0.0,0.0
F-DFHC-U,2023,0.03126765869278583,0.9021739130434783,0.6646324925413616,0.046605189404213,0.001693452258102461,0.07182058500975275,0.0,0.08,0.0,0.7,0.1,0.9,0.0,0.0,0.0
F-DFHC-U,2023,0.03126765869278583,0.9021739130434783,0.6646324925413616,0.046605189404213,0.001693452258102461,0.07182058500975275,0.0,0.08,0.0,0.7,0.1,0.9,0.85,0.0,0.0
F-DFHC-U,2023,0.03126765869278583,0.9021739130434783,0.6646324925413616,0.046605189404213,0.001693452258102461,0.07182058500975275,0.0,0.08,0.0,0.72,0.1,0.0,0.0,0.0,0.0
F-DFHC-U,2023,0.03126765869278583,0.9021739130434783,0.6646324925413616,0.046605189404213,0.001693452258102461,0.07182058500975275,0.0,0.08,0.0,0.72,0.1,0.0,0.85,0.0,0.0
F-DFHC-U,2023,0.03126765869278583,0.9021739130434783,0.6646324925413616,0.046605189404213,0.001693452258102461,0.07182058500975275,0.0,0.08,0.0,0.72,0.1,0.9,0.0,0.0,0.0
F-DFHC-U,2023,0.03126765869278583,0.9021739130434783,0.6646324925413616,0.046605189404213,0.001693452258102461,0.07182058500975275,0.0,0.08,0.0,0.72,0.1,0.9,0.85,0.0,0.0
F-DFHC-U,2023,0.03126765869278583,0.9021739130434783,0.6646324925413616,0.046605189404213,0.001693452258102461,0.07182058500975275,0.0,0.08,0.0,0.73,0.1,0.0,0.0,0.0,0.0
F-DFHC-U,2023,0.03126765869278583,0.9021739130434783,0.6646324925413616,0.046605189404213,0.001693452258102461,0.07182058500975275,0.0,0.08,0.0,0.73,0.1,0.0,0.85,0.0,0.0
F-DFHC-U,2023,0.03126765869278583,0.9021739130434783,0.6646324925413616,0.046605189404213,0.001693452258102461,0.07182058500975275,0.0,0.08,0.0,0.73,0.1,0.9,0.0,0.0,0.0
F-DFHC-U,2023,0.03126765869278583,0.9021739130434783,0.6646324925413616,0.046605189404213,0.001693452258102461,0.07182058500975275,0.0,0.08,0.0,0.73,0.1,0.9,0.85,0.0,0.0
F-DFHC-U,2023,0.03126765869278583,0.9021739130434783,0.6646324925413616,0.046605189404213,0.001693452258102461,0.07182058500975275,0.0,0.08,0.0,0.74,0.1,0.0,0.0,0.0,0.0
F-DFHC-U,2023,0.03126765869278583,0.9021739130434783,0.6646324925413616,0.046605189404213,0.001693452258102461,0.07182058500975275,0.0,0.08,0.0,0.74,0.1,0.0,0.85,0.0,0.0
F-DFHC-U,2023,0.03126765869278583,0.9021739130434783,0.6646324925413616,0.046605189404213,0.001693452258102461,0.07182058500975275,0.0,0.08,0.0,0.74,0.1,0.9,0.0,0.0,0.0
F-DFHC-U,2023,0.03126765869278583,0.9021739130434783,0.6646324925413616,0.046605189404213,0.001693452258102461,0.07182058500975275,0.0,0.08,0.0,0.74,0.1,0.9,0.85,0.0,0.0
F-DFHC-U,2023,0.03126765869278583,0.9021739130434783,0.6646324925413616,0.046605189404213,0.001693452258102461,0.07182058500975275,0.0,0.08,0.0,0.746,0.1,0.0,0.0,0.0,0.0
F-DFHC-U,2023,0.03126765869278583,0.9021739130434783,0.6646324925413616,0.046605189404213,0.001693452258102461,0.07182058500975275,0.0,0.08,0.0,0.746,0.1,0.0,0.85,0.0,0.0
F-DFHC-U,2023,0.03126765869278583,0.9021739130434783,0.6646324925413616,0.046605189404213,0.001693452258102461,0.07182058500975275,0.0,0.08,0.0,0.746,0.1,0.9,0.0,0.0,0.0
F-DFHC-U,2023,0.03126765869278583,0.9021739130434783,0.6646324925413616,0.046605189404213,0.001693452258102461,0.07182058500975275,0.0,0.08,0.0,0.746,0.1,0.9,0.85,0.0,0.0
F-DFHC-U,2023,0.03126765869278583,0.9021739130434783,0.6646324925413616,0.046605189404213,0.001693452258102461,0.07182058500975275,0.0,0.08,0.0,0.75,0.1,0.0,0.0,0.0,0.0
F-DFHC-U,2023,0.03126765869278583,0.9021739130434783,0.6646324925413616,0.046605189404213,0.001693452258102461,0.07182058500975275,0.0,0.08,0.0,0.75,0.1,0.0,0.85,0.0,0.0
F-DFHC-U,2023,0.03126765869278583,0.9021739130434783,0.6646324925413616,0.046605189404213,0.001693452258102461,0.07182058500975275,0.0,0.08,0.0,0.75,0.1,0.9,0.0,0.0,0.0
F-DFHC-U,2023,0.03126765869278583,0.9021739130434783,0.6646324925413616,0.046605189404213,0.001693452258102461,0.07182058500975275,0.0,0.08,0.0,0.75,0.1,0.9,0.85,0.0,0.0
F-DFHC-U,2023,0.03126765869278583,0.9021739130434783,0.6646324925413616,0.046605189404213,0.001693452258102461,0.07182058500975275,0.0,0.08,0.02,0.0,0.1,0.0,0.0,0.0,0.0
F-DFHC-U,2023,0.03126765869278583,0.9021739130434783,0.6646324925413616,0.046605189404213,0.001693452258102461,0.07182058500975275,0.0,0.08,0.02,0.0,0.1,0.0,0.85,0.0,0.0
F-DFHC-U,2023,0.03126765869278583,0.9021739130434783,0.6646324925413616,0.046605189404213,0.001693452258102461,0.07182058500975275,0.0,0.08,0.02,0.0,0.1,0.9,0.0,0.0,0.0
F-DFHC-U,2023,0.03126765869278583,0.9021739130434783,0.6646324925413616,0.046605189404213,0.001693452258102461,0.07182058500975275,0.0,0.08,0.02,0.0,0.1,0.9,0.85,0.0,0.0
F-DFHC-U,2023,0.03126765869278583,0.9021739130434783,0.6646324925413616,0.046605189404213,0.001693452258102461,0.07182058500975275,0.0,0.08,0.02,0.7,0.1,0.0,0.0,0.0,0.0
F-DFHC-U,2023,0.03126765869278583,0.9021739130434783,0.6646324925413616,0.046605189404213,0.001693452258102461,0.07182058500975275,0.0,0.08,0.02,0.7,0.1,0.0,0.85,0.0,0.0
F-DFHC-U,2023,0.03126765869278583,0.9021739130434783,0.6646324925413616,0.046605189404213,0.001693452258102461,0.07182058500975275,0.0,0.08,0.02,0.7,0.1,0.9,0.0,0.0,0.0
F-DFHC-U,2023,0.03126765869278583,0.9021739130434783,0.6646324925413616,0.046605189404213,0.001693452258102461,0.07182058500975275,0.0,0.08,0.02,0.7,0.1,0.9,0.85,0.0,0.0
F-DFHC-U,2023,0.03126765869278583,0.9021739130434783,0.6646324925413616,0.046605189404213,0.001693452258102461,0.07182058500975275,0.0,0.08,0.02,0.72,0.1,0.0,0.0,0.0,0.0
F-DFHC-U,2023,0.03126765869278583,0.9021739130434783,0.6646324925413616,0.046605189404213,0.001693452258102461,0.07182058500975275,0.0,0.08,0.02,0.72,0.1,0.0,0.85,0.0,0.0
F-DFHC-U,2023,0.03126765869278583,0.9021739130434783,0.6646324925413616,0.046605189404213,0.001693452258102461,0.07182058500975275,0.0,0.08,0.02,0.72,0.1,0.9,0.0,0.0,0.0
F-DFHC-U,2023,0.03126765869278583,0.9021739130434783,0.6646324925413616,0.046605189404213,0.001693452258102461,0.07182058500975275,0.0,0.08,0.02,0.72,0.1,0.9,0.85,0.0,0.0
F-DFHC-U,2023,0.03126765869278583,0.9021739130434783,0.6646324925413616,0.046605189404213,0.001693452258102461,0.07182058500975275,0.0,0.08,0.02,0.73,0.1,0.0,0.0,0.0,0.0
F-DFHC-U,2023,0.03126765869278583,0.9021739130434783,0.6646324925413616,0.046605189404213,0.001693452258102461,0.07182058500975275,0.0,0.08,0.02,0.73,0.1,0.0,0.85,0.0,0.0
F-DFHC-U,2023,0.03126765869278583,0.9021739130434783,0.6646324925413616,0.046605189404213,0.001693452258102461,0.07182058500975275,0.0,0.08,0.02,0.73,0.1,0.9,0.0,0.0,0.0
F-DFHC-U,2023,0.03126765869278583,0.9021739130434783,0.6646324925413616,0.046605189404213,0.001693452258102461,0.07182058500975275,0.0,0.08,0.02,0.73,0.1,0.9,0.85,0.0,0.0
F-DFHC-U,2023,0.03126765869278583,0.9021739130434783,0.6646324925413616,0.046605189404213,0.001693452258102461,0.07182058500975275,0.0,0.08,0.02,0.74,0.1,0.0,0.0,0.0,0.0
F-DFHC-U,2023,0.03126765869278583,0.9021739130434783,0.6646324925413616,0.046605189404213,0.001693452258102461,0.07182058500975275,0.0,0.08,0.02,0.74,0.1,0.0,0.85,0.0,0.0
F-DFHC-U,2023,0.03126765869278583,0.9021739130434783,0.6646324925413616,0.046605189404213,0.001693452258102461,0.07182058500975275,0.0,0.08,0.02,0.74,0.1,0.9,0.0,0.0,0.0
F-DFHC-U,2023,0.03126765869278583,0.9021739130434783,0.6646324925413616,0.046605189404213,0.001693452258102461,0.07182058500975275,0.0,0.08,0.02,0.74,0.1,0.9,0.85,0.0,0.0
F-DFHC-U,2023,0.03126765869278583,0.9021739130434783,0.6646324925413616,0.046605189404213,0.001693452258102461,0.07182058500975275,0.0,0.08,0.02,0.746,0.1,0.0,0.0,0.0,0.0
F-DFHC-U,2023,0.03126765869278583,0.9021739130434783,0.6646324925413616,0.046605189404213,0.001693452258102461,0.07182058500975275,0.0,0.08,0.02,0.746,0.1,0.0,0.85,0.0,0.0
F-DFHC-U,2023,0.03126765869278583,0.9021739130434783,0.6646324925413616,0.046605189404213,0.001693452258102461,0.07182058500975275,0.0,0.08,0.02,0.746,0.1,0.9,0.0,0.0,0.0
F-DFHC-U,2023,0.03126765869278583,0.9021739130434783,0.6646324925413616,0.046605189404213,0.001693452258102461,0.07182058500975275,0.0,0.08,0.02,0.746,0.1,0.9,0.85,0.0,0.0
F-DFHC-U,2023,0.03126765869278583,0.9021739130434783,0.6646324925413616,0.046605189404213,0.001693452258102461,0.07182058500975275,0.0,0.08,0.02,0.75,0.1,0.0,0.0,0.0,0.0
F-DFHC-U,2023,0.03126765869278583,0.9021739130434783,0.6646324925413616,0.046605189404213,0.001693452258102461,0.07182058500975275,0.0,0.08,0.02,0.75,0.1,0.0,0.85,0.0,0.0
F-DFHC-U,2023,0.03126765869278583,0.9021739130434783,0.6646324925413616,0.046605189404213,0.001693452258102461,0.07182058500975275,0.0,0.08,0.02,0.75,0.1,0.9,0.0,0.0,0.0
F-DFHC-U,2023,0.03126765869278583,0.9021739130434783,0.6646324925413616,0.046605189404213,0.001693452258102461,0.07182058500975275,0.0,0.08,0.02,0.75,0.1,0.9,0.85,0.0,0.0
F-DFHC-U,2023,0.03126765869278583,0.9021739130434783,0.6646324925413616,0.046605189404213,0.001693452258102461,0.07182058500975275,0.0,0.08,0.04,0.0,0.1,0.0,0.0,0.0,0.0
F-DFHC-U,2023,0.03126765869278583,0.9021739130434783,0.6646324925413616,0.046605189404213,0.001693452258102461,0.07182058500975275,0.0,0.08,0.04,0.0,0.1,0.0,0.85,0.0,0.0
F-DFHC-U,2023,0.03126765869278583,0.9021739130434783,0.6646324925413616,0.046605189404213,0.001693452258102461,0.07182058500975275,0.0,0.08,0.04,0.0,0.1,0.9,0.0,0.0,0.0
F-DFHC-U,2023,0.03126765869278583,0.9021739130434783,0.6646324925413616,0.046605189404213,0.001693452258102461,0.07182058500975275,0.0,0.08,0.04,0.0,0.1,0.9,0.85,0.0,0.0
F-DFHC-U,2023,0.03126765869278583,0.9021739130434783,0.6646324925413616,0.046605189404213,0.001693452258102461,0.07182058500975275,0.0,0.08,0.04,0.7,0.1,0.0,0.0,0.0,0.0
F-DFHC-U,2023,0.03126765869278583,0.9021739130434783,0.6646324925413616,0.046605189404213,0.001693452258102461,0.07182058500975275,0.0,0.08,0.04,0.7,0.1,0.0,0.85,0.0,0.0
F-DFHC-U,2023,0.03126765869278583,0.9021739130434783,0.6646324925413616,0.046605189404213,0.001693452258102461,0.07182058500975275,0.0,0.08,0.04,0.7,0.1,0.9,0.0,0.0,0.0
F-DFHC-U,2023,0.03126765869278583,0.9021739130434783,0.6646324925413616,0.046605189404213,0.001693452258102461,0.07182058500975275,0.0,0.08,0.04,0.7,0.1,0.9,0.85,0.0,0.0
F-DFHC-U,2023,0.03126765869278583,0.9021739130434783,0.6646324925413616,0.046605189404213,0.001693452258102461,0.07182058500975275,0.0,0.08,0.04,0.72,0.1,0.0,0.0,0.0,0.0
F-DFHC-U,2023,0.03126765869278583,0.9021739130434783,0.6646324925413616,0.046605189404213,0.001693452258102461,0.07182058500975275,0.0,0.08,0.04,0.72,0.1,0.0,0.85,0.0,0.0
F-DFHC-U,2023,0.03126765869278583,0.9021739130434783,0.6646324925413616,0.046605189404213,0.001693452258102461,0.07182058500975275,0.0,0.08,0.04,0.72,0.1,0.9,0.0,0.0,0.0
F-DFHC-U,2023,0.03126765869278583,0.9021739130434783,0.6646324925413616,0.046605189404213,0.001693452258102461,0.07182058500975275,0.0,0.08,0.04,0.72,0.1,0.9,0.85,0.0,0.0
F-DFHC-U,2023,0.03126765869278583,0.9021739130434783,0.6646324925413616,0.046605189404213,0.001693452258102461,0.07182058500975275,0.0,0.08,0.04,0.73,0.1,0.0,0.0,0.0,0.0
F-DFHC-U,2023,0.03126765869278583,0.9021739130434783,0.6646324925413616,0.046605189404213,0.001693452258102461,0.07182058500975275,0.0,0.08,0.04,0.73,0.1,0.0,0.85,0.0,0.0
F-DFHC-U,2023,0.03126765869278583,0.9021739130434783,0.6646324925413616,0.046605189404213,0.001693452258102461,0.07182058500975275,0.0,0.08,0.04,0.73,0.1,0.9,0.0,0.0,0.0
F-DFHC-U,2023,0.03126765869278583,0.9021739130434783,0.6646324925413616,0.046605189404213,0.001693452258102461,0.07182058500975275,0.0,0.08,0.04,0.73,0.1,0.9,0.85,0.0,0.0
F-DFHC-U,2023,0.03126765869278583,0.9021739130434783,0.6646324925413616,0.046605189404213,0.001693452258102461,0.07182058500975275,0.0,0.08,0.04,0.74,0.1,0.0,0.0,0.0,0.0
F-DFHC-U,2023,0.03126765869278583,0.9021739130434783,0.6646324925413616,0.046605189404213,0.001693452258102461,0.07182058500975275,0.0,0.08,0.04,0.74,0.1,0.0,0.85,0.0,0.0
F-DFHC-U,2023,0.03126765869278583,0.9021739130434783,0.6646324925413616,0.046605189404213,0.001693452258102461,0.07182058500975275,0.0,0.08,0.04,0.74,0.1,0.9,0.0,0.0,0.0
F-DFHC-U,2023,0.03126765869278583,0.9021739130434783,0.6646324925413616,0.046605189404213,0.001693452258102461,0.07182058500975275,0.0,0.08,0.04,0.74,0.1,0.9,0.85,0.0,0.0
F-DFHC-U,2023,0.03126765869278583,0.9021739130434783,0.6646324925413616,0.046605189404213,0.001693452258102461,0.07182058500975275,0.0,0.08,0.04,0.746,0.1,0.0,0.0,0.0,0.0
F-DFHC-U,2023,0.03126765869278583,0.9021739130434783,0.6646324925413616,0.046605189404213,0.001693452258102461,0.07182058500975275,0.0,0.08,0.04,0.746,0.1,0.0,0.85,0.0,0.0
F-DFHC-U,2023,0.03126765869278583,0.9021739130434783,0.6646324925413616,0.046605189404213,0.001693452258102461,0.07182058500975275,0.0,0.08,0.04,0.746,0.1,0.9,0.0,0.0,0.0
F-DFHC-U,2023,0.03126765869278583,0.9021739130434783,0.6646324925413616,0.046605189404213,0.001693452258102461,0.07182058500975275,0.0,0.08,0.04,0.746,0.1,0.9,0.85,0.0,0.0
F-DFHC-U,2023,0.03126765869278583,0.9021739130434783,0.6646324925413616,0.046605189404213,0.001693452258102461,0.07182058500975275,0.0,0.08,0.04,0.75,0.1,0.0,0.0,0.0,0.0
F-DFHC-U,2023,0.03126765869278583,0.9021739130434783,0.6646324925413616,0.046605189404213,0.001693452258102461,0.07182058500975275,0.0,0.08,0.04,0.75,0.1,0.0,0.85,0.0,0.0
F-DFHC-U,2023,0.03126765869278583,0.9021739130434783,0.6646324925413616,0.046605189404213,0.001693452258102461,0.07182058500975275,0.0,0.08,0.04,0.75,0.1,0.9,0.0,0.0,0.0
F-DFHC-U,2023,0.03126765869278583,0.9021739130434783,0.6646324925413616,0.046605189404213,0.001693452258102461,0.07182058500975275,0.0,0.08,0.04,0.75,0.1,0.9,0.85,0.0,0.0
F-DFHC-U,2023,0.03126765869278583,0.9021739130434783,0.6646324925413616,0.046605189404213,0.001693452258102461,0.07182058500975275,0.02,0.08,0.0,0.0,0.1,0.0,0.0,0.0,0.0
F-DFHC-U,2023,0.03126765869278583,0.9021739130434783,0.6646324925413616,0.046605189404213,0.001693452258102461,0.07182058500975275,0.02,0.08,0.0,0.0,0.1,0.0,0.85,0.0,0.0
F-DFHC-U,2023,0.03126765869278583,0.9021739130434783,0.6646324925413616,0.046605189404213,0.001693452258102461,0.07182058500975275,0.02,0.08,0.0,0.0,0.1,0.9,0.0,0.0,0.0
F-DFHC-U,2023,0.03126765869278583,0.9021739130434783,0.6646324925413616,0.046605189404213,0.001693452258102461,0.07182058500975275,0.02,0.08,0.0,0.0,0.1,0.9,0.85,0.0,0.0
F-DFHC-U,2023,0.03126765869278583,0.9021739130434783,0.6646324925413616,0.046605189404213,0.001693452258102461,0.07182058500975275,0.02,0.08,0.0,0.7,0.1,0.0,0.0,0.0,0.0
F-DFHC-U,2023,0.03126765869278583,0.9021739130434783,0.6646324925413616,0.046605189404213,0.001693452258102461,0.07182058500975275,0.02,0.08,0.0,0.7,0.1,0.0,0.85,0.0,0.0
F-DFHC-U,2023,0.03126765869278583,0.9021739130434783,0.6646324925413616,0.046605189404213,0.001693452258102461,0.07182058500975275,0.02,0.08,0.0,0.7,0.1,0.9,0.0,0.0,0.0
F-DFHC-U,2023,0.03126765869278583,0.9021739130434783,0.6646324925413616,0.046605189404213,0.001693452258102461,0.07182058500975275,0.02,0.08,0.0,0.7,0.1,0.9,0.85,0.0,0.0
F-DFHC-U,2023,0.03126765869278583,0.9021739130434783,0.6646324925413616,0.046605189404213,0.001693452258102461,0.07182058500975275,0.02,0.08,0.0,0.72,0.1,0.0,0.0,0.0,0.0
F-DFHC-U,2023,0.03126765869278583,0.9021739130434783,0.6646324925413616,0.046605189404213,0.001693452258102461,0.07182058500975275,0.02,0.08,0.0,0.72,0.1,0.0,0.85,0.0,0.0
F-DFHC-U,2023,0.03126765869278583,0.9021739130434783,0.6646324925413616,0.046605189404213,0.001693452258102461,0.07182058500975275,0.02,0.08,0.0,0.72,0.1,0.9,0.0,0.0,0.0
F-DFHC-U,2023,0.03126765869278583,0.9021739130434783,0.6646324925413616,0.046605189404213,0.001693452258102461,0.07182058500975275,0.02,0.08,0.0,0.72,0.1,0.9,0.85,0.0,0.0
F-DFHC-U,2023,0.03126765869278583,0.9021739130434783,0.6646324925413616,0.046605189404213,0.001693452258102461,0.07182058500975275,0.02,0.08,0.0,0.73,0.1,0.0,0.0,0.0,0.0
F-DFHC-U,2023,0.03126765869278583,0.9021739130434783,0.6646324925413616,0.046605189404213,0.001693452258102461,0.07182058500975275,0.02,0.08,0.0,0.73,0.1,0.0,0.85,0.0,0.0
F-DFHC-U,2023,0.03126765869278583,0.9021739130434783,0.6646324925413616,0.046605189404213,0.001693452258102461,0.07182058500975275,0.02,0.08,0.0,0.73,0.1,0.9,0.0,0.0,0.0
F-DFHC-U,2023,0.03126765869278583,0.9021739130434783,0.6646324925413616,0.046605189404213,0.001693452258102461,0.07182058500975275,0.02,0.08,0.0,0.73,0.1,0.9,0.85,0.0,0.0
F-DFHC-U,2023,0.03126765869278583,0.9021739130434783,0.6646324925413616,0.046605189404213,0.001693452258102461,0.07182058500975275,0.02,0.08,0.0,0.74,0.1,0.0,0.0,0.0,0.0
F-DFHC-U,2023,0.03126765869278583,0.9021739130434783,0.6646324925413616,0.046605189404213,0.001693452258102461,0.07182058500975275,0.02,0.08,0.0,0.74,0.1,0.0,0.85,0.0,0.0
F-DFHC-U,2023,0.03126765869278583,0.9021739130434783,0.6646324925413616,0.046605189404213,0.001693452258102461,0.07182058500975275,0.02,0.08,0.0,0.74,0.1,0.9,0.0,0.0,0.0
F-DFHC-U,2023,0.03126765869278583,0.9021739130434783,0.6646324925413616,0.046605189404213,0.001693452258102461,0.07182058500975275,0.02,0.08,0.0,0.74,0.1,0.9,0.85,0.0,0.0
F-DFHC-U,2023,0.03126765869278583,0.9021739130434783,0.6646324925413616,0.046605189404213,0.001693452258102461,0.07182058500975275,0.02,0.08,0.0,0.746,0.1,0.0,0.0,0.0,0.0
F-DFHC-U,2023,0.03126765869278583,0.9021739130434783,0.6646324925413616,0.046605189404213,0.001693452258102461,0.07182058500975275,0.02,0.08,0.0,0.746,0.1,0.0,0.85,0.0,0.0
F-DFHC-U,2023,0.03126765869278583,0.9021739130434783,0.6646324925413616,0.046605189404213,0.001693452258102461,0.07182058500975275,0.02,0.08,0.0,0.746,0.1,0.9,0.0,0.0,0.0
F-DFHC-U,2023,0.03126765869278583,0.9021739130434783,0.6646324925413616,0.046605189404213,0.001693452258102461,0.07182058500975275,0.02,0.08,0.0,0.746,0.1,0.9,0.85,0.0,0.0
F-DFHC-U,2023,0.03126765869278583,0.9021739130434783,0.6646324925413616,0.046605189404213,0.001693452258102461,0.07182058500975275,0.02,0.08,0.0,0.75,0.1,0.0,0.0,0.0,0.0
F-DFHC-U,2023,0.03126765869278583,0.9021739130434783,0.6646324925413616,0.046605189404213,0.001693452258102461,0.07182058500975275,0.02,0.08,0.0,0.75,0.1,0.0,0.85,0.0,0.0
F-DFHC-U,2023,0.03126765869278583,0.9021739130434783,0.6646324925413616,0.046605189404213,0.001693452258102461,0.07182058500975275,0.02,0.08,0.0,0.75,0.1,0.9,0.0,0.0,0.0
F-DFHC-U,2023,0.03126765869278583,0.9021739130434783,0.6646324925413616,0.046605189404213,0.001693452258102461,0.07182058500975275,0.02,0.08,0.0,0.75,0.1,0.9,0.85,0.0,0.0
F-DFHC-U,2023,0.03126765869278583,0.9021739130434783,0.6646324925413616,0.046605189404213,0.001693452258102461,0.07182058500975275,0.02,0.08,0.02,0.0,0.1,0.0,0.0,0.0,0.0
F-DFHC-U,2023,0.03126765869278583,0.9021739130434783,0.6646324925413616,0.046605189404213,0.001693452258102461,0.07182058500975275,0.02,0.08,0.02,0.0,0.1,0.0,0.85,0.0,0.0
F-DFHC-U,2023,0.03126765869278583,0.9021739130434783,0.6646324925413616,0.046605189404213,0.001693452258102461,0.07182058500975275,0.02,0.08,0.02,0.0,0.1,0.9,0.0,0.0,0.0
F-DFHC-U,2023,0.03126765869278583,0.9021739130434783,0.6646324925413616,0.046605189404213,0.001693452258102461,0.07182058500975275,0.02,0.08,0.02,0.0,0.1,0.9,0.85,0.0,0.0
F-DFHC-U,2023,0.03126765869278583,0.9021739130434783,0.6646324925413616,0.046605189404213,0.001693452258102461,0.07182058500975275,0.02,0.08,0.02,0.7,0.1,0.0,0.0,0.0,0.0
F-DFHC-U,2023,0.03126765869278583,0.9021739130434783,0.6646324925413616,0.046605189404213,0.001693452258102461,0.07182058500975275,0.02,0.08,0.02,0.7,0.1,0.0,0.85,0.0,0.0
F-DFHC-U,2023,0.03126765869278583,0.9021739130434783,0.6646324925413616,0.046605189404213,0.001693452258102461,0.07182058500975275,0.02,0.08,0.02,0.7,0.1,0.9,0.0,0.0,0.0
F-DFHC-U,2023,0.03126765869278583,0.9021739130434783,0.6646324925413616,0.046605189404213,0.001693452258102461,0.07182058500975275,0.02,0.08,0.02,0.7,0.1,0.9,0.85,0.0,0.0
F-DFHC-U,2023,0.03126765869278583,0.9021739130434783,0.6646324925413616,0.046605189404213,0.001693452258102461,0.07182058500975275,0.02,0.08,0.02,0.72,0.1,0.0,0.0,0.0,0.0
F-DFHC-U,2023,0.03126765869278583,0.9021739130434783,0.6646324925413616,0.046605189404213,0.001693452258102461,0.07182058500975275,0.02,0.08,0.02,0.72,0.1,0.0,0.85,0.0,0.0
F-DFHC-U,2023,0.03126765869278583,0.9021739130434783,0.6646324925413616,0.046605189404213,0.001693452258102461,0.07182058500975275,0.02,0.08,0.02,0.72,0.1,0.9,0.0,0.0,0.0
F-DFHC-U,2023,0.03126765869278583,0.9021739130434783,0.6646324925413616,0.046605189404213,0.001693452258102461,0.07182058500975275,0.02,0.08,0.02,0.72,0.1,0.9,0.85,0.0,0.0
F-DFHC-U,2023,0.03126765869278583,0.9021739130434783,0.6646324925413616,0.046605189404213,0.001693452258102461,0.07182058500975275,0.02,0.08,0.02,0.73,0.1,0.0,0.0,0.0,0.0
F-DFHC-U,2023,0.03126765869278583,0.9021739130434783,0.6646324925413616,0.046605189404213,0.001693452258102461,0.07182058500975275,0.02,0.08,0.02,0.73,0.1,0.0,0.85,0.0,0.0
F-DFHC-U,2023,0.03126765869278583,0.9021739130434783,0.6646324925413616,0.046605189404213,0.001693452258102461,0.07182058500975275,0.02,0.08,0.02,0.73,0.1,0.9,0.0,0.0,0.0
F-DFHC-U,2023,0.03126765869278583,0.9021739130434783,0.6646324925413616,0.046605189404213,0.001693452258102461,0.07182058500975275,0.02,0.08,0.02,0.73,0.1,0.9,0.85,0.0,0.0
F-DFHC-U,2023,0.03126765869278583,0.9021739130434783,0.6646324925413616,0.046605189404213,0.001693452258102461,0.07182058500975275,0.02,0.08,0.02,0.74,0.1,0.0,0.0,0.0,0.0
F-DFHC-U,2023,0.03126765869278583,0.9021739130434783,0.6646324925413616,0.046605189404213,0.001693452258102461,0.07182058500975275,0.02,0.08,0.02,0.74,0.1,0.0,0.85,0.0,0.0
F-DFHC-U,2023,0.03126765869278583,0.9021739130434783,0.6646324925413616,0.046605189404213,0.001693452258102461,0.07182058500975275,0.02,0.08,0.02,0.74,0.1,0.9,0.0,0.0,0.0
F-DFHC-U,2023,0.03126765869278583,0.9021739130434783,0.6646324925413616,0.046605189404213,0.001693452258102461,0.07182058500975275,0.02,0.08,0.02,0.74,0.1,0.9,0.85,0.0,0.0
F-DFHC-U,2023,0.03126765869278583,0.9021739130434783,0.6646324925413616,0.046605189404213,0.001693452258102461,0.07182058500975275,0.02,0.08,0.02,0.746,0.1,0.0,0.0,0.0,0.0
F-DFHC-U,2023,0.03126765869278583,0.9021739130434783,0.6646324925413616,0.046605189404213,0.001693452258102461,0.07182058500975275,0.02,0.08,0.02,0.746,0.1,0.0,0.85,0.0,0.0
F-DFHC-U,2023,0.03126765869278583,0.9021739130434783,0.6646324925413616,0.046605189404213,0.001693452258102461,0.07182058500975275,0.02,0.08,0.02,0.746,0.1,0.9,0.0,0.0,0.0
F-DFHC-U,2023,0.03126765869278583,0.9021739130434783,0.6646324925413616,0.046605189404213,0.001693452258102461,0.07182058500975275,0.02,0.08,0.02,0.746,0.1,0.9,0.85,0.0,0.0
F-DFHC-U,2023,0.03126765869278583,0.9021739130434783,0.6646324925413616,0.046605189404213,0.001693452258102461,0.07182058500975275,0.02,0.08,0.02,0.75,0.1,0.0,0.0,0.0,0.0
F-DFHC-U,2023,0.03126765869278583,0.9021739130434783,0.6646324925413616,0.046605189404213,0.001693452258102461,0.07182058500975275,0.02,0.08,0.02,0.75,0.1,0.0,0.85,0.0,0.0
F-DFHC-U,2023,0.03126765869278583,0.9021739130434783,0.6646324925413616,0.046605189404213,0.001693452258102461,0.07182058500975275,0.02,0.08,0.02,0.75,0.1,0.9,0.0,0.0,0.0
F-DFHC-U,2023,0.03126765869278583,0.9021739130434783,0.6646324925413616,0.046605189404213,0.001693452258102461,0.07182058500975275,0.02,0.08,0.02,0.75,0.1,0.9,0.85,0.0,0.0
F-DFHC-U,2023,0.03126765869278583,0.9021739130434783,0.6646324925413616,0.046605189404213,0.001693452258102461,0.07182058500975275,0.02,0.08,0.04,0.0,0.1,0.0,0.0,0.0,0.0
F-DFHC-U,2023,0.03126765869278583,0.9021739130434783,0.6646324925413616,0.046605189404213,0.001693452258102461,0.07182058500975275,0.02,0.08,0.04,0.0,0.1,0.0,0.85,0.0,0.0
F-DFHC-U,2023,0.03126765869278583,0.9021739130434783,0.6646324925413616,0.046605189404213,0.001693452258102461,0.07182058500975275,0.02,0.08,0.04,0.0,0.1,0.9,0.0,0.0,0.0
F-DFHC-U,2023,0.03126765869278583,0.9021739130434783,0.6646324925413616,0.046605189404213,0.001693452258102461,0.07182058500975275,0.02,0.08,0.04,0.0,0.1,0.9,0.85,0.0,0.0
F-DFHC-U,2023,0.03126765869278583,0.9021739130434783,0.6646324925413616,0.046605189404213,0.001693452258102461,0.07182058500975275,0.02,0.08,0.04,0.7,0.1,0.0,0.0,0.0,0.0
F-DFHC-U,2023,0.03126765869278583,0.9021739130434783,0.6646324925413616,0.046605189404213,0.001693452258102461,0.07182058500975275,0.02,0.08,0.04,0.7,0.1,0.0,0.85,0.0,0.0
F-DFHC-U,2023,0.03126765869278583,0.9021739130434783,0.6646324925413616,0.046605189404213,0.001693452258102461,0.07182058500975275,0.02,0.08,0.04,0.7,0.1,0.9,0.0,0.0,0.0
F-DFHC-U,2023,0.03126765869278583,0.9021739130434783,0.6646324925413616,0.046605189404213,0.001693452258102461,0.07182058500975275,0.02,0.08,0.04,0.7,0.1,0.9,0.85,0.0,0.0
F-DFHC-U,2023,0.03126765869278583,0.9021739130434783,0.6646324925413616,0.046605189404213,0.001693452258102461,0.07182058500975275,0.02,0.08,0.04,0.72,0.1,0.0,0.0,0.0,0.0
F-DFHC-U,2023,0.03126765869278583,0.9021739130434783,0.6646324925413616,0.046605189404213,0.001693452258102461,0.07182058500975275,0.02,0.08,0.04,0.72,0.1,0.0,0.85,0.0,0.0
F-DFHC-U,2023,0.03126765869278583,0.9021739130434783,0.6646324925413616,0.046605189404213,0.001693452258102461,0.07182058500975275,0.02,0.08,0.04,0.72,0.1,0.9,0.0,0.0,0.0
F-DFHC-U,2023,0.03126765869278583,0.9021739130434783,0.6646324925413616,0.046605189404213,0.001693452258102461,0.07182058500975275,0.02,0.08,0.04,0.72,0.1,0.9,0.85,0.0,0.0
F-DFHC-U,2023,0.03126765869278583,0.9021739130434783,0.6646324925413616,0.046605189404213,0.001693452258102461,0.07182058500975275,0.02,0.08,0.04,0.73,0.1,0.0,0.0,0.0,0.0
F-DFHC-U,2023,0.03126765869278583,0.9021739130434783,0.6646324925413616,0.046605189404213,0.001693452258102461,0.07182058500975275,0.02,0.08,0.04,0.73,0.1,0.0,0.85,0.0,0.0
F-DFHC-U,2023,0.03126765869278583,0.9021739130434783,0.6646324925413616,0.046605189404213,0.001693452258102461,0.07182058500975275,0.02,0.08,0.04,0.73,0.1,0.9,0.0,0.0,0.0
F-DFHC-U,2023,0.03126765869278583,0.9021739130434783,0.6646324925413616,0.046605189404213,0.001693452258102461,0.07182058500975275,0.02,0.08,0.04,0.73,0.1,0.9,0.85,0.0,0.0
F-DFHC-U,2023,0.03126765869278583,0.9021739130434783,0.6646324925413616,0.046605189404213,0.001693452258102461,0.07182058500975275,0.02,0.08,0.04,0.74,0.1,0.0,0.0,0.0,0.0
F-DFHC-U,2023,0.03126765869278583,0.9021739130434783,0.6646324925413616,0.046605189404213,0.001693452258102461,0.07182058500975275,0.02,0.08,0.04,0.74,0.1,0.0,0.85,0.0,0.0
F-DFHC-U,2023,0.03126765869278583,0.9021739130434783,0.6646324925413616,0.046605189404213,0.001693452258102461,0.07182058500975275,0.02,0.08,0.04,0.74,0.1,0.9,0.0,0.0,0.0
F-DFHC-U,2023,0.03126765869278583,0.9021739130434783,0.6646324925413616,0.046605189404213,0.001693452258102461,0.07182058500975275,0.02,0.08,0.04,0.74,0.1,0.9,0.85,0.0,0.0
F-DFHC-U,2023,0.03126765869278583,0.9021739130434783,0.6646324925413616,0.046605189404213,0.001693452258102461,0.07182058500975275,0.02,0.08,0.04,0.746,0.1,0.0,0.0,0.0,0.0
F-DFHC-U,2023,0.03126765869278583,0.9021739130434783,0.6646324925413616,0.046605189404213,0.001693452258102461,0.07182058500975275,0.02,0.08,0.04,0.746,0.1,0.0,0.85,0.0,0.0
F-DFHC-U,2023,0.03126765869278583,0.9021739130434783,0.6646324925413616,0.046605189404213,0.001693452258102461,0.07182058500975275,0.02,0.08,0.04,0.746,0.1,0.9,0.0,0.0,0.0
F-DFHC-U,2023,0.03126765869278583,0.9021739130434783,0.6646324925413616,0.046605189404213,0.001693452258102461,0.07182058500975275,0.02,0.08,0.04,0.746,0.1,0.9,0.85,0.0,0.0
F-DFHC-U,2023,0.03126765869278583,0.9021739130434783,0.6646324925413616,0.046605189404213,0.001693452258102461,0.07182058500975275,0.02,0.08,0.04,0.75,0.1,0.0,0.0,0.0,0.0
F-DFHC-U,2023,0.03126765869278583,0.9021739130434783,0.6646324925413616,0.046605189404213,0.001693452258102461,0.07182058500975275,0.02,0.08,0.04,0.75,0.1,0.0,0.85,0.0,0.0
F-DFHC-U,2023,0.03126765869278583,0.9021739130434783,0.6646324925413616,0.046605189404213,0.001693452258102461,0.07182058500975275,0.02,0.08,0.04,0.75,0.1,0.9,0.0,0.0,0.0
F-DFHC-U,2023,0.03126765869278583,0.9021739130434783,0.6646324925413616,0.046605189404213,0.001693452258102461,0.07182058500975275,0.02,0.08,0.04,0.75,0.1,0.9,0.85,0.0,0.0
F-DFHC-U,2023,0.03126765869278583,0.9021739130434783,0.6646324925413616,0.046605189404213,0.001693452258102461,0.07182058500975275,0.06,0.08,0.0,0.0,0.1,0.0,0.0,0.0,0.0
F-DFHC-U,2023,0.03126765869278583,0.9021739130434783,0.6646324925413616,0.046605189404213,0.001693452258102461,0.07182058500975275,0.06,0.08,0.0,0.0,0.1,0.0,0.85,0.0,0.0
F-DFHC-U,2023,0.03126765869278583,0.9021739130434783,0.6646324925413616,0.046605189404213,0.001693452258102461,0.07182058500975275,0.06,0.08,0.0,0.0,0.1,0.9,0.0,0.0,0.0
F-DFHC-U,2023,0.03126765869278583,0.9021739130434783,0.6646324925413616,0.046605189404213,0.001693452258102461,0.07182058500975275,0.06,0.08,0.0,0.0,0.1,0.9,0.85,0.0,0.0
F-DFHC-U,2023,0.03126765869278583,0.9021739130434783,0.6646324925413616,0.046605189404213,0.001693452258102461,0.07182058500975275,0.06,0.08,0.0,0.7,0.1,0.0,0.0,0.0,0.0
F-DFHC-U,2023,0.03126765869278583,0.9021739130434783,0.6646324925413616,0.046605189404213,0.001693452258102461,0.07182058500975275,0.06,0.08,0.0,0.7,0.1,0.0,0.85,0.0,0.0
F-DFHC-U,2023,0.03126765869278583,0.9021739130434783,0.6646324925413616,0.046605189404213,0.001693452258102461,0.07182058500975275,0.06,0.08,0.0,0.7,0.1,0.9,0.0,0.0,0.0
F-DFHC-U,2023,0.03126765869278583,0.9021739130434783,0.6646324925413616,0.046605189404213,0.001693452258102461,0.07182058500975275,0.06,0.08,0.0,0.7,0.1,0.9,0.85,0.0,0.0
F-DFHC-U,2023,0.03126765869278583,0.9021739130434783,0.6646324925413616,0.046605189404213,0.001693452258102461,0.07182058500975275,0.06,0.08,0.0,0.72,0.1,0.0,0.0,0.0,0.0
F-DFHC-U,2023,0.03126765869278583,0.9021739130434783,0.6646324925413616,0.046605189404213,0.001693452258102461,0.07182058500975275,0.06,0.08,0.0,0.72,0.1,0.0,0.85,0.0,0.0
F-DFHC-U,2023,0.03126765869278583,0.9021739130434783,0.6646324925413616,0.046605189404213,0.001693452258102461,0.07182058500975275,0.06,0.08,0.0,0.72,0.1,0.9,0.0,0.0,0.0
F-DFHC-U,2023,0.03126765869278583,0.9021739130434783,0.6646324925413616,0.046605189404213,0.001693452258102461,0.07182058500975275,0.06,0.08,0.0,0.72,0.1,0.9,0.85,0.0,0.0
F-DFHC-U,2023,0.03126765869278583,0.9021739130434783,0.6646324925413616,0.046605189404213,0.001693452258102461,0.07182058500975275,0.06,0.08,0.0,0.73,0.1,0.0,0.0,0.0,0.0
F-DFHC-U,2023,0.03126765869278583,0.9021739130434783,0.6646324925413616,0.046605189404213,0.001693452258102461,0.07182058500975275,0.06,0.08,0.0,0.73,0.1,0.0,0.85,0.0,0.0
F-DFHC-U,2023,0.03126765869278583,0.9021739130434783,0.6646324925413616,0.046605189404213,0.001693452258102461,0.07182058500975275,0.06,0.08,0.0,0.73,0.1,0.9,0.0,0.0,0.0
F-DFHC-U,2023,0.03126765869278583,0.9021739130434783,0.6646324925413616,0.046605189404213,0.001693452258102461,0.07182058500975275,0.06,0.08,0.0,0.73,0.1,0.9,0.85,0.0,0.0
F-DFHC-U,2023,0.03126765869278583,0.9021739130434783,0.6646324925413616,0.046605189404213,0.001693452258102461,0.07182058500975275,0.06,0.08,0.0,0.74,0.1,0.0,0.0,0.0,0.0
F-DFHC-U,2023,0.03126765869278583,0.9021739130434783,0.6646324925413616,0.046605189404213,0.001693452258102461,0.07182058500975275,0.06,0.08,0.0,0.74,0.1,0.0,0.85,0.0,0.0
F-DFHC-U,2023,0.03126765869278583,0.9021739130434783,0.6646324925413616,0.046605189404213,0.001693452258102461,0.07182058500975275,0.06,0.08,0.0,0.74,0.1,0.9,0.0,0.0,0.0
F-DFHC-U,2023,0.03126765869278583,0.9021739130434783,0.6646324925413616,0.046605189404213,0.001693452258102461,0.07182058500975275,0.06,0.08,0.0,0.74,0.1,0.9,0.85,0.0,0.0
F-DFHC-U,2023,0.03126765869278583,0.9021739130434783,0.6646324925413616,0.046605189404213,0.001693452258102461,0.07182058500975275,0.06,0.08,0.0,0.746,0.1,0.0,0.0,0.0,0.0
F-DFHC-U,2023,0.03126765869278583,0.9021739130434783,0.6646324925413616,0.046605189404213,0.001693452258102461,0.07182058500975275,0.06,0.08,0.0,0.746,0.1,0.0,0.85,0.0,0.0
F-DFHC-U,2023,0.03126765869278583,0.9021739130434783,0.6646324925413616,0.046605189404213,0.001693452258102461,0.07182058500975275,0.06,0.08,0.0,0.746,0.1,0.9,0.0,0.0,0.0
F-DFHC-U,2023,0.03126765869278583,0.9021739130434783,0.6646324925413616,0.046605189404213,0.001693452258102461,0.07182058500975275,0.06,0.08,0.0,0.746,0.1,0.9,0.85,0.0,0.0
F-DFHC-U,2023,0.03126765869278583,0.9021739130434783,0.6646324925413616,0.046605189404213,0.001693452258102461,0.07182058500975275,0.06,0.08,0.0,0.75,0.1,0.0,0.0,0.0,0.0
F-DFHC-U,2023,0.03126765869278583,0.9021739130434783,0.6646324925413616,0.046605189404213,0.001693452258102461,0.07182058500975275,0.06,0.08,0.0,0.75,0.1,0.0,0.85,0.0,0.0
F-DFHC-U,2023,0.03126765869278583,0.9021739130434783,0.6646324925413616,0.046605189404213,0.001693452258102461,0.07182058500975275,0.06,0.08,0.0,0.75,0.1,0.9,0.0,0.0,0.0
F-DFHC-U,2023,0.03126765869278583,0.9021739130434783,0.6646324925413616,0.046605189404213,0.001693452258102461,0.07182058500975275,0.06,0.08,0.0,0.75,0.1,0.9,0.85,0.0,0.0
F-DFHC-U,2023,0.03126765869278583,0.9021739130434783,0.6646324925413616,0.046605189404213,0.001693452258102461,0.07182058500975275,0.06,0.08,0.02,0.0,0.1,0.0,0.0,0.0,0.0
F-DFHC-U,2023,0.03126765869278583,0.9021739130434783,0.6646324925413616,0.046605189404213,0.001693452258102461,0.07182058500975275,0.06,0.08,0.02,0.0,0.1,0.0,0.85,0.0,0.0
F-DFHC-U,2023,0.03126765869278583,0.9021739130434783,0.6646324925413616,0.046605189404213,0.001693452258102461,0.07182058500975275,0.06,0.08,0.02,0.0,0.1,0.9,0.0,0.0,0.0
F-DFHC-U,2023,0.03126765869278583,0.9021739130434783,0.6646324925413616,0.046605189404213,0.001693452258102461,0.07182058500975275,0.06,0.08,0.02,0.0,0.1,0.9,0.85,0.0,0.0
F-DFHC-U,2023,0.03126765869278583,0.9021739130434783,0.6646324925413616,0.046605189404213,0.001693452258102461,0.07182058500975275,0.06,0.08,0.02,0.7,0.1,0.0,0.0,0.0,0.0
F-DFHC-U,2023,0.03126765869278583,0.9021739130434783,0.6646324925413616,0.046605189404213,0.001693452258102461,0.07182058500975275,0.06,0.08,0.02,0.7,0.1,0.0,0.85,0.0,0.0
F-DFHC-U,2023,0.03126765869278583,0.9021739130434783,0.6646324925413616,0.046605189404213,0.001693452258102461,0.07182058500975275,0.06,0.08,0.02,0.7,0.1,0.9,0.0,0.0,0.0
F-DFHC-U,2023,0.03126765869278583,0.9021739130434783,0.6646324925413616,0.046605189404213,0.001693452258102461,0.07182058500975275,0.06,0.08,0.02,0.7,0.1,0.9,0.85,0.0,0.0
F-DFHC-U,2023,0.03126765869278583,0.9021739130434783,0.6646324925413616,0.046605189404213,0.001693452258102461,0.07182058500975275,0.06,0.08,0.02,0.72,0.1,0.0,0.0,0.0,0.0
F-DFHC-U,2023,0.03126765869278583,0.9021739130434783,0.6646324925413616,0.046605189404213,0.001693452258102461,0.07182058500975275,0.06,0.08,0.02,0.72,0.1,0.0,0.85,0.0,0.0
F-DFHC-U,2023,0.03126765869278583,0.9021739130434783,0.6646324925413616,0.046605189404213,0.001693452258102461,0.07182058500975275,0.06,0.08,0.02,0.72,0.1,0.9,0.0,0.0,0.0
F-DFHC-U,2023,0.03126765869278583,0.9021739130434783,0.6646324925413616,0.046605189404213,0.001693452258102461,0.07182058500975275,0.06,0.08,0.02,0.72,0.1,0.9,0.85,0.0,0.0
F-DFHC-U,2023,0.03126765869278583,0.9021739130434783,0.6646324925413616,0.046605189404213,0.001693452258102461,0.07182058500975275,0.06,0.08,0.02,0.73,0.1,0.0,0.0,0.0,0.0
F-DFHC-U,2023,0.03126765869278583,0.9021739130434783,0.6646324925413616,0.046605189404213,0.001693452258102461,0.07182058500975275,0.06,0.08,0.02,0.73,0.1,0.0,0.85,0.0,0.0
F-DFHC-U,2023,0.03126765869278583,0.9021739130434783,0.6646324925413616,0.046605189404213,0.001693452258102461,0.07182058500975275,0.06,0.08,0.02,0.73,0.1,0.9,0.0,0.0,0.0
F-DFHC-U,2023,0.03126765869278583,0.9021739130434783,0.6646324925413616,0.046605189404213,0.001693452258102461,0.07182058500975275,0.06,0.08,0.02,0.73,0.1,0.9,0.85,0.0,0.0
F-DFHC-U,2023,0.03126765869278583,0.9021739130434783,0.6646324925413616,0.046605189404213,0.001693452258102461,0.07182058500975275,0.06,0.08,0.02,0.74,0.1,0.0,0.0,0.0,0.0
F-DFHC-U,2023,0.03126765869278583,0.9021739130434783,0.6646324925413616,0.046605189404213,0.001693452258102461,0.07182058500975275,0.06,0.08,0.02,0.74,0.1,0.0,0.85,0.0,0.0
F-DFHC-U,2023,0.03126765869278583,0.9021739130434783,0.6646324925413616,0.046605189404213,0.001693452258102461,0.07182058500975275,0.06,0.08,0.02,0.74,0.1,0.9,0.0,0.0,0.0
F-DFHC-U,2023,0.03126765869278583,0.9021739130434783,0.6646324925413616,0.046605189404213,0.001693452258102461,0.07182058500975275,0.06,0.08,0.02,0.74,0.1,0.9,0.85,0.0,0.0
F-DFHC-U,2023,0.03126765869278583,0.9021739130434783,0.6646324925413616,0.046605189404213,0.001693452258102461,0.07182058500975275,0.06,0.08,0.02,0.746,0.1,0.0,0.0,0.0,0.0
F-DFHC-U,2023,0.03126765869278583,0.9021739130434783,0.6646324925413616,0.046605189404213,0.001693452258102461,0.07182058500975275,0.06,0.08,0.02,0.746,0.1,0.0,0.85,0.0,0.0
F-DFHC-U,2023,0.03126765869278583,0.9021739130434783,0.6646324925413616,0.046605189404213,0.001693452258102461,0.07182058500975275,0.06,0.08,0.02,0.746,0.1,0.9,0.0,0.0,0.0
F-DFHC-U,2023,0.03126765869278583,0.9021739130434783,0.6646324925413616,0.046605189404213,0.001693452258102461,0.07182058500975275,0.06,0.08,0.02,0.746,0.1,0.9,0.85,0.0,0.0
F-DFHC-U,2023,0.03126765869278583,0.9021739130434783,0.6646324925413616,0.046605189404213,0.001693452258102461,0.07182058500975275,0.06,0.08,0.02,0.75,0.1,0.0,0.0,0.0,0.0
F-DFHC-U,2023,0.03126765869278583,0.9021739130434783,0.6646324925413616,0.046605189404213,0.001693452258102461,0.07182058500975275,0.06,0.08,0.02,0.75,0.1,0.0,0.85,0.0,0.0
F-DFHC-U,2023,0.03126765869278583,0.9021739130434783,0.6646324925413616,0.046605189404213,0.001693452258102461,0.07182058500975275,0.06,0.08,0.02,0.75,0.1,0.9,0.0,0.0,0.0
F-DFHC-U,2023,0.03126765869278583,0.9021739130434783,0.6646324925413616,0.046605189404213,0.001693452258102461,0.07182058500975275,0.06,0.08,0.02,0.75,0.1,0.9,0.85,0.0,0.0
F-DFHC-U,2023,0.03126765869278583,0.9021739130434783,0.6646324925413616,0.046605189404213,0.001693452258102461,0.07182058500975275,0.06,0.08,0.04,0.0,0.1,0.0,0.0,0.0,0.0
F-DFHC-U,2023,0.03126765869278583,0.9021739130434783,0.6646324925413616,0.046605189404213,0.001693452258102461,0.07182058500975275,0.06,0.08,0.04,0.0,0.1,0.0,0.85,0.0,0.0
F-DFHC-U,2023,0.03126765869278583,0.9021739130434783,0.6646324925413616,0.046605189404213,0.001693452258102461,0.07182058500975275,0.06,0.08,0.04,0.0,0.1,0.9,0.0,0.0,0.0
F-DFHC-U,2023,0.03126765869278583,0.9021739130434783,0.6646324925413616,0.046605189404213,0.001693452258102461,0.07182058500975275,0.06,0.08,0.04,0.0,0.1,0.9,0.85,0.0,0.0
F-DFHC-U,2023,0.03126765869278583,0.9021739130434783,0.6646324925413616,0.046605189404213,0.001693452258102461,0.07182058500975275,0.06,0.08,0.04,0.7,0.1,0.0,0.0,0.0,0.0
F-DFHC-U,2023,0.03126765869278583,0.9021739130434783,0.6646324925413616,0.046605189404213,0.001693452258102461,0.07182058500975275,0.06,0.08,0.04,0.7,0.1,0.0,0.85,0.0,0.0
F-DFHC-U,2023,0.03126765869278583,0.9021739130434783,0.6646324925413616,0.046605189404213,0.001693452258102461,0.07182058500975275,0.06,0.08,0.04,0.7,0.1,0.9,0.0,0.0,0.0
F-DFHC-U,2023,0.03126765869278583,0.9021739130434783,0.6646324925413616,0.046605189404213,0.001693452258102461,0.07182058500975275,0.06,0.08,0.04,0.7,0.1,0.9,0.85,0.0,0.0
F-DFHC-U,2023,0.03126765869278583,0.9021739130434783,0.6646324925413616,0.046605189404213,0.001693452258102461,0.07182058500975275,0.06,0.08,0.04,0.72,0.1,0.0,0.0,0.0,0.0
F-DFHC-U,2023,0.03126765869278583,0.9021739130434783,0.6646324925413616,0.046605189404213,0.001693452258102461,0.07182058500975275,0.06,0.08,0.04,0.72,0.1,0.0,0.85,0.0,0.0
F-DFHC-U,2023,0.03126765869278583,0.9021739130434783,0.6646324925413616,0.046605189404213,0.001693452258102461,0.07182058500975275,0.06,0.08,0.04,0.72,0.1,0.9,0.0,0.0,0.0
F-DFHC-U,2023,0.03126765869278583,0.9021739130434783,0.6646324925413616,0.046605189404213,0.001693452258102461,0.07182058500975275,0.06,0.08,0.04,0.72,0.1,0.9,0.85,0.0,0.0
F-DFHC-U,2023,0.03126765869278583,0.9021739130434783,0.6646324925413616,0.046605189404213,0.001693452258102461,0.07182058500975275,0.06,0.08,0.04,0.73,0.1,0.0,0.0,0.0,0.0
F-DFHC-U,2023,0.03126765869278583,0.9021739130434783,0.6646324925413616,0.046605189404213,0.001693452258102461,0.07182058500975275,0.06,0.08,0.04,0.73,0.1,0.0,0.85,0.0,0.0
F-DFHC-U,2023,0.03126765869278583,0.9021739130434783,0.6646324925413616,0.046605189404213,0.001693452258102461,0.07182058500975275,0.06,0.08,0.04,0.73,0.1,0.9,0.0,0.0,0.0
F-DFHC-U,2023,0.03126765869278583,0.9021739130434783,0.6646324925413616,0.046605189404213,0.001693452258102461,0.07182058500975275,0.06,0.08,0.04,0.73,0.1,0.9,0.85,0.0,0.0
F-DFHC-U,2023,0.03126765869278583,0.9021739130434783,0.6646324925413616,0.046605189404213,0.001693452258102461,0.07182058500975275,0.06,0.08,0.04,0.74,0.1,0.0,0.0,0.0,0.0
F-DFHC-U,2023,0.03126765869278583,0.9021739130434783,0.6646324925413616,0.046605189404213,0.001693452258102461,0.07182058500975275,0.06,0.08,0.04,0.74,0.1,0.0,0.85,0.0,0.0
F-DFHC-U,2023,0.03126765869278583,0.9021739130434783,0.6646324925413616,0.046605189404213,0.001693452258102461,0.07182058500975275,0.06,0.08,0.04,0.74,0.1,0.9,0.0,0.0,0.0
F-DFHC-U,2023,0.03126765869278583,0.9021739130434783,0.6646324925413616,0.046605189404213,0.001693452258102461,0.07182058500975275,0.06,0.08,0.04,0.74,0.1,0.9,0.85,0.0,0.0
F-DFHC-U,2023,0.03126765869278583,0.9021739130434783,0.6646324925413616,0.046605189404213,0.001693452258102461,0.07182058500975275,0.06,0.08,0.04,0.746,0.1,0.0,0.0,0.0,0.0
F-DFHC-U,2023,0.03126765869278583,0.9021739130434783,0.6646324925413616,0.046605189404213,0.001693452258102461,0.07182058500975275,0.06,0.08,0.04,0.746,0.1,0.0,0.85,0.0,0.0
F-DFHC-U,2023,0.03126765869278583,0.9021739130434783,0.6646324925413616,0.046605189404213,0.001693452258102461,0.07182058500975275,0.06,0.08,0.04,0.746,0.1,0.9,0.0,0.0,0.0
F-DFHC-U,2023,0.03126765869278583,0.9021739130434783,0.6646324925413616,0.046605189404213,0.001693452258102461,0.07182058500975275,0.06,0.08,0.04,0.746,0.1,0.9,0.85,0.0,0.0
F-DFHC-U,2023,0.03126765869278583,0.9021739130434783,0.6646324925413616,0.046605189404213,0.001693452258102461,0.07182058500975275,0.06,0.08,0.04,0.75,0.1,0.0,0.0,0.0,0.0
F-DFHC-U,2023,0.03126765869278583,0.9021739130434783,0.6646324925413616,0.046605189404213,0.001693452258102461,0.07182058500975275,0.06,0.08,0.04,0.75,0.1,0.0,0.85,0.0,0.0
F-DFHC-U,2023,0.03126765869278583,0.9021739130434783,0.6646324925413616,0.046605189404213,0.001693452258102461,0.07182058500975275,0.06,0.08,0.04,0.75,0.1,0.9,0.0,0.0,0.0
F-DFHC-U,2023,0.03126765869278583,0.9021739130434783,0.6646324925413616,0.046605189404213,0.001693452258102461,0.07182058500975275,0.06,0.08,0.04,0.75,0.1,0.9,0.85,0.0,0.0
F-DFHC-U,2023,0.03126765869278583,0.9021739130434783,0.6646324925413616,0.046605189404213,0.001693452258102461,0.07182058500975275,0.08,0.08,0.0,0.0,0.1,0.0,0.85,0.0,0.0
F-DFHC-U,2023,0.03126765869278583,0.9021739130434783,0.6646324925413616,0.046605189404213,0.001693452258102461,0.07182058500975275,0.08,0.08,0.0,0.0,0.1,0.9,0.85,0.0,0.0
F-DFHC-U,2023,0.03126765869278583,0.9021739130434783,0.6646324925413616,0.046605189404213,0.001693452258102461,0.07182058500975275,0.08,0.08,0.0,0.7,0.1,0.0,0.85,0.0,0.0
F-DFHC-U,2023,0.03126765869278583,0.9021739130434783,0.6646324925413616,0.046605189404213,0.001693452258102461,0.07182058500975275,0.08,0.08,0.0,0.7,0.1,0.9,0.85,0.0,0.0
F-DFHC-U,2023,0.03126765869278583,0.9021739130434783,0.6646324925413616,0.046605189404213,0.001693452258102461,0.07182058500975275,0.08,0.08,0.0,0.72,0.1,0.0,0.85,0.0,0.0
F-DFHC-U,2023,0.03126765869278583,0.9021739130434783,0.6646324925413616,0.046605189404213,0.001693452258102461,0.07182058500975275,0.08,0.08,0.0,0.72,0.1,0.9,0.85,0.0,0.0
F-DFHC-U,2023,0.03126765869278583,0.9021739130434783,0.6646324925413616,0.046605189404213,0.001693452258102461,0.07182058500975275,0.08,0.08,0.0,0.73,0.1,0.0,0.85,0.0,0.0
F-DFHC-U,2023,0.03126765869278583,0.9021739130434783,0.6646324925413616,0.046605189404213,0.001693452258102461,0.07182058500975275,0.08,0.08,0.0,0.73,0.1,0.9,0.85,0.0,0.0
F-DFHC-U,2023,0.03126765869278583,0.9021739130434783,0.6646324925413616,0.046605189404213,0.001693452258102461,0.07182058500975275,0.08,0.08,0.0,0.74,0.1,0.0,0.85,0.0,0.0
F-DFHC-U,2023,0.03126765869278583,0.9021739130434783,0.6646324925413616,0.046605189404213,0.001693452258102461,0.07182058500975275,0.08,0.08,0.0,0.74,0.1,0.9,0.85,0.0,0.0
F-DFHC-U,2023,0.03126765869278583,0.9021739130434783,0.6646324925413616,0.046605189404213,0.001693452258102461,0.07182058500975275,0.08,0.08,0.0,0.746,0.1,0.0,0.85,0.0,0.0
F-DFHC-U,2023,0.03126765869278583,0.9021739130434783,0.6646324925413616,0.046605189404213,0.001693452258102461,0.07182058500975275,0.08,0.08,0.0,0.746,0.1,0.9,0.85,0.0,0.0
F-DFHC-U,2023,0.03126765869278583,0.9021739130434783,0.6646324925413616,0.046605189404213,0.001693452258102461,0.07182058500975275,0.08,0.08,0.0,0.75,0.1,0.0,0.85,0.0,0.0
F-DFHC-U,2023,0.03126765869278583,0.9021739130434783,0.6646324925413616,0.046605189404213,0.001693452258102461,0.07182058500975275,0.08,0.08,0.0,0.75,0.1,0.9,0.85,0.0,0.0
F-DFHC-U,2023,0.03126765869278583,0.9021739130434783,0.6646324925413616,0.046605189404213,0.001693452258102461,0.07182058500975275,0.08,0.08,0.02,0.0,0.1,0.0,0.85,0.0,0.0
F-DFHC-U,2023,0.03126765869278583,0.9021739130434783,0.6646324925413616,0.046605189404213,0.001693452258102461,0.07182058500975275,0.08,0.08,0.02,0.0,0.1,0.9,0.85,0.0,0.0
F-DFHC-U,2023,0.03126765869278583,0.9021739130434783,0.6646324925413616,0.046605189404213,0.001693452258102461,0.07182058500975275,0.08,0.08,0.02,0.7,0.1,0.0,0.85,0.0,0.0
F-DFHC-U,2023,0.03126765869278583,0.9021739130434783,0.6646324925413616,0.046605189404213,0.001693452258102461,0.07182058500975275,0.08,0.08,0.02,0.7,0.1,0.9,0.85,0.0,0.0
F-DFHC-U,2023,0.03126765869278583,0.9021739130434783,0.6646324925413616,0.046605189404213,0.001693452258102461,0.07182058500975275,0.08,0.08,0.02,0.72,0.1,0.0,0.85,0.0,0.0
F-DFHC-U,2023,0.03126765869278583,0.9021739130434783,0.6646324925413616,0.046605189404213,0.001693452258102461,0.07182058500975275,0.08,0.08,0.02,0.72,0.1,0.9,0.85,0.0,0.0
F-DFHC-U,2023,0.03126765869278583,0.9021739130434783,0.6646324925413616,0.046605189404213,0.001693452258102461,0.07182058500975275,0.08,0.08,0.02,0.73,0.1,0.0,0.85,0.0,0.0
F-DFHC-U,2023,0.03126765869278583,0.9021739130434783,0.6646324925413616,0.046605189404213,0.001693452258102461,0.07182058500975275,0.08,0.08,0.02,0.73,0.1,0.9,0.85,0.0,0.0
F-DFHC-U,2023,0.03126765869278583,0.9021739130434783,0.6646324925413616,0.046605189404213,0.001693452258102461,0.07182058500975275,0.08,0.08,0.02,0.74,0.1,0.0,0.85,0.0,0.0
F-DFHC-U,2023,0.03126765869278583,0.9021739130434783,0.6646324925413616,0.046605189404213,0.001693452258102461,0.07182058500975275,0.08,0.08,0.02,0.74,0.1,0.9,0.85,0.0,0.0
F-DFHC-U,2023,0.03126765869278583,0.9021739130434783,0.6646324925413616,0.046605189404213,0.001693452258102461,0.07182058500975275,0.08,0.08,0.02,0.746,0.1,0.0,0.85,0.0,0.0
F-DFHC-U,2023,0.03126765869278583,0.9021739130434783,0.6646324925413616,0.046605189404213,0.001693452258102461,0.07182058500975275,0.08,0.08,0.02,0.746,0.1,0.9,0.85,0.0,0.0
F-DFHC-U,2023,0.03126765869278583,0.9021739130434783,0.6646324925413616,0.046605189404213,0.001693452258102461,0.07182058500975275,0.08,0.08,0.02,0.75,0.1,0.0,0.85,0.0,0.0
F-DFHC-U,2023,0.03126765869278583,0.9021739130434783,0.6646324925413616,0.046605189404213,0.001693452258102461,0.07182058500975275,0.08,0.08,0.02,0.75,0.1,0.9,0.85,0.0,0.0
F-DFHC-U,2023,0.03126765869278583,0.9021739130434783,0.6646324925413616,0.046605189404213,0.001693452258102461,0.07182058500975275,0.08,0.08,0.04,0.0,0.1,0.0,0.85,0.0,0.0
F-DFHC-U,2023,0.03126765869278583,0.9021739130434783,0.6646324925413616,0.046605189404213,0.001693452258102461,0.07182058500975275,0.08,0.08,0.04,0.0,0.1,0.9,0.85,0.0,0.0
F-DFHC-U,2023,0.03126765869278583,0.9021739130434783,0.6646324925413616,0.046605189404213,0.001693452258102461,0.07182058500975275,0.08,0.08,0.04,0.7,0.1,0.0,0.85,0.0,0.0
F-DFHC-U,2023,0.03126765869278583,0.9021739130434783,0.6646324925413616,0.046605189404213,0.001693452258102461,0.07182058500975275,0.08,0.08,0.04,0.7,0.1,0.9,0.85,0.0,0.0
F-DFHC-U,2023,0.03126765869278583,0.9021739130434783,0.6646324925413616,0.046605189404213,0.001693452258102461,0.07182058500975275,0.08,0.08,0.04,0.72,0.1,0.0,0.85,0.0,0.0
F-DFHC-U,2023,0.03126765869278583,0.9021739130434783,0.6646324925413616,0.046605189404213,0.001693452258102461,0.07182058500975275,0.08,0.08,0.04,0.72,0.1,0.9,0.85,0.0,0.0
F-DFHC-U,2023,0.03126765869278583,0.9021739130434783,0.6646324925413616,0.046605189404213,0.001693452258102461,0.07182058500975275,0.08,0.08,0.04,0.73,0.1,0.0,0.85,0.0,0.0
F-DFHC-U,2023,0.03126765869278583,0.9021739130434783,0.6646324925413616,0.046605189404213,0.001693452258102461,0.07182058500975275,0.08,0.08,0.04,0.73,0.1,0.9,0.85,0.0,0.0
F-DFHC-U,2023,0.03126765869278583,0.9021739130434783,0.6646324925413616,0.046605189404213,0.001693452258102461,0.07182058500975275,0.08,0.08,0.04,0.74,0.1,0.0,0.85,0.0,0.0
F-DFHC-U,2023,0.03126765869278583,0.9021739130434783,0.6646324925413616,0.046605189404213,0.001693452258102461,0.07182058500975275,0.08,0.08,0.04,0.74,0.1,0.9,0.85,0.0,0.0
F-DFHC-U,2023,0.03126765869278583,0.9021739130434783,0.6646324925413616,0.046605189404213,0.001693452258102461,0.07182058500975275,0.08,0.08,0.04,0.746,0.1,0.0,0.85,0.0,0.0
F-DFHC-U,2023,0.03126765869278583,0.9021739130434783,0.6646324925413616,0.046605189404213,0.001693452258102461,0.07182058500975275,0.08,0.08,0.04,0.746,0.1,0.9,0.85,0.0,0.0
F-DFHC-U,2023,0.03126765869278583,0.9021739130434783,0.6646324925413616,0.046605189404213,0.001693452258102461,0.07182058500975275,0.08,0.08,0.04,0.75,0.1,0.0,0.85,0.0,0.0
F-DFHC-U,2023,0.03126765869278583,0.9021739130434783,0.6646324925413616,0.046605189404213,0.001693452258102461,0.07182058500975275,0.08,0.08,0.04,0.75,0.1,0.9,0.85,0.0,0.0
F-DFHC-U,2023,0.03126765869278583,0.9021739130434783,0.6646324925413616,0.046605189404213,0.001693452258102461,0.07182058500975275,0.1,0.08,0.0,0.0,0.1,0.0,0.85,0.0,0.0
F-DFHC-U,2023,0.03126765869278583,0.9021739130434783,0.6646324925413616,0.046605189404213,0.001693452258102461,0.07182058500975275,0.1,0.08,0.0,0.0,0.1,0.9,0.85,0.0,0.0
F-DFHC-U,2023,0.03126765869278583,0.9021739130434783,0.6646324925413616,0.046605189404213,0.001693452258102461,0.07182058500975275,0.1,0.08,0.0,0.7,0.1,0.0,0.85,0.0,0.0
F-DFHC-U,2023,0.03126765869278583,0.9021739130434783,0.6646324925413616,0.046605189404213,0.001693452258102461,0.07182058500975275,0.1,0.08,0.0,0.7,0.1,0.9,0.85,0.0,0.0
F-DFHC-U,2023,0.03126765869278583,0.9021739130434783,0.6646324925413616,0.046605189404213,0.001693452258102461,0.07182058500975275,0.1,0.08,0.0,0.72,0.1,0.0,0.85,0.0,0.0
F-DFHC-U,2023,0.03126765869278583,0.9021739130434783,0.6646324925413616,0.046605189404213,0.001693452258102461,0.07182058500975275,0.1,0.08,0.0,0.72,0.1,0.9,0.85,0.0,0.0
F-DFHC-U,2023,0.03126765869278583,0.9021739130434783,0.6646324925413616,0.046605189404213,0.001693452258102461,0.07182058500975275,0.1,0.08,0.0,0.73,0.1,0.0,0.85,0.0,0.0
F-DFHC-U,2023,0.03126765869278583,0.9021739130434783,0.6646324925413616,0.046605189404213,0.001693452258102461,0.07182058500975275,0.1,0.08,0.0,0.73,0.1,0.9,0.85,0.0,0.0
F-DFHC-U,2023,0.03126765869278583,0.9021739130434783,0.6646324925413616,0.046605189404213,0.001693452258102461,0.07182058500975275,0.1,0.08,0.0,0.74,0.1,0.0,0.85,0.0,0.0
F-DFHC-U,2023,0.03126765869278583,0.9021739130434783,0.6646324925413616,0.046605189404213,0.001693452258102461,0.07182058500975275,0.1,0.08,0.0,0.74,0.1,0.9,0.85,0.0,0.0
F-DFHC-U,2023,0.03126765869278583,0.9021739130434783,0.6646324925413616,0.046605189404213,0.001693452258102461,0.07182058500975275,0.1,0.08,0.0,0.746,0.1,0.0,0.85,0.0,0.0
F-DFHC-U,2023,0.03126765869278583,0.9021739130434783,0.6646324925413616,0.046605189404213,0.001693452258102461,0.07182058500975275,0.1,0.08,0.0,0.746,0.1,0.9,0.85,0.0,0.0
F-DFHC-U,2023,0.03126765869278583,0.9021739130434783,0.6646324925413616,0.046605189404213,0.001693452258102461,0.07182058500975275,0.1,0.08,0.0,0.75,0.1,0.0,0.85,0.0,0.0
F-DFHC-U,2023,0.03126765869278583,0.9021739130434783,0.6646324925413616,0.046605189404213,0.001693452258102461,0.07182058500975275,0.1,0.08,0.0,0.75,0.1,0.9,0.85,0.0,0.0
F-DFHC-U,2023,0.03126765869278583,0.9021739130434783,0.6646324925413616,0.046605189404213,0.001693452258102461,0.07182058500975275,0.1,0.08,0.02,0.0,0.1,0.0,0.85,0.0,0.0
F-DFHC-U,2023,0.03126765869278583,0.9021739130434783,0.6646324925413616,0.046605189404213,0.001693452258102461,0.07182058500975275,0.1,0.08,0.02,0.0,0.1,0.9,0.85,0.0,0.0
F-DFHC-U,2023,0.03126765869278583,0.9021739130434783,0.6646324925413616,0.046605189404213,0.001693452258102461,0.07182058500975275,0.1,0.08,0.02,0.7,0.1,0.0,0.85,0.0,0.0
F-DFHC-U,2023,0.03126765869278583,0.9021739130434783,0.6646324925413616,0.046605189404213,0.001693452258102461,0.07182058500975275,0.1,0.08,0.02,0.7,0.1,0.9,0.85,0.0,0.0
F-DFHC-U,2023,0.03126765869278583,0.9021739130434783,0.6646324925413616,0.046605189404213,0.001693452258102461,0.07182058500975275,0.1,0.08,0.02,0.72,0.1,0.0,0.85,0.0,0.0
F-DFHC-U,2023,0.03126765869278583,0.9021739130434783,0.6646324925413616,0.046605189404213,0.001693452258102461,0.07182058500975275,0.1,0.08,0.02,0.72,0.1,0.9,0.85,0.0,0.0
F-DFHC-U,2023,0.03126765869278583,0.9021739130434783,0.6646324925413616,0.046605189404213,0.001693452258102461,0.07182058500975275,0.1,0.08,0.02,0.73,0.1,0.0,0.85,0.0,0.0
F-DFHC-U,2023,0.03126765869278583,0.9021739130434783,0.6646324925413616,0.046605189404213,0.001693452258102461,0.07182058500975275,0.1,0.08,0.02,0.73,0.1,0.9,0.85,0.0,0.0
F-DFHC-U,2023,0.03126765869278583,0.9021739130434783,0.6646324925413616,0.046605189404213,0.001693452258102461,0.07182058500975275,0.1,0.08,0.02,0.74,0.1,0.0,0.85,0.0,0.0
F-DFHC-U,2023,0.03126765869278583,0.9021739130434783,0.6646324925413616,0.046605189404213,0.001693452258102461,0.07182058500975275,0.1,0.08,0.02,0.74,0.1,0.9,0.85,0.0,0.0
F-DFHC-U,2023,0.03126765869278583,0.9021739130434783,0.6646324925413616,0.046605189404213,0.001693452258102461,0.07182058500975275,0.1,0.08,0.02,0.746,0.1,0.0,0.85,0.0,0.0
F-DFHC-U,2023,0.03126765869278583,0.9021739130434783,0.6646324925413616,0.046605189404213,0.001693452258102461,0.07182058500975275,0.1,0.08,0.02,0.746,0.1,0.9,0.85,0.0,0.0
F-DFHC-U,2023,0.03126765869278583,0.9021739130434783,0.6646324925413616,0.046605189404213,0.001693452258102461,0.07182058500975275,0.1,0.08,0.02,0.75,0.1,0.0,0.85,0.0,0.0
F-DFHC-U,2023,0.03126765869278583,0.9021739130434783,0.6646324925413616,0.046605189404213,0.001693452258102461,0.07182058500975275,0.1,0.08,0.02,0.75,0.1,0.9,0.85,0.0,0.0
F-DFHC-U,2023,0.03126765869278583,0.9021739130434783,0.6646324925413616,0.046605189404213,0.001693452258102461,0.07182058500975275,0.1,0.08,0.04,0.0,0.1,0.0,0.85,0.0,0.0
F-DFHC-U,2023,0.03126765869278583,0.9021739130434783,0.6646324925413616,0.046605189404213,0.001693452258102461,0.07182058500975275,0.1,0.08,0.04,0.0,0.1,0.9,0.85,0.0,0.0
F-DFHC-U,2023,0.03126765869278583,0.9021739130434783,0.6646324925413616,0.046605189404213,0.001693452258102461,0.07182058500975275,0.1,0.08,0.04,0.7,0.1,0.0,0.85,0.0,0.0
F-DFHC-U,2023,0.03126765869278583,0.9021739130434783,0.6646324925413616,0.046605189404213,0.001693452258102461,0.07182058500975275,0.1,0.08,0.04,0.7,0.1,0.9,0.85,0.0,0.0
F-DFHC-U,2023,0.03126765869278583,0.9021739130434783,0.6646324925413616,0.046605189404213,0.001693452258102461,0.07182058500975275,0.1,0.08,0.04,0.72,0.1,0.0,0.85,0.0,0.0
F-DFHC-U,2023,0.03126765869278583,0.9021739130434783,0.6646324925413616,0.046605189404213,0.001693452258102461,0.07182058500975275,0.1,0.08,0.04,0.72,0.1,0.9,0.85,0.0,0.0
F-DFHC-U,2023,0.03126765869278583,0.9021739130434783,0.6646324925413616,0.046605189404213,0.001693452258102461,0.07182058500975275,0.1,0.08,0.04,0.73,0.1,0.0,0.85,0.0,0.0
F-DFHC-U,2023,0.03126765869278583,0.9021739130434783,0.6646324925413616,0.046605189404213,0.001693452258102461,0.07182058500975275,0.1,0.08,0.04,0.73,0.1,0.9,0.85,0.0,0.0
F-DFHC-U,2023,0.03126765869278583,0.9021739130434783,0.6646324925413616,0.046605189404213,0.001693452258102461,0.07182058500975275,0.1,0.08,0.04,0.74,0.1,0.0,0.85,0.0,0.0
F-DFHC-U,2023,0.03126765869278583,0.9021739130434783,0.6646324925413616,0.046605189404213,0.001693452258102461,0.07182058500975275,0.1,0.08,0.04,0.74,0.1,0.9,0.85,0.0,0.0
F-DFHC-U,2023,0.03126765869278583,0.9021739130434783,0.6646324925413616,0.046605189404213,0.001693452258102461,0.07182058500975275,0.1,0.08,0.04,0.746,0.1,0.0,0.85,0.0,0.0
F-DFHC-U,2023,0.03126765869278583,0.9021739130434783,0.6646324925413616,0.046605189404213,0.001693452258102461,0.07182058500975275,0.1,0.08,0.04,0.746,0.1,0.9,0.85,0.0,0.0
F-DFHC-U,2023,0.03126765869278583,0.9021739130434783,0.6646324925413616,0.046605189404213,0.001693452258102461,0.07182058500975275,0.1,0.08,0.04,0.75,0.1,0.0,0.85,0.0,0.0
F-DFHC-U,2023,0.03126765869278583,0.9021739130434783,0.6646324925413616,0.046605189404213,0.001693452258102461,0.07182058500975275,0.1,0.08,0.04,0.75,0.1,0.9,0.85,0.0,0.0
F-DFHC-U,2023,0.033716330759088343,0.9086294416243654,0.6652201428442275,0.046605189404213,0.002148154114817606,0.07182745079076845,0.0,0.08,0.0,0.0,0.1,0.0,0.85,0.95,0.0
F-DFHC-U,2023,0.03729515916368431,0.904109589041096,0.6662146279721545,0.046740801012566675,0.0022164000844044074,0.07164835088526586,0.08,0.04,0.06,0.0,0.1,0.0,0.0,0.0,0.0
F-DFHC-U,2023,0.03729515916368431,0.904109589041096,0.6662146279721545,0.046740801012566675,0.0022164000844044074,0.07164835088526586,0.08,0.04,0.06,0.0,0.1,0.9,0.0,0.0,0.0
F-DFHC-U,2023,0.03729515916368431,0.904109589041096,0.6662146279721545,0.046740801012566675,0.0022164000844044074,0.07164835088526586,0.08,0.04,0.06,0.7,0.1,0.0,0.0,0.0,0.0
F-DFHC-U,2023,0.03729515916368431,0.904109589041096,0.6662146279721545,0.046740801012566675,0.0022164000844044074,0.07164835088526586,0.08,0.04,0.06,0.7,0.1,0.9,0.0,0.0,0.0
F-DFHC-U,2023,0.03729515916368431,0.904109589041096,0.6662146279721545,0.046740801012566675,0.0022164000844044074,0.07164835088526586,0.08,0.04,0.06,0.72,0.1,0.0,0.0,0.0,0.0
F-DFHC-U,2023,0.03729515916368431,0.904109589041096,0.6662146279721545,0.046740801012566675,0.0022164000844044074,0.07164835088526586,0.08,0.04,0.06,0.72,0.1,0.9,0.0,0.0,0.0
F-DFHC-U,2023,0.03729515916368431,0.904109589041096,0.6662146279721545,0.046740801012566675,0.0022164000844044074,0.07164835088526586,0.08,0.04,0.06,0.73,0.1,0.0,0.0,0.0,0.0
F-DFHC-U,2023,0.03729515916368431,0.904109589041096,0.6662146279721545,0.046740801012566675,0.0022164000844044074,0.07164835088526586,0.08,0.04,0.06,0.73,0.1,0.9,0.0,0.0,0.0
F-DFHC-U,2023,0.03729515916368431,0.904109589041096,0.6662146279721545,0.046740801012566675,0.0022164000844044074,0.07164835088526586,0.08,0.04,0.06,0.74,0.1,0.0,0.0,0.0,0.0
F-DFHC-U,2023,0.03729515916368431,0.904109589041096,0.6662146279721545,0.046740801012566675,0.0022164000844044074,0.07164835088526586,0.08,0.04,0.06,0.74,0.1,0.9,0.0,0.0,0.0
F-DFHC-U,2023,0.03729515916368431,0.904109589041096,0.6662146279721545,0.046740801012566675,0.0022164000844044074,0.07164835088526586,0.08,0.04,0.06,0.746,0.1,0.0,0.0,0.0,0.0
F-DFHC-U,2023,0.03729515916368431,0.904109589041096,0.6662146279721545,0.046740801012566675,0.0022164000844044074,0.07164835088526586,0.08,0.04,0.06,0.746,0.1,0.9,0.0,0.0,0.0
F-DFHC-U,2023,0.03729515916368431,0.904109589041096,0.6662146279721545,0.046740801012566675,0.0022164000844044074,0.07164835088526586,0.08,0.04,0.06,0.75,0.1,0.0,0.0,0.0,0.0
F-DFHC-U,2023,0.03729515916368431,0.904109589041096,0.6662146279721545,0.046740801012566675,0.0022164000844044074,0.07164835088526586,0.08,0.04,0.06,0.75,0.1,0.9,0.0,0.0,0.0
F-DFHC-U,2023,0.03729515916368431,0.904109589041096,0.6662146279721545,0.046740801012566675,0.0022164000844044074,0.07164835088526586,0.08,0.06,0.06,0.0,0.1,0.0,0.0,0.0,0.0
F-DFHC-U,2023,0.03729515916368431,0.904109589041096,0.6662146279721545,0.046740801012566675,0.0022164000844044074,0.07164835088526586,0.08,0.06,0.06,0.0,0.1,0.9,0.0,0.0,0.0
F-DFHC-U,2023,0.03729515916368431,0.904109589041096,0.6662146279721545,0.046740801012566675,0.0022164000844044074,0.07164835088526586,0.08,0.06,0.06,0.7,0.1,0.0,0.0,0.0,0.0
F-DFHC-U,2023,0.03729515916368431,0.904109589041096,0.6662146279721545,0.046740801012566675,0.0022164000844044074,0.07164835088526586,0.08,0.06,0.06,0.7,0.1,0.9,0.0,0.0,0.0
F-DFHC-U,2023,0.03729515916368431,0.904109589041096,0.6662146279721545,0.046740801012566675,0.0022164000844044074,0.07164835088526586,0.08,0.06,0.06,0.72,0.1,0.0,0.0,0.0,0.0
F-DFHC-U,2023,0.03729515916368431,0.904109589041096,0.6662146279721545,0.046740801012566675,0.0022164000844044074,0.07164835088526586,0.08,0.06,0.06,0.72,0.1,0.9,0.0,0.0,0.0
F-DFHC-U,2023,0.03729515916368431,0.904109589041096,0.6662146279721545,0.046740801012566675,0.0022164000844044074,0.07164835088526586,0.08,0.06,0.06,0.73,0.1,0.0,0.0,0.0,0.0
F-DFHC-U,2023,0.03729515916368431,0.904109589041096,0.6662146279721545,0.046740801012566675,0.0022164000844044074,0.07164835088526586,0.08,0.06,0.06,0.73,0.1,0.9,0.0,0.0,0.0
F-DFHC-U,2023,0.03729515916368431,0.904109589041096,0.6662146279721545,0.046740801012566675,0.0022164000844044074,0.07164835088526586,0.08,0.06,0.06,0.74,0.1,0.0,0.0,0.0,0.0
F-DFHC-U,2023,0.03729515916368431,0.904109589041096,0.6662146279721545,0.046740801012566675,0.0022164000844044074,0.07164835088526586,0.08,0.06,0.06,0.74,0.1,0.9,0.0,0.0,0.0
F-DFHC-U,2023,0.03729515916368431,0.904109589041096,0.6662146279721545,0.046740801012566675,0.0022164000844044074,0.07164835088526586,0.08,0.06,0.06,0.746,0.1,0.0,0.0,0.0,0.0
F-DFHC-U,2023,0.03729515916368431,0.904109589041096,0.6662146279721545,0.046740801012566675,0.0022164000844044074,0.07164835088526586,0.08,0.06,0.06,0.746,0.1,0.9,0.0,0.0,0.0
F-DFHC-U,2023,0.03729515916368431,0.904109589041096,0.6662146279721545,0.046740801012566675,0.0022164000844044074,0.07164835088526586,0.08,0.06,0.06,0.75,0.1,0.0,0.0,0.0,0.0
F-DFHC-U,2023,0.03729515916368431,0.904109589041096,0.6662146279721545,0.046740801012566675,0.0022164000844044074,0.07164835088526586,0.08,0.06,0.06,0.75,0.1,0.9,0.0,0.0,0.0
F-DFHC-U,2023,0.03729515916368431,0.904109589041096,0.6662146279721545,0.046740801012566675,0.0022164000844044074,0.07164835088526586,0.1,0.04,0.06,0.0,0.1,0.0,0.0,0.0,0.0
F-DFHC-U,2023,0.03729515916368431,0.904109589041096,0.6662146279721545,0.046740801012566675,0.0022164000844044074,0.07164835088526586,0.1,0.04,0.06,0.0,0.1,0.9,0.0,0.0,0.0
F-DFHC-U,2023,0.03729515916368431,0.904109589041096,0.6662146279721545,0.046740801012566675,0.0022164000844044074,0.07164835088526586,0.1,0.04,0.06,0.7,0.1,0.0,0.0,0.0,0.0
F-DFHC-U,2023,0.03729515916368431,0.904109589041096,0.6662146279721545,0.046740801012566675,0.0022164000844044074,0.07164835088526586,0.1,0.04,0.06,0.7,0.1,0.9,0.0,0.0,0.0
F-DFHC-U,2023,0.03729515916368431,0.904109589041096,0.6662146279721545,0.046740801012566675,0.0022164000844044074,0.07164835088526586,0.1,0.04,0.06,0.72,0.1,0.0,0.0,0.0,0.0
F-DFHC-U,2023,0.03729515916368431,0.904109589041096,0.6662146279721545,0.046740801012566675,0.0022164000844044074,0.07164835088526586,0.1,0.04,0.06,0.72,0.1,0.9,0.0,0.0,0.0
F-DFHC-U,2023,0.03729515916368431,0.904109589041096,0.6662146279721545,0.046740801012566675,0.0022164000844044074,0.07164835088526586,0.1,0.04,0.06,0.73,0.1,0.0,0.0,0.0,0.0
F-DFHC-U,2023,0.03729515916368431,0.904109589041096,0.6662146279721545,0.046740801012566675,0.0022164000844044074,0.07164835088526586,0.1,0.04,0.06,0.73,0.1,0.9,0.0,0.0,0.0
F-DFHC-U,2023,0.03729515916368431,0.904109589041096,0.6662146279721545,0.046740801012566675,0.0022164000844044074,0.07164835088526586,0.1,0.04,0.06,0.74,0.1,0.0,0.0,0.0,0.0
F-DFHC-U,2023,0.03729515916368431,0.904109589041096,0.6662146279721545,0.046740801012566675,0.0022164000844044074,0.07164835088526586,0.1,0.04,0.06,0.74,0.1,0.9,0.0,0.0,0.0
F-DFHC-U,2023,0.03729515916368431,0.904109589041096,0.6662146279721545,0.046740801012566675,0.0022164000844044074,0.07164835088526586,0.1,0.04,0.06,0.746,0.1,0.0,0.0,0.0,0.0
F-DFHC-U,2023,0.03729515916368431,0.904109589041096,0.6662146279721545,0.046740801012566675,0.0022164000844044074,0.07164835088526586,0.1,0.04,0.06,0.746,0.1,0.9,0.0,0.0,0.0
F-DFHC-U,2023,0.03729515916368431,0.904109589041096,0.6662146279721545,0.046740801012566675,0.0022164000844044074,0.07164835088526586,0.1,0.04,0.06,0.75,0.1,0.0,0.0,0.0,0.0
F-DFHC-U,2023,0.03729515916368431,0.904109589041096,0.6662146279721545,0.046740801012566675,0.0022164000844044074,0.07164835088526586,0.1,0.04,0.06,0.75,0.1,0.9,0.0,0.0,0.0
F-DFHC-U,2023,0.03729515916368431,0.904109589041096,0.6662146279721545,0.046740801012566675,0.0022164000844044074,0.07164835088526586,0.1,0.06,0.06,0.0,0.1,0.0,0.0,0.0,0.0
F-DFHC-U,2023,0.03729515916368431,0.904109589041096,0.6662146279721545,0.046740801012566675,0.0022164000844044074,0.07164835088526586,0.1,0.06,0.06,0.0,0.1,0.9,0.0,0.0,0.0
F-DFHC-U,2023,0.03729515916368431,0.904109589041096,0.6662146279721545,0.046740801012566675,0.0022164000844044074,0.07164835088526586,0.1,0.06,0.06,0.7,0.1,0.0,0.0,0.0,0.0
F-DFHC-U,2023,0.03729515916368431,0.904109589041096,0.6662146279721545,0.046740801012566675,0.0022164000844044074,0.07164835088526586,0.1,0.06,0.06,0.7,0.1,0.9,0.0,0.0,0.0
F-DFHC-U,2023,0.03729515916368431,0.904109589041096,0.6662146279721545,0.046740801012566675,0.0022164000844044074,0.07164835088526586,0.1,0.06,0.06,0.72,0.1,0.0,0.0,0.0,0.0
F-DFHC-U,2023,0.03729515916368431,0.904109589041096,0.6662146279721545,0.046740801012566675,0.0022164000844044074,0.07164835088526586,0.1,0.06,0.06,0.72,0.1,0.9,0.0,0.0,0.0
F-DFHC-U,2023,0.03729515916368431,0.904109589041096,0.6662146279721545,0.046740801012566675,0.0022164000844044074,0.07164835088526586,0.1,0.06,0.06,0.73,0.1,0.0,0.0,0.0,0.0
F-DFHC-U,2023,0.03729515916368431,0.904109589041096,0.6662146279721545,0.046740801012566675,0.0022164000844044074,0.07164835088526586,0.1,0.06,0.06,0.73,0.1,0.9,0.0,0.0,0.0
F-DFHC-U,2023,0.03729515916368431,0.904109589041096,0.6662146279721545,0.046740801012566675,0.0022164000844044074,0.07164835088526586,0.1,0.06,0.06,0.74,0.1,0.0,0.0,0.0,0.0
F-DFHC-U,2023,0.03729515916368431,0.904109589041096,0.6662146279721545,0.046740801012566675,0.0022164000844044074,0.07164835088526586,0.1,0.06,0.06,0.74,0.1,0.9,0.0,0.0,0.0
F-DFHC-U,2023,0.03729515916368431,0.904109589041096,0.6662146279721545,0.046740801012566675,0.0022164000844044074,0.07164835088526586,0.1,0.06,0.06,0.746,0.1,0.0,0.0,0.0,0.0
F-DFHC-U,2023,0.03729515916368431,0.904109589041096,0.6662146279721545,0.046740801012566675,0.0022164000844044074,0.07164835088526586,0.1,0.06,0.06,0.746,0.1,0.9,0.0,0.0,0.0
F-DFHC-U,2023,0.03729515916368431,0.904109589041096,0.6662146279721545,0.046740801012566675,0.0022164000844044074,0.07164835088526586,0.1,0.06,0.06,0.75,0.1,0.0,0.0,0.0,0.0
F-DFHC-U,2023,0.03729515916368431,0.904109589041096,0.6662146279721545,0.046740801012566675,0.0022164000844044074,0.07164835088526586,0.1,0.06,0.06,0.75,0.1,0.9,0.0,0.0,0.0
F-DFHC-U,2023,0.034846487097381806,0.9068627450980392,0.6653557544525812,0.046514781665310555,0.002847819190633559,0.07188934151320464,0.0,0.08,0.0,0.0,0.1,0.0,0.85,0.925,0.0
F-DFHC-U,2023,0.036541721604822,0.9065420560747663,0.6657625892776421,0.046514781665310555,0.0033679079360498937,0.07189618147809518,0.0,0.08,0.0,0.0,0.1,0.0,0.85,0.9,0.0
F-DFHC-U,2023,0.03842531550197777,0.9107142857142857,0.6662146279721545,0.046514781665310555,0.004753871724561688,0.07194434732646557,0.0,0.08,0.0,0.0,0.1,0.0,0.85,0.875,0.0
F-DFHC-U,2023,0.039743831229986815,0.9017094017094017,0.6666666666666667,0.04665039327366423,0.005939202348626223,0.07186850054040535,0.0,0.08,0.0,0.0,0.1,0.0,0.85,0.85,0.0
F-DFHC-U,2023,0.039743831229986815,0.9017094017094017,0.6937889883374017,0.05456107042762861,0.005939202348626223,0.07991268950128858,0.0,0.08,0.0,0.0,0.12,0.0,0.85,0.85,0.0
F-DFHC-U,2023,0.039743831229986815,0.9017094017094017,0.6668926860139228,0.04683120875146913,0.007986110236881422,0.07191696641053391,0.08,0.08,0.0,0.0,0.1,0.0,0.0,0.0,0.0
F-DFHC-U,2023,0.039743831229986815,0.9017094017094017,0.6668926860139228,0.04683120875146913,0.007986110236881422,0.07191696641053391,0.08,0.08,0.0,0.0,0.1,0.9,0.0,0.0,0.0
F-DFHC-U,2023,0.039743831229986815,0.9017094017094017,0.6668926860139228,0.04683120875146913,0.007986110236881422,0.07191696641053391,0.08,0.08,0.0,0.7,0.1,0.0,0.0,0.0,0.0
F-DFHC-U,2023,0.039743831229986815,0.9017094017094017,0.6668926860139228,0.04683120875146913,0.007986110236881422,0.07191696641053391,0.08,0.08,0.0,0.7,0.1,0.9,0.0,0.0,0.0
F-DFHC-U,2023,0.039743831229986815,0.9017094017094017,0.6668926860139228,0.04683120875146913,0.007986110236881422,0.07191696641053391,0.08,0.08,0.0,0.72,0.1,0.0,0.0,0.0,0.0
F-DFHC-U,2023,0.039743831229986815,0.9017094017094017,0.6668926860139228,0.04683120875146913,0.007986110236881422,0.07191696641053391,0.08,0.08,0.0,0.72,0.1,0.9,0.0,0.0,0.0
F-DFHC-U,2023,0.039743831229986815,0.9017094017094017,0.6668926860139228,0.04683120875146913,0.007986110236881422,0.07191696641053391,0.08,0.08,0.0,0.73,0.1,0.0,0.0,0.0,0.0
F-DFHC-U,2023,0.039743831229986815,0.9017094017094017,0.6668926860139228,0.04683120875146913,0.007986110236881422,0.07191696641053391,0.08,0.08,0.0,0.73,0.1,0.9,0.0,0.0,0.0
F-DFHC-U,2023,0.039743831229986815,0.9017094017094017,0.6668926860139228,0.04683120875146913,0.007986110236881422,0.07191696641053391,0.08,0.08,0.0,0.74,0.1,0.0,0.0,0.0,0.0
F-DFHC-U,2023,0.039743831229986815,0.9017094017094017,0.6668926860139228,0.04683120875146913,0.007986110236881422,0.07191696641053391,0.08,0.08,0.0,0.74,0.1,0.9,0.0,0.0,0.0
F-DFHC-U,2023,0.039743831229986815,0.9017094017094017,0.6668926860139228,0.04683120875146913,0.007986110236881422,0.07191696641053391,0.08,0.08,0.0,0.746,0.1,0.0,0.0,0.0,0.0
F-DFHC-U,2023,0.039743831229986815,0.9017094017094017,0.6668926860139228,0.04683120875146913,0.007986110236881422,0.07191696641053391,0.08,0.08,0.0,0.746,0.1,0.9,0.0,0.0,0.0
F-DFHC-U,2023,0.039743831229986815,0.9017094017094017,0.6668926860139228,0.04683120875146913,0.007986110236881422,0.07191696641053391,0.08,0.08,0.0,0.75,0.1,0.0,0.0,0.0,0.0
F-DFHC-U,2023,0.039743831229986815,0.9017094017094017,0.6668926860139228,0.04683120875146913,0.007986110236881422,0.07191696641053391,0.08,0.08,0.0,0.75,0.1,0.9,0.0,0.0,0.0
F-DFHC-U,2023,0.039743831229986815,0.9017094017094017,0.6668926860139228,0.04683120875146913,0.007986110236881422,0.07191696641053391,0.08,0.08,0.02,0.0,0.1,0.0,0.0,0.0,0.0
F-DFHC-U,2023,0.039743831229986815,0.9017094017094017,0.6668926860139228,0.04683120875146913,0.007986110236881422,0.07191696641053391,0.08,0.08,0.02,0.0,0.1,0.9,0.0,0.0,0.0
F-DFHC-U,2023,0.039743831229986815,0.9017094017094017,0.6668926860139228,0.04683120875146913,0.007986110236881422,0.07191696641053391,0.08,0.08,0.02,0.7,0.1,0.0,0.0,0.0,0.0
F-DFHC-U,2023,0.039743831229986815,0.9017094017094017,0.6668926860139228,0.04683120875146913,0.007986110236881422,0.07191696641053391,0.08,0.08,0.02,0.7,0.1,0.9,0.0,0.0,0.0
F-DFHC-U,2023,0.039743831229986815,0.9017094017094017,0.6668926860139228,0.04683120875146913,0.007986110236881422,0.07191696641053391,0.08,0.08,0.02,0.72,0.1,0.0,0.0,0.0,0.0
F-DFHC-U,2023,0.039743831229986815,0.9017094017094017,0.6668926860139228,0.04683120875146913,0.007986110236881422,0.07191696641053391,0.08,0.08,0.02,0.72,0.1,0.9,0.0,0.0,0.0
F-DFHC-U,2023,0.039743831229986815,0.9017094017094017,0.6668926860139228,0.04683120875146913,0.007986110236881422,0.07191696641053391,0.08,0.08,0.02,0.73,0.1,0.0,0.0,0.0,0.0
F-DFHC-U,2023,0.039743831229986815,0.9017094017094017,0.6668926860139228,0.04683120875146913,0.007986110236881422,0.07191696641053391,0.08,0.08,0.02,0.73,0.1,0.9,0.0,0.0,0.0
F-DFHC-U,2023,0.039743831229986815,0.9017094017094017,0.6668926860139228,0.04683120875146913,0.007986110236881422,0.07191696641053391,0.08,0.08,0.02,0.74,0.1,0.0,0.0,0.0,0.0
F-DFHC-U,2023,0.039743831229986815,0.9017094017094017,0.6668926860139228,0.04683120875146913,0.007986110236881422,0.07191696641053391,0.08,0.08,0.02,0.74,0.1,0.9,0.0,0.0,0.0
F-DFHC-U,2023,0.039743831229986815,0.9017094017094017,0.6668926860139228,0.04683120875146913,0.007986110236881422,0.07191696641053391,0.08,0.08,0.02,0.746,0.1,0.0,0.0,0.0,0.0
F-DFHC-U,2023,0.039743831229986815,0.9017094017094017,0.6668926860139228,0.04683120875146913,0.007986110236881422,0.07191696641053391,0.08,0.08,0.02,0.746,0.1,0.9,0.0,0.0,0.0
F-DFHC-U,2023,0.039743831229986815,0.9017094017094017,0.6668926860139228,0.04683120875146913,0.007986110236881422,0.07191696641053391,0.08,0.08,0.02,0.75,0.1,0.0,0.0,0.0,0.0
F-DFHC-U,2023,0.039743831229986815,0.9017094017094017,0.6668926860139228,0.04683120875146913,0.007986110236881422,0.07191696641053391,0.08,0.08,0.02,0.75,0.1,0.9,0.0,0.0,0.0
F-DFHC-U,2023,0.039743831229986815,0.9017094017094017,0.6668926860139228,0.04683120875146913,0.007986110236881422,0.07191696641053391,0.08,0.08,0.04,0.0,0.1,0.0,0.0,0.0,0.0
F-DFHC-U,2023,0.039743831229986815,0.9017094017094017,0.6668926860139228,0.04683120875146913,0.007986110236881422,0.07191696641053391,0.08,0.08,0.04,0.0,0.1,0.9,0.0,0.0,0.0
F-DFHC-U,2023,0.039743831229986815,0.9017094017094017,0.6668926860139228,0.04683120875146913,0.007986110236881422,0.07191696641053391,0.08,0.08,0.04,0.7,0.1,0.0,0.0,0.0,0.0
F-DFHC-U,2023,0.039743831229986815,0.9017094017094017,0.6668926860139228,0.04683120875146913,0.007986110236881422,0.07191696641053391,0.08,0.08,0.04,0.7,0.1,0.9,0.0,0.0,0.0
F-DFHC-U,2023,0.039743831229986815,0.9017094017094017,0.6668926860139228,0.04683120875146913,0.007986110236881422,0.07191696641053391,0.08,0.08,0.04,0.72,0.1,0.0,0.0,0.0,0.0
F-DFHC-U,2023,0.039743831229986815,0.9017094017094017,0.6668926860139228,0.04683120875146913,0.007986110236881422,0.07191696641053391,0.08,0.08,0.04,0.72,0.1,0.9,0.0,0.0,0.0
F-DFHC-U,2023,0.039743831229986815,0.9017094017094017,0.6668926860139228,0.04683120875146913,0.007986110236881422,0.07191696641053391,0.08,0.08,0.04,0.73,0.1,0.0,0.0,0.0,0.0
F-DFHC-U,2023,0.039743831229986815,0.9017094017094017,0.6668926860139228,0.04683120875146913,0.007986110236881422,0.07191696641053391,0.08,0.08,0.04,0.73,0.1,0.9,0.0,0.0,0.0
F-DFHC-U,2023,0.039743831229986815,0.9017094017094017,0.6668926860139228,0.04683120875146913,0.007986110236881422,0.07191696641053391,0.08,0.08,0.04,0.74,0.1,0.0,0.0,0.0,0.0
F-DFHC-U,2023,0.039743831229986815,0.9017094017094017,0.6668926860139228,0.04683120875146913,0.007986110236881422,0.07191696641053391,0.08,0.08,0.04,0.74,0.1,0.9,0.0,0.0,0.0
F-DFHC-U,2023,0.039743831229986815,0.9017094017094017,0.6668926860139228,0.04683120875146913,0.007986110236881422,0.07191696641053391,0.08,0.08,0.04,0.746,0.1,0.0,0.0,0.0,0.0
F-DFHC-U,2023,0.039743831229986815,0.9017094017094017,0.6668926860139228,0.04683120875146913,0.007986110236881422,0.07191696641053391,0.08,0.08,0.04,0.746,0.1,0.9,0.0,0.0,0.0
F-DFHC-U,2023,0.039743831229986815,0.9017094017094017,0.6668926860139228,0.04683120875146913,0.007986110236881422,0.07191696641053391,0.08,0.08,0.04,0.75,0.1,0.0,0.0,0.0,0.0
F-DFHC-U,2023,0.039743831229986815,0.9017094017094017,0.6668926860139228,0.04683120875146913,0.007986110236881422,0.07191696641053391,0.08,0.08,0.04,0.75,0.1,0.9,0.0,0.0,0.0
F-DFHC-U,2023,0.039743831229986815,0.9017094017094017,0.6668926860139228,0.04683120875146913,0.007986110236881422,0.07191696641053391,0.1,0.08,0.0,0.0,0.1,0.0,0.0,0.0,0.0
F-DFHC-U,2023,0.039743831229986815,0.9017094017094017,0.6668926860139228,0.04683120875146913,0.007986110236881422,0.07191696641053391,0.1,0.08,0.0,0.0,0.1,0.9,0.0,0.0,0.0
F-DFHC-U,2023,0.039743831229986815,0.9017094017094017,0.6668926860139228,0.04683120875146913,0.007986110236881422,0.07191696641053391,0.1,0.08,0.0,0.7,0.1,0.0,0.0,0.0,0.0
F-DFHC-U,2023,0.039743831229986815,0.9017094017094017,0.6668926860139228,0.04683120875146913,0.007986110236881422,0.07191696641053391,0.1,0.08,0.0,0.7,0.1,0.9,0.0,0.0,0.0
F-DFHC-U,2023,0.039743831229986815,0.9017094017094017,0.6668926860139228,0.04683120875146913,0.007986110236881422,0.07191696641053391,0.1,0.08,0.0,0.72,0.1,0.0,0.0,0.0,0.0
F-DFHC-U,2023,0.039743831229986815,0.9017094017094017,0.6668926860139228,0.04683120875146913,0.007986110236881422,0.07191696641053391,0.1,0.08,0.0,0.72,0.1,0.9,0.0,0.0,0.0
F-DFHC-U,2023,0.039743831229986815,0.9017094017094017,0.6668926860139228,0.04683120875146913,0.007986110236881422,0.07191696641053391,0.1,0.08,0.0,0.73,0.1,0.0,0.0,0.0,0.0
F-DFHC-U,2023,0.039743831229986815,0.9017094017094017,0.6668926860139228,0.04683120875146913,0.007986110236881422,0.07191696641053391,0.1,0.08,0.0,0.73,0.1,0.9,0.0,0.0,0.0
F-DFHC-U,2023,0.039743831229986815,0.9017094017094017,0.6668926860139228,0.04683120875146913,0.007986110236881422,0.07191696641053391,0.1,0.08,0.0,0.74,0.1,0.0,0.0,0.0,0.0
F-DFHC-U,2023,0.039743831229986815,0.9017094017094017,0.6668926860139228,0.04683120875146913,0.007986110236881422,0.07191696641053391,0.1,0.08,0.0,0.74,0.1,0.9,0.0,0.0,0.0
F-DFHC-U,2023,0.039743831229986815,0.9017094017094017,0.6668926860139228,0.04683120875146913,0.007986110236881422,0.07191696641053391,0.1,0.08,0.0,0.746,0.1,0.0,0.0,0.0,0.0
F-DFHC-U,2023,0.039743831229986815,0.9017094017094017,0.6668926860139228,0.04683120875146913,0.007986110236881422,0.07191696641053391,0.1,0.08,0.0,0.746,0.1,0.9,0.0,0.0,0.0
F-DFHC-U,2023,0.039743831229986815,0.9017094017094017,0.6668926860139228,0.04683120875146913,0.007986110236881422,0.07191696641053391,0.1,0.08,0.0,0.75,0.1,0.0,0.0,0.0,0.0
F-DFHC-U,2023,0.039743831229986815,0.9017094017094017,0.6668926860139228,0.04683120875146913,0.007986110236881422,0.07191696641053391,0.1,0.08,0.0,0.75,0.1,0.9,0.0,0.0,0.0
F-DFHC-U,2023,0.039743831229986815,0.9017094017094017,0.6668926860139228,0.04683120875146913,0.007986110236881422,0.07191696641053391,0.1,0.08,0.02,0.0,0.1,0.0,0.0,0.0,0.0
F-DFHC-U,2023,0.039743831229986815,0.9017094017094017,0.6668926860139228,0.04683120875146913,0.007986110236881422,0.07191696641053391,0.1,0.08,0.02,0.0,0.1,0.9,0.0,0.0,0.0
F-DFHC-U,2023,0.039743831229986815,0.9017094017094017,0.6668926860139228,0.04683120875146913,0.007986110236881422,0.07191696641053391,0.1,0.08,0.02,0.7,0.1,0.0,0.0,0.0,0.0
F-DFHC-U,2023,0.039743831229986815,0.9017094017094017,0.6668926860139228,0.04683120875146913,0.007986110236881422,0.07191696641053391,0.1,0.08,0.02,0.7,0.1,0.9,0.0,0.0,0.0
F-DFHC-U,2023,0.039743831229986815,0.9017094017094017,0.6668926860139228,0.04683120875146913,0.007986110236881422,0.07191696641053391,0.1,0.08,0.02,0.72,0.1,0.0,0.0,0.0,0.0
F-DFHC-U,2023,0.039743831229986815,0.9017094017094017,0.6668926860139228,0.04683120875146913,0.007986110236881422,0.07191696641053391,0.1,0.08,0.02,0.72,0.1,0.9,0.0,0.0,0.0
F-DFHC-U,2023,0.039743831229986815,0.9017094017094017,0.6668926860139228,0.04683120875146913,0.007986110236881422,0.07191696641053391,0.1,0.08,0.02,0.73,0.1,0.0,0.0,0.0,0.0
F-DFHC-U,2023,0.039743831229986815,0.9017094017094017,0.6668926860139228,0.04683120875146913,0.007986110236881422,0.07191696641053391,0.1,0.08,0.02,0.73,0.1,0.9,0.0,0.0,0.0
F-DFHC-U,2023,0.039743831229986815,0.9017094017094017,0.6668926860139228,0.04683120875146913,0.007986110236881422,0.07191696641053391,0.1,0.08,0.02,0.74,0.1,0.0,0.0,0.0,0.0
F-DFHC-U,2023,0.039743831229986815,0.9017094017094017,0.6668926860139228,0.04683120875146913,0.007986110236881422,0.07191696641053391,0.1,0.08,0.02,0.74,0.1,0.9,0.0,0.0,0.0
F-DFHC-U,2023,0.039743831229986815,0.9017094017094017,0.6668926860139228,0.04683120875146913,0.007986110236881422,0.07191696641053391,0.1,0.08,0.02,0.746,0.1,0.0,0.0,0.0,0.0
F-DFHC-U,2023,0.039743831229986815,0.9017094017094017,0.6668926860139228,0.04683120875146913,0.007986110236881422,0.07191696641053391,0.1,0.08,0.02,0.746,0.1,0.9,0.0,0.0,0.0
F-DFHC-U,2023,0.039743831229986815,0.9017094017094017,0.6668926860139228,0.04683120875146913,0.007986110236881422,0.07191696641053391,0.1,0.08,0.02,0.75,0.1,0.0,0.0,0.0,0.0
F-DFHC-U,2023,0.039743831229986815,0.9017094017094017,0.6668926860139228,0.04683120875146913,0.007986110236881422,0.07191696641053391,0.1,0.08,0.02,0.75,0.1,0.9,0.0,0.0,0.0
F-DFHC-U,2023,0.039743831229986815,0.9017094017094017,0.6668926860139228,0.04683120875146913,0.007986110236881422,0.07191696641053391,0.1,0.08,0.04,0.0,0.1,0.0,0.0,0.0,0.0
F-DFHC-U,2023,0.039743831229986815,0.9017094017094017,0.6668926860139228,0.04683120875146913,0.007986110236881422,0.07191696641053391,0.1,0.08,0.04,0.0,0.1,0.9,0.0,0.0,0.0
F-DFHC-U,2023,0.039743831229986815,0.9017094017094017,0.6668926860139228,0.04683120875146913,0.007986110236881422,0.07191696641053391,0.1,0.08,0.04,0.7,0.1,0.0,0.0,0.0,0.0
F-DFHC-U,2023,0.039743831229986815,0.9017094017094017,0.6668926860139228,0.04683120875146913,0.007986110236881422,0.07191696641053391,0.1,0.08,0.04,0.7,0.1,0.9,0.0,0.0,0.0
F-DFHC-U,2023,0.039743831229986815,0.9017094017094017,0.6668926860139228,0.04683120875146913,0.007986110236881422,0.07191696641053391,0.1,0.08,0.04,0.72,0.1,0.0,0.0,0.0,0.0
F-DFHC-U,2023,0.039743831229986815,0.9017094017094017,0.6668926860139228,0.04683120875146913,0.007986110236881422,0.07191696641053391,0.1,0.08,0.04,0.72,0.1,0.9,0.0,0.0,0.0
F-DFHC-U,2023,0.039743831229986815,0.9017094017094017,0.6668926860139228,0.04683120875146913,0.007986110236881422,0.07191696641053391,0.1,0.08,0.04,0.73,0.1,0.0,0.0,0.0,0.0
F-DFHC-U,2023,0.039743831229986815,0.9017094017094017,0.6668926860139228,0.04683120875146913,0.007986110236881422,0.07191696641053391,0.1,0.08,0.04,0.73,0.1,0.9,0.0,0.0,0.0
F-DFHC-U,2023,0.039743831229986815,0.9017094017094017,0.6668926860139228,0.04683120875146913,0.007986110236881422,0.07191696641053391,0.1,0.08,0.04,0.74,0.1,0.0,0.0,0.0,0.0
F-DFHC-U,2023,0.039743831229986815,0.9017094017094017,0.6668926860139228,0.04683120875146913,0.007986110236881422,0.07191696641053391,0.1,0.08,0.04,0.74,0.1,0.9,0.0,0.0,0.0
F-DFHC-U,2023,0.039743831229986815,0.9017094017094017,0.6668926860139228,0.04683120875146913,0.007986110236881422,0.07191696641053391,0.1,0.08,0.04,0.746,0.1,0.0,0.0,0.0,0.0
F-DFHC-U,2023,0.039743831229986815,0.9017094017094017,0.6668926860139228,0.04683120875146913,0.007986110236881422,0.07191696641053391,0.1,0.08,0.04,0.746,0.1,0.9,0.0,0.0,0.0
F-DFHC-U,2023,0.039743831229986815,0.9017094017094017,0.6668926860139228,0.04683120875146913,0.007986110236881422,0.07191696641053391,0.1,0.08,0.04,0.75,0.1,0.0,0.0,0.0,0.0
F-DFHC-U,2023,0.039743831229986815,0.9017094017094017,0.6668926860139228,0.04683120875146913,0.007986110236881422,0.07191696641053391,0.1,0.08,0.04,0.75,0.1,0.9,0.0,0.0,0.0
F-DFHC-U,2023,0.042569222075720475,0.904,0.6676159479251423,0.046876412620920356,0.012906085110727529,0.07202015691959651,0.0,0.08,0.06,0.0,0.1,0.0,0.0,0.0,0.0
F-DFHC-U,2023,0.042569222075720475,0.904,0.6676159479251423,0.046876412620920356,0.012906085110727529,0.07202015691959651,0.0,0.08,0.06,0.0,0.1,0.0,0.85,0.0,0.0
F-DFHC-U,2023,0.042569222075720475,0.904,0.6676159479251423,0.046876412620920356,0.012906085110727529,0.07202015691959651,0.0,0.08,0.06,0.0,0.1,0.9,0.0,0.0,0.0
F-DFHC-U,2023,0.042569222075720475,0.904,0.6676159479251423,0.046876412620920356,0.012906085110727529,0.07202015691959651,0.0,0.08,0.06,0.0,0.1,0.9,0.85,0.0,0.0
F-DFHC-U,2023,0.042569222075720475,0.904,0.6676159479251423,0.046876412620920356,0.012906085110727529,0.07202015691959651,0.0,0.08,0.06,0.7,0.1,0.0,0.0,0.0,0.0
F-DFHC-U,2023,0.042569222075720475,0.904,0.6676159479251423,0.046876412620920356,0.012906085110727529,0.07202015691959651,0.0,0.08,0.06,0.7,0.1,0.0,0.85,0.0,0.0
F-DFHC-U,2023,0.042569222075720475,0.904,0.6676159479251423,0.046876412620920356,0.012906085110727529,0.07202015691959651,0.0,0.08,0.06,0.7,0.1,0.9,0.0,0.0,0.0
F-DFHC-U,2023,0.042569222075720475,0.904,0.6676159479251423,0.046876412620920356,0.012906085110727529,0.07202015691959651,0.0,0.08,0.06,0.7,0.1,0.9,0.85,0.0,0.0
F-DFHC-U,2023,0.042569222075720475,0.904,0.6676159479251423,0.046876412620920356,0.012906085110727529,0.07202015691959651,0.0,0.08,0.06,0.72,0.1,0.0,0.0,0.0,0.0
F-DFHC-U,2023,0.042569222075720475,0.904,0.6676159479251423,0.046876412620920356,0.012906085110727529,0.07202015691959651,0.0,0.08,0.06,0.72,0.1,0.0,0.85,0.0,0.0
F-DFHC-U,2023,0.042569222075720475,0.904,0.6676159479251423,0.046876412620920356,0.012906085110727529,0.07202015691959651,0.0,0.08,0.06,0.72,0.1,0.9,0.0,0.0,0.0
F-DFHC-U,2023,0.042569222075720475,0.904,0.6676159479251423,0.046876412620920356,0.012906085110727529,0.07202015691959651,0.0,0.08,0.06,0.72,0.1,0.9,0.85,0.0,0.0
F-DFHC-U,2023,0.042569222075720475,0.904,0.6676159479251423,0.046876412620920356,0.012906085110727529,0.07202015691959651,0.0,0.08,0.06,0.73,0.1,0.0,0.0,0.0,0.0
F-DFHC-U,2023,0.042569222075720475,0.904,0.6676159479251423,0.046876412620920356,0.012906085110727529,0.07202015691959651,0.0,0.08,0.06,0.73,0.1,0.0,0.85,0.0,0.0
F-DFHC-U,2023,0.042569222075720475,0.904,0.6676159479251423,0.046876412620920356,0.012906085110727529,0.07202015691959651,0.0,0.08,0.06,0.73,0.1,0.9,0.0,0.0,0.0
F-DFHC-U,2023,0.042569222075720475,0.904,0.6676159479251423,0.046876412620920356,0.012906085110727529,0.07202015691959651,0.0,0.08,0.06,0.73,0.1,0.9,0.85,0.0,0.0
F-DFHC-U,2023,0.042569222075720475,0.904,0.6676159479251423,0.046876412620920356,0.012906085110727529,0.07202015691959651,0.0,0.08,0.06,0.74,0.1,0.0,0.0,0.0,0.0
F-DFHC-U,2023,0.042569222075720475,0.904,0.6676159479251423,0.046876412620920356,0.012906085110727529,0.07202015691959651,0.0,0.08,0.06,0.74,0.1,0.0,0.85,0.0,0.0
F-DFHC-U,2023,0.042569222075720475,0.904,0.6676159479251423,0.046876412620920356,0.012906085110727529,0.07202015691959651,0.0,0.08,0.06,0.74,0.1,0.9,0.0,0.0,0.0
F-DFHC-U,2023,0.042569222075720475,0.904,0.6676159479251423,0.046876412620920356,0.012906085110727529,0.07202015691959651,0.0,0.08,0.06,0.74,0.1,0.9,0.85,0.0,0.0
F-DFHC-U,2023,0.042569222075720475,0.904,0.6676159479251423,0.046876412620920356,0.012906085110727529,0.07202015691959651,0.0,0.08,0.06,0.746,0.1,0.0,0.0,0.0,0.0
F-DFHC-U,2023,0.042569222075720475,0.904,0.6676159479251423,0.046876412620920356,0.012906085110727529,0.07202015691959651,0.0,0.08,0.06,0.746,0.1,0.0,0.85,0.0,0.0
F-DFHC-U,2023,0.042569222075720475,0.904,0.6676159479251423,0.046876412620920356,0.012906085110727529,0.07202015691959651,0.0,0.08,0.06,0.746,0.1,0.9,0.0,0.0,0.0
F-DFHC-U,2023,0.042569222075720475,0.904,0.6676159479251423,0.046876412620920356,0.012906085110727529,0.07202015691959651,0.0,0.08,0.06,0.746,0.1,0.9,0.85,0.0,0.0
F-DFHC-U,2023,0.042569222075720475,0.904,0.6676159479251423,0.046876412620920356,0.012906085110727529,0.07202015691959651,0.0,0.08,0.06,0.75,0.1,0.0,0.0,0.0,0.0
F-DFHC-U,2023,0.042569222075720475,0.904,0.6676159479251423,0.046876412620920356,0.012906085110727529,0.07202015691959651,0.0,0.08,0.06,0.75,0.1,0.0,0.85,0.0,0.0
F-DFHC-U,2023,0.042569222075720475,0.904,0.6676159479251423,0.046876412620920356,0.012906085110727529,0.07202015691959651,0.0,0.08,0.06,0.75,0.1,0.9,0.0,0.0,0.0
F-DFHC-U,2023,0.042569222075720475,0.904,0.6676159479251423,0.046876412620920356,0.012906085110727529,0.07202015691959651,0.0,0.08,0.06,0.75,0.1,0.9,0.85,0.0,0.0
F-DFHC-U,2023,0.042569222075720475,0.904,0.6676159479251423,0.046876412620920356,0.012906085110727529,0.07202015691959651,0.02,0.08,0.06,0.0,0.1,0.0,0.0,0.0,0.0
F-DFHC-U,2023,0.042569222075720475,0.904,0.6676159479251423,0.046876412620920356,0.012906085110727529,0.07202015691959651,0.02,0.08,0.06,0.0,0.1,0.0,0.85,0.0,0.0
F-DFHC-U,2023,0.042569222075720475,0.904,0.6676159479251423,0.046876412620920356,0.012906085110727529,0.07202015691959651,0.02,0.08,0.06,0.0,0.1,0.9,0.0,0.0,0.0
F-DFHC-U,2023,0.042569222075720475,0.904,0.6676159479251423,0.046876412620920356,0.012906085110727529,0.07202015691959651,0.02,0.08,0.06,0.0,0.1,0.9,0.85,0.0,0.0
F-DFHC-U,2023,0.042569222075720475,0.904,0.6676159479251423,0.046876412620920356,0.012906085110727529,0.07202015691959651,0.02,0.08,0.06,0.7,0.1,0.0,0.0,0.0,0.0
F-DFHC-U,2023,0.042569222075720475,0.904,0.6676159479251423,0.046876412620920356,0.012906085110727529,0.07202015691959651,0.02,0.08,0.06,0.7,0.1,0.0,0.85,0.0,0.0
F-DFHC-U,2023,0.042569222075720475,0.904,0.6676159479251423,0.046876412620920356,0.012906085110727529,0.07202015691959651,0.02,0.08,0.06,0.7,0.1,0.9,0.0,0.0,0.0
F-DFHC-U,2023,0.042569222075720475,0.904,0.6676159479251423,0.046876412620920356,0.012906085110727529,0.07202015691959651,0.02,0.08,0.06,0.7,0.1,0.9,0.85,0.0,0.0
F-DFHC-U,2023,0.042569222075720475,0.904,0.6676159479251423,0.046876412620920356,0.012906085110727529,0.07202015691959651,0.02,0.08,0.06,0.72,0.1,0.0,0.0,0.0,0.0
F-DFHC-U,2023,0.042569222075720475,0.904,0.6676159479251423,0.046876412620920356,0.012906085110727529,0.07202015691959651,0.02,0.08,0.06,0.72,0.1,0.0,0.85,0.0,0.0
F-DFHC-U,2023,0.042569222075720475,0.904,0.6676159479251423,0.046876412620920356,0.012906085110727529,0.07202015691959651,0.02,0.08,0.06,0.72,0.1,0.9,0.0,0.0,0.0
F-DFHC-U,2023,0.042569222075720475,0.904,0.6676159479251423,0.046876412620920356,0.012906085110727529,0.07202015691959651,0.02,0.08,0.06,0.72,0.1,0.9,0.85,0.0,0.0
F-DFHC-U,2023,0.042569222075720475,0.904,0.6676159479251423,0.046876412620920356,0.012906085110727529,0.07202015691959651,0.02,0.08,0.06,0.73,0.1,0.0,0.0,0.0,0.0
F-DFHC-U,2023,0.042569222075720475,0.904,0.6676159479251423,0.046876412620920356,0.012906085110727529,0.07202015691959651,0.02,0.08,0.06,0.73,0.1,0.0,0.85,0.0,0.0
F-DFHC-U,2023,0.042569222075720475,0.904,0.6676159479251423,0.046876412620920356,0.012906085110727529,0.07202015691959651,0.02,0.08,0.06,0.73,0.1,0.9,0.0,0.0,0.0
F-DFHC-U,2023,0.042569222075720475,0.904,0.6676159479251423,0.046876412620920356,0.012906085110727529,0.07202015691959651,0.02,0.08,0.06,0.73,0.1,0.9,0.85,0.0,0.0
F-DFHC-U,2023,0.042569222075720475,0.904,0.6676159479251423,0.046876412620920356,0.012906085110727529,0.07202015691959651,0.02,0.08,0.06,0.74,0.1,0.0,0.0,0.0,0.0
F-DFHC-U,2023,0.042569222075720475,0.904,0.6676159479251423,0.046876412620920356,0.012906085110727529,0.07202015691959651,0.02,0.08,0.06,0.74,0.1,0.0,0.85,0.0,0.0
F-DFHC-U,2023,0.042569222075720475,0.904,0.6676159479251423,0.046876412620920356,0.012906085110727529,0.07202015691959651,0.02,0.08,0.06,0.74,0.1,0.9,0.0,0.0,0.0
F-DFHC-U,2023,0.042569222075720475,0.904,0.6676159479251423,0.046876412620920356,0.012906085110727529,0.07202015691959651,0.02,0.08,0.06,0.74,0.1,0.9,0.85,0.0,0.0
F-DFHC-U,2023,0.042569222075720475,0.904,0.6676159479251423,0.046876412620920356,0.012906085110727529,0.07202015691959651,0.02,0.08,0.06,0.746,0.1,0.0,0.0,0.0,0.0
F-DFHC-U,2023,0.042569222075720475,0.904,0.6676159479251423,0.046876412620920356,0.012906085110727529,0.07202015691959651,0.02,0.08,0.06,0.746,0.1,0.0,0.85,0.0,0.0
F-DFHC-U,2023,0.042569222075720475,0.904,0.6676159479251423,0.046876412620920356,0.012906085110727529,0.07202015691959651,0.02,0.08,0.06,0.746,0.1,0.9,0.0,0.0,0.0
F-DFHC-U,2023,0.042569222075720475,0.904,0.6676159479251423,0.046876412620920356,0.012906085110727529,0.07202015691959651,0.02,0.08,0.06,0.746,0.1,0.9,0.85,0.0,0.0
F-DFHC-U,2023,0.042569222075720475,0.904,0.6676159479251423,0.046876412620920356,0.012906085110727529,0.07202015691959651,0.02,0.08,0.06,0.75,0.1,0.0,0.0,0.0,0.0
F-DFHC-U,2023,0.042569222075720475,0.904,0.6676159479251423,0.046876412620920356,0.012906085110727529,0.07202015691959651,0.02,0.08,0.06,0.75,0.1,0.0,0.85,0.0,0.0
F-DFHC-U,2023,0.042569222075720475,0.904,0.6676159479251423,0.046876412620920356,0.012906085110727529,0.07202015691959651,0.02,0.08,0.06,0.75,0.1,0.9,0.0,0.0,0.0
F-DFHC-U,2023,0.042569222075720475,0.904,0.6676159479251423,0.046876412620920356,0.012906085110727529,0.07202015691959651,0.02,0.08,0.06,0.75,0.1,0.9,0.85,0.0,0.0
F-DFHC-U,2023,0.042569222075720475,0.904,0.6676159479251423,0.046876412620920356,0.012906085110727529,0.07202015691959651,0.06,0.08,0.06,0.0,0.1,0.0,0.0,0.0,0.0
F-DFHC-U,2023,0.042569222075720475,0.904,0.6676159479251423,0.046876412620920356,0.012906085110727529,0.07202015691959651,0.06,0.08,0.06,0.0,0.1,0.0,0.85,0.0,0.0
F-DFHC-U,2023,0.042569222075720475,0.904,0.6676159479251423,0.046876412620920356,0.012906085110727529,0.07202015691959651,0.06,0.08,0.06,0.0,0.1,0.9,0.0,0.0,0.0
F-DFHC-U,2023,0.042569222075720475,0.904,0.6676159479251423,0.046876412620920356,0.012906085110727529,0.07202015691959651,0.06,0.08,0.06,0.0,0.1,0.9,0.85,0.0,0.0
F-DFHC-U,2023,0.042569222075720475,0.904,0.6676159479251423,0.046876412620920356,0.012906085110727529,0.07202015691959651,0.06,0.08,0.06,0.7,0.1,0.0,0.0,0.0,0.0
F-DFHC-U,2023,0.042569222075720475,0.904,0.6676159479251423,0.046876412620920356,0.012906085110727529,0.07202015691959651,0.06,0.08,0.06,0.7,0.1,0.0,0.85,0.0,0.0
F-DFHC-U,2023,0.042569222075720475,0.904,0.6676159479251423,0.046876412620920356,0.012906085110727529,0.07202015691959651,0.06,0.08,0.06,0.7,0.1,0.9,0.0,0.0,0.0
F-DFHC-U,2023,0.042569222075720475,0.904,0.6676159479251423,0.046876412620920356,0.012906085110727529,0.07202015691959651,0.06,0.08,0.06,0.7,0.1,0.9,0.85,0.0,0.0
F-DFHC-U,2023,0.042569222075720475,0.904,0.6676159479251423,0.046876412620920356,0.012906085110727529,0.07202015691959651,0.06,0.08,0.06,0.72,0.1,0.0,0.0,0.0,0.0
F-DFHC-U,2023,0.042569222075720475,0.904,0.6676159479251423,0.046876412620920356,0.012906085110727529,0.07202015691959651,0.06,0.08,0.06,0.72,0.1,0.0,0.85,0.0,0.0
F-DFHC-U,2023,0.042569222075720475,0.904,0.6676159479251423,0.046876412620920356,0.012906085110727529,0.07202015691959651,0.06,0.08,0.06,0.72,0.1,0.9,0.0,0.0,0.0
F-DFHC-U,2023,0.042569222075720475,0.904,0.6676159479251423,0.046876412620920356,0.012906085110727529,0.07202015691959651,0.06,0.08,0.06,0.72,0.1,0.9,0.85,0.0,0.0
F-DFHC-U,2023,0.042569222075720475,0.904,0.6676159479251423,0.046876412620920356,0.012906085110727529,0.07202015691959651,0.06,0.08,0.06,0.73,0.1,0.0,0.0,0.0,0.0
F-DFHC-U,2023,0.042569222075720475,0.904,0.6676159479251423,0.046876412620920356,0.012906085110727529,0.07202015691959651,0.06,0.08,0.06,0.73,0.1,0.0,0.85,0.0,0.0
F-DFHC-U,2023,0.042569222075720475,0.904,0.6676159479251423,0.046876412620920356,0.012906085110727529,0.07202015691959651,0.06,0.08,0.06,0.73,0.1,0.9,0.0,0.0,0.0
F-DFHC-U,2023,0.042569222075720475,0.904,0.6676159479251423,0.046876412620920356,0.012906085110727529,0.07202015691959651,0.06,0.08,0.06,0.73,0.1,0.9,0.85,0.0,0.0
F-DFHC-U,2023,0.042569222075720475,0.904,0.6676159479251423,0.046876412620920356,0.012906085110727529,0.07202015691959651,0.06,0.08,0.06,0.74,0.1,0.0,0.0,0.0,0.0
F-DFHC-U,2023,0.042569222075720475,0.904,0.6676159479251423,0.046876412620920356,0.012906085110727529,0.07202015691959651,0.06,0.08,0.06,0.74,0.1,0.0,0.85,0.0,0.0
F-DFHC-U,2023,0.042569222075720475,0.904,0.6676159479251423,0.046876412620920356,0.012906085110727529,0.07202015691959651,0.06,0.08,0.06,0.74,0.1,0.9,0.0,0.0,0.0
F-DFHC-U,2023,0.042569222075720475,0.904,0.6676159479251423,0.046876412620920356,0.012906085110727529,0.07202015691959651,0.06,0.08,0.06,0.74,0.1,0.9,0.85,0.0,0.0
F-DFHC-U,2023,0.042569222075720475,0.904,0.6676159479251423,0.046876412620920356,0.012906085110727529,0.07202015691959651,0.06,0.08,0.06,0.746,0.1,0.0,0.0,0.0,0.0
F-DFHC-U,2023,0.042569222075720475,0.904,0.6676159479251423,0.046876412620920356,0.012906085110727529,0.07202015691959651,0.06,0.08,0.06,0.746,0.1,0.0,0.85,0.0,0.0
F-DFHC-U,2023,0.042569222075720475,0.904,0.6676159479251423,0.046876412620920356,0.012906085110727529,0.07202015691959651,0.06,0.08,0.06,0.746,0.1,0.9,0.0,0.0,0.0
F-DFHC-U,2023,0.042569222075720475,0.904,0.6676159479251423,0.046876412620920356,0.012906085110727529,0.07202015691959651,0.06,0.08,0.06,0.746,0.1,0.9,0.85,0.0,0.0
F-DFHC-U,2023,0.042569222075720475,0.904,0.6676159479251423,0.046876412620920356,0.012906085110727529,0.07202015691959651,0.06,0.08,0.06,0.75,0.1,0.0,0.0,0.0,0.0
F-DFHC-U,2023,0.042569222075720475,0.904,0.6676159479251423,0.046876412620920356,0.012906085110727529,0.07202015691959651,0.06,0.08,0.06,0.75,0.1,0.0,0.85,0.0,0.0
F-DFHC-U,2023,0.042569222075720475,0.904,0.6676159479251423,0.046876412620920356,0.012906085110727529,0.07202015691959651,0.06,0.08,0.06,0.75,0.1,0.9,0.0,0.0,0.0
F-DFHC-U,2023,0.042569222075720475,0.904,0.6676159479251423,0.046876412620920356,0.012906085110727529,0.07202015691959651,0.06,0.08,0.06,0.75,0.1,0.9,0.85,0.0,0.0
F-DFHC-U,2023,0.042569222075720475,0.904,0.6676159479251423,0.046876412620920356,0.012906085110727529,0.07202015691959651,0.08,0.08,0.06,0.0,0.1,0.0,0.85,0.0,0.0
F-DFHC-U,2023,0.042569222075720475,0.904,0.6676159479251423,0.046876412620920356,0.012906085110727529,0.07202015691959651,0.08,0.08,0.06,0.0,0.1,0.9,0.85,0.0,0.0
F-DFHC-U,2023,0.042569222075720475,0.904,0.6676159479251423,0.046876412620920356,0.012906085110727529,0.07202015691959651,0.08,0.08,0.06,0.7,0.1,0.0,0.85,0.0,0.0
F-DFHC-U,2023,0.042569222075720475,0.904,0.6676159479251423,0.046876412620920356,0.012906085110727529,0.07202015691959651,0.08,0.08,0.06,0.7,0.1,0.9,0.85,0.0,0.0
F-DFHC-U,2023,0.042569222075720475,0.904,0.6676159479251423,0.046876412620920356,0.012906085110727529,0.07202015691959651,0.08,0.08,0.06,0.72,0.1,0.0,0.85,0.0,0.0
F-DFHC-U,2023,0.042569222075720475,0.904,0.6676159479251423,0.046876412620920356,0.012906085110727529,0.07202015691959651,0.08,0.08,0.06,0.72,0.1,0.9,0.85,0.0,0.0
F-DFHC-U,2023,0.042569222075720475,0.904,0.6676159479251423,0.046876412620920356,0.012906085110727529,0.07202015691959651,0.08,0.08,0.06,0.73,0.1,0.0,0.85,0.0,0.0
F-DFHC-U,2023,0.042569222075720475,0.904,0.6676159479251423,0.046876412620920356,0.012906085110727529,0.07202015691959651,0.08,0.08,0.06,0.73,0.1,0.9,0.85,0.0,0.0
F-DFHC-U,2023,0.042569222075720475,0.904,0.6676159479251423,0.046876412620920356,0.012906085110727529,0.07202015691959651,0.08,0.08,0.06,0.74,0.1,0.0,0.85,0.0,0.0
F-DFHC-U,2023,0.042569222075720475,0.904,0.6676159479251423,0.046876412620920356,0.012906085110727529,0.07202015691959651,0.08,0.08,0.06,0.74,0.1,0.9,0.85,0.0,0.0
F-DFHC-U,2023,0.042569222075720475,0.904,0.6676159479251423,0.046876412620920356,0.012906085110727529,0.07202015691959651,0.08,0.08,0.06,0.746,0.1,0.0,0.85,0.0,0.0
F-DFHC-U,2023,0.042569222075720475,0.904,0.6676159479251423,0.046876412620920356,0.012906085110727529,0.07202015691959651,0.08,0.08,0.06,0.746,0.1,0.9,0.85,0.0,0.0
F-DFHC-U,2023,0.042569222075720475,0.904,0.6676159479251423,0.046876412620920356,0.012906085110727529,0.07202015691959651,0.08,0.08,0.06,0.75,0.1,0.0,0.85,0.0,0.0
F-DFHC-U,2023,0.042569222075720475,0.904,0.6676159479251423,0.046876412620920356,0.012906085110727529,0.07202015691959651,0.08,0.08,0.06,0.75,0.1,0.9,0.85,0.0,0.0
F-DFHC-U,2023,0.042569222075720475,0.904,0.6676159479251423,0.046876412620920356,0.012906085110727529,0.07202015691959651,0.1,0.08,0.06,0.0,0.1,0.0,0.85,0.0,0.0
F-DFHC-U,2023,0.042569222075720475,0.904,0.6676159479251423,0.046876412620920356,0.012906085110727529,0.07202015691959651,0.1,0.08,0.06,0.0,0.1,0.9,0.85,0.0,0.0
F-DFHC-U,2023,0.042569222075720475,0.904,0.6676159479251423,0.046876412620920356,0.012906085110727529,0.07202015691959651,0.1,0.08,0.06,0.7,0.1,0.0,0.85,0.0,0.0
F-DFHC-U,2023,0.042569222075720475,0.904,0.6676159479251423,0.046876412620920356,0.012906085110727529,0.07202015691959651,0.1,0.08,0.06,0.7,0.1,0.9,0.85,0.0,0.0
F-DFHC-U,2023,0.042569222075720475,0.904,0.6676159479251423,0.046876412620920356,0.012906085110727529,0.07202015691959651,0.1,0.08,0.06,0.72,0.1,0.0,0.85,0.0,0.0
F-DFHC-U,2023,0.042569222075720475,0.904,0.6676159479251423,0.046876412620920356,0.012906085110727529,0.07202015691959651,0.1,0.08,0.06,0.72,0.1,0.9,0.85,0.0,0.0
F-DFHC-U,2023,0.042569222075720475,0.904,0.6676159479251423,0.046876412620920356,0.012906085110727529,0.07202015691959651,0.1,0.08,0.06,0.73,0.1,0.0,0.85,0.0,0.0
F-DFHC-U,2023,0.042569222075720475,0.904,0.6676159479251423,0.046876412620920356,0.012906085110727529,0.07202015691959651,0.1,0.08,0.06,0.73,0.1,0.9,0.85,0.0,0.0
F-DFHC-U,2023,0.042569222075720475,0.904,0.6676159479251423,0.046876412620920356,0.012906085110727529,0.07202015691959651,0.1,0.08,0.06,0.74,0.1,0.0,0.85,0.0,0.0
F-DFHC-U,2023,0.042569222075720475,0.904,0.6676159479251423,0.046876412620920356,0.012906085110727529,0.07202015691959651,0.1,0.08,0.06,0.74,0.1,0.9,0.85,0.0,0.0
F-DFHC-U,2023,0.042569222075720475,0.904,0.6676159479251423,0.046876412620920356,0.012906085110727529,0.07202015691959651,0.1,0.08,0.06,0.746,0.1,0.0,0.85,0.0,0.0
F-DFHC-U,2023,0.042569222075720475,0.904,0.6676159479251423,0.046876412620920356,0.012906085110727529,0.07202015691959651,0.1,0.08,0.06,0.746,0.1,0.9,0.85,0.0,0.0
F-DFHC-U,2023,0.042569222075720475,0.904,0.6676159479251423,0.046876412620920356,0.012906085110727529,0.07202015691959651,0.1,0.08,0.06,0.75,0.1,0.0,0.85,0.0,0.0
F-DFHC-U,2023,0.042569222075720475,0.904,0.6676159479251423,0.046876412620920356,0.012906085110727529,0.07202015691959651,0.1,0.08,0.06,0.75,0.1,0.9,0.85,0.0,0.0
F-DFHC-U,2023,0.04501789414202298,0.908745247148289,0.6682035982280083,0.046876412620920356,0.01344006994353105,0.07202699546366852,0.0,0.08,0.06,0.72,0.1,0.0,0.85,0.95,0.0
F-DFHC-U,2023,0.04501789414202298,0.908745247148289,0.6682035982280083,0.046876412620920356,0.01344006994353105,0.07202699546366852,0.0,0.08,0.06,0.746,0.1,0.0,0.85,0.95,0.0
F-DFHC-U,2023,0.04614805048031644,0.9074074074074074,0.668339209836362,0.0467860048820179,0.014187284500973292,0.07208879088328496,0.0,0.08,0.06,0.72,0.1,0.0,0.85,0.925,0.0
F-DFHC-U,2023,0.04614805048031644,0.9074074074074074,0.668339209836362,0.0467860048820179,0.014187284500973292,0.07208879088328496,0.0,0.08,0.06,0.746,0.1,0.0,0.85,0.925,0.0
F-DFHC-U,2023,0.04784328498775664,0.9071428571428571,0.6687460446614231,0.0467860048820179,0.014827888435074758,0.07209560393720019,0.0,0.08,0.06,0.72,0.1,0.0,0.85,0.9,0.0
F-DFHC-U,2023,0.04784328498775664,0.9071428571428571,0.6687460446614231,0.0467860048820179,0.014827888435074758,0.07209560393720019,0.0,0.08,0.06,0.746,0.1,0.0,0.85,0.9,0.0
F-DFHC-U,2023,0.049726878884912416,0.9103448275862069,0.6691980833559352,0.0467860048820179,0.016385726375943918,0.07214372888693853,0.0,0.08,0.06,0.72,0.1,0.0,0.85,0.875,0.0
F-DFHC-U,2023,0.049726878884912416,0.9103448275862069,0.6691980833559352,0.0467860048820179,0.016385726375943918,0.07214372888693853,0.0,0.08,0.06,0.746,0.1,0.0,0.85,0.875,0.0
F-DFHC-U,2023,0.05104539461292146,0.9033333333333333,0.6696501220504475,0.04692161649037158,0.01764496255562776,0.07206788350233644,0.0,0.08,0.06,0.72,0.1,0.0,0.85,0.85,0.0
F-DFHC-U,2023,0.05104539461292146,0.9033333333333333,0.6696501220504475,0.04692161649037158,0.01764496255562776,0.07206788350233644,0.0,0.08,0.06,0.746,0.1,0.0,0.85,0.85,0.0
F-DFHC-U,2023,0.05104539461292146,0.9033333333333333,0.6698761413977037,0.04710243196817648,0.019764407661652814,0.07211645577853505,0.08,0.08,0.06,0.0,0.1,0.0,0.0,0.0,0.0
F-DFHC-U,2023,0.05104539461292146,0.9033333333333333,0.6698761413977037,0.04710243196817648,0.019764407661652814,0.07211645577853505,0.08,0.08,0.06,0.0,0.1,0.9,0.0,0.0,0.0
F-DFHC-U,2023,0.05104539461292146,0.9033333333333333,0.6698761413977037,0.04710243196817648,0.019764407661652814,0.07211645577853505,0.08,0.08,0.06,0.7,0.1,0.0,0.0,0.0,0.0
F-DFHC-U,2023,0.05104539461292146,0.9033333333333333,0.6698761413977037,0.04710243196817648,0.019764407661652814,0.07211645577853505,0.08,0.08,0.06,0.7,0.1,0.9,0.0,0.0,0.0
F-DFHC-U,2023,0.05104539461292146,0.9033333333333333,0.6698761413977037,0.04710243196817648,0.019764407661652814,0.07211645577853505,0.08,0.08,0.06,0.72,0.1,0.0,0.0,0.0,0.0
F-DFHC-U,2023,0.05104539461292146,0.9033333333333333,0.6698761413977037,0.04710243196817648,0.019764407661652814,0.07211645577853505,0.08,0.08,0.06,0.72,0.1,0.9,0.0,0.0,0.0
F-DFHC-U,2023,0.05104539461292146,0.9033333333333333,0.6698761413977037,0.04710243196817648,0.019764407661652814,0.07211645577853505,0.08,0.08,0.06,0.73,0.1,0.0,0.0,0.0,0.0
F-DFHC-U,2023,0.05104539461292146,0.9033333333333333,0.6698761413977037,0.04710243196817648,0.019764407661652814,0.07211645577853505,0.08,0.08,0.06,0.73,0.1,0.9,0.0,0.0,0.0
F-DFHC-U,2023,0.05104539461292146,0.9033333333333333,0.6698761413977037,0.04710243196817648,0.019764407661652814,0.07211645577853505,0.08,0.08,0.06,0.74,0.1,0.0,0.0,0.0,0.0
F-DFHC-U,2023,0.05104539461292146,0.9033333333333333,0.6698761413977037,0.04710243196817648,0.019764407661652814,0.07211645577853505,0.08,0.08,0.06,0.74,0.1,0.9,0.0,0.0,0.0
F-DFHC-U,2023,0.05104539461292146,0.9033333333333333,0.6698761413977037,0.04710243196817648,0.019764407661652814,0.07211645577853505,0.08,0.08,0.06,0.746,0.1,0.0,0.0,0.0,0.0
F-DFHC-U,2023,0.05104539461292146,0.9033333333333333,0.6698761413977037,0.04710243196817648,0.019764407661652814,0.07211645577853505,0.08,0.08,0.06,0.746,0.1,0.9,0.0,0.0,0.0
F-DFHC-U,2023,0.05104539461292146,0.9033333333333333,0.6698761413977037,0.04710243196817648,0.019764407661652814,0.07211645577853505,0.08,0.08,0.06,0.75,0.1,0.0,0.0,0.0,0.0
F-DFHC-U,2023,0.05104539461292146,0.9033333333333333,0.6698761413977037,0.04710243196817648,0.019764407661652814,0.07211645577853505,0.08,0.08,0.06,0.75,0.1,0.9,0.0,0.0,0.0
F-DFHC-U,2023,0.05104539461292146,0.9033333333333333,0.6698761413977037,0.04710243196817648,0.019764407661652814,0.07211645577853505,0.1,0.08,0.06,0.0,0.1,0.0,0.0,0.0,0.0
F-DFHC-U,2023,0.05104539461292146,0.9033333333333333,0.6698761413977037,0.04710243196817648,0.019764407661652814,0.07211645577853505,0.1,0.08,0.06,0.0,0.1,0.9,0.0,0.0,0.0
F-DFHC-U,2023,0.05104539461292146,0.9033333333333333,0.6698761413977037,0.04710243196817648,0.019764407661652814,0.07211645577853505,0.1,0.08,0.06,0.7,0.1,0.0,0.0,0.0,0.0
F-DFHC-U,2023,0.05104539461292146,0.9033333333333333,0.6698761413977037,0.04710243196817648,0.019764407661652814,0.07211645577853505,0.1,0.08,0.06,0.7,0.1,0.9,0.0,0.0,0.0
F-DFHC-U,2023,0.05104539461292146,0.9033333333333333,0.6698761413977037,0.04710243196817648,0.019764407661652814,0.07211645577853505,0.1,0.08,0.06,0.72,0.1,0.0,0.0,0.0,0.0
F-DFHC-U,2023,0.05104539461292146,0.9033333333333333,0.6698761413977037,0.04710243196817648,0.019764407661652814,0.07211645577853505,0.1,0.08,0.06,0.72,0.1,0.9,0.0,0.0,0.0
F-DFHC-U,2023,0.05104539461292146,0.9033333333333333,0.6698761413977037,0.04710243196817648,0.019764407661652814,0.07211645577853505,0.1,0.08,0.06,0.73,0.1,0.0,0.0,0.0,0.0
F-DFHC-U,2023,0.05104539461292146,0.9033333333333333,0.6698761413977037,0.04710243196817648,0.019764407661652814,0.07211645577853505,0.1,0.08,0.06,0.73,0.1,0.9,0.0,0.0,0.0
F-DFHC-U,2023,0.05104539461292146,0.9033333333333333,0.6698761413977037,0.04710243196817648,0.019764407661652814,0.07211645577853505,0.1,0.08,0.06,0.74,0.1,0.0,0.0,0.0,0.0
F-DFHC-U,2023,0.05104539461292146,0.9033333333333333,0.6698761413977037,0.04710243196817648,0.019764407661652814,0.07211645577853505,0.1,0.08,0.06,0.74,0.1,0.9,0.0,0.0,0.0
F-DFHC-U,2023,0.05104539461292146,0.9033333333333333,0.6698761413977037,0.04710243196817648,0.019764407661652814,0.07211645577853505,0.1,0.08,0.06,0.746,0.1,0.0,0.0,0.0,0.0
F-DFHC-U,2023,0.05104539461292146,0.9033333333333333,0.6698761413977037,0.04710243196817648,0.019764407661652814,0.07211645577853505,0.1,0.08,0.06,0.746,0.1,0.9,0.0,0.0,0.0
F-DFHC-U,2023,0.05104539461292146,0.9033333333333333,0.6698761413977037,0.04710243196817648,0.019764407661652814,0.07211645577853505,0.1,0.08,0.06,0.75,0.1,0.0,0.0,0.0,0.0
F-DFHC-U,2023,0.05104539461292146,0.9033333333333333,0.6698761413977037,0.04710243196817648,0.019764407661652814,0.07211645577853505,0.1,0.08,0.06,0.75,0.1,0.9,0.0,0.0,0.0
BR-TFIDF threshold,2023,0.855151629308721,0.5224395857307249,1.0,0.2223578338305759,nan,nan,,,,,,,,,
ES3D,2023,0.5778866076473912,0.622564935064935,0.7468583310731399,0.13118162914745501,nan,nan,,,,,,,,,
