test_year,stage,label,rank,term,weight
2023,event_aircraft_core,Aircraft-Aircraft handling/service,1,ev_month_2,4.035155296655053
2023,event_aircraft_core,Aircraft-Aircraft handling/service,2,ev_month_4 ev_state_ca,3.7372893824444753
2023,event_aircraft_core,Aircraft-Aircraft handling/service,3,ev_month_10 ev_state_tx,3.1961651376442286
2023,event_aircraft_core,Aircraft-Aircraft handling/service,4,acft_make_textron_aviation,3.1444508016916948
2023,event_aircraft_core,Aircraft-Aircraft handling/service,5,damage_subs acft_make_textron_aviation,3.1444508016916948
2023,event_aircraft_core,Aircraft-Aircraft handling/service,6,ev_month_11 ev_state_tx,2.9796297960091147
2023,event_aircraft_core,Aircraft-Aircraft handling/service,7,ev_month_2 ev_state_tn,2.857411230798803
2023,event_aircraft_core,Aircraft-Aircraft handling/service,8,damage_dest acft_make_dassault_aviation,2.66884748307171
2023,event_aircraft_core,Aircraft-Aircraft handling/service,9,inj_tot_f_2 inj_tot_s_1,2.612035042519346
2023,event_aircraft_core,Aircraft-Aircraft handling/service,10,ev_month_6 ev_state_ak,2.5952637472958875
2023,event_aircraft_core,Aircraft-Aircraft handling/service,11,ev_month_4,2.583338252058928
2023,event_aircraft_core,Aircraft-Aircraft handling/service,12,acft_model_aa_5 acft_category_air,2.541550837776192
2023,event_aircraft_core,Aircraft-Aircraft handling/service,13,acft_model_aa_5,2.541550837776192
2023,event_aircraft_core,Aircraft-Aircraft handling/service,14,ev_month_10 ev_state_nc,2.452222321904556
2023,event_aircraft_core,Aircraft-Aircraft handling/service,15,acft_model_pa_12,2.350840645933147
2023,event_aircraft_core,Aircraft-Aircraft oper/perf/capability,1,acft_category_gli,1.501974413579554
2023,event_aircraft_core,Aircraft-Aircraft oper/perf/capability,2,damage_dest acft_make_beech,1.2612350203891085
2023,event_aircraft_core,Aircraft-Aircraft oper/perf/capability,3,ev_month_8 ev_state_ak,1.1767839319300122
2023,event_aircraft_core,Aircraft-Aircraft oper/perf/capability,4,damage_subs,0.958160582696229
2023,event_aircraft_core,Aircraft-Aircraft oper/perf/capability,5,ev_month_4,0.9478144308799904
2023,event_aircraft_core,Aircraft-Aircraft oper/perf/capability,6,acft_model_pa_18_150 acft_category_air,0.920182615384093
2023,event_aircraft_core,Aircraft-Aircraft oper/perf/capability,7,acft_model_pa_18_150,0.920182615384093
2023,event_aircraft_core,Aircraft-Aircraft oper/perf/capability,8,ev_month_2 ev_state_az,0.9148631954943501
2023,event_aircraft_core,Aircraft-Aircraft oper/perf/capability,9,acft_make_kitfox,0.9073906438003747
2023,event_aircraft_core,Aircraft-Aircraft oper/perf/capability,10,ev_month_4 ev_state_ga,0.8929134904533319
2023,event_aircraft_core,Aircraft-Aircraft oper/perf/capability,11,acft_category_wsft,0.8558905120712075
2023,event_aircraft_core,Aircraft-Aircraft oper/perf/capability,12,ev_state_wy ev_country_usa,0.8462789714400816
2023,event_aircraft_core,Aircraft-Aircraft oper/perf/capability,13,ev_state_wy,0.8462789714400816
2023,event_aircraft_core,Aircraft-Aircraft oper/perf/capability,14,cert_max_gr_wt_2000 num_eng_1,0.8343057719900183
2023,event_aircraft_core,Aircraft-Aircraft oper/perf/capability,15,ev_month_4 ev_state_co,0.831927405563914
2023,event_aircraft_core,Aircraft-Aircraft power plant,1,ev_month_4 ev_state_wa,1.960294075418149
2023,event_aircraft_core,Aircraft-Aircraft power plant,2,ev_month_11 ev_state_fl,1.7593658409886472
2023,event_aircraft_core,Aircraft-Aircraft power plant,3,damage_subs acft_make_beech,1.3687162546911513
2023,event_aircraft_core,Aircraft-Aircraft power plant,4,ev_month_9 ev_state_pa,1.3425296266915272
2023,event_aircraft_core,Aircraft-Aircraft power plant,5,ev_month_7 ev_state_ca,1.330719284188405
2023,event_aircraft_core,Aircraft-Aircraft power plant,6,ev_month_8 ev_state_in,1.3067965394391396
2023,event_aircraft_core,Aircraft-Aircraft power plant,7,acft_make_stinson,1.3047985657492427
2023,event_aircraft_core,Aircraft-Aircraft power plant,8,acft_category_air,1.2929109707484894
2023,event_aircraft_core,Aircraft-Aircraft power plant,9,ev_month_1 ev_state_ut,1.2850510911359765
2023,event_aircraft_core,Aircraft-Aircraft power plant,10,acft_model_aerostar_600 acft_category_air,1.2413695312322945
2023,event_aircraft_core,Aircraft-Aircraft power plant,11,acft_model_aerostar_600,1.2413695312322945
2023,event_aircraft_core,Aircraft-Aircraft power plant,12,acft_category_air cert_max_gr_wt_1600,1.2100668771030412
2023,event_aircraft_core,Aircraft-Aircraft power plant,13,ev_month_7 ev_state_la,1.1925833066965186
2023,event_aircraft_core,Aircraft-Aircraft power plant,14,ev_highest_injury_missing,1.1673400054249432
2023,event_aircraft_core,Aircraft-Aircraft power plant,15,ev_highest_injury_missing inj_tot_f_0,1.1673400054249432
2023,event_aircraft_core,Aircraft-Aircraft propeller/rotor,1,acft_category_heli,7.876421888116909
2023,event_aircraft_core,Aircraft-Aircraft propeller/rotor,2,ev_month_2 ev_state_ca,3.451117491103257
2023,event_aircraft_core,Aircraft-Aircraft propeller/rotor,3,ev_month_6 ev_state_mn,2.8350387608828482
2023,event_aircraft_core,Aircraft-Aircraft propeller/rotor,4,damage_subs acft_make_enstrom,2.817983630748219
2023,event_aircraft_core,Aircraft-Aircraft propeller/rotor,5,acft_make_eurocopter_deutschland_gmbh,2.7271970409193265
2023,event_aircraft_core,Aircraft-Aircraft propeller/rotor,6,damage_subs acft_make_eurocopter_deutschland_gmbh,2.7271970409193265
2023,event_aircraft_core,Aircraft-Aircraft propeller/rotor,7,ev_month_8,2.621372144832986
2023,event_aircraft_core,Aircraft-Aircraft propeller/rotor,8,ev_state_ca ev_country_usa,2.593300298023015
2023,event_aircraft_core,Aircraft-Aircraft propeller/rotor,9,ev_state_ca,2.593300298023015
2023,event_aircraft_core,Aircraft-Aircraft propeller/rotor,10,acft_make_enstrom,2.4206522718217123
2023,event_aircraft_core,Aircraft-Aircraft propeller/rotor,11,acft_model_zodiac_601_xl,2.4092257896482208
2023,event_aircraft_core,Aircraft-Aircraft propeller/rotor,12,acft_model_zodiac_601_xl acft_category_air,2.4092257896482208
2023,event_aircraft_core,Aircraft-Aircraft propeller/rotor,13,damage_subs acft_make_velocity,2.3743331519246738
2023,event_aircraft_core,Aircraft-Aircraft propeller/rotor,14,acft_make_velocity,2.250670265209629
2023,event_aircraft_core,Aircraft-Aircraft propeller/rotor,15,ev_month_8 ev_state_az,2.2004291368468287
2023,event_aircraft_core,Aircraft-Aircraft structures,1,ev_month_3 ev_state_tn,3.8300999493673284
2023,event_aircraft_core,Aircraft-Aircraft structures,2,ev_month_4 ev_state_ca,3.027193649487082
2023,event_aircraft_core,Aircraft-Aircraft structures,3,ev_month_8 ev_state_id,2.7069166520480636
2023,event_aircraft_core,Aircraft-Aircraft structures,4,ev_month_4 ev_state_ma,2.690838932544946
2023,event_aircraft_core,Aircraft-Aircraft structures,5,acft_model_lancair_evolution acft_category_air,2.533691101952163
2023,event_aircraft_core,Aircraft-Aircraft structures,6,acft_model_lancair_evolution,2.533691101952163
2023,event_aircraft_core,Aircraft-Aircraft structures,7,cert_max_gr_wt_600 num_eng_1,2.4749854125259274
2023,event_aircraft_core,Aircraft-Aircraft structures,8,cert_max_gr_wt_600,2.4749854125259274
2023,event_aircraft_core,Aircraft-Aircraft structures,9,ev_month_6 ev_state_sc,2.4049176192914405
2023,event_aircraft_core,Aircraft-Aircraft structures,10,acft_category_air cert_max_gr_wt_1370,2.3565101530017256
2023,event_aircraft_core,Aircraft-Aircraft structures,11,damage_subs acft_make_embraer_s_a,2.2821501810853992
2023,event_aircraft_core,Aircraft-Aircraft structures,12,acft_model_glasair_iii acft_category_air,2.2442781838374195
2023,event_aircraft_core,Aircraft-Aircraft structures,13,acft_model_glasair_iii,2.2442781838374195
2023,event_aircraft_core,Aircraft-Aircraft structures,14,acft_category_wsft,2.2183596950981705
2023,event_aircraft_core,Aircraft-Aircraft structures,15,cert_max_gr_wt_missing num_eng_2,2.0699054805752723
2023,event_aircraft_core,Aircraft-Aircraft systems,1,num_eng_2 phase_flt_spec_missing,1.7543329558199325
2023,event_aircraft_core,Aircraft-Aircraft systems,2,num_eng_2,1.7543329558199325
2023,event_aircraft_core,Aircraft-Aircraft systems,3,ev_month_9 ev_state_ak,1.54807138447404
2023,event_aircraft_core,Aircraft-Aircraft systems,4,acft_make_dassault_aviation,1.4357879534890317
2023,event_aircraft_core,Aircraft-Aircraft systems,5,damage_subs acft_make_navion,1.3602893280085786
2023,event_aircraft_core,Aircraft-Aircraft systems,6,ev_month_7 ev_state_ca,1.3256001857135513
2023,event_aircraft_core,Aircraft-Aircraft systems,7,ev_month_10,1.2880732994345543
2023,event_aircraft_core,Aircraft-Aircraft systems,8,ev_month_6,1.2580183547089756
2023,event_aircraft_core,Aircraft-Aircraft systems,9,ev_month_8 ev_state_ar,1.246519029644534
2023,event_aircraft_core,Aircraft-Aircraft systems,10,ev_month_4 ev_state_va,1.2347961538999719
2023,event_aircraft_core,Aircraft-Aircraft systems,11,acft_category_air,1.1854069095227813
2023,event_aircraft_core,Aircraft-Aircraft systems,12,acft_make_navion,1.1802711017612195
2023,event_aircraft_core,Aircraft-Aircraft systems,13,acft_model_ii,1.140462927982612
2023,event_aircraft_core,Aircraft-Aircraft systems,14,acft_make_sikorsky,1.137243950040021
2023,event_aircraft_core,Aircraft-Aircraft systems,15,ev_month_4 ev_state_tn,1.1350476744256646
2023,event_aircraft_core,Aircraft-Fluids/misc hardware,1,damage_subs acft_make_beech,2.2986205710577385
2023,event_aircraft_core,Aircraft-Fluids/misc hardware,2,damage_subs acft_make_piper,2.0513757198435405
2023,event_aircraft_core,Aircraft-Fluids/misc hardware,3,acft_make_piper,1.839308995242165
2023,event_aircraft_core,Aircraft-Fluids/misc hardware,4,ev_month_8 ev_state_ut,1.7580901987797934
2023,event_aircraft_core,Aircraft-Fluids/misc hardware,5,acft_model_ch_750,1.6652996243815574
2023,event_aircraft_core,Aircraft-Fluids/misc hardware,6,acft_model_ch_750 acft_category_air,1.6652996243815574
2023,event_aircraft_core,Aircraft-Fluids/misc hardware,7,ev_month_10,1.5912874908274637
2023,event_aircraft_core,Aircraft-Fluids/misc hardware,8,ev_month_6 ev_state_nc,1.471570119137402
2023,event_aircraft_core,Aircraft-Fluids/misc hardware,9,acft_make_rockwell acft_model_500,1.4141575740292682
2023,event_aircraft_core,Aircraft-Fluids/misc hardware,10,acft_category_air cert_max_gr_wt_missing,1.408093204447308
2023,event_aircraft_core,Aircraft-Fluids/misc hardware,11,cert_max_gr_wt_3800,1.3934115385295274
2023,event_aircraft_core,Aircraft-Fluids/misc hardware,12,acft_category_air cert_max_gr_wt_3800,1.3934115385295274
2023,event_aircraft_core,Aircraft-Fluids/misc hardware,13,ev_month_10 ev_state_wa,1.3931570608241792
2023,event_aircraft_core,Aircraft-Fluids/misc hardware,14,ev_month_1 ev_state_al,1.3889845748424805
2023,event_aircraft_core,Aircraft-Fluids/misc hardware,15,ev_month_3 ev_state_az,1.335130119937121
2023,event_aircraft_core,Environmental issues-Conditions/weather/phenomena,1,inj_tot_s_1 damage_missing,2.515425067097627
2023,event_aircraft_core,Environmental issues-Conditions/weather/phenomena,2,damage_missing,1.6020088915528021
2023,event_aircraft_core,Environmental issues-Conditions/weather/phenomena,3,damage_dest acft_make_piper,1.573505699592754
2023,event_aircraft_core,Environmental issues-Conditions/weather/phenomena,4,acft_category_gli,1.4144220328512533
2023,event_aircraft_core,Environmental issues-Conditions/weather/phenomena,5,acft_category_heli cert_max_gr_wt_missing,1.3276523146333534
2023,event_aircraft_core,Environmental issues-Conditions/weather/phenomena,6,damage_missing acft_make_boeing,1.277704673615174
2023,event_aircraft_core,Environmental issues-Conditions/weather/phenomena,7,ev_month_12,1.269828623513412
2023,event_aircraft_core,Environmental issues-Conditions/weather/phenomena,8,ev_month_8 ev_state_mn,1.2655311624402794
2023,event_aircraft_core,Environmental issues-Conditions/weather/phenomena,9,ev_month_9 ev_state_ak,1.2233257058092113
2023,event_aircraft_core,Environmental issues-Conditions/weather/phenomena,10,ev_month_11 ev_state_nc,1.2069561723000155
2023,event_aircraft_core,Environmental issues-Conditions/weather/phenomena,11,ev_month_4,1.1834453318820086
2023,event_aircraft_core,Environmental issues-Conditions/weather/phenomena,12,ev_state_id,1.1153370852019409
2023,event_aircraft_core,Environmental issues-Conditions/weather/phenomena,13,ev_state_id ev_country_usa,1.1153370852019409
2023,event_aircraft_core,Environmental issues-Conditions/weather/phenomena,14,ev_month_7 ev_state_nc,1.1083466434682878
2023,event_aircraft_core,Environmental issues-Conditions/weather/phenomena,15,ev_month_2 ev_state_ak,1.015685203900603
2023,event_aircraft_core,Environmental issues-Operating environment,1,ev_month_11 ev_state_ga,4.197708664253318
2023,event_aircraft_core,Environmental issues-Operating environment,2,ev_month_7 ev_state_fl,4.1504966400809415
2023,event_aircraft_core,Environmental issues-Operating environment,3,ev_month_9 ev_state_nj,3.5290433578110942
2023,event_aircraft_core,Environmental issues-Operating environment,4,ev_month_12 ev_state_mt,3.52560477118894
2023,event_aircraft_core,Environmental issues-Operating environment,5,cert_max_gr_wt_1102,3.5173200997963217
2023,event_aircraft_core,Environmental issues-Operating environment,6,ev_month_12,3.166847616203105
2023,event_aircraft_core,Environmental issues-Operating environment,7,acft_category_ultr,3.053172771434744
2023,event_aircraft_core,Environmental issues-Operating environment,8,damage_dest acft_make_sikorsky,2.976963712906884
2023,event_aircraft_core,Environmental issues-Operating environment,9,ev_month_7,2.7085644297715525
2023,event_aircraft_core,Environmental issues-Operating environment,10,acft_model_180k acft_category_air,2.634655537147007
2023,event_aircraft_core,Environmental issues-Operating environment,11,acft_make_cessna acft_model_180k,2.634655537147007
2023,event_aircraft_core,Environmental issues-Operating environment,12,acft_model_180k,2.634655537147007
2023,event_aircraft_core,Environmental issues-Operating environment,13,damage_dest acft_make_dassault_aviation,2.5964306109369266
2023,event_aircraft_core,Environmental issues-Operating environment,14,ev_month_4 ev_state_co,2.572226164675857
2023,event_aircraft_core,Environmental issues-Operating environment,15,acft_make_sikorsky,2.557503917408792
2023,event_aircraft_core,Environmental issues-Physical environment,1,acft_category_heli,1.3238295358372496
2023,event_aircraft_core,Environmental issues-Physical environment,2,ev_month_7 ev_state_ak,1.2815743215495625
2023,event_aircraft_core,Environmental issues-Physical environment,3,ev_state_ak,1.2401232160677464
2023,event_aircraft_core,Environmental issues-Physical environment,4,ev_state_ak ev_country_usa,1.2401232160677464
2023,event_aircraft_core,Environmental issues-Physical environment,5,acft_make_air_tractor,1.096861189138523
2023,event_aircraft_core,Environmental issues-Physical environment,6,ev_month_5 ev_state_ar,1.086023595769603
2023,event_aircraft_core,Environmental issues-Physical environment,7,damage_subs acft_make_maule,1.081609101804607
2023,event_aircraft_core,Environmental issues-Physical environment,8,ev_month_1 ev_state_wi,1.0765468695472726
2023,event_aircraft_core,Environmental issues-Physical environment,9,acft_make_robinson,1.0724216501643176
2023,event_aircraft_core,Environmental issues-Physical environment,10,ev_state_ia ev_country_usa,1.0718808580455137
2023,event_aircraft_core,Environmental issues-Physical environment,11,ev_state_ia,1.0718808580455137
2023,event_aircraft_core,Environmental issues-Physical environment,12,ev_month_1,1.071585553665124
2023,event_aircraft_core,Environmental issues-Physical environment,13,acft_model_aventura_ii acft_category_air,1.0711250465166127
2023,event_aircraft_core,Environmental issues-Physical environment,14,acft_model_aventura_ii,1.0711250465166127
2023,event_aircraft_core,Environmental issues-Physical environment,15,ev_month_9 ev_state_il,1.0412572970042717
2023,event_aircraft_core,Not determined-Not determined,1,ev_month_9 ev_state_wy,2.1940957174485307
2023,event_aircraft_core,Not determined-Not determined,2,damage_dest,1.983419022330147
2023,event_aircraft_core,Not determined-Not determined,3,inj_tot_s_0 damage_dest,1.9615431494344002
2023,event_aircraft_core,Not determined-Not determined,4,ev_month_5 ev_state_ky,1.8156439891817837
2023,event_aircraft_core,Not determined-Not determined,5,ev_month_12 ev_state_ak,1.7234478036062324
2023,event_aircraft_core,Not determined-Not determined,6,ev_month_8 ev_state_nc,1.6816744315666512
2023,event_aircraft_core,Not determined-Not determined,7,damage_unk,1.6343971986850307
2023,event_aircraft_core,Not determined-Not determined,8,inj_tot_s_0 damage_unk,1.6343971986850307
2023,event_aircraft_core,Not determined-Not determined,9,ev_month_8 ev_state_il,1.6117972400076834
2023,event_aircraft_core,Not determined-Not determined,10,acft_model_j250_sp,1.5711633549176014
2023,event_aircraft_core,Not determined-Not determined,11,acft_model_j250_sp acft_category_air,1.5711633549176014
2023,event_aircraft_core,Not determined-Not determined,12,damage_dest acft_make_maule,1.540598817478154
2023,event_aircraft_core,Not determined-Not determined,13,ev_month_9 ev_state_co,1.525689288001828
2023,event_aircraft_core,Not determined-Not determined,14,acft_model_210,1.502596904915348
2023,event_aircraft_core,Not determined-Not determined,15,acft_model_210 acft_category_air,1.502596904915348
2023,event_aircraft_core,Organizational issues-Support/oversight/monitoring,1,ev_month_5 ev_state_nj,3.6349116357128377
2023,event_aircraft_core,Organizational issues-Support/oversight/monitoring,2,ev_highest_injury_fatl inj_tot_f_5,3.293069854451084
2023,event_aircraft_core,Organizational issues-Support/oversight/monitoring,3,inj_tot_f_5,3.293069854451084
2023,event_aircraft_core,Organizational issues-Support/oversight/monitoring,4,ev_month_4 ev_state_ne,3.161955183021577
2023,event_aircraft_core,Organizational issues-Support/oversight/monitoring,5,acft_make_dassault,3.0697011208056546
2023,event_aircraft_core,Organizational issues-Support/oversight/monitoring,6,ev_highest_injury_fatl inj_tot_f_6,2.838314117153568
2023,event_aircraft_core,Organizational issues-Support/oversight/monitoring,7,inj_tot_f_6,2.838314117153568
2023,event_aircraft_core,Organizational issues-Support/oversight/monitoring,8,inj_tot_f_6 inj_tot_s_0,2.838314117153568
2023,event_aircraft_core,Organizational issues-Support/oversight/monitoring,9,damage_dest acft_make_sikorsky,2.7340908600524685
2023,event_aircraft_core,Organizational issues-Support/oversight/monitoring,10,ev_month_10 ev_state_az,2.7252562742100377
2023,event_aircraft_core,Organizational issues-Support/oversight/monitoring,11,ev_state_ne ev_country_usa,2.7234759245069124
2023,event_aircraft_core,Organizational issues-Support/oversight/monitoring,12,ev_state_ne,2.7234759245069124
2023,event_aircraft_core,Organizational issues-Support/oversight/monitoring,13,acft_make_eurocopter acft_model_as_350_b3,2.709213487077242
2023,event_aircraft_core,Organizational issues-Support/oversight/monitoring,14,acft_model_as_350_b3,2.709213487077242
2023,event_aircraft_core,Organizational issues-Support/oversight/monitoring,15,acft_model_as_350_b3 acft_category_heli,2.709213487077242
2023,event_aircraft_core,Personnel issues-Action/decision,1,acft_category_heli cert_max_gr_wt_missing,1.5267234224679744
2023,event_aircraft_core,Personnel issues-Action/decision,2,ev_month_10 ev_state_fl,1.28627846272032
2023,event_aircraft_core,Personnel issues-Action/decision,3,ev_month_3 ev_state_mt,1.1383808179796062
2023,event_aircraft_core,Personnel issues-Action/decision,4,ev_month_7 ev_state_wa,1.0866862191214608
2023,event_aircraft_core,Personnel issues-Action/decision,5,ev_month_12 ev_state_tx,1.052547901652556
2023,event_aircraft_core,Personnel issues-Action/decision,6,ev_month_4 ev_state_md,1.027508424920854
2023,event_aircraft_core,Personnel issues-Action/decision,7,ev_month_9 ev_state_wi,1.0067955910591868
2023,event_aircraft_core,Personnel issues-Action/decision,8,ev_month_3 ev_state_fl,1.0015160927726954
2023,event_aircraft_core,Personnel issues-Action/decision,9,acft_model_oh_58a acft_category_heli,0.8849358245524688
2023,event_aircraft_core,Personnel issues-Action/decision,10,acft_model_oh_58a,0.8849358245524688
2023,event_aircraft_core,Personnel issues-Action/decision,11,acft_model_rv_6a acft_category_air,0.8416682464052188
2023,event_aircraft_core,Personnel issues-Action/decision,12,acft_model_rv_6a,0.8416682464052188
2023,event_aircraft_core,Personnel issues-Action/decision,13,cert_max_gr_wt_1212 num_eng_1,0.838029201977263
2023,event_aircraft_core,Personnel issues-Action/decision,14,inj_tot_s_3 damage_dest,0.8268498707674234
2023,event_aircraft_core,Personnel issues-Action/decision,15,ev_month_8 ev_state_pa,0.8185579336483362
2023,event_aircraft_core,Personnel issues-Experience/knowledge,1,ev_month_3 ev_state_ar,2.7506980475603795
2023,event_aircraft_core,Personnel issues-Experience/knowledge,2,ev_country_usa ev_highest_injury_fatl,2.7304891588456153
2023,event_aircraft_core,Personnel issues-Experience/knowledge,3,ev_highest_injury_fatl,2.7304891588456153
2023,event_aircraft_core,Personnel issues-Experience/knowledge,4,ev_month_8 ev_state_tx,2.725412679784693
2023,event_aircraft_core,Personnel issues-Experience/knowledge,5,ev_month_6 ev_state_nc,2.536282445249578
2023,event_aircraft_core,Personnel issues-Experience/knowledge,6,ev_month_1 ev_state_co,2.511808255012637
2023,event_aircraft_core,Personnel issues-Experience/knowledge,7,damage_dest acft_make_piper,2.465013356214699
2023,event_aircraft_core,Personnel issues-Experience/knowledge,8,ev_month_11 ev_state_ga,2.290718803625591
2023,event_aircraft_core,Personnel issues-Experience/knowledge,9,ev_month_12 ev_state_fl,2.265627388421539
2023,event_aircraft_core,Personnel issues-Experience/knowledge,10,acft_category_wsft,2.1042254263134246
2023,event_aircraft_core,Personnel issues-Experience/knowledge,11,num_eng_3,2.0976402191229178
2023,event_aircraft_core,Personnel issues-Experience/knowledge,12,num_eng_3 phase_flt_spec_missing,2.0976402191229178
2023,event_aircraft_core,Personnel issues-Experience/knowledge,13,acft_model_750,2.07009523738351
2023,event_aircraft_core,Personnel issues-Experience/knowledge,14,acft_model_750 acft_category_air,2.07009523738351
2023,event_aircraft_core,Personnel issues-Experience/knowledge,15,ev_month_3 ev_state_la,2.0631792079020737
2023,event_aircraft_core,Personnel issues-Physical,1,ev_month_8 ev_state_pa,3.544513929125378
2023,event_aircraft_core,Personnel issues-Physical,2,ev_highest_injury_fatl,3.3439484762012652
2023,event_aircraft_core,Personnel issues-Physical,3,ev_country_usa ev_highest_injury_fatl,3.3439484762012652
2023,event_aircraft_core,Personnel issues-Physical,4,damage_subs acft_make_cub_crafters_inc,2.8480052420447577
2023,event_aircraft_core,Personnel issues-Physical,5,acft_make_cub_crafters_inc,2.8480052420447577
2023,event_aircraft_core,Personnel issues-Physical,6,ev_month_9 ev_state_wy,2.7792907797515265
2023,event_aircraft_core,Personnel issues-Physical,7,inj_tot_f_1 inj_tot_s_0,2.6708165976784666
2023,event_aircraft_core,Personnel issues-Physical,8,ev_month_9,2.361218769242259
2023,event_aircraft_core,Personnel issues-Physical,9,ev_month_3,2.270673807191747
2023,event_aircraft_core,Personnel issues-Physical,10,ev_month_9 ev_state_nj,2.2580793715531433
2023,event_aircraft_core,Personnel issues-Physical,11,ev_month_3 ev_state_ak,2.226960613118993
2023,event_aircraft_core,Personnel issues-Physical,12,ev_month_11 ev_state_tx,2.163464924665656
2023,event_aircraft_core,Personnel issues-Physical,13,ev_month_7 ev_state_mo,1.9957047452055674
2023,event_aircraft_core,Personnel issues-Physical,14,ev_month_7 ev_state_md,1.9887352740150521
2023,event_aircraft_core,Personnel issues-Physical,15,acft_model_172r acft_category_air,1.98702812084334
2023,event_aircraft_core,Personnel issues-Psychological,1,ev_month_7 ev_state_ak,2.3769441484141085
2023,event_aircraft_core,Personnel issues-Psychological,2,inj_tot_s_0 damage_minr,1.9745200144645325
2023,event_aircraft_core,Personnel issues-Psychological,3,acft_category_heli,1.8982668273617245
2023,event_aircraft_core,Personnel issues-Psychological,4,inj_tot_s_0 damage_dest,1.8643574990035776
2023,event_aircraft_core,Personnel issues-Psychological,5,ev_month_3 ev_state_va,1.5497561142445921
2023,event_aircraft_core,Personnel issues-Psychological,6,damage_subs acft_make_bell,1.4707980703134118
2023,event_aircraft_core,Personnel issues-Psychological,7,acft_category_heli cert_max_gr_wt_3350,1.4705286675278166
2023,event_aircraft_core,Personnel issues-Psychological,8,acft_model_rv_8,1.4292614275748132
2023,event_aircraft_core,Personnel issues-Psychological,9,acft_model_rv_8 acft_category_air,1.4292614275748132
2023,event_aircraft_core,Personnel issues-Psychological,10,ev_month_11 ev_state_il,1.4033622050916357
2023,event_aircraft_core,Personnel issues-Psychological,11,ev_month_12,1.3510968574874458
2023,event_aircraft_core,Personnel issues-Psychological,12,ev_month_8 ev_state_pa,1.3480093838812583
2023,event_aircraft_core,Personnel issues-Psychological,13,ev_month_8 ev_state_or,1.344296793292439
2023,event_aircraft_core,Personnel issues-Psychological,14,ev_month_7 ev_state_wi,1.3411088969360894
2023,event_aircraft_core,Personnel issues-Psychological,15,ev_month_7 ev_state_fl,1.3279352474925392
2023,event_aircraft_core,Personnel issues-Task performance,1,ev_month_6,1.1970883413250255
2023,event_aircraft_core,Personnel issues-Task performance,2,ev_month_5,1.1552592076288477
2023,event_aircraft_core,Personnel issues-Task performance,3,ev_month_12 ev_state_az,1.1304638848362325
2023,event_aircraft_core,Personnel issues-Task performance,4,ev_month_9 ev_state_tn,1.1172206705471524
2023,event_aircraft_core,Personnel issues-Task performance,5,ev_month_8 ev_state_ak,1.0301886067857589
2023,event_aircraft_core,Personnel issues-Task performance,6,inj_tot_s_1 damage_subs,0.9767775493698097
2023,event_aircraft_core,Personnel issues-Task performance,7,damage_subs,0.9672795393626313
2023,event_aircraft_core,Personnel issues-Task performance,8,acft_category_air cert_max_gr_wt_2000,0.9599303097218366
2023,event_aircraft_core,Personnel issues-Task performance,9,ev_month_10 ev_state_tx,0.9571621734457548
2023,event_aircraft_core,Personnel issues-Task performance,10,damage_dest acft_make_piper,0.9320152465533899
2023,event_aircraft_core,Personnel issues-Task performance,11,cert_max_gr_wt_2000,0.9205716797488325
2023,event_aircraft_core,Personnel issues-Task performance,12,ev_month_5 ev_state_nv,0.8933419625606953
2023,event_aircraft_core,Personnel issues-Task performance,13,ev_month_6 ev_state_ok,0.8574619441089751
2023,event_aircraft_core,Personnel issues-Task performance,14,ev_month_7 ev_state_id,0.8473786097780428
2023,event_aircraft_core,Personnel issues-Task performance,15,acft_category_ball,0.8445414771763435
2023,event_aircraft_weather,Aircraft-Aircraft handling/service,1,ev_month_2,2.96086208983882
2023,event_aircraft_weather,Aircraft-Aircraft handling/service,2,wx_dew_pt_28,2.6490616661117583
2023,event_aircraft_weather,Aircraft-Aircraft handling/service,3,wx_dew_pt_23,2.527878478482341
2023,event_aircraft_weather,Aircraft-Aircraft handling/service,4,wx_temp_25,2.305179919996752
2023,event_aircraft_weather,Aircraft-Aircraft handling/service,5,wx_dew_pt_28 wind_dir_deg_0,2.263978623918736
2023,event_aircraft_weather,Aircraft-Aircraft handling/service,6,wx_dew_pt_46 wind_dir_deg_310,2.1832912512097913
2023,event_aircraft_weather,Aircraft-Aircraft handling/service,7,wx_temp_50 wx_dew_pt_28,2.141229337185533
2023,event_aircraft_weather,Aircraft-Aircraft handling/service,8,damage_subs acft_make_textron_aviation,2.1116454760118293
2023,event_aircraft_weather,Aircraft-Aircraft handling/service,9,acft_make_textron_aviation,2.1116454760118293
2023,event_aircraft_weather,Aircraft-Aircraft handling/service,10,wx_temp_66 wx_dew_pt_46,2.1064274942918555
2023,event_aircraft_weather,Aircraft-Aircraft handling/service,11,wx_dew_pt_54 wind_dir_deg_250,2.080147366807018
2023,event_aircraft_weather,Aircraft-Aircraft handling/service,12,ev_month_11 ev_state_tx,2.0654934830481535
2023,event_aircraft_weather,Aircraft-Aircraft handling/service,13,acft_model_challenger acft_category_air,2.031208821538258
2023,event_aircraft_weather,Aircraft-Aircraft handling/service,14,sky_cond_ceil_none vis_sm_50_0,2.0192346508803736
2023,event_aircraft_weather,Aircraft-Aircraft handling/service,15,acft_make_quad_city acft_model_challenger,2.0129435864956116
2023,event_aircraft_weather,Aircraft-Aircraft oper/perf/capability,1,acft_category_gli,1.4011175199520995
2023,event_aircraft_weather,Aircraft-Aircraft oper/perf/capability,2,light_cond_dayl sky_cond_nonceil_cler,1.3390372813117162
2023,event_aircraft_weather,Aircraft-Aircraft oper/perf/capability,3,wx_dew_pt_0,1.2880809480841222
2023,event_aircraft_weather,Aircraft-Aircraft oper/perf/capability,4,damage_dest acft_make_beech,1.176135606083356
2023,event_aircraft_weather,Aircraft-Aircraft oper/perf/capability,5,wind_dir_deg_240,1.139220648315782
2023,event_aircraft_weather,Aircraft-Aircraft oper/perf/capability,6,wind_dir_deg_290,1.0165805247355533
2023,event_aircraft_weather,Aircraft-Aircraft oper/perf/capability,7,wind_dir_deg_180,0.9665556032032969
2023,event_aircraft_weather,Aircraft-Aircraft oper/perf/capability,8,ev_month_8 ev_state_ak,0.9497757657796043
2023,event_aircraft_weather,Aircraft-Aircraft oper/perf/capability,9,acft_model_172,0.9481054203325021
2023,event_aircraft_weather,Aircraft-Aircraft oper/perf/capability,10,acft_model_172 acft_category_air,0.9481054203325021
2023,event_aircraft_weather,Aircraft-Aircraft oper/perf/capability,11,acft_model_pa_18_150,0.9143109415449491
2023,event_aircraft_weather,Aircraft-Aircraft oper/perf/capability,12,acft_model_pa_18_150 acft_category_air,0.9143109415449491
2023,event_aircraft_weather,Aircraft-Aircraft oper/perf/capability,13,acft_make_cessna acft_model_172,0.9028677304169168
2023,event_aircraft_weather,Aircraft-Aircraft oper/perf/capability,14,cert_max_gr_wt_2000 num_eng_1,0.8753537538231613
2023,event_aircraft_weather,Aircraft-Aircraft oper/perf/capability,15,wind_dir_deg_90,0.8723235263856514
2023,event_aircraft_weather,Aircraft-Aircraft power plant,1,damage_subs acft_make_beech,1.3264758702550308
2023,event_aircraft_weather,Aircraft-Aircraft power plant,2,acft_category_air cert_max_gr_wt_1600,1.320779375890185
2023,event_aircraft_weather,Aircraft-Aircraft power plant,3,ev_month_11 ev_state_fl,1.3153123096076302
2023,event_aircraft_weather,Aircraft-Aircraft power plant,4,wx_dew_pt_77 wind_dir_deg_240,1.291255815881753
2023,event_aircraft_weather,Aircraft-Aircraft power plant,5,wx_temp_25,1.2553455510207816
2023,event_aircraft_weather,Aircraft-Aircraft power plant,6,ev_month_4 ev_state_wa,1.2479274498833632
2023,event_aircraft_weather,Aircraft-Aircraft power plant,7,wx_dew_pt_27 wind_dir_deg_0,1.2095922644164228
2023,event_aircraft_weather,Aircraft-Aircraft power plant,8,cert_max_gr_wt_1600,1.175481896840199
2023,event_aircraft_weather,Aircraft-Aircraft power plant,9,cert_max_gr_wt_1600 num_eng_1,1.175481896840199
2023,event_aircraft_weather,Aircraft-Aircraft power plant,10,wx_temp_57 wx_dew_pt_36,1.1651556889265862
2023,event_aircraft_weather,Aircraft-Aircraft power plant,11,ev_month_7 ev_state_ca,1.1638766859502567
2023,event_aircraft_weather,Aircraft-Aircraft power plant,12,wind_dir_deg_130 wind_vel_kts_7,1.1479160664323014
2023,event_aircraft_weather,Aircraft-Aircraft power plant,13,wx_dew_pt_36,1.1476633853616791
2023,event_aircraft_weather,Aircraft-Aircraft power plant,14,acft_make_stinson,1.1439845224995013
2023,event_aircraft_weather,Aircraft-Aircraft power plant,15,ev_country_usa ev_highest_injury_minr,1.1415474986901384
2023,event_aircraft_weather,Aircraft-Aircraft propeller/rotor,1,acft_category_heli,8.20262072159183
2023,event_aircraft_weather,Aircraft-Aircraft propeller/rotor,2,ev_state_ca,2.5885956692309864
2023,event_aircraft_weather,Aircraft-Aircraft propeller/rotor,3,ev_state_ca ev_country_usa,2.5885956692309864
2023,event_aircraft_weather,Aircraft-Aircraft propeller/rotor,4,ev_month_8,2.4030846801290795
2023,event_aircraft_weather,Aircraft-Aircraft propeller/rotor,5,wind_dir_deg_80,2.3658234162075202
2023,event_aircraft_weather,Aircraft-Aircraft propeller/rotor,6,damage_subs acft_make_enstrom,2.275227425941355
2023,event_aircraft_weather,Aircraft-Aircraft propeller/rotor,7,acft_make_eurocopter_deutschland_gmbh,2.1996771776227213
2023,event_aircraft_weather,Aircraft-Aircraft propeller/rotor,8,damage_subs acft_make_eurocopter_deutschland_gmbh,2.1996771776227213
2023,event_aircraft_weather,Aircraft-Aircraft propeller/rotor,9,wind_dir_deg_80 wind_vel_kts_6,2.0849770492437614
2023,event_aircraft_weather,Aircraft-Aircraft propeller/rotor,10,wind_dir_deg_50,2.0759946153674704
2023,event_aircraft_weather,Aircraft-Aircraft propeller/rotor,11,acft_make_hiller,2.0469584568838215
2023,event_aircraft_weather,Aircraft-Aircraft propeller/rotor,12,vis_sm_missing wx_temp_52,2.0377723079742913
2023,event_aircraft_weather,Aircraft-Aircraft propeller/rotor,13,acft_make_enstrom,2.0123299964245662
2023,event_aircraft_weather,Aircraft-Aircraft propeller/rotor,14,wx_temp_61 wx_dew_pt_27,2.003142843391055
2023,event_aircraft_weather,Aircraft-Aircraft propeller/rotor,15,wx_dew_pt_64 wind_dir_deg_30,2.0026529620356253
2023,event_aircraft_weather,Aircraft-Aircraft structures,1,wx_temp_79 wx_dew_pt_64,2.328195127658621
2023,event_aircraft_weather,Aircraft-Aircraft structures,2,wx_temp_43 wx_dew_pt_19,2.297323137637722
2023,event_aircraft_weather,Aircraft-Aircraft structures,3,ev_month_4 ev_state_ma,2.034710677839135
2023,event_aircraft_weather,Aircraft-Aircraft structures,4,acft_model_lancair_evolution acft_category_air,2.03426215868215
2023,event_aircraft_weather,Aircraft-Aircraft structures,5,acft_model_lancair_evolution,2.03426215868215
2023,event_aircraft_weather,Aircraft-Aircraft structures,6,wx_temp_82 wx_dew_pt_37,2.031524402414363
2023,event_aircraft_weather,Aircraft-Aircraft structures,7,wx_dew_pt_54 wind_dir_deg_180,2.0222030397462962
2023,event_aircraft_weather,Aircraft-Aircraft structures,8,wx_dew_pt_72 wind_dir_deg_0,2.0058921256509494
2023,event_aircraft_weather,Aircraft-Aircraft structures,9,wx_temp_59 wx_dew_pt_55,1.9726977786388251
2023,event_aircraft_weather,Aircraft-Aircraft structures,10,wind_dir_deg_50 wind_vel_kts_7,1.903352624827866
2023,event_aircraft_weather,Aircraft-Aircraft structures,11,wx_temp_63 wx_dew_pt_43,1.8388048916747486
2023,event_aircraft_weather,Aircraft-Aircraft structures,12,wind_dir_deg_350,1.814003963679074
2023,event_aircraft_weather,Aircraft-Aircraft structures,13,wx_temp_52 wx_dew_pt_45,1.7654466922388843
2023,event_aircraft_weather,Aircraft-Aircraft structures,14,acft_category_air cert_max_gr_wt_1370,1.7223389745361375
2023,event_aircraft_weather,Aircraft-Aircraft structures,15,acft_category_wsft,1.7152292948692207
2023,event_aircraft_weather,Aircraft-Aircraft systems,1,num_eng_2,2.239796759397908
2023,event_aircraft_weather,Aircraft-Aircraft systems,2,num_eng_2 phase_flt_spec_missing,2.239796759397908
2023,event_aircraft_weather,Aircraft-Aircraft systems,3,wx_dew_pt_64,1.6481221932935122
2023,event_aircraft_weather,Aircraft-Aircraft systems,4,wx_dew_pt_68 wind_dir_deg_0,1.353767989689938
2023,event_aircraft_weather,Aircraft-Aircraft systems,5,wx_dew_pt_52 wind_dir_deg_190,1.3203365026048586
2023,event_aircraft_weather,Aircraft-Aircraft systems,6,wx_temp_72,1.2910537025901818
2023,event_aircraft_weather,Aircraft-Aircraft systems,7,acft_category_air,1.2620818779884406
2023,event_aircraft_weather,Aircraft-Aircraft systems,8,acft_make_dassault_aviation,1.2174439502119343
2023,event_aircraft_weather,Aircraft-Aircraft systems,9,ev_month_10,1.2082901968125157
2023,event_aircraft_weather,Aircraft-Aircraft systems,10,ev_month_9 ev_state_ak,1.1896525247951548
2023,event_aircraft_weather,Aircraft-Aircraft systems,11,sky_cond_ceil_none vis_sm_8_0,1.1707980609531763
2023,event_aircraft_weather,Aircraft-Aircraft systems,12,wx_temp_68 wx_dew_pt_43,1.1590417634534032
2023,event_aircraft_weather,Aircraft-Aircraft systems,13,altimeter_30_1200008392334 wx_cond_basic_vmc,1.1314272386265871
2023,event_aircraft_weather,Aircraft-Aircraft systems,14,wx_temp_72 wx_dew_pt_54,1.1313416786351786
2023,event_aircraft_weather,Aircraft-Aircraft systems,15,acft_make_beech,1.1252719148736283
2023,event_aircraft_weather,Aircraft-Fluids/misc hardware,1,damage_subs acft_make_beech,2.1997441030166676
2023,event_aircraft_weather,Aircraft-Fluids/misc hardware,2,damage_subs acft_make_piper,2.0123041135619877
2023,event_aircraft_weather,Aircraft-Fluids/misc hardware,3,acft_make_piper,1.8610847665204033
2023,event_aircraft_weather,Aircraft-Fluids/misc hardware,4,ev_month_10,1.848941958574024
2023,event_aircraft_weather,Aircraft-Fluids/misc hardware,5,acft_category_air cert_max_gr_wt_missing,1.5412679640813156
2023,event_aircraft_weather,Aircraft-Fluids/misc hardware,6,ev_month_8 ev_state_ut,1.5252920332612478
2023,event_aircraft_weather,Aircraft-Fluids/misc hardware,7,gust_kts_0 altimeter_29_8700008392334,1.5142545817113877
2023,event_aircraft_weather,Aircraft-Fluids/misc hardware,8,wind_dir_deg_40 wind_vel_kts_9,1.4289583699266344
2023,event_aircraft_weather,Aircraft-Fluids/misc hardware,9,wind_dir_deg_340 wind_vel_kts_5,1.3809306033095585
2023,event_aircraft_weather,Aircraft-Fluids/misc hardware,10,damage_subs acft_make_cessna,1.380820597137009
2023,event_aircraft_weather,Aircraft-Fluids/misc hardware,11,wind_dir_deg_0 wind_vel_kts_4,1.3674704884409168
2023,event_aircraft_weather,Aircraft-Fluids/misc hardware,12,acft_make_beech,1.362407236663097
2023,event_aircraft_weather,Aircraft-Fluids/misc hardware,13,inj_tot_s_1 damage_subs,1.3460994053549242
2023,event_aircraft_weather,Aircraft-Fluids/misc hardware,14,wind_dir_deg_270,1.3437896750280447
2023,event_aircraft_weather,Aircraft-Fluids/misc hardware,15,wx_dew_pt_46,1.3410727768858073
2023,event_aircraft_weather,Environmental issues-Conditions/weather/phenomena,1,wx_cond_basic_imc,5.082087498685669
2023,event_aircraft_weather,Environmental issues-Conditions/weather/phenomena,2,inj_tot_s_1 damage_missing,2.493990388922641
2023,event_aircraft_weather,Environmental issues-Conditions/weather/phenomena,3,damage_missing,1.7844284500540073
2023,event_aircraft_weather,Environmental issues-Conditions/weather/phenomena,4,sky_cond_ceil_ovc,1.699583629800346
2023,event_aircraft_weather,Environmental issues-Conditions/weather/phenomena,5,gust_kts_25,1.59181421386334
2023,event_aircraft_weather,Environmental issues-Conditions/weather/phenomena,6,acft_category_gli,1.4255402932301036
2023,event_aircraft_weather,Environmental issues-Conditions/weather/phenomena,7,light_cond_nite,1.4210770877970564
2023,event_aircraft_weather,Environmental issues-Conditions/weather/phenomena,8,phase_flt_spec_missing light_cond_nite,1.4210770877970564
2023,event_aircraft_weather,Environmental issues-Conditions/weather/phenomena,9,ev_state_id ev_country_usa,1.4068106802159763
2023,event_aircraft_weather,Environmental issues-Conditions/weather/phenomena,10,ev_state_id,1.4068106802159763
2023,event_aircraft_weather,Environmental issues-Conditions/weather/phenomena,11,gust_kts_20,1.3870300887322744
2023,event_aircraft_weather,Environmental issues-Conditions/weather/phenomena,12,gust_kts_15,1.362477701495861
2023,event_aircraft_weather,Environmental issues-Conditions/weather/phenomena,13,gust_kts_21,1.3357200787357688
2023,event_aircraft_weather,Environmental issues-Conditions/weather/phenomena,14,sky_cond_nonceil_missing sky_cond_ceil_ovc,1.2180822333967305
2023,event_aircraft_weather,Environmental issues-Conditions/weather/phenomena,15,light_cond_ndrk,1.2163705733397558
2023,event_aircraft_weather,Environmental issues-Operating environment,1,wx_dew_pt_64 wind_dir_deg_0,3.2309587347125506
2023,event_aircraft_weather,Environmental issues-Operating environment,2,wx_dew_pt_55 wind_dir_deg_300,2.3169953916682036
2023,event_aircraft_weather,Environmental issues-Operating environment,3,light_cond_nite,2.262891018256982
2023,event_aircraft_weather,Environmental issues-Operating environment,4,phase_flt_spec_missing light_cond_nite,2.262891018256982
2023,event_aircraft_weather,Environmental issues-Operating environment,5,vis_sm_9_0 wx_temp_84,2.2083931647176644
2023,event_aircraft_weather,Environmental issues-Operating environment,6,wx_temp_77 wx_dew_pt_77,2.1737241424530156
2023,event_aircraft_weather,Environmental issues-Operating environment,7,wx_dew_pt_77 wind_dir_deg_40,2.1632489436864
2023,event_aircraft_weather,Environmental issues-Operating environment,8,cert_max_gr_wt_1102,2.0946002837186324
2023,event_aircraft_weather,Environmental issues-Operating environment,9,light_cond_nite sky_cond_nonceil_cler,2.0245299007122877
2023,event_aircraft_weather,Environmental issues-Operating environment,10,ev_month_9 ev_state_nj,2.0142749619908384
2023,event_aircraft_weather,Environmental issues-Operating environment,11,damage_dest acft_make_sikorsky,2.000205384841272
2023,event_aircraft_weather,Environmental issues-Operating environment,12,damage_dest acft_make_dassault_aviation,1.9977359384889437
2023,event_aircraft_weather,Environmental issues-Operating environment,13,ev_month_12,1.9202650037691065
2023,event_aircraft_weather,Environmental issues-Operating environment,14,wx_temp_72 wx_dew_pt_64,1.9024824452124913
2023,event_aircraft_weather,Environmental issues-Operating environment,15,wx_temp_82 wx_dew_pt_25,1.888765593980462
2023,event_aircraft_weather,Environmental issues-Physical environment,1,wind_dir_deg_360 wind_vel_kts_3,1.4582904222536872
2023,event_aircraft_weather,Environmental issues-Physical environment,2,wx_dew_pt_30,1.4295031107641196
2023,event_aircraft_weather,Environmental issues-Physical environment,3,ev_month_7 ev_state_ak,1.4172282032250583
2023,event_aircraft_weather,Environmental issues-Physical environment,4,acft_category_heli,1.3993999055622766
2023,event_aircraft_weather,Environmental issues-Physical environment,5,wind_dir_deg_200 wind_vel_kts_3,1.1827083223947479
2023,event_aircraft_weather,Environmental issues-Physical environment,6,ev_state_ak ev_country_usa,1.1646349956992623
2023,event_aircraft_weather,Environmental issues-Physical environment,7,ev_state_ak,1.1646349956992623
2023,event_aircraft_weather,Environmental issues-Physical environment,8,wx_dew_pt_1,1.150582559022415
2023,event_aircraft_weather,Environmental issues-Physical environment,9,acft_make_air_tractor,1.1259444144254402
2023,event_aircraft_weather,Environmental issues-Physical environment,10,wind_dir_deg_350 wind_vel_kts_6,1.039174570062717
2023,event_aircraft_weather,Environmental issues-Physical environment,11,ev_month_4,1.035279946446105
2023,event_aircraft_weather,Environmental issues-Physical environment,12,wx_temp_43 wx_dew_pt_36,1.0332244999751645
2023,event_aircraft_weather,Environmental issues-Physical environment,13,damage_subs acft_make_robinson,1.0296962583294964
2023,event_aircraft_weather,Environmental issues-Physical environment,14,acft_make_robinson,1.0222111000102372
2023,event_aircraft_weather,Environmental issues-Physical environment,15,damage_subs acft_make_maule,1.016275476694447
2023,event_aircraft_weather,Not determined-Not determined,1,wx_temp_81 wx_dew_pt_64,2.283329919301347
2023,event_aircraft_weather,Not determined-Not determined,2,damage_dest,2.213723565724372
2023,event_aircraft_weather,Not determined-Not determined,3,inj_tot_s_0 damage_dest,2.1558812228294024
2023,event_aircraft_weather,Not determined-Not determined,4,gust_kts_0 altimeter_30_1200008392334,1.6271805248091025
2023,event_aircraft_weather,Not determined-Not determined,5,acft_make_cessna acft_model_210,1.580519962416631
2023,event_aircraft_weather,Not determined-Not determined,6,acft_model_210 acft_category_air,1.580519962416631
2023,event_aircraft_weather,Not determined-Not determined,7,acft_model_210,1.580519962416631
2023,event_aircraft_weather,Not determined-Not determined,8,wind_dir_deg_290 wind_vel_kts_4,1.5131718489879982
2023,event_aircraft_weather,Not determined-Not determined,9,wx_dew_pt_39 wind_dir_deg_330,1.4375768834036144
2023,event_aircraft_weather,Not determined-Not determined,10,wind_dir_deg_10,1.434518809496497
2023,event_aircraft_weather,Not determined-Not determined,11,ev_month_8,1.4313652224498465
2023,event_aircraft_weather,Not determined-Not determined,12,wind_dir_deg_350 wind_vel_kts_5,1.4051343481970548
2023,event_aircraft_weather,Not determined-Not determined,13,wx_temp_88 wx_dew_pt_59,1.4023184558842203
2023,event_aircraft_weather,Not determined-Not determined,14,wx_temp_66 wx_dew_pt_23,1.4014516288933703
2023,event_aircraft_weather,Not determined-Not determined,15,gust_kts_27,1.3781871578568867
2023,event_aircraft_weather,Organizational issues-Support/oversight/monitoring,1,damage_dest acft_make_sikorsky,2.504137035559323
2023,event_aircraft_weather,Organizational issues-Support/oversight/monitoring,2,ev_highest_injury_fatl inj_tot_f_5,2.4908781310809087
2023,event_aircraft_weather,Organizational issues-Support/oversight/monitoring,3,inj_tot_f_5,2.4908781310809087
2023,event_aircraft_weather,Organizational issues-Support/oversight/monitoring,4,inj_tot_f_6,2.4861444597645503
2023,event_aircraft_weather,Organizational issues-Support/oversight/monitoring,5,inj_tot_f_6 inj_tot_s_0,2.4861444597645503
2023,event_aircraft_weather,Organizational issues-Support/oversight/monitoring,6,ev_highest_injury_fatl inj_tot_f_6,2.4861444597645503
2023,event_aircraft_weather,Organizational issues-Support/oversight/monitoring,7,ev_country_usa ev_highest_injury_fatl,2.326435279621644
2023,event_aircraft_weather,Organizational issues-Support/oversight/monitoring,8,ev_highest_injury_fatl,2.326435279621644
2023,event_aircraft_weather,Organizational issues-Support/oversight/monitoring,9,ev_month_4 ev_state_ne,2.1850396056943406
2023,event_aircraft_weather,Organizational issues-Support/oversight/monitoring,10,acft_make_sikorsky,2.121782860162188
2023,event_aircraft_weather,Organizational issues-Support/oversight/monitoring,11,ev_month_5 ev_state_nj,2.1101664442109707
2023,event_aircraft_weather,Organizational issues-Support/oversight/monitoring,12,wx_temp_59 wx_dew_pt_28,2.110009680114269
2023,event_aircraft_weather,Organizational issues-Support/oversight/monitoring,13,wind_dir_deg_140 wind_vel_kts_9,2.047078550121998
2023,event_aircraft_weather,Organizational issues-Support/oversight/monitoring,14,damage_dest,2.044263490476474
2023,event_aircraft_weather,Organizational issues-Support/oversight/monitoring,15,acft_category_heli cert_max_gr_wt_missing,2.0368775138131783
2023,event_aircraft_weather,Personnel issues-Action/decision,1,wx_cond_basic_imc,2.271211378657441
2023,event_aircraft_weather,Personnel issues-Action/decision,2,acft_category_heli cert_max_gr_wt_missing,1.298581905471758
2023,event_aircraft_weather,Personnel issues-Action/decision,3,wind_dir_deg_230,1.1395572195346788
2023,event_aircraft_weather,Personnel issues-Action/decision,4,ev_month_10 ev_state_fl,1.1229696022294675
2023,event_aircraft_weather,Personnel issues-Action/decision,5,vis_sm_3_0,1.0240477437702435
2023,event_aircraft_weather,Personnel issues-Action/decision,6,ev_month_7 ev_state_wa,0.9992825677721756
2023,event_aircraft_weather,Personnel issues-Action/decision,7,wind_vel_kts_13 gust_kts_0,0.9273029432826853
2023,event_aircraft_weather,Personnel issues-Action/decision,8,wx_dew_pt_60,0.9114499634330675
2023,event_aircraft_weather,Personnel issues-Action/decision,9,wind_dir_deg_150 wind_vel_kts_3,0.8833439995659657
2023,event_aircraft_weather,Personnel issues-Action/decision,10,ev_month_12 ev_state_tx,0.8499144993193339
2023,event_aircraft_weather,Personnel issues-Action/decision,11,wx_temp_68 wx_dew_pt_0,0.849308841961081
2023,event_aircraft_weather,Personnel issues-Action/decision,12,wx_dew_pt_19,0.8289216175313189
2023,event_aircraft_weather,Personnel issues-Action/decision,13,vis_sm_10_0 wx_temp_79,0.8098455035823227
2023,event_aircraft_weather,Personnel issues-Action/decision,14,wind_dir_deg_210,0.808992368234925
2023,event_aircraft_weather,Personnel issues-Action/decision,15,sky_cond_nonceil_missing,0.8003053183931774
2023,event_aircraft_weather,Personnel issues-Experience/knowledge,1,wx_cond_basic_imc,3.1847027833467765
2023,event_aircraft_weather,Personnel issues-Experience/knowledge,2,ev_country_usa ev_highest_injury_fatl,2.6552652218604913
2023,event_aircraft_weather,Personnel issues-Experience/knowledge,3,ev_highest_injury_fatl,2.6552652218604913
2023,event_aircraft_weather,Personnel issues-Experience/knowledge,4,sky_cond_ceil_bkn vis_sm_missing,2.1448603090326914
2023,event_aircraft_weather,Personnel issues-Experience/knowledge,5,acft_category_wsft,2.06001117429461
2023,event_aircraft_weather,Personnel issues-Experience/knowledge,6,ev_month_1 ev_state_co,1.9930825531170444
2023,event_aircraft_weather,Personnel issues-Experience/knowledge,7,sky_cond_ceil_ovc,1.937633883494389
2023,event_aircraft_weather,Personnel issues-Experience/knowledge,8,ev_month_3 ev_state_la,1.9179538307615691
2023,event_aircraft_weather,Personnel issues-Experience/knowledge,9,ev_month_3 ev_state_ar,1.7855124782538128
2023,event_aircraft_weather,Personnel issues-Experience/knowledge,10,num_eng_missing,1.7770508651994632
2023,event_aircraft_weather,Personnel issues-Experience/knowledge,11,num_eng_missing phase_flt_spec_missing,1.7770508651994632
2023,event_aircraft_weather,Personnel issues-Experience/knowledge,12,inj_tot_f_2,1.7300360964746857
2023,event_aircraft_weather,Personnel issues-Experience/knowledge,13,ev_highest_injury_fatl inj_tot_f_2,1.7300360964746857
2023,event_aircraft_weather,Personnel issues-Experience/knowledge,14,inj_tot_f_2 inj_tot_s_0,1.7234579437721453
2023,event_aircraft_weather,Personnel issues-Experience/knowledge,15,ev_month_6 ev_state_nc,1.7203382941556498
2023,event_aircraft_weather,Personnel issues-Physical,1,ev_highest_injury_fatl,3.683998093277464
2023,event_aircraft_weather,Personnel issues-Physical,2,ev_country_usa ev_highest_injury_fatl,3.683998093277464
2023,event_aircraft_weather,Personnel issues-Physical,3,inj_tot_f_1 inj_tot_s_0,3.233744298339523
2023,event_aircraft_weather,Personnel issues-Physical,4,ev_highest_injury_fatl inj_tot_f_1,2.597895615831084
2023,event_aircraft_weather,Personnel issues-Physical,5,inj_tot_f_1,2.597895615831084
2023,event_aircraft_weather,Personnel issues-Physical,6,damage_subs acft_make_cub_crafters_inc,2.076418183540463
2023,event_aircraft_weather,Personnel issues-Physical,7,acft_make_cub_crafters_inc,2.076418183540463
2023,event_aircraft_weather,Personnel issues-Physical,8,vis_sm_10_0 wx_temp_23,2.045261730792554
2023,event_aircraft_weather,Personnel issues-Physical,9,ev_month_9 ev_state_wy,2.0086250838126327
2023,event_aircraft_weather,Personnel issues-Physical,10,wx_temp_23,1.9962721661827825
2023,event_aircraft_weather,Personnel issues-Physical,11,wx_dew_pt_54 wind_dir_deg_300,1.8194049975317348
2023,event_aircraft_weather,Personnel issues-Physical,12,wx_temp_57 wx_dew_pt_34,1.7980882238819669
2023,event_aircraft_weather,Personnel issues-Physical,13,wx_temp_75 wx_dew_pt_54,1.7678258122568875
2023,event_aircraft_weather,Personnel issues-Physical,14,ev_month_9,1.7660662277510393
2023,event_aircraft_weather,Personnel issues-Physical,15,ev_month_7 ev_state_md,1.667151351945451
2023,event_aircraft_weather,Personnel issues-Psychological,1,acft_category_heli,2.4251706740391663
2023,event_aircraft_weather,Personnel issues-Psychological,2,wx_cond_basic_imc,2.273593439916362
2023,event_aircraft_weather,Personnel issues-Psychological,3,ev_month_7 ev_state_ak,1.8296286110113986
2023,event_aircraft_weather,Personnel issues-Psychological,4,inj_tot_s_0 damage_minr,1.821850778825018
2023,event_aircraft_weather,Personnel issues-Psychological,5,inj_tot_s_0 damage_dest,1.6364135933865709
2023,event_aircraft_weather,Personnel issues-Psychological,6,sky_cond_nonceil_missing,1.564836632426573
2023,event_aircraft_weather,Personnel issues-Psychological,7,damage_subs acft_make_bell,1.5277060006784302
2023,event_aircraft_weather,Personnel issues-Psychological,8,wx_dew_pt_52 wind_dir_deg_0,1.4594486675850744
2023,event_aircraft_weather,Personnel issues-Psychological,9,wx_dew_pt_25 wind_dir_deg_350,1.4190248932752683
2023,event_aircraft_weather,Personnel issues-Psychological,10,wx_temp_54 wx_dew_pt_25,1.3655085273509253
2023,event_aircraft_weather,Personnel issues-Psychological,11,wx_dew_pt_45 wind_dir_deg_0,1.3137261320864624
2023,event_aircraft_weather,Personnel issues-Psychological,12,ev_state_az,1.3042728158114199
2023,event_aircraft_weather,Personnel issues-Psychological,13,ev_state_az ev_country_usa,1.3042728158114199
2023,event_aircraft_weather,Personnel issues-Psychological,14,damage_minr,1.2675881759123853
2023,event_aircraft_weather,Personnel issues-Psychological,15,cert_max_gr_wt_16000 num_eng_1,1.2675450702144586
2023,event_aircraft_weather,Personnel issues-Task performance,1,ev_month_5,1.0277264642188149
2023,event_aircraft_weather,Personnel issues-Task performance,2,acft_category_air cert_max_gr_wt_2000,1.0255463982112791
2023,event_aircraft_weather,Personnel issues-Task performance,3,altimeter_29_93000030517578,1.0223642883731094
2023,event_aircraft_weather,Personnel issues-Task performance,4,gust_kts_20,1.0164753203951118
2023,event_aircraft_weather,Personnel issues-Task performance,5,ev_month_6,1.0037123632526543
2023,event_aircraft_weather,Personnel issues-Task performance,6,cert_max_gr_wt_2000,0.9955617781274967
2023,event_aircraft_weather,Personnel issues-Task performance,7,cert_max_gr_wt_2000 num_eng_1,0.9571451514541861
2023,event_aircraft_weather,Personnel issues-Task performance,8,vis_sm_10_0 wx_temp_0,0.9199033753187806
2023,event_aircraft_weather,Personnel issues-Task performance,9,inj_tot_s_1 damage_subs,0.9063449178609008
2023,event_aircraft_weather,Personnel issues-Task performance,10,ev_month_12 ev_state_az,0.835301091516256
2023,event_aircraft_weather,Personnel issues-Task performance,11,ev_month_9 ev_state_tn,0.8261515242399469
2023,event_aircraft_weather,Personnel issues-Task performance,12,wx_dew_pt_45,0.7849073779515305
2023,event_aircraft_weather,Personnel issues-Task performance,13,wx_temp_79 wx_dew_pt_68,0.7845760377812134
2023,event_aircraft_weather,Personnel issues-Task performance,14,damage_dest acft_make_piper,0.7813715522739509
2023,event_aircraft_weather,Personnel issues-Task performance,15,vis_sm_missing wx_temp_75,0.7732434757887319
2023,preliminary,Aircraft-Aircraft handling/service,1,inspection,2.2863246574551694
2023,preliminary,Aircraft-Aircraft handling/service,2,wind_dir_deg_310 wind_vel_kts_6,2.246693705289694
2023,preliminary,Aircraft-Aircraft handling/service,3,ev_month_12 ev_state_tx,2.1558535512311683
2023,preliminary,Aircraft-Aircraft handling/service,4,wind_dir_deg_250 wind_vel_kts_9,2.0792629716869535
2023,preliminary,Aircraft-Aircraft handling/service,5,wx_temp_64 wx_dew_pt_54,2.079238126143139
2023,preliminary,Aircraft-Aircraft handling/service,6,ev_state_tx ev_country_usa,2.0715625634193593
2023,preliminary,Aircraft-Aircraft handling/service,7,ev_state_tx,2.0715625634193593
2023,preliminary,Aircraft-Aircraft handling/service,8,wx_dew_pt_28 wind_dir_deg_0,2.0124287793841567
2023,preliminary,Aircraft-Aircraft handling/service,9,wind_dir_deg_20 wind_vel_kts_4,1.9777161268164933
2023,preliminary,Aircraft-Aircraft handling/service,10,acft_model_uh_1h,1.9417151633933023
2023,preliminary,Aircraft-Aircraft handling/service,11,acft_model_uh_1h acft_category_heli,1.9417151633933023
2023,preliminary,Aircraft-Aircraft handling/service,12,ev_month_6 ev_state_ak,1.9392234648453526
2023,preliminary,Aircraft-Aircraft handling/service,13,acft_model_pa_12,1.935469344426738
2023,preliminary,Aircraft-Aircraft handling/service,14,acft_make_piper acft_model_pa_12,1.935469344426738
2023,preliminary,Aircraft-Aircraft handling/service,15,acft_model_pa_12 acft_category_air,1.935469344426738
2023,preliminary,Aircraft-Aircraft oper/perf/capability,1,runway,1.6071656752320516
2023,preliminary,Aircraft-Aircraft oper/perf/capability,2,wind,1.314010795484109
2023,preliminary,Aircraft-Aircraft oper/perf/capability,3,light_cond_dayl sky_cond_nonceil_cler,1.2853718516560335
2023,preliminary,Aircraft-Aircraft oper/perf/capability,4,nose,1.2739014889331963
2023,preliminary,Aircraft-Aircraft oper/perf/capability,5,damage_subs,1.1512216144358598
2023,preliminary,Aircraft-Aircraft oper/perf/capability,6,num_eng_1,1.1296364828662397
2023,preliminary,Aircraft-Aircraft oper/perf/capability,7,num_eng_1 phase_flt_spec_missing,1.1296364828662397
2023,preliminary,Aircraft-Aircraft oper/perf/capability,8,inj_tot_s_1 damage_subs,1.1254827095257312
2023,preliminary,Aircraft-Aircraft oper/perf/capability,9,stall,1.1094987722368739
2023,preliminary,Aircraft-Aircraft oper/perf/capability,10,weight,1.0303989949378365
2023,preliminary,Aircraft-Aircraft oper/perf/capability,11,angle,1.0187951891820535
2023,preliminary,Aircraft-Aircraft oper/perf/capability,12,rudder,1.0007877773530214
2023,preliminary,Aircraft-Aircraft oper/perf/capability,13,ev_state_wy,0.9948041195586013
2023,preliminary,Aircraft-Aircraft oper/perf/capability,14,ev_state_wy ev_country_usa,0.9948041195586013
2023,preliminary,Aircraft-Aircraft oper/perf/capability,15,flight control,0.9684527582782662
2023,preliminary,Aircraft-Aircraft power plant,1,engine,4.828175317949578
2023,preliminary,Aircraft-Aircraft power plant,2,cylinder,3.0982230235868515
2023,preliminary,Aircraft-Aircraft power plant,3,oil,2.9964179144949328
2023,preliminary,Aircraft-Aircraft power plant,4,power,2.285725840699835
2023,preliminary,Aircraft-Aircraft power plant,5,exhaust,2.225742462772366
2023,preliminary,Aircraft-Aircraft power plant,6,examination engine,2.047054851463144
2023,preliminary,Aircraft-Aircraft power plant,7,overhaul,1.7828405973034305
2023,preliminary,Aircraft-Aircraft power plant,8,throttle,1.7564099413408438
2023,preliminary,Aircraft-Aircraft power plant,9,magneto,1.7392804269009474
2023,preliminary,Aircraft-Aircraft power plant,10,maintenance,1.6616818657158021
2023,preliminary,Aircraft-Aircraft power plant,11,mechanic,1.6509838215901618
2023,preliminary,Aircraft-Aircraft power plant,12,forced,1.6391929642774037
2023,preliminary,Aircraft-Aircraft power plant,13,forced landing,1.61683294708117
2023,preliminary,Aircraft-Aircraft power plant,14,crankshaft,1.614306975818662
2023,preliminary,Aircraft-Aircraft power plant,15,engine power,1.5713185863813028
2023,preliminary,Aircraft-Aircraft propeller/rotor,1,rotor,3.5464020492023653
2023,preliminary,Aircraft-Aircraft propeller/rotor,2,helicopter,3.519248951439892
2023,preliminary,Aircraft-Aircraft propeller/rotor,3,acft_category_heli,3.377128752924801
2023,preliminary,Aircraft-Aircraft propeller/rotor,4,tail rotor,2.893851826184918
2023,preliminary,Aircraft-Aircraft propeller/rotor,5,blade,2.863674994622038
2023,preliminary,Aircraft-Aircraft propeller/rotor,6,tail,2.3860149082745736
2023,preliminary,Aircraft-Aircraft propeller/rotor,7,blades,2.2062475263991486
2023,preliminary,Aircraft-Aircraft propeller/rotor,8,ev_month_8 ev_state_ca,2.054005212776899
2023,preliminary,Aircraft-Aircraft propeller/rotor,9,main rotor,2.004026810423161
2023,preliminary,Aircraft-Aircraft propeller/rotor,10,wind_dir_deg_120,1.9041723845531202
2023,preliminary,Aircraft-Aircraft propeller/rotor,11,ev_month_8,1.9027026399784004
2023,preliminary,Aircraft-Aircraft propeller/rotor,12,hub,1.7673485903513373
2023,preliminary,Aircraft-Aircraft propeller/rotor,13,propeller,1.6964323645538248
2023,preliminary,Aircraft-Aircraft propeller/rotor,14,damage_subs acft_make_enstrom,1.6435745474218983
2023,preliminary,Aircraft-Aircraft propeller/rotor,15,gearbox,1.6019468045867795
2023,preliminary,Aircraft-Aircraft structures,1,num_eng_4,2.4656864633987534
2023,preliminary,Aircraft-Aircraft structures,2,num_eng_4 phase_flt_spec_missing,2.4656864633987534
2023,preliminary,Aircraft-Aircraft structures,3,door,2.2687830520008805
2023,preliminary,Aircraft-Aircraft structures,4,latch,2.134120560920484
2023,preliminary,Aircraft-Aircraft structures,5,ev_month_11 ev_state_fl,1.9133415061950814
2023,preliminary,Aircraft-Aircraft structures,6,crack,1.9059410987195318
2023,preliminary,Aircraft-Aircraft structures,7,windshield,1.8403629661033876
2023,preliminary,Aircraft-Aircraft structures,8,fasteners,1.8069773307096013
2023,preliminary,Aircraft-Aircraft structures,9,ev_month_5 ev_state_co,1.7472810019133953
2023,preliminary,Aircraft-Aircraft structures,10,wind_dir_deg_10,1.7297718430949505
2023,preliminary,Aircraft-Aircraft structures,11,fracture,1.7175528378217115
2023,preliminary,Aircraft-Aircraft structures,12,ev_month_8 ev_state_id,1.6921359698095468
2023,preliminary,Aircraft-Aircraft structures,13,fractured,1.6637587349787966
2023,preliminary,Aircraft-Aircraft structures,14,wx_temp_70 wx_dew_pt_54,1.6608951742825082
2023,preliminary,Aircraft-Aircraft structures,15,wind_dir_deg_180 wind_vel_kts_7,1.6467128811002136
2023,preliminary,Aircraft-Aircraft systems,1,landing gear,2.340379377707522
2023,preliminary,Aircraft-Aircraft systems,2,brake,2.181835593279356
2023,preliminary,Aircraft-Aircraft systems,3,gear,1.8996983555037363
2023,preliminary,Aircraft-Aircraft systems,4,wx_dew_pt_64,1.7008865536395201
2023,preliminary,Aircraft-Aircraft systems,5,hydraulic,1.6567892897465146
2023,preliminary,Aircraft-Aircraft systems,6,num_eng_2,1.5618786931353201
2023,preliminary,Aircraft-Aircraft systems,7,num_eng_2 phase_flt_spec_missing,1.5618786931353201
2023,preliminary,Aircraft-Aircraft systems,8,electrical,1.4939545601286983
2023,preliminary,Aircraft-Aircraft systems,9,handle,1.4707112495714691
2023,preliminary,Aircraft-Aircraft systems,10,ev_month_10,1.3782367677033482
2023,preliminary,Aircraft-Aircraft systems,11,brakes,1.3776438808157203
2023,preliminary,Aircraft-Aircraft systems,12,trim,1.365184101341408
2023,preliminary,Aircraft-Aircraft systems,13,pump,1.2994958289381318
2023,preliminary,Aircraft-Aircraft systems,14,altimeter_29_950000762939453 wx_cond_basic_vmc,1.266793530941717
2023,preliminary,Aircraft-Aircraft systems,15,altimeter_30_1200008392334 wx_cond_basic_vmc,1.2598868741691702
2023,preliminary,Aircraft-Fluids/misc hardware,1,fuel,4.312974884588649
2023,preliminary,Aircraft-Fluids/misc hardware,2,tank,4.072707601298692
2023,preliminary,Aircraft-Fluids/misc hardware,3,fuel tank,2.944070375422324
2023,preliminary,Aircraft-Fluids/misc hardware,4,gallons,2.8265608046417814
2023,preliminary,Aircraft-Fluids/misc hardware,5,tanks,2.4037020703012986
2023,preliminary,Aircraft-Fluids/misc hardware,6,fuel tanks,2.019348571962834
2023,preliminary,Aircraft-Fluids/misc hardware,7,damage_subs acft_make_piper,1.9087201281234756
2023,preliminary,Aircraft-Fluids/misc hardware,8,oil,1.8923893231480038
2023,preliminary,Aircraft-Fluids/misc hardware,9,acft_make_piper,1.7091534369563175
2023,preliminary,Aircraft-Fluids/misc hardware,10,ev_month_10,1.6829913739224323
2023,preliminary,Aircraft-Fluids/misc hardware,11,quantity,1.6109446296486332
2023,preliminary,Aircraft-Fluids/misc hardware,12,hour,1.545234623909694
2023,preliminary,Aircraft-Fluids/misc hardware,13,right fuel,1.3968384948050407
2023,preliminary,Aircraft-Fluids/misc hardware,14,acft_category_air cert_max_gr_wt_1600,1.3714496572604766
2023,preliminary,Aircraft-Fluids/misc hardware,15,leak,1.3686837364295226
2023,preliminary,Environmental issues-Conditions/weather/phenomena,1,wind,3.080937185790724
2023,preliminary,Environmental issues-Conditions/weather/phenomena,2,icing,2.5394638473621542
2023,preliminary,Environmental issues-Conditions/weather/phenomena,3,weather,2.538343898810342
2023,preliminary,Environmental issues-Conditions/weather/phenomena,4,conditions,2.4953086052374105
2023,preliminary,Environmental issues-Conditions/weather/phenomena,5,inj_tot_s_1 damage_missing,2.264965780394642
2023,preliminary,Environmental issues-Conditions/weather/phenomena,6,damage_missing,2.0441017279221114
2023,preliminary,Environmental issues-Conditions/weather/phenomena,7,wx_cond_basic_imc,1.7175027831302487
2023,preliminary,Environmental issues-Conditions/weather/phenomena,8,knots,1.6137094400984053
2023,preliminary,Environmental issues-Conditions/weather/phenomena,9,crosswind,1.5947002582946355
2023,preliminary,Environmental issues-Conditions/weather/phenomena,10,gust_kts_20,1.5865335213515475
2023,preliminary,Environmental issues-Conditions/weather/phenomena,11,time accident,1.5126478872698936
2023,preliminary,Environmental issues-Conditions/weather/phenomena,12,gust_kts_21,1.5086008379915579
2023,preliminary,Environmental issues-Conditions/weather/phenomena,13,carburetor heat,1.47317320125883
2023,preliminary,Environmental issues-Conditions/weather/phenomena,14,wind_dir_deg_100,1.44183250962267
2023,preliminary,Environmental issues-Conditions/weather/phenomena,15,heat,1.4235165032173236
2023,preliminary,Environmental issues-Operating environment,1,wx_dew_pt_64 wind_dir_deg_0,2.819292570377455
2023,preliminary,Environmental issues-Operating environment,2,wind_dir_deg_40 wind_vel_kts_3,2.3326963719357066
2023,preliminary,Environmental issues-Operating environment,3,ev_month_6 ev_state_tx,2.2638191574397544
2023,preliminary,Environmental issues-Operating environment,4,wind_dir_deg_100,2.142766205232398
2023,preliminary,Environmental issues-Operating environment,5,vis_sm_10_0 wx_temp_77,2.0333163137601926
2023,preliminary,Environmental issues-Operating environment,6,ev_state_ok,1.974672803763195
2023,preliminary,Environmental issues-Operating environment,7,ev_state_ok ev_country_usa,1.974672803763195
2023,preliminary,Environmental issues-Operating environment,8,wx_temp_72 wx_dew_pt_64,1.9288375154136927
2023,preliminary,Environmental issues-Operating environment,9,wx_temp_77,1.9083234177877662
2023,preliminary,Environmental issues-Operating environment,10,ev_month_12 ev_state_va,1.813089963910494
2023,preliminary,Environmental issues-Operating environment,11,wind_dir_deg_100 wind_vel_kts_7,1.7661411271036205
2023,preliminary,Environmental issues-Operating environment,12,wx_temp_14,1.7325179521584146
2023,preliminary,Environmental issues-Operating environment,13,wind_dir_deg_30 wind_vel_kts_7,1.7244671634137256
2023,preliminary,Environmental issues-Operating environment,14,cert_max_gr_wt_992,1.700551999145438
2023,preliminary,Environmental issues-Operating environment,15,ev_month_7 ev_state_fl,1.6763883293019302
2023,preliminary,Environmental issues-Physical environment,1,acft_category_heli,1.7153414194970455
2023,preliminary,Environmental issues-Physical environment,2,terrain,1.481418893081886
2023,preliminary,Environmental issues-Physical environment,3,wind_dir_deg_360 wind_vel_kts_3,1.4182744218490648
2023,preliminary,Environmental issues-Physical environment,4,ev_month_7 ev_state_ak,1.4180504464467767
2023,preliminary,Environmental issues-Physical environment,5,gust_kts_0,1.3762615797245963
2023,preliminary,Environmental issues-Physical environment,6,ev_state_ak ev_country_usa,1.1979119796819448
2023,preliminary,Environmental issues-Physical environment,7,ev_state_ak,1.1979119796819448
2023,preliminary,Environmental issues-Physical environment,8,power lines,1.153970511542287
2023,preliminary,Environmental issues-Physical environment,9,wx_cond_basic_vmc pilot,1.1416570888485325
2023,preliminary,Environmental issues-Physical environment,10,wx_temp_28,1.1002145988871703
2023,preliminary,Environmental issues-Physical environment,11,phase_flt_spec_missing light_cond_dusk,1.0992902443018742
2023,preliminary,Environmental issues-Physical environment,12,light_cond_dusk,1.0992902443018742
2023,preliminary,Environmental issues-Physical environment,13,acft_make_air_tractor_inc,1.0720804876326548
2023,preliminary,Environmental issues-Physical environment,14,wind_vel_kts_missing gust_kts_0,1.053998782187239
2023,preliminary,Environmental issues-Physical environment,15,powerlines,1.0316099178265996
2023,preliminary,Not determined-Not determined,1,fuel,2.4163077270679123
2023,preliminary,Not determined-Not determined,2,wx_temp_81 wx_dew_pt_64,2.272239964754189
2023,preliminary,Not determined-Not determined,3,engine,2.181648390727641
2023,preliminary,Not determined-Not determined,4,wind_dir_deg_350 wind_vel_kts_5,2.0294692929200138
2023,preliminary,Not determined-Not determined,5,wind_dir_deg_350,1.7666040046711826
2023,preliminary,Not determined-Not determined,6,wx_temp_70 wx_dew_pt_54,1.7004875619034079
2023,preliminary,Not determined-Not determined,7,helicopter,1.455218704184723
2023,preliminary,Not determined-Not determined,8,wx_dew_pt_54,1.4266607681612093
2023,preliminary,Not determined-Not determined,9,airframe,1.415624944537037
2023,preliminary,Not determined-Not determined,10,anomalies,1.3814883951497334
2023,preliminary,Not determined-Not determined,11,flight,1.3784239096990174
2023,preliminary,Not determined-Not determined,12,propeller,1.3765781591871216
2023,preliminary,Not determined-Not determined,13,pilot,1.3442902227662754
2023,preliminary,Not determined-Not determined,14,wind_dir_deg_10 wind_vel_kts_8,1.3324629569126305
2023,preliminary,Not determined-Not determined,15,test,1.2903824331915075
2023,preliminary,Organizational issues-Support/oversight/monitoring,1,damage_dest acft_make_bell,2.2749308919945035
2023,preliminary,Organizational issues-Support/oversight/monitoring,2,inj_tot_s_0 damage_dest,2.175408169477496
2023,preliminary,Organizational issues-Support/oversight/monitoring,3,wx_dew_pt_25 wind_dir_deg_350,2.146122858418845
2023,preliminary,Organizational issues-Support/oversight/monitoring,4,wind_dir_deg_340 wind_vel_kts_5,2.0658014746569884
2023,preliminary,Organizational issues-Support/oversight/monitoring,5,sky_cond_ceil_bkn vis_sm_3_0,2.055143945348718
2023,preliminary,Organizational issues-Support/oversight/monitoring,6,damage_dest,2.003680920949142
2023,preliminary,Organizational issues-Support/oversight/monitoring,7,ev_month_9 ev_state_nc,1.9637289415111847
2023,preliminary,Organizational issues-Support/oversight/monitoring,8,ev_highest_injury_fatl,1.7849272621176684
2023,preliminary,Organizational issues-Support/oversight/monitoring,9,ev_country_usa ev_highest_injury_fatl,1.7849272621176684
2023,preliminary,Organizational issues-Support/oversight/monitoring,10,acft_model_170b acft_category_air,1.759994039171936
2023,preliminary,Organizational issues-Support/oversight/monitoring,11,acft_make_cessna acft_model_170b,1.759994039171936
2023,preliminary,Organizational issues-Support/oversight/monitoring,12,acft_model_170b,1.759994039171936
2023,preliminary,Organizational issues-Support/oversight/monitoring,13,ev_state_ne ev_country_usa,1.7415444764406112
2023,preliminary,Organizational issues-Support/oversight/monitoring,14,ev_state_ne,1.7415444764406112
2023,preliminary,Organizational issues-Support/oversight/monitoring,15,ev_month_11 ev_state_tx,1.732611670809673
2023,preliminary,Personnel issues-Action/decision,1,approach,1.2624569212600083
2023,preliminary,Personnel issues-Action/decision,2,said,1.1333380745520176
2023,preliminary,Personnel issues-Action/decision,3,added,1.1161626879824897
2023,preliminary,Personnel issues-Action/decision,4,wind_dir_deg_230,0.9458744294537047
2023,preliminary,Personnel issues-Action/decision,5,ev_month_10 ev_state_fl,0.9339279430987457
2023,preliminary,Personnel issues-Action/decision,6,num_eng_2 phase_flt_spec_missing,0.9243950949131697
2023,preliminary,Personnel issues-Action/decision,7,num_eng_2,0.9243950949131697
2023,preliminary,Personnel issues-Action/decision,8,acft_category_heli cert_max_gr_wt_missing,0.9214884689635452
2023,preliminary,Personnel issues-Action/decision,9,wx_dew_pt_19,0.9140686285966505
2023,preliminary,Personnel issues-Action/decision,10,wind_dir_deg_230 wind_vel_kts_7,0.9091562239186762
2023,preliminary,Personnel issues-Action/decision,11,feet,0.8876272016091052
2023,preliminary,Personnel issues-Action/decision,12,wx_temp_55 wx_dew_pt_45,0.8869646087018384
2023,preliminary,Personnel issues-Action/decision,13,wx_dew_pt_60,0.8753263942913337
2023,preliminary,Personnel issues-Action/decision,14,loss,0.8616667735096467
2023,preliminary,Personnel issues-Action/decision,15,distance,0.8576884369050359
2023,preliminary,Personnel issues-Experience/knowledge,1,sky_cond_ceil_bkn vis_sm_missing,2.4887935683560487
2023,preliminary,Personnel issues-Experience/knowledge,2,ev_month_3 ev_state_la,1.790802674733198
2023,preliminary,Personnel issues-Experience/knowledge,3,ev_month_8 ev_state_ak,1.7649786239452387
2023,preliminary,Personnel issues-Experience/knowledge,4,wx_temp_79 wx_dew_pt_68,1.6970697741700542
2023,preliminary,Personnel issues-Experience/knowledge,5,wind_dir_deg_210 wind_vel_kts_8,1.6432094668845785
2023,preliminary,Personnel issues-Experience/knowledge,6,cert_max_gr_wt_missing,1.633566154941189
2023,preliminary,Personnel issues-Experience/knowledge,7,light_cond_dusk sky_cond_nonceil_scat,1.5960525486108126
2023,preliminary,Personnel issues-Experience/knowledge,8,wind_dir_deg_210,1.5395775666846656
2023,preliminary,Personnel issues-Experience/knowledge,9,wx_temp_57 wx_dew_pt_37,1.531985154157437
2023,preliminary,Personnel issues-Experience/knowledge,10,acft_category_air cert_max_gr_wt_missing,1.5143087979417287
2023,preliminary,Personnel issues-Experience/knowledge,11,ev_state_la,1.4822141116830536
2023,preliminary,Personnel issues-Experience/knowledge,12,ev_state_la ev_country_usa,1.4822141116830536
2023,preliminary,Personnel issues-Experience/knowledge,13,wx_dew_pt_41,1.4706118569789175
2023,preliminary,Personnel issues-Experience/knowledge,14,ev_state_mn,1.4367931472175406
2023,preliminary,Personnel issues-Experience/knowledge,15,ev_state_mn ev_country_usa,1.4367931472175406
2023,preliminary,Personnel issues-Physical,1,blood,3.1261389147430494
2023,preliminary,Personnel issues-Physical,2,medical,2.2807800530413425
2023,preliminary,Personnel issues-Physical,3,ev_month_7 ev_state_ca,1.9521438586108777
2023,preliminary,Personnel issues-Physical,4,dl,1.9273245745366572
2023,preliminary,Personnel issues-Physical,5,sky_cond_nonceil_scat sky_cond_ceil_ovc,1.9079059421199107
2023,preliminary,Personnel issues-Physical,6,gust_kts_0 altimeter_30_239999771118164,1.8618432077523401
2023,preliminary,Personnel issues-Physical,7,altimeter_30_239999771118164 wx_cond_basic_vmc,1.7781425508369397
2023,preliminary,Personnel issues-Physical,8,altimeter_30_239999771118164,1.7533393647413613
2023,preliminary,Personnel issues-Physical,9,inj_tot_s_1 damage_missing,1.7334241080239903
2023,preliminary,Personnel issues-Physical,10,brain,1.7216114806855205
2023,preliminary,Personnel issues-Physical,11,sky_cond_nonceil_scat,1.6736004804507387
2023,preliminary,Personnel issues-Physical,12,wx_dew_pt_25 wind_dir_deg_350,1.6650016556844494
2023,preliminary,Personnel issues-Physical,13,wind_dir_deg_280 wind_vel_kts_4,1.6278870774278338
2023,preliminary,Personnel issues-Physical,14,ev_month_8 ev_state_pa,1.6195855757023625
2023,preliminary,Personnel issues-Physical,15,ethanol,1.6088131798840068
2023,preliminary,Personnel issues-Psychological,1,acft_category_heli,2.4214277115451854
2023,preliminary,Personnel issues-Psychological,2,inj_tot_s_0 damage_minr,1.8222713536175146
2023,preliminary,Personnel issues-Psychological,3,ev_month_7 ev_state_ak,1.7702493745288534
2023,preliminary,Personnel issues-Psychological,4,acft_make_bell,1.6847780717305285
2023,preliminary,Personnel issues-Psychological,5,ev_month_8,1.493654746402103
2023,preliminary,Personnel issues-Psychological,6,damage_subs acft_make_bell,1.4457561180460936
2023,preliminary,Personnel issues-Psychological,7,ev_state_ca,1.4333885099221773
2023,preliminary,Personnel issues-Psychological,8,ev_state_ca ev_country_usa,1.4333885099221773
2023,preliminary,Personnel issues-Psychological,9,sky_cond_nonceil_missing,1.430278997969778
2023,preliminary,Personnel issues-Psychological,10,wx_dew_pt_25 wind_dir_deg_350,1.360980493952294
2023,preliminary,Personnel issues-Psychological,11,wx_dew_pt_52 wind_dir_deg_0,1.3411820810791384
2023,preliminary,Personnel issues-Psychological,12,damage_minr,1.3113988134751726
2023,preliminary,Personnel issues-Psychological,13,struck,1.301982792374987
2023,preliminary,Personnel issues-Psychological,14,wx_dew_pt_34 wind_dir_deg_0,1.2195125986561959
2023,preliminary,Personnel issues-Psychological,15,wx_dew_pt_32,1.2167179815021112
2023,preliminary,Personnel issues-Task performance,1,ev_month_5,1.2348448014094893
2023,preliminary,Personnel issues-Task performance,2,airplane precluded,1.0943711836330547
2023,preliminary,Personnel issues-Task performance,3,gust_kts_20,1.0649365827641024
2023,preliminary,Personnel issues-Task performance,4,wind_dir_deg_140,0.9808846414326802
2023,preliminary,Personnel issues-Task performance,5,damage_subs,0.9727290064402621
2023,preliminary,Personnel issues-Task performance,6,vis_sm_10_0 wx_temp_0,0.9661902400112171
2023,preliminary,Personnel issues-Task performance,7,control,0.9599087649195799
2023,preliminary,Personnel issues-Task performance,8,wind,0.9517534830709898
2023,preliminary,Personnel issues-Task performance,9,wx_dew_pt_61,0.9344073632729525
2023,preliminary,Personnel issues-Task performance,10,stall,0.9195226393311982
2023,preliminary,Personnel issues-Task performance,11,acft_category_air cert_max_gr_wt_2000,0.9112061594134779
2023,preliminary,Personnel issues-Task performance,12,gust_kts_19,0.8489195253013434
2023,preliminary,Personnel issues-Task performance,13,cert_max_gr_wt_2000 num_eng_1,0.8405129133766261
2023,preliminary,Personnel issues-Task performance,14,gust_kts_17,0.8358294899833673
2023,preliminary,Personnel issues-Task performance,15,num_eng_1 phase_flt_spec_missing,0.8323265265179118
2023,mature_factual,Aircraft-Aircraft handling/service,1,trailer,2.368525379920069
2023,mature_factual,Aircraft-Aircraft handling/service,2,pa46,2.0870186121473235
2023,mature_factual,Aircraft-Aircraft handling/service,3,pad,1.7400093458847032
2023,mature_factual,Aircraft-Aircraft handling/service,4,inspection,1.712054442323476
2023,mature_factual,Aircraft-Aircraft handling/service,5,hand propping,1.5917180219529936
2023,mature_factual,Aircraft-Aircraft handling/service,6,annual,1.4754662720030018
2023,mature_factual,Aircraft-Aircraft handling/service,7,rotate engine,1.4481195643158973
2023,mature_factual,Aircraft-Aircraft handling/service,8,wx_dew_pt_28 wind_dir_deg_0,1.3951990721475533
2023,mature_factual,Aircraft-Aircraft handling/service,9,annual inspection,1.3382046473938254
2023,mature_factual,Aircraft-Aircraft handling/service,10,tube,1.3295551558787988
2023,mature_factual,Aircraft-Aircraft handling/service,11,aft,1.3135814605101208
2023,mature_factual,Aircraft-Aircraft handling/service,12,refueling,1.2994777387557515
2023,mature_factual,Aircraft-Aircraft handling/service,13,operations,1.2960912718404716
2023,mature_factual,Aircraft-Aircraft handling/service,14,maintenance,1.2885871614390703
2023,mature_factual,Aircraft-Aircraft handling/service,15,diverted,1.2611308430678065
2023,mature_factual,Aircraft-Aircraft oper/perf/capability,1,runway,2.6205492594389
2023,mature_factual,Aircraft-Aircraft oper/perf/capability,2,wind,2.3068780954945116
2023,mature_factual,Aircraft-Aircraft oper/perf/capability,3,hard,1.9884691142439386
2023,mature_factual,Aircraft-Aircraft oper/perf/capability,4,veered,1.9607857544793048
2023,mature_factual,Aircraft-Aircraft oper/perf/capability,5,nose,1.8814339620288856
2023,mature_factual,Aircraft-Aircraft oper/perf/capability,6,bounced,1.822013578338774
2023,mature_factual,Aircraft-Aircraft oper/perf/capability,7,stall,1.8184251113112908
2023,mature_factual,Aircraft-Aircraft oper/perf/capability,8,airspeed,1.5565194457602827
2023,mature_factual,Aircraft-Aircraft oper/perf/capability,9,stalled,1.5500139951234857
2023,mature_factual,Aircraft-Aircraft oper/perf/capability,10,crosswind,1.4918233840304296
2023,mature_factual,Aircraft-Aircraft oper/perf/capability,11,ground,1.4648761726658444
2023,mature_factual,Aircraft-Aircraft oper/perf/capability,12,glider,1.4570376363656623
2023,mature_factual,Aircraft-Aircraft oper/perf/capability,13,rudder,1.4320951601762828
2023,mature_factual,Aircraft-Aircraft oper/perf/capability,14,angle,1.415970878621071
2023,mature_factual,Aircraft-Aircraft oper/perf/capability,15,landed hard,1.4015397139694667
2023,mature_factual,Aircraft-Aircraft power plant,1,engine,4.503942293590715
2023,mature_factual,Aircraft-Aircraft power plant,2,oil,2.8499971577297054
2023,mature_factual,Aircraft-Aircraft power plant,3,power,2.814263732710608
2023,mature_factual,Aircraft-Aircraft power plant,4,cylinder,2.7796422226304305
2023,mature_factual,Aircraft-Aircraft power plant,5,throttle,2.6993955229685755
2023,mature_factual,Aircraft-Aircraft power plant,6,examination engine,2.632166171922308
2023,mature_factual,Aircraft-Aircraft power plant,7,exhaust,2.2714893801927745
2023,mature_factual,Aircraft-Aircraft power plant,8,loss engine,2.2554927595043073
2023,mature_factual,Aircraft-Aircraft power plant,9,engine power,2.178942271144027
2023,mature_factual,Aircraft-Aircraft power plant,10,loss,2.1015005237193485
2023,mature_factual,Aircraft-Aircraft power plant,11,forced,1.8616373169675369
2023,mature_factual,Aircraft-Aircraft power plant,12,carburetor,1.8602017964581719
2023,mature_factual,Aircraft-Aircraft power plant,13,forced landing,1.8584641352965565
2023,mature_factual,Aircraft-Aircraft power plant,14,mixture,1.7556890062639388
2023,mature_factual,Aircraft-Aircraft power plant,15,mechanic,1.6644215863303458
2023,mature_factual,Aircraft-Aircraft propeller/rotor,1,rotor,3.599456613202513
2023,mature_factual,Aircraft-Aircraft propeller/rotor,2,helicopter,2.9456128696871717
2023,mature_factual,Aircraft-Aircraft propeller/rotor,3,blade,2.94065625408314
2023,mature_factual,Aircraft-Aircraft propeller/rotor,4,tail rotor,2.575907917884691
2023,mature_factual,Aircraft-Aircraft propeller/rotor,5,main rotor,2.4220985086219082
2023,mature_factual,Aircraft-Aircraft propeller/rotor,6,blades,2.3957664142150192
2023,mature_factual,Aircraft-Aircraft propeller/rotor,7,propellers,2.2123169739908537
2023,mature_factual,Aircraft-Aircraft propeller/rotor,8,hub,2.13472853791061
2023,mature_factual,Aircraft-Aircraft propeller/rotor,9,propeller,1.942069049382408
2023,mature_factual,Aircraft-Aircraft propeller/rotor,10,tail,1.761963556552581
2023,mature_factual,Aircraft-Aircraft propeller/rotor,11,gearbox,1.7514270927520421
2023,mature_factual,Aircraft-Aircraft propeller/rotor,12,fenestron,1.7371948545250087
2023,mature_factual,Aircraft-Aircraft propeller/rotor,13,drive,1.6855677165822445
2023,mature_factual,Aircraft-Aircraft propeller/rotor,14,rotor blade,1.5825475439100758
2023,mature_factual,Aircraft-Aircraft propeller/rotor,15,propeller blade,1.4815478587351043
2023,mature_factual,Aircraft-Aircraft structures,1,latch,3.04302163315864
2023,mature_factual,Aircraft-Aircraft structures,2,door,2.674833808296348
2023,mature_factual,Aircraft-Aircraft structures,3,opened,2.3143702529062082
2023,mature_factual,Aircraft-Aircraft structures,4,canopy,2.2468236865459534
2023,mature_factual,Aircraft-Aircraft structures,5,windshield,2.038199203980751
2023,mature_factual,Aircraft-Aircraft structures,6,birds,1.956287684626848
2023,mature_factual,Aircraft-Aircraft structures,7,spar,1.8927029752056206
2023,mature_factual,Aircraft-Aircraft structures,8,bolt,1.86148851225801
2023,mature_factual,Aircraft-Aircraft structures,9,secured,1.7727241976749015
2023,mature_factual,Aircraft-Aircraft structures,10,fasteners,1.749529151978876
2023,mature_factual,Aircraft-Aircraft structures,11,hardware,1.7264515989301852
2023,mature_factual,Aircraft-Aircraft structures,12,crack,1.6646420508538577
2023,mature_factual,Aircraft-Aircraft structures,13,separated,1.620679648152208
2023,mature_factual,Aircraft-Aircraft structures,14,door opened,1.5470963998122815
2023,mature_factual,Aircraft-Aircraft structures,15,fracture,1.5440945897559493
2023,mature_factual,Aircraft-Aircraft systems,1,landing gear,3.728468234284807
2023,mature_factual,Aircraft-Aircraft systems,2,gear,3.4851390664534163
2023,mature_factual,Aircraft-Aircraft systems,3,brakes,2.8148864182611635
2023,mature_factual,Aircraft-Aircraft systems,4,failed,2.7843624018848128
2023,mature_factual,Aircraft-Aircraft systems,5,brake,2.28444249910359
2023,mature_factual,Aircraft-Aircraft systems,6,retracted,2.281014821234913
2023,mature_factual,Aircraft-Aircraft systems,7,electrical,2.228729475530786
2023,mature_factual,Aircraft-Aircraft systems,8,gear retracted,2.148103360012834
2023,mature_factual,Aircraft-Aircraft systems,9,extend,1.9880722164725462
2023,mature_factual,Aircraft-Aircraft systems,10,applied brakes,1.823390007196796
2023,mature_factual,Aircraft-Aircraft systems,11,landing,1.8011495966725928
2023,mature_factual,Aircraft-Aircraft systems,12,hydraulic,1.772522970224983
2023,mature_factual,Aircraft-Aircraft systems,13,checklist,1.7505550368534333
2023,mature_factual,Aircraft-Aircraft systems,14,pump,1.4702581560740209
2023,mature_factual,Aircraft-Aircraft systems,15,forgot,1.4653396939280194
2023,mature_factual,Aircraft-Fluids/misc hardware,1,fuel,6.79955795044267
2023,mature_factual,Aircraft-Fluids/misc hardware,2,tank,4.806959708549969
2023,mature_factual,Aircraft-Fluids/misc hardware,3,fuel tank,3.605350337493038
2023,mature_factual,Aircraft-Fluids/misc hardware,4,tanks,3.1911170101615465
2023,mature_factual,Aircraft-Fluids/misc hardware,5,gallons,2.9860575482777647
2023,mature_factual,Aircraft-Fluids/misc hardware,6,fuel tanks,2.7863469253343607
2023,mature_factual,Aircraft-Fluids/misc hardware,7,lost power,2.5848679555347482
2023,mature_factual,Aircraft-Fluids/misc hardware,8,forced,2.3906276834454383
2023,mature_factual,Aircraft-Fluids/misc hardware,9,forced landing,2.390366197976938
2023,mature_factual,Aircraft-Fluids/misc hardware,10,exhaustion,2.1766246506218
2023,mature_factual,Aircraft-Fluids/misc hardware,11,fuel exhaustion,1.9462612259641727
2023,mature_factual,Aircraft-Fluids/misc hardware,12,oil,1.9086982987066592
2023,mature_factual,Aircraft-Fluids/misc hardware,13,engine lost,1.8797857368240292
2023,mature_factual,Aircraft-Fluids/misc hardware,14,power fuel,1.8482224880585605
2023,mature_factual,Aircraft-Fluids/misc hardware,15,power,1.7462990455077876
2023,mature_factual,Environmental issues-Conditions/weather/phenomena,1,wind,6.094073713349481
2023,mature_factual,Environmental issues-Conditions/weather/phenomena,2,crosswind,4.1561398378821695
2023,mature_factual,Environmental issues-Conditions/weather/phenomena,3,encountered,4.13748469847535
2023,mature_factual,Environmental issues-Conditions/weather/phenomena,4,conditions,3.7319158745381737
2023,mature_factual,Environmental issues-Conditions/weather/phenomena,5,tailwind,3.5931531589020693
2023,mature_factual,Environmental issues-Conditions/weather/phenomena,6,gust,3.442484534520678
2023,mature_factual,Environmental issues-Conditions/weather/phenomena,7,weather,3.202089173017294
2023,mature_factual,Environmental issues-Conditions/weather/phenomena,8,knots,2.8708465690182465
2023,mature_factual,Environmental issues-Conditions/weather/phenomena,9,turbulence,2.7266301861446673
2023,mature_factual,Environmental issues-Conditions/weather/phenomena,10,icing,2.5613705881751065
2023,mature_factual,Environmental issues-Conditions/weather/phenomena,11,gusting,2.445755247057146
2023,mature_factual,Environmental issues-Conditions/weather/phenomena,12,time accident,2.295393392794864
2023,mature_factual,Environmental issues-Conditions/weather/phenomena,13,airplane encountered,2.245200165625476
2023,mature_factual,Environmental issues-Conditions/weather/phenomena,14,carburetor heat,1.9367698841607257
2023,mature_factual,Environmental issues-Conditions/weather/phenomena,15,gust wind,1.9315869832719952
2023,mature_factual,Environmental issues-Operating environment,1,taxiway,2.249581085347114
2023,mature_factual,Environmental issues-Operating environment,2,runway,1.9008943266549927
2023,mature_factual,Environmental issues-Operating environment,3,lighting,1.862020552636637
2023,mature_factual,Environmental issues-Operating environment,4,tow,1.7013252389537574
2023,mature_factual,Environmental issues-Operating environment,5,taxiway airplane,1.6454117811460887
2023,mature_factual,Environmental issues-Operating environment,6,frequency,1.4664788837320557
2023,mature_factual,Environmental issues-Operating environment,7,landed runway,1.4548340203796701
2023,mature_factual,Environmental issues-Operating environment,8,unable,1.4419612686411662
2023,mature_factual,Environmental issues-Operating environment,9,runway lights,1.4176336400956129
2023,mature_factual,Environmental issues-Operating environment,10,landed,1.4023725508327416
2023,mature_factual,Environmental issues-Operating environment,11,pilots reported,1.396321047889621
2023,mature_factual,Environmental issues-Operating environment,12,wx_dew_pt_64 wind_dir_deg_0,1.392622372456374
2023,mature_factual,Environmental issues-Operating environment,13,airport,1.3850377208941091
2023,mature_factual,Environmental issues-Operating environment,14,closure,1.3149571517888181
2023,mature_factual,Environmental issues-Operating environment,15,braking action,1.302269835865436
2023,mature_factual,Environmental issues-Physical environment,1,snow,2.7753446149557512
2023,mature_factual,Environmental issues-Physical environment,2,deer,2.452166315344796
2023,mature_factual,Environmental issues-Physical environment,3,struck,2.3007074906832603
2023,mature_factual,Environmental issues-Physical environment,4,bird,2.203630355171629
2023,mature_factual,Environmental issues-Physical environment,5,tree,1.9681006232241764
2023,mature_factual,Environmental issues-Physical environment,6,collided,1.96139472774189
2023,mature_factual,Environmental issues-Physical environment,7,soft,1.9191404867387232
2023,mature_factual,Environmental issues-Physical environment,8,impacted,1.9113030534778397
2023,mature_factual,Environmental issues-Physical environment,9,power line,1.866205760882591
2023,mature_factual,Environmental issues-Physical environment,10,terrain,1.762754002280523
2023,mature_factual,Environmental issues-Physical environment,11,fence,1.6775447030952424
2023,mature_factual,Environmental issues-Physical environment,12,power lines,1.6667854222088325
2023,mature_factual,Environmental issues-Physical environment,13,birds,1.6511442913617302
2023,mature_factual,Environmental issues-Physical environment,14,airplane struck,1.5929654475465909
2023,mature_factual,Environmental issues-Physical environment,15,edge,1.4142434748055086
2023,mature_factual,Not determined-Not determined,1,reason,4.231319085492936
2023,mature_factual,Not determined-Not determined,2,determined,3.4077500965928613
2023,mature_factual,Not determined-Not determined,3,power determined,2.968778430990511
2023,mature_factual,Not determined-Not determined,4,reason loss,2.4241671676814245
2023,mature_factual,Not determined-Not determined,5,available,2.0106290307217107
2023,mature_factual,Not determined-Not determined,6,determined based,1.9127050427538446
2023,mature_factual,Not determined-Not determined,7,engine,1.8150636648805278
2023,mature_factual,Not determined-Not determined,8,evidence,1.7861479119570804
2023,mature_factual,Not determined-Not determined,9,available evidence,1.7700696382867576
2023,mature_factual,Not determined-Not determined,10,examination,1.6810504647967435
2023,mature_factual,Not determined-Not determined,11,airframe,1.6673301272915069
2023,mature_factual,Not determined-Not determined,12,based available,1.6219743670594529
2023,mature_factual,Not determined-Not determined,13,fuel,1.563929552203084
2023,mature_factual,Not determined-Not determined,14,test,1.514359558733366
2023,mature_factual,Not determined-Not determined,15,propeller,1.3896479663103112
2023,mature_factual,Organizational issues-Support/oversight/monitoring,1,cfr 135,1.7312487962978775
2023,mature_factual,Organizational issues-Support/oversight/monitoring,2,135,1.5995094856082708
2023,mature_factual,Organizational issues-Support/oversight/monitoring,3,cfr,1.596479027074407
2023,mature_factual,Organizational issues-Support/oversight/monitoring,4,bell,1.5931173118305608
2023,mature_factual,Organizational issues-Support/oversight/monitoring,5,boeing,1.5069916585459322
2023,mature_factual,Organizational issues-Support/oversight/monitoring,6,nut,1.4962741509924897
2023,mature_factual,Organizational issues-Support/oversight/monitoring,7,engineer,1.4190073159792211
2023,mature_factual,Organizational issues-Support/oversight/monitoring,8,dallas,1.399938465820436
2023,mature_factual,Organizational issues-Support/oversight/monitoring,9,water,1.3303411418942737
2023,mature_factual,Organizational issues-Support/oversight/monitoring,10,provisions,1.32964387525814
2023,mature_factual,Organizational issues-Support/oversight/monitoring,11,friday harbor,1.3242993718711829
2023,mature_factual,Organizational issues-Support/oversight/monitoring,12,helicopter,1.3084267829235199
2023,mature_factual,Organizational issues-Support/oversight/monitoring,13,2022,1.3065566245370517
2023,mature_factual,Organizational issues-Support/oversight/monitoring,14,director,1.2305781252910186
2023,mature_factual,Organizational issues-Support/oversight/monitoring,15,castellated nut,1.2263770218494545
2023,mature_factual,Personnel issues-Action/decision,1,instructor,1.8925223696088562
2023,mature_factual,Personnel issues-Action/decision,2,added,1.599271449345701
2023,mature_factual,Personnel issues-Action/decision,3,said,1.501242072321896
2023,mature_factual,Personnel issues-Action/decision,4,flight instructor,1.4521411302275555
2023,mature_factual,Personnel issues-Action/decision,5,snow,1.4169701846920968
2023,mature_factual,Personnel issues-Action/decision,6,decision,1.2609246854857372
2023,mature_factual,Personnel issues-Action/decision,7,road,1.0863230747419337
2023,mature_factual,Personnel issues-Action/decision,8,decided,1.0613867095257248
2023,mature_factual,Personnel issues-Action/decision,9,soft,1.038388018294826
2023,mature_factual,Personnel issues-Action/decision,10,continue,1.0198230458958115
2023,mature_factual,Personnel issues-Action/decision,11,retracted,1.0158726196420986
2023,mature_factual,Personnel issues-Action/decision,12,stated,1.009868106528081
2023,mature_factual,Personnel issues-Action/decision,13,high,1.0027223302494401
2023,mature_factual,Personnel issues-Action/decision,14,weight,0.9794761922453651
2023,mature_factual,Personnel issues-Action/decision,15,end runway,0.9721174742103001
2023,mature_factual,Personnel issues-Experience/knowledge,1,lost control,2.084452534745663
2023,mature_factual,Personnel issues-Experience/knowledge,2,uncertificated pilot,2.0767078507719696
2023,mature_factual,Personnel issues-Experience/knowledge,3,experience,2.073980075359977
2023,mature_factual,Personnel issues-Experience/knowledge,4,uncertificated,2.032015675224334
2023,mature_factual,Personnel issues-Experience/knowledge,5,purchased,1.8769799983281483
2023,mature_factual,Personnel issues-Experience/knowledge,6,non,1.6744813740847793
2023,mature_factual,Personnel issues-Experience/knowledge,7,flown,1.6301076013364175
2023,mature_factual,Personnel issues-Experience/knowledge,8,recently,1.5400296410606382
2023,mature_factual,Personnel issues-Experience/knowledge,9,certificate,1.5324228961691304
2023,mature_factual,Personnel issues-Experience/knowledge,10,noncertificated pilot,1.525469817639393
2023,mature_factual,Personnel issues-Experience/knowledge,11,noncertificated,1.525469817639393
2023,mature_factual,Personnel issues-Experience/knowledge,12,200 ft,1.5018823998229713
2023,mature_factual,Personnel issues-Experience/knowledge,13,certificated pilot,1.495160705408495
2023,mature_factual,Personnel issues-Experience/knowledge,14,non certificated,1.492034061398684
2023,mature_factual,Personnel issues-Experience/knowledge,15,control helicopter,1.4861919181364405
2023,mature_factual,Personnel issues-Physical,1,blood,3.0189893481734
2023,mature_factual,Personnel issues-Physical,2,medical,2.5422998806149106
2023,mature_factual,Personnel issues-Physical,3,alcohol,1.7028915623292218
2023,mature_factual,Personnel issues-Physical,4,dl,1.6796556034705916
2023,mature_factual,Personnel issues-Physical,5,hospital,1.6600961990676766
2023,mature_factual,Personnel issues-Physical,6,ethanol,1.6254753777088546
2023,mature_factual,Personnel issues-Physical,7,brain,1.606299448976054
2023,mature_factual,Personnel issues-Physical,8,day,1.4906789812288965
2023,mature_factual,Personnel issues-Physical,9,balloon,1.4760527733498492
2023,mature_factual,Personnel issues-Physical,10,line runway,1.4424833948893916
2023,mature_factual,Personnel issues-Physical,11,symptoms,1.4109458100417311
2023,mature_factual,Personnel issues-Physical,12,dallas,1.4006603676132519
2023,mature_factual,Personnel issues-Physical,13,law enforcement,1.3869404369405423
2023,mature_factual,Personnel issues-Physical,14,fatigue,1.3421352234450876
2023,mature_factual,Personnel issues-Physical,15,law,1.3351309921470467
2023,mature_factual,Personnel issues-Psychological,1,instructor,1.991370887987168
2023,mature_factual,Personnel issues-Psychological,2,distracted,1.8897227826523095
2023,mature_factual,Personnel issues-Psychological,3,attention,1.833369732761065
2023,mature_factual,Personnel issues-Psychological,4,low,1.7664172085636605
2023,mature_factual,Personnel issues-Psychological,5,collision,1.71101060863085
2023,mature_factual,Personnel issues-Psychological,6,power lines,1.687485499834422
2023,mature_factual,Personnel issues-Psychological,7,airplanes,1.6165743616714099
2023,mature_factual,Personnel issues-Psychological,8,struck,1.5822719283059816
2023,mature_factual,Personnel issues-Psychological,9,spatial,1.5461772264714877
2023,mature_factual,Personnel issues-Psychological,10,disorientation,1.5204552452896365
2023,mature_factual,Personnel issues-Psychological,11,spatial disorientation,1.512407909148138
2023,mature_factual,Personnel issues-Psychological,12,visibility,1.4814249191995903
2023,mature_factual,Personnel issues-Psychological,13,reported maneuvering,1.423970419036256
2023,mature_factual,Personnel issues-Psychological,14,taxiing,1.4137952761578119
2023,mature_factual,Personnel issues-Psychological,15,receiving,1.3951438485431193
2023,mature_factual,Personnel issues-Task performance,1,wind,2.6300704324903745
2023,mature_factual,Personnel issues-Task performance,2,left,1.7384533820203358
2023,mature_factual,Personnel issues-Task performance,3,stall,1.695148914539611
2023,mature_factual,Personnel issues-Task performance,4,bounced,1.4726957774214555
2023,mature_factual,Personnel issues-Task performance,5,veered,1.3360586778489438
2023,mature_factual,Personnel issues-Task performance,6,airplane precluded,1.2799955194079082
2023,mature_factual,Personnel issues-Task performance,7,left runway,1.274862660389473
2023,mature_factual,Personnel issues-Task performance,8,hard,1.2410066673015177
2023,mature_factual,Personnel issues-Task performance,9,veered left,1.2272606461835
2023,mature_factual,Personnel issues-Task performance,10,stalled,1.2109252524819034
2023,mature_factual,Personnel issues-Task performance,11,aerodynamic stall,1.172149370135567
2023,mature_factual,Personnel issues-Task performance,12,aerodynamic,1.1690874788503662
2023,mature_factual,Personnel issues-Task performance,13,gust,1.1662415273822062
2023,mature_factual,Personnel issues-Task performance,14,likely,1.1588250833701776
2023,mature_factual,Personnel issues-Task performance,15,applied,1.1461780902582719
2024,event_aircraft_core,Aircraft-Aircraft handling/service,1,ev_month_4 ev_state_ca,4.012030241858205
2024,event_aircraft_core,Aircraft-Aircraft handling/service,2,ev_month_10 ev_state_tx,3.770610648860824
2024,event_aircraft_core,Aircraft-Aircraft handling/service,3,ev_month_2 ev_state_tn,3.4470710618640084
2024,event_aircraft_core,Aircraft-Aircraft handling/service,4,acft_make_textron_aviation,3.391314583072714
2024,event_aircraft_core,Aircraft-Aircraft handling/service,5,damage_subs acft_make_textron_aviation,3.391314583072714
2024,event_aircraft_core,Aircraft-Aircraft handling/service,6,acft_make_textron_aviation_inc acft_model_172s,3.150775280862138
2024,event_aircraft_core,Aircraft-Aircraft handling/service,7,ev_month_11 ev_state_tx,3.1342223240555938
2024,event_aircraft_core,Aircraft-Aircraft handling/service,8,ev_month_7 ev_state_fl,3.025659070626245
2024,event_aircraft_core,Aircraft-Aircraft handling/service,9,acft_model_pa_31p,2.8577470209558316
2024,event_aircraft_core,Aircraft-Aircraft handling/service,10,acft_model_pa_31p acft_category_air,2.8577470209558316
2024,event_aircraft_core,Aircraft-Aircraft handling/service,11,acft_make_piper acft_model_pa_31p,2.8577470209558316
2024,event_aircraft_core,Aircraft-Aircraft handling/service,12,ev_month_6 ev_state_ak,2.727671091686505
2024,event_aircraft_core,Aircraft-Aircraft handling/service,13,ev_month_2,2.7207136615504717
2024,event_aircraft_core,Aircraft-Aircraft handling/service,14,inj_tot_s_2 damage_subs,2.6276517800709898
2024,event_aircraft_core,Aircraft-Aircraft handling/service,15,ev_month_4,2.6084960090722538
2024,event_aircraft_core,Aircraft-Aircraft oper/perf/capability,1,acft_category_gli,1.4354869644251016
2024,event_aircraft_core,Aircraft-Aircraft oper/perf/capability,2,damage_dest acft_make_beech,1.3989518551325812
2024,event_aircraft_core,Aircraft-Aircraft oper/perf/capability,3,damage_subs,1.345540478456975
2024,event_aircraft_core,Aircraft-Aircraft oper/perf/capability,4,ev_month_4 ev_state_ga,1.2789559951310834
2024,event_aircraft_core,Aircraft-Aircraft oper/perf/capability,5,acft_category_ball,1.2380019518510548
2024,event_aircraft_core,Aircraft-Aircraft oper/perf/capability,6,ev_month_4,1.1349508001902167
2024,event_aircraft_core,Aircraft-Aircraft oper/perf/capability,7,inj_tot_s_0 damage_subs,1.1035522273287097
2024,event_aircraft_core,Aircraft-Aircraft oper/perf/capability,8,acft_make_kitfox,1.07689628784948
2024,event_aircraft_core,Aircraft-Aircraft oper/perf/capability,9,num_eng_0 phase_flt_spec_missing,1.0626954286189203
2024,event_aircraft_core,Aircraft-Aircraft oper/perf/capability,10,num_eng_0,1.0626954286189203
2024,event_aircraft_core,Aircraft-Aircraft oper/perf/capability,11,ev_state_id,1.0178239170788772
2024,event_aircraft_core,Aircraft-Aircraft oper/perf/capability,12,ev_state_id ev_country_usa,1.0178239170788772
2024,event_aircraft_core,Aircraft-Aircraft oper/perf/capability,13,acft_model_pa_18_150 acft_category_air,0.9832631013225945
2024,event_aircraft_core,Aircraft-Aircraft oper/perf/capability,14,acft_model_pa_18_150,0.9832631013225945
2024,event_aircraft_core,Aircraft-Aircraft oper/perf/capability,15,ev_month_7 ev_state_mt,0.962044704056704
2024,event_aircraft_core,Aircraft-Aircraft power plant,1,ev_month_11 ev_state_fl,1.9465523054984744
2024,event_aircraft_core,Aircraft-Aircraft power plant,2,ev_month_4 ev_state_wa,1.6784032309769112
2024,event_aircraft_core,Aircraft-Aircraft power plant,3,ev_month_9 ev_state_pa,1.675749092407815
2024,event_aircraft_core,Aircraft-Aircraft power plant,4,ev_month_7 ev_state_ca,1.5309683927753752
2024,event_aircraft_core,Aircraft-Aircraft power plant,5,ev_month_4 ev_state_ks,1.487496802302967
2024,event_aircraft_core,Aircraft-Aircraft power plant,6,ev_month_5 ev_state_az,1.4825907545364174
2024,event_aircraft_core,Aircraft-Aircraft power plant,7,inj_tot_s_0 damage_minr,1.4020980172282707
2024,event_aircraft_core,Aircraft-Aircraft power plant,8,acft_category_air,1.3725255379336498
2024,event_aircraft_core,Aircraft-Aircraft power plant,9,acft_make_stinson,1.3621220069395892
2024,event_aircraft_core,Aircraft-Aircraft power plant,10,ev_month_9 ev_state_tn,1.3455466685300483
2024,event_aircraft_core,Aircraft-Aircraft power plant,11,ev_month_6 ev_state_fl,1.3144638458615865
2024,event_aircraft_core,Aircraft-Aircraft power plant,12,acft_model_sonex acft_category_air,1.2769674543773148
2024,event_aircraft_core,Aircraft-Aircraft power plant,13,acft_model_sonex,1.2769674543773148
2024,event_aircraft_core,Aircraft-Aircraft power plant,14,damage_minr acft_make_boeing,1.2712507657419685
2024,event_aircraft_core,Aircraft-Aircraft power plant,15,damage_subs acft_make_beech,1.2345702699222345
2024,event_aircraft_core,Aircraft-Aircraft propeller/rotor,1,acft_category_heli,7.520828551607652
2024,event_aircraft_core,Aircraft-Aircraft propeller/rotor,2,ev_month_11 ev_state_in,3.1001631621092005
2024,event_aircraft_core,Aircraft-Aircraft propeller/rotor,3,ev_month_6 ev_state_ga,2.928470638152981
2024,event_aircraft_core,Aircraft-Aircraft propeller/rotor,4,damage_subs acft_make_eurocopter_deutschland_gmbh,2.881422649684121
2024,event_aircraft_core,Aircraft-Aircraft propeller/rotor,5,acft_make_eurocopter_deutschland_gmbh,2.881422649684121
2024,event_aircraft_core,Aircraft-Aircraft propeller/rotor,6,damage_subs acft_make_enstrom,2.7479295910259376
2024,event_aircraft_core,Aircraft-Aircraft propeller/rotor,7,num_eng_6 phase_flt_spec_missing,2.647717874831315
2024,event_aircraft_core,Aircraft-Aircraft propeller/rotor,8,num_eng_6,2.647717874831315
2024,event_aircraft_core,Aircraft-Aircraft propeller/rotor,9,acft_make_bell_helicopter_textron_canada,2.6002894771457497
2024,event_aircraft_core,Aircraft-Aircraft propeller/rotor,10,acft_model_rv_7,2.5234057831218686
2024,event_aircraft_core,Aircraft-Aircraft propeller/rotor,11,acft_model_rv_7 acft_category_air,2.5234057831218686
2024,event_aircraft_core,Aircraft-Aircraft propeller/rotor,12,acft_model_zodiac_601_xl,2.496049487072613
2024,event_aircraft_core,Aircraft-Aircraft propeller/rotor,13,acft_model_zodiac_601_xl acft_category_air,2.496049487072613
2024,event_aircraft_core,Aircraft-Aircraft propeller/rotor,14,acft_make_enstrom,2.3835575759087746
2024,event_aircraft_core,Aircraft-Aircraft propeller/rotor,15,damage_subs acft_make_velocity,2.369992392406167
2024,event_aircraft_core,Aircraft-Aircraft structures,1,ev_month_6 ev_state_tn,3.2299206112321817
2024,event_aircraft_core,Aircraft-Aircraft structures,2,ev_month_4 ev_state_ca,2.7325368592976185
2024,event_aircraft_core,Aircraft-Aircraft structures,3,ev_month_3 ev_state_tn,2.7014212067607075
2024,event_aircraft_core,Aircraft-Aircraft structures,4,acft_category_air cert_max_gr_wt_1370,2.6957726969686475
2024,event_aircraft_core,Aircraft-Aircraft structures,5,acft_model_lancair_evolution,2.6179974978318707
2024,event_aircraft_core,Aircraft-Aircraft structures,6,acft_model_lancair_evolution acft_category_air,2.6179974978318707
2024,event_aircraft_core,Aircraft-Aircraft structures,7,ev_month_8 ev_state_id,2.601580265329845
2024,event_aircraft_core,Aircraft-Aircraft structures,8,ev_month_4 ev_state_ma,2.4150893572535064
2024,event_aircraft_core,Aircraft-Aircraft structures,9,cert_max_gr_wt_600 num_eng_1,2.383464695803877
2024,event_aircraft_core,Aircraft-Aircraft structures,10,cert_max_gr_wt_600,2.383464695803877
2024,event_aircraft_core,Aircraft-Aircraft structures,11,ev_month_6 ev_state_sc,2.320865928624927
2024,event_aircraft_core,Aircraft-Aircraft structures,12,acft_make_bell acft_model_uh_1h,2.296468983779198
2024,event_aircraft_core,Aircraft-Aircraft structures,13,ev_month_5 ev_state_mo,2.1779037232771206
2024,event_aircraft_core,Aircraft-Aircraft structures,14,acft_category_air cert_max_gr_wt_2050,2.1627866720618596
2024,event_aircraft_core,Aircraft-Aircraft structures,15,ev_country_usa ev_highest_injury_missing,2.131726015438179
2024,event_aircraft_core,Aircraft-Aircraft systems,1,num_eng_2 phase_flt_spec_missing,2.2874004564189456
2024,event_aircraft_core,Aircraft-Aircraft systems,2,num_eng_2,2.2874004564189456
2024,event_aircraft_core,Aircraft-Aircraft systems,3,ev_month_8 ev_state_ar,1.5103501568763382
2024,event_aircraft_core,Aircraft-Aircraft systems,4,ev_month_12 ev_state_la,1.4114264714229279
2024,event_aircraft_core,Aircraft-Aircraft systems,5,acft_make_dassault_aviation,1.411231252400196
2024,event_aircraft_core,Aircraft-Aircraft systems,6,ev_month_10,1.2751041083364023
2024,event_aircraft_core,Aircraft-Aircraft systems,7,acft_category_air,1.2232246966842606
2024,event_aircraft_core,Aircraft-Aircraft systems,8,damage_subs acft_make_navion,1.2194621783884387
2024,event_aircraft_core,Aircraft-Aircraft systems,9,acft_make_cessna acft_model_r182,1.2026661144027304
2024,event_aircraft_core,Aircraft-Aircraft systems,10,acft_model_r182,1.2026661144027304
2024,event_aircraft_core,Aircraft-Aircraft systems,11,acft_model_r182 acft_category_air,1.2026661144027304
2024,event_aircraft_core,Aircraft-Aircraft systems,12,acft_make_beech,1.19928526348022
2024,event_aircraft_core,Aircraft-Aircraft systems,13,acft_model_210,1.1870703963639557
2024,event_aircraft_core,Aircraft-Aircraft systems,14,acft_model_210 acft_category_air,1.1870703963639557
2024,event_aircraft_core,Aircraft-Aircraft systems,15,acft_make_cessna acft_model_210,1.1870703963639557
2024,event_aircraft_core,Aircraft-Fluids/misc hardware,1,damage_subs acft_make_piper,2.4447137185835905
2024,event_aircraft_core,Aircraft-Fluids/misc hardware,2,acft_make_piper,1.996587188984301
2024,event_aircraft_core,Aircraft-Fluids/misc hardware,3,damage_subs acft_make_beech,1.849384088728953
2024,event_aircraft_core,Aircraft-Fluids/misc hardware,4,ev_month_8 ev_state_ut,1.6635435702945218
2024,event_aircraft_core,Aircraft-Fluids/misc hardware,5,ev_month_1 ev_state_ak,1.6235049499895748
2024,event_aircraft_core,Aircraft-Fluids/misc hardware,6,ev_month_9 ev_state_ia,1.6045732509683819
2024,event_aircraft_core,Aircraft-Fluids/misc hardware,7,acft_make_beech,1.5809053478961415
2024,event_aircraft_core,Aircraft-Fluids/misc hardware,8,ev_month_6 ev_state_nc,1.549065879373786
2024,event_aircraft_core,Aircraft-Fluids/misc hardware,9,acft_model_ch_750,1.541088541209968
2024,event_aircraft_core,Aircraft-Fluids/misc hardware,10,acft_model_ch_750 acft_category_air,1.541088541209968
2024,event_aircraft_core,Aircraft-Fluids/misc hardware,11,ev_month_1 ev_state_al,1.4921517074889956
2024,event_aircraft_core,Aircraft-Fluids/misc hardware,12,ev_month_10 ev_state_wa,1.4894314605269854
2024,event_aircraft_core,Aircraft-Fluids/misc hardware,13,acft_model_310,1.4798410330374354
2024,event_aircraft_core,Aircraft-Fluids/misc hardware,14,acft_model_310 acft_category_air,1.4798410330374354
2024,event_aircraft_core,Aircraft-Fluids/misc hardware,15,acft_make_cessna acft_model_310,1.4798410330374354
2024,event_aircraft_core,Environmental issues-Conditions/weather/phenomena,1,inj_tot_s_1 damage_missing,2.840747596945263
2024,event_aircraft_core,Environmental issues-Conditions/weather/phenomena,2,damage_dest acft_make_piper,1.6097739770880917
2024,event_aircraft_core,Environmental issues-Conditions/weather/phenomena,3,damage_missing,1.562944509152383
2024,event_aircraft_core,Environmental issues-Conditions/weather/phenomena,4,damage_missing acft_make_boeing,1.4595156067973296
2024,event_aircraft_core,Environmental issues-Conditions/weather/phenomena,5,ev_month_8 ev_state_mn,1.4532429447336153
2024,event_aircraft_core,Environmental issues-Conditions/weather/phenomena,6,acft_category_gli,1.3868284349872282
2024,event_aircraft_core,Environmental issues-Conditions/weather/phenomena,7,ev_month_2 ev_state_ak,1.2959429594984748
2024,event_aircraft_core,Environmental issues-Conditions/weather/phenomena,8,ev_month_5 ev_state_nv,1.2835901048429015
2024,event_aircraft_core,Environmental issues-Conditions/weather/phenomena,9,acft_category_heli cert_max_gr_wt_missing,1.2504748656948739
2024,event_aircraft_core,Environmental issues-Conditions/weather/phenomena,10,inj_tot_s_2 damage_missing,1.2108408216752944
2024,event_aircraft_core,Environmental issues-Conditions/weather/phenomena,11,cert_max_gr_wt_1170,1.1885190918996196
2024,event_aircraft_core,Environmental issues-Conditions/weather/phenomena,12,cert_max_gr_wt_1170 num_eng_1,1.1885190918996196
2024,event_aircraft_core,Environmental issues-Conditions/weather/phenomena,13,ev_month_11 ev_state_nc,1.1758939641360502
2024,event_aircraft_core,Environmental issues-Conditions/weather/phenomena,14,acft_model_pa_18_150,1.1546422392177764
2024,event_aircraft_core,Environmental issues-Conditions/weather/phenomena,15,acft_model_pa_18_150 acft_category_air,1.1546422392177764
2024,event_aircraft_core,Environmental issues-Operating environment,1,ev_month_7 ev_state_fl,4.701653725460378
2024,event_aircraft_core,Environmental issues-Operating environment,2,ev_month_11 ev_state_ga,4.214760596660099
2024,event_aircraft_core,Environmental issues-Operating environment,3,ev_month_12 ev_state_mt,3.70650600078602
2024,event_aircraft_core,Environmental issues-Operating environment,4,ev_month_1 ev_state_ny,3.2068516981759263
2024,event_aircraft_core,Environmental issues-Operating environment,5,acft_category_ultr,3.0552536349678983
2024,event_aircraft_core,Environmental issues-Operating environment,6,ev_month_4 ev_state_co,2.9753259798130554
2024,event_aircraft_core,Environmental issues-Operating environment,7,damage_dest acft_make_sikorsky,2.9380541162062026
2024,event_aircraft_core,Environmental issues-Operating environment,8,acft_make_cameron_balloons_us,2.8270716689020667
2024,event_aircraft_core,Environmental issues-Operating environment,9,ev_highest_injury_fatl inj_tot_f_0,2.7098251334401215
2024,event_aircraft_core,Environmental issues-Operating environment,10,acft_model_b36tc acft_category_air,2.6689076693389144
2024,event_aircraft_core,Environmental issues-Operating environment,11,acft_model_b36tc,2.6689076693389144
2024,event_aircraft_core,Environmental issues-Operating environment,12,acft_make_beech acft_model_b36tc,2.6689076693389144
2024,event_aircraft_core,Environmental issues-Operating environment,13,damage_dest acft_make_dassault_aviation,2.645134815855605
2024,event_aircraft_core,Environmental issues-Operating environment,14,damage_missing acft_make_boeing,2.567923601126897
2024,event_aircraft_core,Environmental issues-Operating environment,15,cert_max_gr_wt_1102 num_eng_0,2.563031468224745
2024,event_aircraft_core,Environmental issues-Physical environment,1,acft_category_heli,1.5440828434583476
2024,event_aircraft_core,Environmental issues-Physical environment,2,ev_month_1 ev_state_wi,1.4642722860868145
2024,event_aircraft_core,Environmental issues-Physical environment,3,ev_month_10 ev_state_sc,1.3939940826333452
2024,event_aircraft_core,Environmental issues-Physical environment,4,ev_state_ak,1.2539554873482672
2024,event_aircraft_core,Environmental issues-Physical environment,5,ev_state_ak ev_country_usa,1.2539554873482672
2024,event_aircraft_core,Environmental issues-Physical environment,6,ev_month_7 ev_state_ak,1.231872697174281
2024,event_aircraft_core,Environmental issues-Physical environment,7,ev_month_5 ev_state_ar,1.2152786710327126
2024,event_aircraft_core,Environmental issues-Physical environment,8,acft_model_aventura_ii acft_category_air,1.1821891222767775
2024,event_aircraft_core,Environmental issues-Physical environment,9,acft_model_aventura_ii,1.1821891222767775
2024,event_aircraft_core,Environmental issues-Physical environment,10,ev_month_8 ev_state_ne,1.1528331354968024
2024,event_aircraft_core,Environmental issues-Physical environment,11,ev_month_2 ev_state_nv,1.152791316489888
2024,event_aircraft_core,Environmental issues-Physical environment,12,acft_make_air_tractor,1.1130598650134964
2024,event_aircraft_core,Environmental issues-Physical environment,13,ev_month_9 ev_state_il,1.0995122977599556
2024,event_aircraft_core,Environmental issues-Physical environment,14,acft_make_robinson,1.0990613207307458
2024,event_aircraft_core,Environmental issues-Physical environment,15,ev_month_4 ev_state_co,1.098774981498911
2024,event_aircraft_core,Not determined-Not determined,1,ev_month_9 ev_state_wy,2.4448295968654357
2024,event_aircraft_core,Not determined-Not determined,2,damage_dest,2.0817275987063293
2024,event_aircraft_core,Not determined-Not determined,3,inj_tot_s_0 damage_dest,2.0791896577945908
2024,event_aircraft_core,Not determined-Not determined,4,ev_month_7 ev_state_il,2.061794712625916
2024,event_aircraft_core,Not determined-Not determined,5,ev_month_12 ev_state_ak,1.8900810039448503
2024,event_aircraft_core,Not determined-Not determined,6,ev_month_8 ev_state_il,1.7647108416038997
2024,event_aircraft_core,Not determined-Not determined,7,ev_month_5 ev_state_ky,1.745882700486338
2024,event_aircraft_core,Not determined-Not determined,8,damage_dest acft_make_maule,1.7046725299453114
2024,event_aircraft_core,Not determined-Not determined,9,acft_model_j250_sp,1.62516316200945
2024,event_aircraft_core,Not determined-Not determined,10,acft_model_j250_sp acft_category_air,1.62516316200945
2024,event_aircraft_core,Not determined-Not determined,11,ev_month_9 ev_state_co,1.610919479168378
2024,event_aircraft_core,Not determined-Not determined,12,acft_model_da_42,1.568870546504211
2024,event_aircraft_core,Not determined-Not determined,13,acft_model_da_42 acft_category_air,1.568870546504211
2024,event_aircraft_core,Not determined-Not determined,14,damage_unk,1.5565617422513813
2024,event_aircraft_core,Not determined-Not determined,15,inj_tot_s_0 damage_unk,1.5565617422513813
2024,event_aircraft_core,Organizational issues-Development,1,acft_model_sling_lsa,4.1978685660541855
2024,event_aircraft_core,Organizational issues-Development,2,acft_model_sling_lsa acft_category_air,4.1978685660541855
2024,event_aircraft_core,Organizational issues-Development,3,damage_subs acft_make_diamond_aircraft_ind_inc,3.855805945271971
2024,event_aircraft_core,Organizational issues-Development,4,ev_month_8 ev_state_ar,3.799865418730316
2024,event_aircraft_core,Organizational issues-Development,5,acft_make_diamond_aircraft_ind_inc,3.7164413219040227
2024,event_aircraft_core,Organizational issues-Development,6,ev_month_10 ev_state_ny,3.4840382414902478
2024,event_aircraft_core,Organizational issues-Development,7,inj_tot_s_0 damage_minr,3.3280040695544977
2024,event_aircraft_core,Organizational issues-Development,8,acft_make_dji,3.2257265177106285
2024,event_aircraft_core,Organizational issues-Development,9,acft_make_boeing,3.0190183374821458
2024,event_aircraft_core,Organizational issues-Development,10,ev_month_2 ev_state_ca,2.9202374903784007
2024,event_aircraft_core,Organizational issues-Development,11,acft_model_777_222 acft_category_air,2.8968424015048324
2024,event_aircraft_core,Organizational issues-Development,12,acft_model_777_222,2.8968424015048324
2024,event_aircraft_core,Organizational issues-Development,13,acft_make_boeing acft_model_777_222,2.8968424015048324
2024,event_aircraft_core,Organizational issues-Development,14,damage_minr,2.8940882064201303
2024,event_aircraft_core,Organizational issues-Development,15,ev_month_7 ev_state_md,2.8074088254346865
2024,event_aircraft_core,Organizational issues-Management,1,acft_make_boeing,3.873710967019819
2024,event_aircraft_core,Organizational issues-Management,2,acft_category_ultr,3.828794434100345
2024,event_aircraft_core,Organizational issues-Management,3,damage_subs acft_make_airbus_helicopters,3.704914221308941
2024,event_aircraft_core,Organizational issues-Management,4,acft_make_airbus_helicopters,3.5353729150824575
2024,event_aircraft_core,Organizational issues-Management,5,ev_month_9 ev_state_ny,3.3549971818771676
2024,event_aircraft_core,Organizational issues-Management,6,inj_tot_f_7,3.278813391524271
2024,event_aircraft_core,Organizational issues-Management,7,inj_tot_f_7 inj_tot_s_0,3.278813391524271
2024,event_aircraft_core,Organizational issues-Management,8,ev_highest_injury_fatl inj_tot_f_7,3.278813391524271
2024,event_aircraft_core,Organizational issues-Management,9,cert_max_gr_wt_8000,3.0620044093040306
2024,event_aircraft_core,Organizational issues-Management,10,acft_category_air cert_max_gr_wt_8000,3.0620044093040306
2024,event_aircraft_core,Organizational issues-Management,11,ev_month_12,3.0519742641172485
2024,event_aircraft_core,Organizational issues-Management,12,ev_highest_injury_fatl inj_tot_f_6,2.92849851346365
2024,event_aircraft_core,Organizational issues-Management,13,inj_tot_f_6 inj_tot_s_0,2.92849851346365
2024,event_aircraft_core,Organizational issues-Management,14,inj_tot_f_6,2.92849851346365
2024,event_aircraft_core,Organizational issues-Management,15,ev_month_12 ev_state_tx,2.8964489540118503
2024,event_aircraft_core,Organizational issues-Support/oversight/monitoring,1,acft_make_boeing,5.283838082608424
2024,event_aircraft_core,Organizational issues-Support/oversight/monitoring,2,ev_month_5 ev_state_nj,3.5034987144520207
2024,event_aircraft_core,Organizational issues-Support/oversight/monitoring,3,ev_month_4 ev_state_ne,3.2520645665530927
2024,event_aircraft_core,Organizational issues-Support/oversight/monitoring,4,inj_tot_f_5,3.215243763458695
2024,event_aircraft_core,Organizational issues-Support/oversight/monitoring,5,ev_highest_injury_fatl inj_tot_f_5,3.215243763458695
2024,event_aircraft_core,Organizational issues-Support/oversight/monitoring,6,inj_tot_s_0 damage_missing,2.932833725340369
2024,event_aircraft_core,Organizational issues-Support/oversight/monitoring,7,damage_missing acft_make_boeing,2.881598956323449
2024,event_aircraft_core,Organizational issues-Support/oversight/monitoring,8,cert_max_gr_wt_2300,2.803496945458397
2024,event_aircraft_core,Organizational issues-Support/oversight/monitoring,9,ev_month_8 ev_state_oh,2.728035712130786
2024,event_aircraft_core,Organizational issues-Support/oversight/monitoring,10,damage_dest acft_make_sikorsky,2.713367639653478
2024,event_aircraft_core,Organizational issues-Support/oversight/monitoring,11,ev_month_2 ev_state_il,2.690661339615564
2024,event_aircraft_core,Organizational issues-Support/oversight/monitoring,12,acft_make_dassault,2.6838678689107445
2024,event_aircraft_core,Organizational issues-Support/oversight/monitoring,13,ev_state_ne ev_country_usa,2.5417281461944556
2024,event_aircraft_core,Organizational issues-Support/oversight/monitoring,14,ev_state_ne,2.5417281461944556
2024,event_aircraft_core,Organizational issues-Support/oversight/monitoring,15,acft_category_air cert_max_gr_wt_12000,2.526665206510675
2024,event_aircraft_core,Personnel issues-Action/decision,1,inj_tot_s_0 damage_missing,1.8922665850984386
2024,event_aircraft_core,Personnel issues-Action/decision,2,acft_category_heli cert_max_gr_wt_missing,1.5632320817931284
2024,event_aircraft_core,Personnel issues-Action/decision,3,ev_month_3 ev_state_mt,1.2663203374346474
2024,event_aircraft_core,Personnel issues-Action/decision,4,ev_month_10 ev_state_fl,1.1120683353172234
2024,event_aircraft_core,Personnel issues-Action/decision,5,ev_month_8 ev_state_tn,1.058584160559969
2024,event_aircraft_core,Personnel issues-Action/decision,6,ev_month_4 ev_state_md,1.0235827825709654
2024,event_aircraft_core,Personnel issues-Action/decision,7,ev_month_7 ev_state_mn,1.0055931196565944
2024,event_aircraft_core,Personnel issues-Action/decision,8,ev_state_ak,0.9646454659102589
2024,event_aircraft_core,Personnel issues-Action/decision,9,ev_state_ak ev_country_usa,0.9646454659102589
2024,event_aircraft_core,Personnel issues-Action/decision,10,acft_model_rv_6a,0.9423518754497832
2024,event_aircraft_core,Personnel issues-Action/decision,11,acft_model_rv_6a acft_category_air,0.9423518754497832
2024,event_aircraft_core,Personnel issues-Action/decision,12,acft_model_150m,0.9390082584140771
2024,event_aircraft_core,Personnel issues-Action/decision,13,acft_make_cessna acft_model_150m,0.9390082584140771
2024,event_aircraft_core,Personnel issues-Action/decision,14,acft_model_150m acft_category_air,0.9390082584140771
2024,event_aircraft_core,Personnel issues-Action/decision,15,ev_month_5 ev_state_al,0.9341924522004257
2024,event_aircraft_core,Personnel issues-Experience/knowledge,1,ev_month_12 ev_state_fl,3.3706936133674184
2024,event_aircraft_core,Personnel issues-Experience/knowledge,2,ev_month_8 ev_state_tx,2.6404725003966627
2024,event_aircraft_core,Personnel issues-Experience/knowledge,3,ev_month_9 ev_state_ak,2.6131000743270643
2024,event_aircraft_core,Personnel issues-Experience/knowledge,4,damage_dest acft_make_piper,2.5757365561225383
2024,event_aircraft_core,Personnel issues-Experience/knowledge,5,ev_country_usa ev_highest_injury_fatl,2.4770830930983823
2024,event_aircraft_core,Personnel issues-Experience/knowledge,6,ev_highest_injury_fatl,2.4770830930983823
2024,event_aircraft_core,Personnel issues-Experience/knowledge,7,ev_month_3 ev_state_ar,2.3705382929338166
2024,event_aircraft_core,Personnel issues-Experience/knowledge,8,ev_month_1 ev_state_co,2.2618160810784906
2024,event_aircraft_core,Personnel issues-Experience/knowledge,9,acft_model_rv_6 acft_category_air,2.154175475772042
2024,event_aircraft_core,Personnel issues-Experience/knowledge,10,acft_model_rv_6,2.154175475772042
2024,event_aircraft_core,Personnel issues-Experience/knowledge,11,damage_missing acft_make_boeing,2.1022482745038635
2024,event_aircraft_core,Personnel issues-Experience/knowledge,12,ev_month_11 ev_state_ga,2.0685990092591293
2024,event_aircraft_core,Personnel issues-Experience/knowledge,13,ev_month_6 ev_state_az,2.055111412071935
2024,event_aircraft_core,Personnel issues-Experience/knowledge,14,ev_state_nd ev_country_usa,2.0448452864884894
2024,event_aircraft_core,Personnel issues-Experience/knowledge,15,ev_state_nd,2.0448452864884894
2024,event_aircraft_core,Personnel issues-Physical,1,ev_month_8 ev_state_pa,3.8836038993440063
2024,event_aircraft_core,Personnel issues-Physical,2,ev_country_usa ev_highest_injury_fatl,3.6817400538309726
2024,event_aircraft_core,Personnel issues-Physical,3,ev_highest_injury_fatl,3.6817400538309726
2024,event_aircraft_core,Personnel issues-Physical,4,ev_month_9 ev_state_wy,3.0969819907324645
2024,event_aircraft_core,Personnel issues-Physical,5,acft_make_cub_crafters_inc,2.7643110073326382
2024,event_aircraft_core,Personnel issues-Physical,6,damage_subs acft_make_cub_crafters_inc,2.7643110073326382
2024,event_aircraft_core,Personnel issues-Physical,7,inj_tot_f_1 inj_tot_s_0,2.700770824311914
2024,event_aircraft_core,Personnel issues-Physical,8,ev_month_3 ev_state_ak,2.3363447317831025
2024,event_aircraft_core,Personnel issues-Physical,9,ev_month_9 ev_state_nc,2.248138618732728
2024,event_aircraft_core,Personnel issues-Physical,10,acft_make_piper acft_model_pa_28_161,2.1910149727335733
2024,event_aircraft_core,Personnel issues-Physical,11,acft_model_pa_28_161,2.157655273203708
2024,event_aircraft_core,Personnel issues-Physical,12,acft_model_pa_28_161 acft_category_air,2.157655273203708
2024,event_aircraft_core,Personnel issues-Physical,13,inj_tot_f_0 inj_tot_s_1,2.1115192037059782
2024,event_aircraft_core,Personnel issues-Physical,14,ev_month_11 ev_state_tx,2.0709695909226236
2024,event_aircraft_core,Personnel issues-Physical,15,acft_make_cessna acft_model_150h,2.043274990468324
2024,event_aircraft_core,Personnel issues-Psychological,1,acft_category_heli,2.5922309061179156
2024,event_aircraft_core,Personnel issues-Psychological,2,ev_month_7 ev_state_ak,2.3199495708437787
2024,event_aircraft_core,Personnel issues-Psychological,3,inj_tot_s_0 damage_missing,2.0554198366154064
2024,event_aircraft_core,Personnel issues-Psychological,4,inj_tot_s_0 damage_minr,1.994820990494763
2024,event_aircraft_core,Personnel issues-Psychological,5,ev_month_8 ev_state_pa,1.8417322622793253
2024,event_aircraft_core,Personnel issues-Psychological,6,damage_minr,1.7154535103681658
2024,event_aircraft_core,Personnel issues-Psychological,7,ev_month_2 ev_state_tx,1.6219588928614475
2024,event_aircraft_core,Personnel issues-Psychological,8,ev_highest_injury_fatl,1.5535640373131783
2024,event_aircraft_core,Personnel issues-Psychological,9,ev_country_usa ev_highest_injury_fatl,1.5535640373131783
2024,event_aircraft_core,Personnel issues-Psychological,10,acft_model_rv_8 acft_category_air,1.4876188027427797
2024,event_aircraft_core,Personnel issues-Psychological,11,acft_model_rv_8,1.4876188027427797
2024,event_aircraft_core,Personnel issues-Psychological,12,inj_tot_s_2 damage_subs,1.4767471701385948
2024,event_aircraft_core,Personnel issues-Psychological,13,damage_subs acft_make_gulfstream_schweizer_a_c_corp,1.444152182180883
2024,event_aircraft_core,Personnel issues-Psychological,14,acft_make_gulfstream_schweizer_a_c_corp,1.444152182180883
2024,event_aircraft_core,Personnel issues-Psychological,15,ev_month_5 ev_state_ks,1.4288301010802142
2024,event_aircraft_core,Personnel issues-Task performance,1,inj_tot_s_1 damage_subs,1.2721264607757545
2024,event_aircraft_core,Personnel issues-Task performance,2,ev_month_6,1.2719833728611565
2024,event_aircraft_core,Personnel issues-Task performance,3,damage_subs,1.211110043922589
2024,event_aircraft_core,Personnel issues-Task performance,4,ev_month_4,1.0435124302121543
2024,event_aircraft_core,Personnel issues-Task performance,5,ev_month_5 ev_state_nv,1.0057526915036707
2024,event_aircraft_core,Personnel issues-Task performance,6,ev_month_5,0.9769063005878904
2024,event_aircraft_core,Personnel issues-Task performance,7,ev_month_6 ev_state_fl,0.9458565452384348
2024,event_aircraft_core,Personnel issues-Task performance,8,ev_month_3 ev_state_id,0.9360705097749691
2024,event_aircraft_core,Personnel issues-Task performance,9,ev_month_8 ev_state_co,0.9144092543575184
2024,event_aircraft_core,Personnel issues-Task performance,10,cert_max_gr_wt_1370,0.8742741981610669
2024,event_aircraft_core,Personnel issues-Task performance,11,acft_category_ball,0.8713363593999504
2024,event_aircraft_core,Personnel issues-Task performance,12,acft_make_kitfox,0.8615470065702849
2024,event_aircraft_core,Personnel issues-Task performance,13,ev_month_9 ev_state_tn,0.8533189195395334
2024,event_aircraft_core,Personnel issues-Task performance,14,ev_month_9 ev_state_ca,0.8431383020814598
2024,event_aircraft_core,Personnel issues-Task performance,15,ev_month_7 ev_state_mt,0.8399954164024801
2024,event_aircraft_weather,Aircraft-Aircraft handling/service,1,wx_dew_pt_28,3.18749343907376
2024,event_aircraft_weather,Aircraft-Aircraft handling/service,2,wx_dew_pt_28 wind_dir_deg_0,2.950490927148584
2024,event_aircraft_weather,Aircraft-Aircraft handling/service,3,wx_temp_64 wx_dew_pt_54,2.5063402528043373
2024,event_aircraft_weather,Aircraft-Aircraft handling/service,4,wx_dew_pt_46 wind_dir_deg_310,2.4025077076745847
2024,event_aircraft_weather,Aircraft-Aircraft handling/service,5,ev_month_2,2.321838312325896
2024,event_aircraft_weather,Aircraft-Aircraft handling/service,6,wx_dew_pt_23,2.2882388987290043
2024,event_aircraft_weather,Aircraft-Aircraft handling/service,7,wx_temp_50 wx_dew_pt_28,2.1881905833886712
2024,event_aircraft_weather,Aircraft-Aircraft handling/service,8,acft_make_textron_aviation_inc acft_model_172s,2.1548102864815823
2024,event_aircraft_weather,Aircraft-Aircraft handling/service,9,ev_month_11 ev_state_tx,2.124133125211433
2024,event_aircraft_weather,Aircraft-Aircraft handling/service,10,wx_dew_pt_23 wind_dir_deg_290,2.123857028619127
2024,event_aircraft_weather,Aircraft-Aircraft handling/service,11,gust_kts_0 altimeter_29_959999084472656,2.1177631668793864
2024,event_aircraft_weather,Aircraft-Aircraft handling/service,12,wx_temp_11,2.1118476065128484
2024,event_aircraft_weather,Aircraft-Aircraft handling/service,13,wx_temp_66 wx_dew_pt_46,2.1066566198241232
2024,event_aircraft_weather,Aircraft-Aircraft handling/service,14,inj_tot_s_2 damage_subs,2.105311217026123
2024,event_aircraft_weather,Aircraft-Aircraft handling/service,15,damage_subs acft_make_textron_aviation,2.100562898483082
2024,event_aircraft_weather,Aircraft-Aircraft oper/perf/capability,1,acft_category_gli,1.4081740487989916
2024,event_aircraft_weather,Aircraft-Aircraft oper/perf/capability,2,wind_dir_deg_290,1.364793318619673
2024,event_aircraft_weather,Aircraft-Aircraft oper/perf/capability,3,wx_dew_pt_0,1.2917943907092648
2024,event_aircraft_weather,Aircraft-Aircraft oper/perf/capability,4,wind_dir_deg_240,1.2651351215900772
2024,event_aircraft_weather,Aircraft-Aircraft oper/perf/capability,5,damage_dest acft_make_beech,1.2448623799844971
2024,event_aircraft_weather,Aircraft-Aircraft oper/perf/capability,6,wind_vel_kts_14,1.1844459630661253
2024,event_aircraft_weather,Aircraft-Aircraft oper/perf/capability,7,light_cond_dayl sky_cond_nonceil_cler,1.154226654732381
2024,event_aircraft_weather,Aircraft-Aircraft oper/perf/capability,8,gust_kts_15,1.1300423103278971
2024,event_aircraft_weather,Aircraft-Aircraft oper/perf/capability,9,num_eng_0 phase_flt_spec_missing,1.0972508974490882
2024,event_aircraft_weather,Aircraft-Aircraft oper/perf/capability,10,num_eng_0,1.0972508974490882
2024,event_aircraft_weather,Aircraft-Aircraft oper/perf/capability,11,ev_state_id,1.0865229823949794
2024,event_aircraft_weather,Aircraft-Aircraft oper/perf/capability,12,ev_state_id ev_country_usa,1.0865229823949794
2024,event_aircraft_weather,Aircraft-Aircraft oper/perf/capability,13,acft_model_pa_18_150,1.0807184621572934
2024,event_aircraft_weather,Aircraft-Aircraft oper/perf/capability,14,acft_model_pa_18_150 acft_category_air,1.0807184621572934
2024,event_aircraft_weather,Aircraft-Aircraft oper/perf/capability,15,ev_month_4,1.0624501163139077
2024,event_aircraft_weather,Aircraft-Aircraft power plant,1,damage_subs acft_make_beech,1.431497734628905
2024,event_aircraft_weather,Aircraft-Aircraft power plant,2,ev_month_7 ev_state_ca,1.4132634494944505
2024,event_aircraft_weather,Aircraft-Aircraft power plant,3,ev_month_11 ev_state_fl,1.4020945377997052
2024,event_aircraft_weather,Aircraft-Aircraft power plant,4,inj_tot_s_0 damage_minr,1.3981431303054894
2024,event_aircraft_weather,Aircraft-Aircraft power plant,5,altimeter_0_0 wx_cond_basic_unk,1.3191065574739496
2024,event_aircraft_weather,Aircraft-Aircraft power plant,6,sky_cond_nonceil_missing sky_cond_ceil_none,1.3166663071769902
2024,event_aircraft_weather,Aircraft-Aircraft power plant,7,wind_vel_kts_3,1.2922026715520722
2024,event_aircraft_weather,Aircraft-Aircraft power plant,8,ev_country_usa ev_highest_injury_minr,1.2500658236536855
2024,event_aircraft_weather,Aircraft-Aircraft power plant,9,wind_vel_kts_3 gust_kts_0,1.2402223196367175
2024,event_aircraft_weather,Aircraft-Aircraft power plant,10,inj_tot_s_2 damage_subs,1.2375874346793163
2024,event_aircraft_weather,Aircraft-Aircraft power plant,11,ev_highest_injury_minr,1.2313503165090873
2024,event_aircraft_weather,Aircraft-Aircraft power plant,12,ev_highest_injury_minr inj_tot_f_0,1.2313503165090873
2024,event_aircraft_weather,Aircraft-Aircraft power plant,13,acft_category_air,1.2304041919738267
2024,event_aircraft_weather,Aircraft-Aircraft power plant,14,acft_make_stinson,1.219260479240308
2024,event_aircraft_weather,Aircraft-Aircraft power plant,15,wx_dew_pt_77 wind_dir_deg_240,1.2161113979667595
2024,event_aircraft_weather,Aircraft-Aircraft propeller/rotor,1,acft_category_heli,8.419666283469626
2024,event_aircraft_weather,Aircraft-Aircraft propeller/rotor,2,ev_state_ca ev_country_usa,2.534358842414941
2024,event_aircraft_weather,Aircraft-Aircraft propeller/rotor,3,ev_state_ca,2.534358842414941
2024,event_aircraft_weather,Aircraft-Aircraft propeller/rotor,4,acft_make_bell_helicopter_textron_canada,2.5082961239974324
2024,event_aircraft_weather,Aircraft-Aircraft propeller/rotor,5,acft_make_eurocopter_deutschland_gmbh,2.4667278451988066
2024,event_aircraft_weather,Aircraft-Aircraft propeller/rotor,6,damage_subs acft_make_eurocopter_deutschland_gmbh,2.4667278451988066
2024,event_aircraft_weather,Aircraft-Aircraft propeller/rotor,7,num_eng_6 phase_flt_spec_missing,2.187224437526219
2024,event_aircraft_weather,Aircraft-Aircraft propeller/rotor,8,num_eng_6,2.187224437526219
2024,event_aircraft_weather,Aircraft-Aircraft propeller/rotor,9,ev_month_8,2.143709773499897
2024,event_aircraft_weather,Aircraft-Aircraft propeller/rotor,10,damage_subs acft_make_enstrom,2.13740851948675
2024,event_aircraft_weather,Aircraft-Aircraft propeller/rotor,11,acft_make_hughes,2.109803306904297
2024,event_aircraft_weather,Aircraft-Aircraft propeller/rotor,12,acft_make_hiller,2.077518128774932
2024,event_aircraft_weather,Aircraft-Aircraft propeller/rotor,13,ev_month_8 ev_state_ca,2.061989353939761
2024,event_aircraft_weather,Aircraft-Aircraft propeller/rotor,14,wx_dew_pt_64 wind_dir_deg_30,2.0140513892534733
2024,event_aircraft_weather,Aircraft-Aircraft propeller/rotor,15,wind_dir_deg_120,1.999153083536297
2024,event_aircraft_weather,Aircraft-Aircraft structures,1,wx_temp_43 wx_dew_pt_19,2.358277267743545
2024,event_aircraft_weather,Aircraft-Aircraft structures,2,wind_dir_deg_240,2.1163229030400443
2024,event_aircraft_weather,Aircraft-Aircraft structures,3,ev_month_4 ev_state_ma,2.1159848532722783
2024,event_aircraft_weather,Aircraft-Aircraft structures,4,acft_model_lancair_evolution,2.0993988953922447
2024,event_aircraft_weather,Aircraft-Aircraft structures,5,acft_model_lancair_evolution acft_category_air,2.0993988953922447
2024,event_aircraft_weather,Aircraft-Aircraft structures,6,wx_dew_pt_54 wind_dir_deg_180,2.00444707387841
2024,event_aircraft_weather,Aircraft-Aircraft structures,7,acft_category_air cert_max_gr_wt_1370,1.99491028763117
2024,event_aircraft_weather,Aircraft-Aircraft structures,8,acft_category_air cert_max_gr_wt_1320,1.9778690981935203
2024,event_aircraft_weather,Aircraft-Aircraft structures,9,wx_temp_79 wx_dew_pt_64,1.9601386606792461
2024,event_aircraft_weather,Aircraft-Aircraft structures,10,wx_temp_63 wx_dew_pt_43,1.9569390122203338
2024,event_aircraft_weather,Aircraft-Aircraft structures,11,wind_dir_deg_50 wind_vel_kts_7,1.918331301090997
2024,event_aircraft_weather,Aircraft-Aircraft structures,12,wx_temp_59 wx_dew_pt_55,1.8875230830409095
2024,event_aircraft_weather,Aircraft-Aircraft structures,13,ev_month_11 ev_state_az,1.8196416393055237
2024,event_aircraft_weather,Aircraft-Aircraft structures,14,wind_dir_deg_200 wind_vel_kts_9,1.8118484830971173
2024,event_aircraft_weather,Aircraft-Aircraft structures,15,ev_country_usa ev_highest_injury_missing,1.729238561281975
2024,event_aircraft_weather,Aircraft-Aircraft systems,1,num_eng_2 phase_flt_spec_missing,2.845078680315265
2024,event_aircraft_weather,Aircraft-Aircraft systems,2,num_eng_2,2.845078680315265
2024,event_aircraft_weather,Aircraft-Aircraft systems,3,wx_dew_pt_64,1.5154508347991815
2024,event_aircraft_weather,Aircraft-Aircraft systems,4,wind_dir_deg_230 wind_vel_kts_4,1.4270410537721785
2024,event_aircraft_weather,Aircraft-Aircraft systems,5,vis_sm_9_0,1.4039548184340813
2024,event_aircraft_weather,Aircraft-Aircraft systems,6,wx_dew_pt_32 wind_dir_deg_150,1.364733782638537
2024,event_aircraft_weather,Aircraft-Aircraft systems,7,wx_dew_pt_68 wind_dir_deg_0,1.3372438445924348
2024,event_aircraft_weather,Aircraft-Aircraft systems,8,wx_dew_pt_72 wind_dir_deg_80,1.3051170664508693
2024,event_aircraft_weather,Aircraft-Aircraft systems,9,acft_make_beech,1.291165778004927
2024,event_aircraft_weather,Aircraft-Aircraft systems,10,ev_month_10,1.2360298704049855
2024,event_aircraft_weather,Aircraft-Aircraft systems,11,acft_category_air cert_max_gr_wt_1250,1.203092251570453
2024,event_aircraft_weather,Aircraft-Aircraft systems,12,wx_dew_pt_48 wind_dir_deg_0,1.1854676445168533
2024,event_aircraft_weather,Aircraft-Aircraft systems,13,acft_make_dassault_aviation,1.1795870913217916
2024,event_aircraft_weather,Aircraft-Aircraft systems,14,acft_category_air,1.169685452092217
2024,event_aircraft_weather,Aircraft-Aircraft systems,15,wx_temp_72,1.1683109622480934
2024,event_aircraft_weather,Aircraft-Fluids/misc hardware,1,damage_subs acft_make_piper,2.5621485491854026
2024,event_aircraft_weather,Aircraft-Fluids/misc hardware,2,acft_make_piper,2.1827268088126863
2024,event_aircraft_weather,Aircraft-Fluids/misc hardware,3,damage_subs acft_make_beech,1.978357954982753
2024,event_aircraft_weather,Aircraft-Fluids/misc hardware,4,gust_kts_0 altimeter_29_8700008392334,1.713059270173527
2024,event_aircraft_weather,Aircraft-Fluids/misc hardware,5,acft_make_beech,1.7084867523831693
2024,event_aircraft_weather,Aircraft-Fluids/misc hardware,6,wind_dir_deg_40 wind_vel_kts_9,1.6086859845112633
2024,event_aircraft_weather,Aircraft-Fluids/misc hardware,7,inj_tot_s_1 damage_subs,1.6008446153726499
2024,event_aircraft_weather,Aircraft-Fluids/misc hardware,8,gust_kts_0,1.5773950502662828
2024,event_aircraft_weather,Aircraft-Fluids/misc hardware,9,inj_tot_f_1 inj_tot_s_1,1.5601746648422667
2024,event_aircraft_weather,Aircraft-Fluids/misc hardware,10,ev_month_10,1.5400239080339482
2024,event_aircraft_weather,Aircraft-Fluids/misc hardware,11,damage_subs acft_make_cessna,1.5074188899628178
2024,event_aircraft_weather,Aircraft-Fluids/misc hardware,12,wind_dir_deg_0 wind_vel_kts_4,1.4454154669971673
2024,event_aircraft_weather,Aircraft-Fluids/misc hardware,13,acft_model_310 acft_category_air,1.4077367774835154
2024,event_aircraft_weather,Aircraft-Fluids/misc hardware,14,acft_make_cessna acft_model_310,1.4077367774835154
2024,event_aircraft_weather,Aircraft-Fluids/misc hardware,15,acft_model_310,1.4077367774835154
2024,event_aircraft_weather,Environmental issues-Conditions/weather/phenomena,1,wx_cond_basic_imc,6.000896958779057
2024,event_aircraft_weather,Environmental issues-Conditions/weather/phenomena,2,inj_tot_s_1 damage_missing,2.943340527680273
2024,event_aircraft_weather,Environmental issues-Conditions/weather/phenomena,3,damage_missing,1.671134345789621
2024,event_aircraft_weather,Environmental issues-Conditions/weather/phenomena,4,phase_flt_spec_missing light_cond_nite,1.6504963598312055
2024,event_aircraft_weather,Environmental issues-Conditions/weather/phenomena,5,light_cond_nite,1.6504963598312055
2024,event_aircraft_weather,Environmental issues-Conditions/weather/phenomena,6,gust_kts_21,1.5435012400345787
2024,event_aircraft_weather,Environmental issues-Conditions/weather/phenomena,7,sky_cond_ceil_ovc,1.442201915510985
2024,event_aircraft_weather,Environmental issues-Conditions/weather/phenomena,8,light_cond_nite sky_cond_nonceil_missing,1.4186928046501832
2024,event_aircraft_weather,Environmental issues-Conditions/weather/phenomena,9,wx_cond_basic_unk,1.3867253871762828
2024,event_aircraft_weather,Environmental issues-Conditions/weather/phenomena,10,phase_flt_spec_missing light_cond_ndrk,1.3729948454907277
2024,event_aircraft_weather,Environmental issues-Conditions/weather/phenomena,11,light_cond_ndrk,1.3729948454907277
2024,event_aircraft_weather,Environmental issues-Conditions/weather/phenomena,12,acft_category_gli,1.3456639625616678
2024,event_aircraft_weather,Environmental issues-Conditions/weather/phenomena,13,acft_model_pa_18_150,1.2820043493197475
2024,event_aircraft_weather,Environmental issues-Conditions/weather/phenomena,14,acft_model_pa_18_150 acft_category_air,1.2820043493197475
2024,event_aircraft_weather,Environmental issues-Conditions/weather/phenomena,15,wx_temp_68 wx_dew_pt_45,1.2639250525915555
2024,event_aircraft_weather,Environmental issues-Operating environment,1,wx_dew_pt_64 wind_dir_deg_0,3.1342690846083827
2024,event_aircraft_weather,Environmental issues-Operating environment,2,light_cond_nite sky_cond_nonceil_cler,2.9028859579727575
2024,event_aircraft_weather,Environmental issues-Operating environment,3,light_cond_nite,2.9009116916790276
2024,event_aircraft_weather,Environmental issues-Operating environment,4,phase_flt_spec_missing light_cond_nite,2.9009116916790276
2024,event_aircraft_weather,Environmental issues-Operating environment,5,vis_sm_9_0 wx_temp_84,2.4492798177765582
2024,event_aircraft_weather,Environmental issues-Operating environment,6,wx_temp_46,2.3774029829280785
2024,event_aircraft_weather,Environmental issues-Operating environment,7,wx_temp_77 wx_dew_pt_77,2.3742138731015956
2024,event_aircraft_weather,Environmental issues-Operating environment,8,wx_dew_pt_77 wind_dir_deg_40,2.36499053928486
2024,event_aircraft_weather,Environmental issues-Operating environment,9,wx_dew_pt_55 wind_dir_deg_300,2.2852813212235015
2024,event_aircraft_weather,Environmental issues-Operating environment,10,gust_kts_12,2.2635834946471345
2024,event_aircraft_weather,Environmental issues-Operating environment,11,cert_max_gr_wt_149500 num_eng_2,2.0487764018055095
2024,event_aircraft_weather,Environmental issues-Operating environment,12,cert_max_gr_wt_149500,2.0487764018055095
2024,event_aircraft_weather,Environmental issues-Operating environment,13,acft_category_air cert_max_gr_wt_149500,2.0487764018055095
2024,event_aircraft_weather,Environmental issues-Operating environment,14,wx_dew_pt_68 wind_dir_deg_100,2.0469865349263867
2024,event_aircraft_weather,Environmental issues-Operating environment,15,damage_dest acft_make_dassault_aviation,2.0309713507009692
2024,event_aircraft_weather,Environmental issues-Physical environment,1,acft_category_heli,1.6168807674964247
2024,event_aircraft_weather,Environmental issues-Physical environment,2,ev_month_7 ev_state_ak,1.3601952263395225
2024,event_aircraft_weather,Environmental issues-Physical environment,3,vis_sm_10_0 wx_temp_54,1.3169092126372584
2024,event_aircraft_weather,Environmental issues-Physical environment,4,ev_state_ak,1.2788832498568987
2024,event_aircraft_weather,Environmental issues-Physical environment,5,ev_state_ak ev_country_usa,1.2788832498568987
2024,event_aircraft_weather,Environmental issues-Physical environment,6,wind_dir_deg_360 wind_vel_kts_3,1.2605266538140087
2024,event_aircraft_weather,Environmental issues-Physical environment,7,wind_dir_deg_200 wind_vel_kts_3,1.1934981211878475
2024,event_aircraft_weather,Environmental issues-Physical environment,8,vis_sm_10_0 wx_temp_28,1.1493946906101145
2024,event_aircraft_weather,Environmental issues-Physical environment,9,gust_kts_0,1.131091807895008
2024,event_aircraft_weather,Environmental issues-Physical environment,10,wind_vel_kts_14 gust_kts_0,1.1164881763250813
2024,event_aircraft_weather,Environmental issues-Physical environment,11,wind_vel_kts_missing gust_kts_0,1.1121505667588663
2024,event_aircraft_weather,Environmental issues-Physical environment,12,wx_dew_pt_30,1.1104809312713584
2024,event_aircraft_weather,Environmental issues-Physical environment,13,wx_dew_pt_1,1.1016583255293013
2024,event_aircraft_weather,Environmental issues-Physical environment,14,acft_make_air_tractor,1.0841808562560262
2024,event_aircraft_weather,Environmental issues-Physical environment,15,num_eng_missing phase_flt_spec_missing,1.0810925349706066
2024,event_aircraft_weather,Not determined-Not determined,1,damage_dest,2.3387565022376537
2024,event_aircraft_weather,Not determined-Not determined,2,wx_temp_81 wx_dew_pt_64,2.282633034395793
2024,event_aircraft_weather,Not determined-Not determined,3,inj_tot_s_0 damage_dest,2.2452513119405433
2024,event_aircraft_weather,Not determined-Not determined,4,wx_temp_90 wx_dew_pt_52,1.8923332963042923
2024,event_aircraft_weather,Not determined-Not determined,5,wx_temp_75 wx_dew_pt_63,1.7851840635538814
2024,event_aircraft_weather,Not determined-Not determined,6,wind_dir_deg_350 wind_vel_kts_5,1.741382541239497
2024,event_aircraft_weather,Not determined-Not determined,7,gust_kts_0 altimeter_30_1200008392334,1.7281949712750782
2024,event_aircraft_weather,Not determined-Not determined,8,ev_month_8,1.708618293106842
2024,event_aircraft_weather,Not determined-Not determined,9,sky_cond_nonceil_few sky_cond_ceil_none,1.6373158065906808
2024,event_aircraft_weather,Not determined-Not determined,10,acft_model_210,1.620625638325743
2024,event_aircraft_weather,Not determined-Not determined,11,acft_model_210 acft_category_air,1.620625638325743
2024,event_aircraft_weather,Not determined-Not determined,12,acft_make_cessna acft_model_210,1.620625638325743
2024,event_aircraft_weather,Not determined-Not determined,13,wind_dir_deg_10,1.5953516740733373
2024,event_aircraft_weather,Not determined-Not determined,14,vis_sm_10_0 wx_temp_82,1.5353644681629437
2024,event_aircraft_weather,Not determined-Not determined,15,ev_month_9 ev_state_wy,1.5339651256510733
2024,event_aircraft_weather,Organizational issues-Development,1,wx_temp_91 wx_dew_pt_64,3.5807453790015473
2024,event_aircraft_weather,Organizational issues-Development,2,inj_tot_s_0 damage_minr,3.3577820505789187
2024,event_aircraft_weather,Organizational issues-Development,3,damage_minr,2.9771663950481293
2024,event_aircraft_weather,Organizational issues-Development,4,acft_make_boeing,2.9610202480656924
2024,event_aircraft_weather,Organizational issues-Development,5,damage_minr acft_make_boeing,2.8642378626086216
2024,event_aircraft_weather,Organizational issues-Development,6,wx_dew_pt_19 wind_dir_deg_290,2.4617005448624405
2024,event_aircraft_weather,Organizational issues-Development,7,num_eng_2,2.417231826761135
2024,event_aircraft_weather,Organizational issues-Development,8,num_eng_2 phase_flt_spec_missing,2.417231826761135
2024,event_aircraft_weather,Organizational issues-Development,9,wx_temp_64 wx_dew_pt_19,2.397845386011088
2024,event_aircraft_weather,Organizational issues-Development,10,wx_dew_pt_57 wind_dir_deg_340,2.3855727754613323
2024,event_aircraft_weather,Organizational issues-Development,11,acft_model_sling_lsa,2.379968153546596
2024,event_aircraft_weather,Organizational issues-Development,12,acft_model_sling_lsa acft_category_air,2.379968153546596
2024,event_aircraft_weather,Organizational issues-Development,13,wx_dew_pt_37 wind_dir_deg_50,2.3001994140925524
2024,event_aircraft_weather,Organizational issues-Development,14,acft_make_boeing acft_model_777_222,2.248570112265901
2024,event_aircraft_weather,Organizational issues-Development,15,acft_model_777_222 acft_category_air,2.248570112265901
2024,event_aircraft_weather,Organizational issues-Management,1,acft_make_boeing,3.4790715361031537
2024,event_aircraft_weather,Organizational issues-Management,2,damage_subs acft_make_airbus_helicopters,3.0313639697938015
2024,event_aircraft_weather,Organizational issues-Management,3,wx_temp_34,2.9099651951947503
2024,event_aircraft_weather,Organizational issues-Management,4,acft_make_airbus_helicopters,2.9051938738693717
2024,event_aircraft_weather,Organizational issues-Management,5,ev_month_9 ev_state_ny,2.6658887492652195
2024,event_aircraft_weather,Organizational issues-Management,6,cert_max_gr_wt_8000,2.5431139965013436
2024,event_aircraft_weather,Organizational issues-Management,7,acft_category_air cert_max_gr_wt_8000,2.5431139965013436
2024,event_aircraft_weather,Organizational issues-Management,8,ev_highest_injury_fatl inj_tot_f_7,2.489845152135004
2024,event_aircraft_weather,Organizational issues-Management,9,inj_tot_f_7 inj_tot_s_0,2.489845152135004
2024,event_aircraft_weather,Organizational issues-Management,10,inj_tot_f_7,2.489845152135004
2024,event_aircraft_weather,Organizational issues-Management,11,num_eng_2,2.463070402439496
2024,event_aircraft_weather,Organizational issues-Management,12,num_eng_2 phase_flt_spec_missing,2.463070402439496
2024,event_aircraft_weather,Organizational issues-Management,13,inj_tot_f_6,2.3859709998165446
2024,event_aircraft_weather,Organizational issues-Management,14,inj_tot_f_6 inj_tot_s_0,2.3859709998165446
2024,event_aircraft_weather,Organizational issues-Management,15,ev_highest_injury_fatl inj_tot_f_6,2.3859709998165446
2024,event_aircraft_weather,Organizational issues-Support/oversight/monitoring,1,acft_make_boeing,4.691348934000629
2024,event_aircraft_weather,Organizational issues-Support/oversight/monitoring,2,wx_dew_pt_28,2.916412134103652
2024,event_aircraft_weather,Organizational issues-Support/oversight/monitoring,3,wind_dir_deg_300 wind_vel_kts_7,2.5651148189700224
2024,event_aircraft_weather,Organizational issues-Support/oversight/monitoring,4,wx_temp_72 wx_dew_pt_64,2.5178227099447934
2024,event_aircraft_weather,Organizational issues-Support/oversight/monitoring,5,num_eng_2 phase_flt_spec_missing,2.3744340688927545
2024,event_aircraft_weather,Organizational issues-Support/oversight/monitoring,6,num_eng_2,2.3744340688927545
2024,event_aircraft_weather,Organizational issues-Support/oversight/monitoring,7,ev_highest_injury_fatl inj_tot_f_5,2.361071950714801
2024,event_aircraft_weather,Organizational issues-Support/oversight/monitoring,8,inj_tot_f_5,2.361071950714801
2024,event_aircraft_weather,Organizational issues-Support/oversight/monitoring,9,damage_missing acft_make_boeing,2.3228398980148355
2024,event_aircraft_weather,Organizational issues-Support/oversight/monitoring,10,ev_highest_injury_fatl inj_tot_f_6,2.2529139007684034
2024,event_aircraft_weather,Organizational issues-Support/oversight/monitoring,11,inj_tot_f_6,2.2529139007684034
2024,event_aircraft_weather,Organizational issues-Support/oversight/monitoring,12,inj_tot_f_6 inj_tot_s_0,2.2529139007684034
2024,event_aircraft_weather,Organizational issues-Support/oversight/monitoring,13,wx_dew_pt_39 wind_dir_deg_140,2.2293832668348483
2024,event_aircraft_weather,Organizational issues-Support/oversight/monitoring,14,damage_dest acft_make_sikorsky,2.207476055354396
2024,event_aircraft_weather,Organizational issues-Support/oversight/monitoring,15,ev_month_4 ev_state_ne,2.1949933773029073
2024,event_aircraft_weather,Personnel issues-Action/decision,1,wx_cond_basic_imc,2.666191143247159
2024,event_aircraft_weather,Personnel issues-Action/decision,2,inj_tot_s_0 damage_missing,1.4052142535202243
2024,event_aircraft_weather,Personnel issues-Action/decision,3,acft_category_heli cert_max_gr_wt_missing,1.3884211980817551
2024,event_aircraft_weather,Personnel issues-Action/decision,4,light_cond_nite sky_cond_nonceil_missing,1.1395927649582953
2024,event_aircraft_weather,Personnel issues-Action/decision,5,vis_sm_10_0 wx_temp_79,1.1091752208817434
2024,event_aircraft_weather,Personnel issues-Action/decision,6,ev_month_10 ev_state_fl,1.103472884144635
2024,event_aircraft_weather,Personnel issues-Action/decision,7,wind_dir_deg_220,1.0480387375628988
2024,event_aircraft_weather,Personnel issues-Action/decision,8,wind_dir_deg_230,1.0238996255473207
2024,event_aircraft_weather,Personnel issues-Action/decision,9,vis_sm_3_0,1.015697249059963
2024,event_aircraft_weather,Personnel issues-Action/decision,10,vis_sm_10_0 wx_temp_54,0.9851248246283851
2024,event_aircraft_weather,Personnel issues-Action/decision,11,gust_kts_0 altimeter_29_709999084472656,0.9320413618439125
2024,event_aircraft_weather,Personnel issues-Action/decision,12,wx_dew_pt_32 wind_dir_deg_220,0.8924331818237267
2024,event_aircraft_weather,Personnel issues-Action/decision,13,ev_month_8 ev_state_tn,0.8776466654269031
2024,event_aircraft_weather,Personnel issues-Action/decision,14,vis_sm_5_0,0.8665088293452665
2024,event_aircraft_weather,Personnel issues-Action/decision,15,wind_vel_kts_17,0.8571972808534989
2024,event_aircraft_weather,Personnel issues-Experience/knowledge,1,wx_cond_basic_imc,3.5734596333163355
2024,event_aircraft_weather,Personnel issues-Experience/knowledge,2,wx_dew_pt_46,2.6212721585174146
2024,event_aircraft_weather,Personnel issues-Experience/knowledge,3,ev_country_usa ev_highest_injury_fatl,2.284965834855036
2024,event_aircraft_weather,Personnel issues-Experience/knowledge,4,ev_highest_injury_fatl,2.284965834855036
2024,event_aircraft_weather,Personnel issues-Experience/knowledge,5,sky_cond_ceil_bkn vis_sm_missing,2.1268354846164392
2024,event_aircraft_weather,Personnel issues-Experience/knowledge,6,ev_month_12 ev_state_fl,2.119085875510523
2024,event_aircraft_weather,Personnel issues-Experience/knowledge,7,vis_sm_10_0 wx_temp_34,2.052653135653817
2024,event_aircraft_weather,Personnel issues-Experience/knowledge,8,wx_temp_72 wx_dew_pt_45,2.045597988117738
2024,event_aircraft_weather,Personnel issues-Experience/knowledge,9,sky_cond_ceil_ovc,2.0210318019386886
2024,event_aircraft_weather,Personnel issues-Experience/knowledge,10,wind_dir_deg_210 wind_vel_kts_8,1.9142721672367982
2024,event_aircraft_weather,Personnel issues-Experience/knowledge,11,sky_cond_nonceil_cler sky_cond_ceil_ovc,1.89826113157485
2024,event_aircraft_weather,Personnel issues-Experience/knowledge,12,wx_temp_34,1.88849298324426
2024,event_aircraft_weather,Personnel issues-Experience/knowledge,13,wx_dew_pt_66 wind_dir_deg_0,1.8322030683889634
2024,event_aircraft_weather,Personnel issues-Experience/knowledge,14,ev_month_1 ev_state_co,1.8295400020758938
2024,event_aircraft_weather,Personnel issues-Experience/knowledge,15,vis_sm_10_0 wx_temp_72,1.8253730232968657
2024,event_aircraft_weather,Personnel issues-Physical,1,ev_highest_injury_fatl,4.114125939964395
2024,event_aircraft_weather,Personnel issues-Physical,2,ev_country_usa ev_highest_injury_fatl,4.114125939964395
2024,event_aircraft_weather,Personnel issues-Physical,3,inj_tot_f_1 inj_tot_s_0,3.387239560382506
2024,event_aircraft_weather,Personnel issues-Physical,4,wx_temp_75 wx_dew_pt_54,2.7844278715846724
2024,event_aircraft_weather,Personnel issues-Physical,5,inj_tot_f_1,2.723885992565176
2024,event_aircraft_weather,Personnel issues-Physical,6,ev_highest_injury_fatl inj_tot_f_1,2.723885992565176
2024,event_aircraft_weather,Personnel issues-Physical,7,ev_month_9 ev_state_wy,2.236078110204131
2024,event_aircraft_weather,Personnel issues-Physical,8,acft_make_cub_crafters_inc,2.1339826508532673
2024,event_aircraft_weather,Personnel issues-Physical,9,damage_subs acft_make_cub_crafters_inc,2.1339826508532673
2024,event_aircraft_weather,Personnel issues-Physical,10,vis_sm_10_0 wx_temp_23,2.057187724217768
2024,event_aircraft_weather,Personnel issues-Physical,11,wx_temp_57 wx_dew_pt_34,2.018476680253052
2024,event_aircraft_weather,Personnel issues-Physical,12,vis_sm_10_0 wx_temp_70,2.015855878257274
2024,event_aircraft_weather,Personnel issues-Physical,13,wx_temp_23,2.0086413901783056
2024,event_aircraft_weather,Personnel issues-Physical,14,wx_dew_pt_73,1.986790269658127
2024,event_aircraft_weather,Personnel issues-Physical,15,damage_missing,1.8986436439455898
2024,event_aircraft_weather,Personnel issues-Psychological,1,acft_category_heli,2.9703903430089955
2024,event_aircraft_weather,Personnel issues-Psychological,2,wx_cond_basic_imc,2.5525712519369286
2024,event_aircraft_weather,Personnel issues-Psychological,3,inj_tot_s_0 damage_minr,1.8948835035831952
2024,event_aircraft_weather,Personnel issues-Psychological,4,ev_month_7 ev_state_ak,1.7710602715636203
2024,event_aircraft_weather,Personnel issues-Psychological,5,damage_minr,1.6895816706403948
2024,event_aircraft_weather,Personnel issues-Psychological,6,light_cond_nite,1.581921380760112
2024,event_aircraft_weather,Personnel issues-Psychological,7,phase_flt_spec_missing light_cond_nite,1.581921380760112
2024,event_aircraft_weather,Personnel issues-Psychological,8,wx_dew_pt_45 wind_dir_deg_0,1.519629131803095
2024,event_aircraft_weather,Personnel issues-Psychological,9,ev_country_usa ev_highest_injury_fatl,1.5020196714686098
2024,event_aircraft_weather,Personnel issues-Psychological,10,ev_highest_injury_fatl,1.5020196714686098
2024,event_aircraft_weather,Personnel issues-Psychological,11,wx_temp_54 wx_dew_pt_25,1.4092809576812175
2024,event_aircraft_weather,Personnel issues-Psychological,12,wx_dew_pt_52 wind_dir_deg_0,1.3997971244103409
2024,event_aircraft_weather,Personnel issues-Psychological,13,phase_flt_spec_missing light_cond_ndrk,1.3996264994314311
2024,event_aircraft_weather,Personnel issues-Psychological,14,light_cond_ndrk,1.3996264994314311
2024,event_aircraft_weather,Personnel issues-Psychological,15,wx_dew_pt_25 wind_dir_deg_350,1.381849276781273
2024,event_aircraft_weather,Personnel issues-Task performance,1,inj_tot_s_1 damage_subs,1.270650411146765
2024,event_aircraft_weather,Personnel issues-Task performance,2,ev_month_6,1.1901860648264941
2024,event_aircraft_weather,Personnel issues-Task performance,3,ev_month_4,1.0181706929174923
2024,event_aircraft_weather,Personnel issues-Task performance,4,damage_subs,1.0118042227500321
2024,event_aircraft_weather,Personnel issues-Task performance,5,vis_sm_10_0 wx_temp_0,1.0039180757805222
2024,event_aircraft_weather,Personnel issues-Task performance,6,wx_dew_pt_45,1.0015848779594718
2024,event_aircraft_weather,Personnel issues-Task performance,7,acft_category_air cert_max_gr_wt_2000,0.9927826337876728
2024,event_aircraft_weather,Personnel issues-Task performance,8,gust_kts_20,0.9874593643114952
2024,event_aircraft_weather,Personnel issues-Task performance,9,ev_state_nv ev_country_usa,0.9820716824381702
2024,event_aircraft_weather,Personnel issues-Task performance,10,ev_state_nv,0.9820716824381702
2024,event_aircraft_weather,Personnel issues-Task performance,11,cert_max_gr_wt_2000,0.9634062018312953
2024,event_aircraft_weather,Personnel issues-Task performance,12,ev_month_5,0.8803220047806359
2024,event_aircraft_weather,Personnel issues-Task performance,13,cert_max_gr_wt_2000 num_eng_1,0.8567212220542323
2024,event_aircraft_weather,Personnel issues-Task performance,14,ev_state_id,0.8392845452524217
2024,event_aircraft_weather,Personnel issues-Task performance,15,ev_state_id ev_country_usa,0.8392845452524217
2024,preliminary,Aircraft-Aircraft handling/service,1,wx_temp_64 wx_dew_pt_54,2.974564636726729
2024,preliminary,Aircraft-Aircraft handling/service,2,wind_dir_deg_310 wind_vel_kts_6,2.4670808924054763
2024,preliminary,Aircraft-Aircraft handling/service,3,inspection,2.423076398840641
2024,preliminary,Aircraft-Aircraft handling/service,4,wx_dew_pt_59,2.314089251208985
2024,preliminary,Aircraft-Aircraft handling/service,5,damage_subs acft_make_textron_aviation_inc,2.3140692783789434
2024,preliminary,Aircraft-Aircraft handling/service,6,ev_month_12 ev_state_tx,2.270335340727442
2024,preliminary,Aircraft-Aircraft handling/service,7,acft_make_textron_aviation_inc,2.266267682430339
2024,preliminary,Aircraft-Aircraft handling/service,8,wx_dew_pt_28 wind_dir_deg_0,2.169329980660684
2024,preliminary,Aircraft-Aircraft handling/service,9,ev_month_6 ev_state_ak,2.057669392213802
2024,preliminary,Aircraft-Aircraft handling/service,10,altimeter_29_799999237060547,2.049002021735917
2024,preliminary,Aircraft-Aircraft handling/service,11,vis_sm_0_75,1.989983516864451
2024,preliminary,Aircraft-Aircraft handling/service,12,wx_dew_pt_54,1.9280329905671032
2024,preliminary,Aircraft-Aircraft handling/service,13,acft_make_piper acft_model_pa_12,1.8452709811937789
2024,preliminary,Aircraft-Aircraft handling/service,14,acft_model_pa_12 acft_category_air,1.8452709811937789
2024,preliminary,Aircraft-Aircraft handling/service,15,acft_model_pa_12,1.8452709811937789
2024,preliminary,Aircraft-Aircraft oper/perf/capability,1,runway,1.8796805986481344
2024,preliminary,Aircraft-Aircraft oper/perf/capability,2,wind,1.5672278332804572
2024,preliminary,Aircraft-Aircraft oper/perf/capability,3,damage_subs,1.4489669835516104
2024,preliminary,Aircraft-Aircraft oper/perf/capability,4,nose,1.4488821415857696
2024,preliminary,Aircraft-Aircraft oper/perf/capability,5,ev_month_4,1.3822771535292184
2024,preliminary,Aircraft-Aircraft oper/perf/capability,6,stall,1.364047194376804
2024,preliminary,Aircraft-Aircraft oper/perf/capability,7,weight,1.3515578350296364
2024,preliminary,Aircraft-Aircraft oper/perf/capability,8,wind_dir_deg_240,1.3242116445625631
2024,preliminary,Aircraft-Aircraft oper/perf/capability,9,num_eng_1,1.250464644841221
2024,preliminary,Aircraft-Aircraft oper/perf/capability,10,num_eng_1 phase_flt_spec_missing,1.250464644841221
2024,preliminary,Aircraft-Aircraft oper/perf/capability,11,light_cond_dayl sky_cond_nonceil_cler,1.1840537910231628
2024,preliminary,Aircraft-Aircraft oper/perf/capability,12,inj_tot_s_1 damage_subs,1.1251316463605776
2024,preliminary,Aircraft-Aircraft oper/perf/capability,13,inj_tot_s_0 damage_subs,1.1247353377634486
2024,preliminary,Aircraft-Aircraft oper/perf/capability,14,kts,1.1159706407979693
2024,preliminary,Aircraft-Aircraft oper/perf/capability,15,crosswind,1.0966417869749023
2024,preliminary,Aircraft-Aircraft power plant,1,engine,5.416383559601044
2024,preliminary,Aircraft-Aircraft power plant,2,oil,3.254931441602894
2024,preliminary,Aircraft-Aircraft power plant,3,cylinder,3.107007709686787
2024,preliminary,Aircraft-Aircraft power plant,4,power,2.6125821830615283
2024,preliminary,Aircraft-Aircraft power plant,5,exhaust,2.5239312346954113
2024,preliminary,Aircraft-Aircraft power plant,6,magneto,2.27879385589134
2024,preliminary,Aircraft-Aircraft power plant,7,examination engine,2.123482135615806
2024,preliminary,Aircraft-Aircraft power plant,8,throttle,2.100122561793388
2024,preliminary,Aircraft-Aircraft power plant,9,overhaul,1.9468748398916844
2024,preliminary,Aircraft-Aircraft power plant,10,crankshaft,1.7878575961687508
2024,preliminary,Aircraft-Aircraft power plant,11,forced landing,1.7640789652591147
2024,preliminary,Aircraft-Aircraft power plant,12,forced,1.7617610279816596
2024,preliminary,Aircraft-Aircraft power plant,13,damage_dest,1.701538446711573
2024,preliminary,Aircraft-Aircraft power plant,14,maintenance,1.684828092408322
2024,preliminary,Aircraft-Aircraft power plant,15,mechanic,1.6489493411426952
2024,preliminary,Aircraft-Aircraft propeller/rotor,1,acft_category_heli,4.381785909678608
2024,preliminary,Aircraft-Aircraft propeller/rotor,2,rotor,3.735601554354805
2024,preliminary,Aircraft-Aircraft propeller/rotor,3,blade,3.398949230986606
2024,preliminary,Aircraft-Aircraft propeller/rotor,4,ev_month_8 ev_state_ca,3.2099970248337057
2024,preliminary,Aircraft-Aircraft propeller/rotor,5,helicopter,3.1693065681591195
2024,preliminary,Aircraft-Aircraft propeller/rotor,6,tail rotor,2.9967056916320436
2024,preliminary,Aircraft-Aircraft propeller/rotor,7,blades,2.7236167957731032
2024,preliminary,Aircraft-Aircraft propeller/rotor,8,ev_month_8,2.4995583716958656
2024,preliminary,Aircraft-Aircraft propeller/rotor,9,propeller,2.46338074393944
2024,preliminary,Aircraft-Aircraft propeller/rotor,10,hub,2.3703280768150683
2024,preliminary,Aircraft-Aircraft propeller/rotor,11,acft_make_hughes,2.3062034050447795
2024,preliminary,Aircraft-Aircraft propeller/rotor,12,damage_subs acft_make_hughes,2.275239193214359
2024,preliminary,Aircraft-Aircraft propeller/rotor,13,wind_dir_deg_120,2.2621131335468467
2024,preliminary,Aircraft-Aircraft propeller/rotor,14,tail,2.221749810826913
2024,preliminary,Aircraft-Aircraft propeller/rotor,15,pitch,2.0909214776363827
2024,preliminary,Aircraft-Aircraft structures,1,fracture,2.351214082864087
2024,preliminary,Aircraft-Aircraft structures,2,upper,2.325218016094236
2024,preliminary,Aircraft-Aircraft structures,3,door,2.205831910190197
2024,preliminary,Aircraft-Aircraft structures,4,num_eng_4,2.167068184033951
2024,preliminary,Aircraft-Aircraft structures,5,num_eng_4 phase_flt_spec_missing,2.167068184033951
2024,preliminary,Aircraft-Aircraft structures,6,latch,2.113210580535885
2024,preliminary,Aircraft-Aircraft structures,7,crack,2.0428832474984184
2024,preliminary,Aircraft-Aircraft structures,8,separated,2.026564318752858
2024,preliminary,Aircraft-Aircraft structures,9,gust_kts_0 altimeter_29_940000534057617,1.8990183490273385
2024,preliminary,Aircraft-Aircraft structures,10,structure,1.859173255944081
2024,preliminary,Aircraft-Aircraft structures,11,spar,1.8234573964446423
2024,preliminary,Aircraft-Aircraft structures,12,windshield,1.8177041369456655
2024,preliminary,Aircraft-Aircraft structures,13,ev_month_5 ev_state_co,1.7890441803664339
2024,preliminary,Aircraft-Aircraft structures,14,surfaces,1.7572990640501704
2024,preliminary,Aircraft-Aircraft structures,15,ev_month_11 ev_state_fl,1.755773700138839
2024,preliminary,Aircraft-Aircraft systems,1,landing gear,2.5774580754748
2024,preliminary,Aircraft-Aircraft systems,2,brake,2.3424086009336293
2024,preliminary,Aircraft-Aircraft systems,3,gear,2.086333195123384
2024,preliminary,Aircraft-Aircraft systems,4,num_eng_2 phase_flt_spec_missing,1.9537884422928142
2024,preliminary,Aircraft-Aircraft systems,5,num_eng_2,1.9537884422928142
2024,preliminary,Aircraft-Aircraft systems,6,electrical,1.6601650854326775
2024,preliminary,Aircraft-Aircraft systems,7,hydraulic,1.6418179797337868
2024,preliminary,Aircraft-Aircraft systems,8,handle,1.5645100513659727
2024,preliminary,Aircraft-Aircraft systems,9,fitting,1.5315463529694762
2024,preliminary,Aircraft-Aircraft systems,10,landing,1.4957343769332452
2024,preliminary,Aircraft-Aircraft systems,11,pump,1.4714369957238653
2024,preliminary,Aircraft-Aircraft systems,12,assembly,1.4534049204754498
2024,preliminary,Aircraft-Aircraft systems,13,position,1.4404197178040852
2024,preliminary,Aircraft-Aircraft systems,14,acft_make_beech,1.4234799386169004
2024,preliminary,Aircraft-Aircraft systems,15,maintenance,1.4216902512956222
2024,preliminary,Aircraft-Fluids/misc hardware,1,fuel,4.6299366188698645
2024,preliminary,Aircraft-Fluids/misc hardware,2,tank,4.550742093893842
2024,preliminary,Aircraft-Fluids/misc hardware,3,gallons,3.3321501343833857
2024,preliminary,Aircraft-Fluids/misc hardware,4,fuel tank,3.270966230442575
2024,preliminary,Aircraft-Fluids/misc hardware,5,tanks,2.6290169609411267
2024,preliminary,Aircraft-Fluids/misc hardware,6,fuel tanks,2.1831311895836887
2024,preliminary,Aircraft-Fluids/misc hardware,7,oil,2.1421416087620586
2024,preliminary,Aircraft-Fluids/misc hardware,8,damage_subs acft_make_piper,2.126740425639257
2024,preliminary,Aircraft-Fluids/misc hardware,9,acft_make_piper,1.881744114760015
2024,preliminary,Aircraft-Fluids/misc hardware,10,quantity,1.7868459937886019
2024,preliminary,Aircraft-Fluids/misc hardware,11,leak,1.7574027656439644
2024,preliminary,Aircraft-Fluids/misc hardware,12,ev_month_10,1.7485501509765933
2024,preliminary,Aircraft-Fluids/misc hardware,13,drained,1.6221988365256363
2024,preliminary,Aircraft-Fluids/misc hardware,14,right fuel,1.5738137085282355
2024,preliminary,Aircraft-Fluids/misc hardware,15,ev_month_9,1.4550917192273447
2024,preliminary,Environmental issues-Conditions/weather/phenomena,1,wind,3.308326562525515
2024,preliminary,Environmental issues-Conditions/weather/phenomena,2,icing,2.8569780956135986
2024,preliminary,Environmental issues-Conditions/weather/phenomena,3,weather,2.8401437129642986
2024,preliminary,Environmental issues-Conditions/weather/phenomena,4,inj_tot_s_1 damage_missing,2.7364019844059038
2024,preliminary,Environmental issues-Conditions/weather/phenomena,5,conditions,2.6952338651715766
2024,preliminary,Environmental issues-Conditions/weather/phenomena,6,wx_cond_basic_imc,2.078465910277588
2024,preliminary,Environmental issues-Conditions/weather/phenomena,7,damage_missing,2.0225435946123747
2024,preliminary,Environmental issues-Conditions/weather/phenomena,8,meteorological,1.787718898210588
2024,preliminary,Environmental issues-Conditions/weather/phenomena,9,knots,1.7757184412890916
2024,preliminary,Environmental issues-Conditions/weather/phenomena,10,gust_kts_21,1.705646459827115
2024,preliminary,Environmental issues-Conditions/weather/phenomena,11,crosswind,1.6896035560191558
2024,preliminary,Environmental issues-Conditions/weather/phenomena,12,carburetor heat,1.6672670947691015
2024,preliminary,Environmental issues-Conditions/weather/phenomena,13,wind_dir_deg_100,1.6273227155001708
2024,preliminary,Environmental issues-Conditions/weather/phenomena,14,time accident,1.5910956933704208
2024,preliminary,Environmental issues-Conditions/weather/phenomena,15,phase_flt_spec_missing light_cond_nite,1.525282785536787
2024,preliminary,Environmental issues-Operating environment,1,wx_dew_pt_64 wind_dir_deg_0,3.0860668131087072
2024,preliminary,Environmental issues-Operating environment,2,wind_dir_deg_180 wind_vel_kts_10,2.712602412138751
2024,preliminary,Environmental issues-Operating environment,3,wind_dir_deg_40 wind_vel_kts_3,2.4700439766307265
2024,preliminary,Environmental issues-Operating environment,4,wind_vel_kts_11 gust_kts_0,2.337314035045693
2024,preliminary,Environmental issues-Operating environment,5,light_cond_nite sky_cond_nonceil_cler,2.2894858731396233
2024,preliminary,Environmental issues-Operating environment,6,wind_vel_kts_11,2.163394287067782
2024,preliminary,Environmental issues-Operating environment,7,vis_sm_10_0 wx_temp_77,2.1562719534339654
2024,preliminary,Environmental issues-Operating environment,8,ev_month_9 ev_state_nj,2.1112177775334118
2024,preliminary,Environmental issues-Operating environment,9,ev_state_ok,2.082869435238002
2024,preliminary,Environmental issues-Operating environment,10,ev_state_ok ev_country_usa,2.082869435238002
2024,preliminary,Environmental issues-Operating environment,11,ev_month_10 ev_state_nm,2.07313006706654
2024,preliminary,Environmental issues-Operating environment,12,phase_flt_spec_missing light_cond_nite,2.0543946239685096
2024,preliminary,Environmental issues-Operating environment,13,light_cond_nite,2.0543946239685096
2024,preliminary,Environmental issues-Operating environment,14,wind_dir_deg_180,2.0537906002530564
2024,preliminary,Environmental issues-Operating environment,15,wx_temp_77,1.9811729731006182
2024,preliminary,Environmental issues-Physical environment,1,powerlines,1.7316194357744867
2024,preliminary,Environmental issues-Physical environment,2,terrain,1.6772046731921437
2024,preliminary,Environmental issues-Physical environment,3,acft_category_heli,1.6258707429611272
2024,preliminary,Environmental issues-Physical environment,4,gust_kts_0,1.5412716896293814
2024,preliminary,Environmental issues-Physical environment,5,power lines,1.472829935117242
2024,preliminary,Environmental issues-Physical environment,6,wind_vel_kts_14 gust_kts_0,1.3959636843486578
2024,preliminary,Environmental issues-Physical environment,7,ev_month_7 ev_state_ak,1.3710699291535213
2024,preliminary,Environmental issues-Physical environment,8,acft_make_air_tractor_inc,1.3574937814342634
2024,preliminary,Environmental issues-Physical environment,9,wind_dir_deg_360 wind_vel_kts_3,1.3000069172782598
2024,preliminary,Environmental issues-Physical environment,10,power line,1.2886419544286714
2024,preliminary,Environmental issues-Physical environment,11,wx_cond_basic_vmc pilot,1.281625056429576
2024,preliminary,Environmental issues-Physical environment,12,ev_state_ak ev_country_usa,1.2645387730354696
2024,preliminary,Environmental issues-Physical environment,13,ev_state_ak,1.2645387730354696
2024,preliminary,Environmental issues-Physical environment,14,tree,1.263721650948723
2024,preliminary,Environmental issues-Physical environment,15,wind_vel_kts_missing gust_kts_0,1.2374412757447049
2024,preliminary,Not determined-Not determined,1,engine,2.467924385723816
2024,preliminary,Not determined-Not determined,2,wx_temp_81 wx_dew_pt_64,2.272272354599319
2024,preliminary,Not determined-Not determined,3,fuel,2.193574916454949
2024,preliminary,Not determined-Not determined,4,wind_dir_deg_350 wind_vel_kts_5,2.136085296696808
2024,preliminary,Not determined-Not determined,5,wx_dew_pt_54,1.9203507393694097
2024,preliminary,Not determined-Not determined,6,wx_temp_70 wx_dew_pt_54,1.799076070997398
2024,preliminary,Not determined-Not determined,7,wind_dir_deg_350,1.7138468711091608
2024,preliminary,Not determined-Not determined,8,helicopter,1.695738134366306
2024,preliminary,Not determined-Not determined,9,anomalies,1.5896580995777148
2024,preliminary,Not determined-Not determined,10,inj_tot_s_0 damage_dest,1.5809830922827213
2024,preliminary,Not determined-Not determined,11,vis_sm_10_0 wx_temp_59,1.4917753457126417
2024,preliminary,Not determined-Not determined,12,2021,1.4812338985087659
2024,preliminary,Not determined-Not determined,13,wind_dir_deg_90 wind_vel_kts_4,1.4375131150144778
2024,preliminary,Not determined-Not determined,14,damage_dest,1.428176848138912
2024,preliminary,Not determined-Not determined,15,pilot,1.422446980432079
2024,preliminary,Organizational issues-Development,1,wind_dir_deg_220 wind_vel_kts_3,2.1657921571198804
2024,preliminary,Organizational issues-Development,2,wx_temp_82 wx_dew_pt_72,1.9229103177476818
2024,preliminary,Organizational issues-Development,3,ev_month_8 ev_state_il,1.9025391710720638
2024,preliminary,Organizational issues-Development,4,engines,1.877295163757802
2024,preliminary,Organizational issues-Development,5,ecu,1.791579316445764
2024,preliminary,Organizational issues-Development,6,friday harbor,1.70448171852238
2024,preliminary,Organizational issues-Development,7,manufacturing,1.6805656218887346
2024,preliminary,Organizational issues-Development,8,harbor,1.6752109435435523
2024,preliminary,Organizational issues-Development,9,gust_kts_0 altimeter_30_020000457763672,1.6336112369441804
2024,preliminary,Organizational issues-Development,10,altimeter_30_020000457763672 wx_cond_basic_vmc,1.512994722923389
2024,preliminary,Organizational issues-Development,11,light_cond_nite sky_cond_nonceil_few,1.5012275566950997
2024,preliminary,Organizational issues-Development,12,friday,1.5008731620040174
2024,preliminary,Organizational issues-Development,13,altimeter_30_020000457763672,1.4980750962204976
2024,preliminary,Organizational issues-Development,14,damage_subs acft_make_boeing,1.493246235175329
2024,preliminary,Organizational issues-Development,15,acft_make_boeing,1.487774070631705
2024,preliminary,Organizational issues-Management,1,acft_make_boeing,3.2539252385473763
2024,preliminary,Organizational issues-Management,2,wx_dew_pt_70 wind_dir_deg_0,2.8161021112966123
2024,preliminary,Organizational issues-Management,3,damage_dest acft_make_bell,2.5607357733346197
2024,preliminary,Organizational issues-Management,4,sky_cond_ceil_bkn vis_sm_missing,2.2938550786907217
2024,preliminary,Organizational issues-Management,5,wind_vel_kts_15 gust_kts_21,2.127856988596048
2024,preliminary,Organizational issues-Management,6,vis_sm_0_75,2.037897015329751
2024,preliminary,Organizational issues-Management,7,wx_temp_72 wx_dew_pt_70,2.0332241898443533
2024,preliminary,Organizational issues-Management,8,altimeter_30_299999237060547 wx_cond_basic_vmc,1.9880424157247527
2024,preliminary,Organizational issues-Management,9,altimeter_30_299999237060547,1.9880424157247527
2024,preliminary,Organizational issues-Management,10,acft_model_208b,1.9475333350808053
2024,preliminary,Organizational issues-Management,11,acft_model_208b acft_category_air,1.9475333350808053
2024,preliminary,Organizational issues-Management,12,ev_month_11 ev_state_tx,1.9467881098803341
2024,preliminary,Organizational issues-Management,13,inj_tot_s_0 damage_dest,1.9236398861081627
2024,preliminary,Organizational issues-Management,14,wx_temp_34,1.8966347327411044
2024,preliminary,Organizational issues-Management,15,damage_subs acft_make_textron_aviation_inc,1.888926122683728
2024,preliminary,Organizational issues-Support/oversight/monitoring,1,acft_make_boeing,3.289965147054278
2024,preliminary,Organizational issues-Support/oversight/monitoring,2,damage_missing acft_make_boeing,3.1248703519194034
2024,preliminary,Organizational issues-Support/oversight/monitoring,3,inj_tot_s_0 damage_missing,2.8533141230112453
2024,preliminary,Organizational issues-Support/oversight/monitoring,4,damage_dest acft_make_bell,2.4559608874866474
2024,preliminary,Organizational issues-Support/oversight/monitoring,5,wx_dew_pt_28,2.3566492347520827
2024,preliminary,Organizational issues-Support/oversight/monitoring,6,damage_missing,2.2891530296407727
2024,preliminary,Organizational issues-Support/oversight/monitoring,7,wind_vel_kts_17,2.2517967070938023
2024,preliminary,Organizational issues-Support/oversight/monitoring,8,wind_dir_deg_140 wind_vel_kts_9,2.2113263541913613
2024,preliminary,Organizational issues-Support/oversight/monitoring,9,inj_tot_s_0 damage_dest,2.0954381958569175
2024,preliminary,Organizational issues-Support/oversight/monitoring,10,ev_month_9 ev_state_nc,2.0355504395133672
2024,preliminary,Organizational issues-Support/oversight/monitoring,11,wind_dir_deg_340 wind_vel_kts_5,2.026519019540002
2024,preliminary,Organizational issues-Support/oversight/monitoring,12,damage_dest,1.8831059904723308
2024,preliminary,Organizational issues-Support/oversight/monitoring,13,wind_dir_deg_300 wind_vel_kts_7,1.7839085062635731
2024,preliminary,Organizational issues-Support/oversight/monitoring,14,damage_subs acft_make_eurocopter,1.754604373130323
2024,preliminary,Organizational issues-Support/oversight/monitoring,15,wx_temp_72 wx_dew_pt_64,1.7286446085144436
2024,preliminary,Personnel issues-Action/decision,1,approach,1.3941588561724416
2024,preliminary,Personnel issues-Action/decision,2,inj_tot_s_0 damage_missing,1.338726968860137
2024,preliminary,Personnel issues-Action/decision,3,added,1.2214464624031944
2024,preliminary,Personnel issues-Action/decision,4,said,1.207618351309706
2024,preliminary,Personnel issues-Action/decision,5,num_eng_2 phase_flt_spec_missing,1.093118261537608
2024,preliminary,Personnel issues-Action/decision,6,num_eng_2,1.093118261537608
2024,preliminary,Personnel issues-Action/decision,7,wx_dew_pt_28,1.0588923008113278
2024,preliminary,Personnel issues-Action/decision,8,vis_sm_10_0 wx_temp_54,1.034381015864257
2024,preliminary,Personnel issues-Action/decision,9,vis_sm_10_0 wx_temp_79,1.0124890255039263
2024,preliminary,Personnel issues-Action/decision,10,weather,1.0113688026957537
2024,preliminary,Personnel issues-Action/decision,11,ev_month_10 ev_state_fl,1.0074493767202803
2024,preliminary,Personnel issues-Action/decision,12,acft_category_heli cert_max_gr_wt_missing,1.0009742995244375
2024,preliminary,Personnel issues-Action/decision,13,wind_dir_deg_220,0.9953800276356718
2024,preliminary,Personnel issues-Action/decision,14,feet,0.9923829081108129
2024,preliminary,Personnel issues-Action/decision,15,ev_state_ak ev_country_usa,0.959425570608874
2024,preliminary,Personnel issues-Experience/knowledge,1,sky_cond_ceil_bkn vis_sm_missing,2.532971049599505
2024,preliminary,Personnel issues-Experience/knowledge,2,wx_dew_pt_46,2.117417635200345
2024,preliminary,Personnel issues-Experience/knowledge,3,gust_kts_19,2.0937238924774357
2024,preliminary,Personnel issues-Experience/knowledge,4,ev_month_9 ev_state_mo,2.085570168482611
2024,preliminary,Personnel issues-Experience/knowledge,5,wind_dir_deg_210 wind_vel_kts_8,1.971153036843514
2024,preliminary,Personnel issues-Experience/knowledge,6,ev_month_12 ev_state_fl,1.9636604837940586
2024,preliminary,Personnel issues-Experience/knowledge,7,sky_cond_nonceil_cler sky_cond_ceil_ovc,1.9413622265352783
2024,preliminary,Personnel issues-Experience/knowledge,8,ev_month_8 ev_state_ak,1.9308495601738396
2024,preliminary,Personnel issues-Experience/knowledge,9,wx_temp_54,1.8276273197326371
2024,preliminary,Personnel issues-Experience/knowledge,10,wx_dew_pt_55 wind_dir_deg_0,1.80707661588814
2024,preliminary,Personnel issues-Experience/knowledge,11,wx_temp_79 wx_dew_pt_68,1.7521873998424824
2024,preliminary,Personnel issues-Experience/knowledge,12,wind_vel_kts_12 gust_kts_19,1.735106476806228
2024,preliminary,Personnel issues-Experience/knowledge,13,cert_max_gr_wt_missing,1.705902362739471
2024,preliminary,Personnel issues-Experience/knowledge,14,ev_state_la ev_country_usa,1.6926637737693908
2024,preliminary,Personnel issues-Experience/knowledge,15,ev_state_la,1.6926637737693908
2024,preliminary,Personnel issues-Physical,1,blood,3.4335218971157317
2024,preliminary,Personnel issues-Physical,2,medical,2.5120975026567853
2024,preliminary,Personnel issues-Physical,3,damage_missing,2.1653580786769506
2024,preliminary,Personnel issues-Physical,4,dl,2.0950902207719433
2024,preliminary,Personnel issues-Physical,5,ev_month_7 ev_state_ca,2.087291282017343
2024,preliminary,Personnel issues-Physical,6,inj_tot_s_1 damage_missing,2.045603541274109
2024,preliminary,Personnel issues-Physical,7,sky_cond_nonceil_scat sky_cond_ceil_ovc,2.0127362026686817
2024,preliminary,Personnel issues-Physical,8,brain,1.981089865863992
2024,preliminary,Personnel issues-Physical,9,ethanol,1.8727200022330344
2024,preliminary,Personnel issues-Physical,10,damage_missing acft_make_boeing,1.8706884477561363
2024,preliminary,Personnel issues-Physical,11,acft_make_boeing,1.808373857574114
2024,preliminary,Personnel issues-Physical,12,gust_kts_0 altimeter_30_239999771118164,1.7952077304966898
2024,preliminary,Personnel issues-Physical,13,ev_month_8 ev_state_pa,1.7698290346255439
2024,preliminary,Personnel issues-Physical,14,hospital,1.707400183331241
2024,preliminary,Personnel issues-Physical,15,altimeter_30_239999771118164 wx_cond_basic_vmc,1.6810294494065268
2024,preliminary,Personnel issues-Psychological,1,acft_category_heli,2.5567075812410653
2024,preliminary,Personnel issues-Psychological,2,inj_tot_s_0 damage_minr,1.9959211777611425
2024,preliminary,Personnel issues-Psychological,3,ev_month_7 ev_state_ak,1.905057113218838
2024,preliminary,Personnel issues-Psychological,4,damage_minr,1.8820692539163122
2024,preliminary,Personnel issues-Psychological,5,ev_month_8,1.6395596489988333
2024,preliminary,Personnel issues-Psychological,6,inj_tot_s_0 damage_missing,1.5523400869976705
2024,preliminary,Personnel issues-Psychological,7,acft_make_bell,1.4702761616572098
2024,preliminary,Personnel issues-Psychological,8,wx_dew_pt_68,1.4626306503672881
2024,preliminary,Personnel issues-Psychological,9,wind_dir_deg_260,1.4405667836954916
2024,preliminary,Personnel issues-Psychological,10,wx_dew_pt_32 wind_dir_deg_0,1.4391345341936697
2024,preliminary,Personnel issues-Psychological,11,ev_state_az,1.4245200417048345
2024,preliminary,Personnel issues-Psychological,12,ev_state_az ev_country_usa,1.4245200417048345
2024,preliminary,Personnel issues-Psychological,13,wx_dew_pt_23,1.4226624307858544
2024,preliminary,Personnel issues-Psychological,14,horizon,1.409298744614716
2024,preliminary,Personnel issues-Psychological,15,collision,1.3781620969134167
2024,preliminary,Personnel issues-Task performance,1,ev_month_5,1.297644055734073
2024,preliminary,Personnel issues-Task performance,2,inj_tot_s_1 damage_subs,1.2511560657683451
2024,preliminary,Personnel issues-Task performance,3,attitude,1.1654786501348355
2024,preliminary,Personnel issues-Task performance,4,stall,1.1452642403613
2024,preliminary,Personnel issues-Task performance,5,damage_subs,1.1048155946692955
2024,preliminary,Personnel issues-Task performance,6,gust_kts_20,1.0957080727624549
2024,preliminary,Personnel issues-Task performance,7,num_eng_1,1.0594412816904784
2024,preliminary,Personnel issues-Task performance,8,num_eng_1 phase_flt_spec_missing,1.0594412816904784
2024,preliminary,Personnel issues-Task performance,9,vis_sm_10_0 wx_temp_0,1.0588845322652503
2024,preliminary,Personnel issues-Task performance,10,airplane precluded,0.9957504379310089
2024,preliminary,Personnel issues-Task performance,11,control,0.9908042803356538
2024,preliminary,Personnel issues-Task performance,12,cert_max_gr_wt_2500,0.9610555758916204
2024,preliminary,Personnel issues-Task performance,13,cert_max_gr_wt_2500 num_eng_1,0.9610555758916204
2024,preliminary,Personnel issues-Task performance,14,wx_dew_pt_61,0.9539957449746219
2024,preliminary,Personnel issues-Task performance,15,wind,0.9514606910940521
2024,mature_factual,Aircraft-Aircraft handling/service,1,inspection,2.4054034524088164
2024,mature_factual,Aircraft-Aircraft handling/service,2,trailer,2.3287916053225244
2024,mature_factual,Aircraft-Aircraft handling/service,3,maintenance,2.112973972104601
2024,mature_factual,Aircraft-Aircraft handling/service,4,pa46,1.9733411786869335
2024,mature_factual,Aircraft-Aircraft handling/service,5,aft,1.9125831075440602
2024,mature_factual,Aircraft-Aircraft handling/service,6,phenom,1.8591639947230498
2024,mature_factual,Aircraft-Aircraft handling/service,7,annual,1.8182702663128842
2024,mature_factual,Aircraft-Aircraft handling/service,8,station,1.74375515529715
2024,mature_factual,Aircraft-Aircraft handling/service,9,pad,1.739009709662065
2024,mature_factual,Aircraft-Aircraft handling/service,10,taxiway,1.7052536710397854
2024,mature_factual,Aircraft-Aircraft handling/service,11,annual inspection,1.6893699368430513
2024,mature_factual,Aircraft-Aircraft handling/service,12,taxiing,1.58295075817763
2024,mature_factual,Aircraft-Aircraft handling/service,13,wx_dew_pt_28 wind_dir_deg_0,1.5179001541959094
2024,mature_factual,Aircraft-Aircraft handling/service,14,operations,1.4767650707652717
2024,mature_factual,Aircraft-Aircraft handling/service,15,procedure,1.4469544324766044
2024,mature_factual,Aircraft-Aircraft oper/perf/capability,1,runway,2.939411326706132
2024,mature_factual,Aircraft-Aircraft oper/perf/capability,2,wind,2.5177710973785645
2024,mature_factual,Aircraft-Aircraft oper/perf/capability,3,hard,2.4129029797174653
2024,mature_factual,Aircraft-Aircraft oper/perf/capability,4,stall,2.2401883346613043
2024,mature_factual,Aircraft-Aircraft oper/perf/capability,5,bounced,2.195657107362738
2024,mature_factual,Aircraft-Aircraft oper/perf/capability,6,nose,2.0656101688672446
2024,mature_factual,Aircraft-Aircraft oper/perf/capability,7,veered,2.0474082007219216
2024,mature_factual,Aircraft-Aircraft oper/perf/capability,8,stalled,1.8699752289180716
2024,mature_factual,Aircraft-Aircraft oper/perf/capability,9,airspeed,1.7584930984392433
2024,mature_factual,Aircraft-Aircraft oper/perf/capability,10,landed hard,1.685527757669857
2024,mature_factual,Aircraft-Aircraft oper/perf/capability,11,crosswind,1.640103816177207
2024,mature_factual,Aircraft-Aircraft oper/perf/capability,12,aerodynamic,1.622047463127126
2024,mature_factual,Aircraft-Aircraft oper/perf/capability,13,aerodynamic stall,1.6098256724104096
2024,mature_factual,Aircraft-Aircraft oper/perf/capability,14,angle,1.6039641541419358
2024,mature_factual,Aircraft-Aircraft oper/perf/capability,15,glider,1.577652304426257
2024,mature_factual,Aircraft-Aircraft power plant,1,engine,5.184581085154727
2024,mature_factual,Aircraft-Aircraft power plant,2,power,3.271275287740932
2024,mature_factual,Aircraft-Aircraft power plant,3,throttle,3.2032671688576273
2024,mature_factual,Aircraft-Aircraft power plant,4,oil,3.178784513916166
2024,mature_factual,Aircraft-Aircraft power plant,5,cylinder,2.804475934654477
2024,mature_factual,Aircraft-Aircraft power plant,6,examination engine,2.7426391728487682
2024,mature_factual,Aircraft-Aircraft power plant,7,engine power,2.584458209433376
2024,mature_factual,Aircraft-Aircraft power plant,8,loss engine,2.529485116924885
2024,mature_factual,Aircraft-Aircraft power plant,9,exhaust,2.481432948655147
2024,mature_factual,Aircraft-Aircraft power plant,10,loss,2.318615775798358
2024,mature_factual,Aircraft-Aircraft power plant,11,magneto,1.9389861768590568
2024,mature_factual,Aircraft-Aircraft power plant,12,carburetor,1.8913804117559267
2024,mature_factual,Aircraft-Aircraft power plant,13,crankshaft,1.864841718844313
2024,mature_factual,Aircraft-Aircraft power plant,14,forced landing,1.8496427154756545
2024,mature_factual,Aircraft-Aircraft power plant,15,forced,1.8212945057922545
2024,mature_factual,Aircraft-Aircraft propeller/rotor,1,rotor,4.251588566210883
2024,mature_factual,Aircraft-Aircraft propeller/rotor,2,blade,3.455986187506389
2024,mature_factual,Aircraft-Aircraft propeller/rotor,3,blades,3.1492796036281576
2024,mature_factual,Aircraft-Aircraft propeller/rotor,4,helicopter,3.0125100398964704
2024,mature_factual,Aircraft-Aircraft propeller/rotor,5,propeller,2.813853448669995
2024,mature_factual,Aircraft-Aircraft propeller/rotor,6,tail rotor,2.7088369346338346
2024,mature_factual,Aircraft-Aircraft propeller/rotor,7,hub,2.6820225672070936
2024,mature_factual,Aircraft-Aircraft propeller/rotor,8,main rotor,2.6612723248257857
2024,mature_factual,Aircraft-Aircraft propeller/rotor,9,propellers,2.594733560306264
2024,mature_factual,Aircraft-Aircraft propeller/rotor,10,rpm,2.3378727538153483
2024,mature_factual,Aircraft-Aircraft propeller/rotor,11,pitch,2.1659975647644276
2024,mature_factual,Aircraft-Aircraft propeller/rotor,12,propeller blades,1.7907777788332622
2024,mature_factual,Aircraft-Aircraft propeller/rotor,13,tail,1.789065117981917
2024,mature_factual,Aircraft-Aircraft propeller/rotor,14,rotor blade,1.7332689663381127
2024,mature_factual,Aircraft-Aircraft propeller/rotor,15,fenestron,1.7190710507438378
2024,mature_factual,Aircraft-Aircraft structures,1,latch,3.3137923628311805
2024,mature_factual,Aircraft-Aircraft structures,2,birds,2.725178630100063
2024,mature_factual,Aircraft-Aircraft structures,3,door,2.5137428687260033
2024,mature_factual,Aircraft-Aircraft structures,4,canopy,2.47350540219324
2024,mature_factual,Aircraft-Aircraft structures,5,fracture,2.421160000564257
2024,mature_factual,Aircraft-Aircraft structures,6,spar,2.170710799832119
2024,mature_factual,Aircraft-Aircraft structures,7,opened,2.13782157006025
2024,mature_factual,Aircraft-Aircraft structures,8,upper,2.1222336567412685
2024,mature_factual,Aircraft-Aircraft structures,9,crack,2.0964448366757176
2024,mature_factual,Aircraft-Aircraft structures,10,separated,2.066809257115016
2024,mature_factual,Aircraft-Aircraft structures,11,windshield,1.9917758287516534
2024,mature_factual,Aircraft-Aircraft structures,12,bolt,1.9679081230657929
2024,mature_factual,Aircraft-Aircraft structures,13,overstress,1.9238845786493923
2024,mature_factual,Aircraft-Aircraft structures,14,surfaces,1.8614715600765845
2024,mature_factual,Aircraft-Aircraft structures,15,separated airplane,1.835517723502463
2024,mature_factual,Aircraft-Aircraft systems,1,landing gear,4.156053872337239
2024,mature_factual,Aircraft-Aircraft systems,2,gear,3.8903830394404637
2024,mature_factual,Aircraft-Aircraft systems,3,brakes,2.772348738346577
2024,mature_factual,Aircraft-Aircraft systems,4,failed,2.7606680919424424
2024,mature_factual,Aircraft-Aircraft systems,5,retracted,2.5218918153606285
2024,mature_factual,Aircraft-Aircraft systems,6,brake,2.4436104221511736
2024,mature_factual,Aircraft-Aircraft systems,7,extend,2.383070326523513
2024,mature_factual,Aircraft-Aircraft systems,8,electrical,2.362914054834282
2024,mature_factual,Aircraft-Aircraft systems,9,gear retracted,2.27071635562447
2024,mature_factual,Aircraft-Aircraft systems,10,landing,2.1235940894437833
2024,mature_factual,Aircraft-Aircraft systems,11,applied brakes,2.0985931844643897
2024,mature_factual,Aircraft-Aircraft systems,12,forgot,1.78408457588465
2024,mature_factual,Aircraft-Aircraft systems,13,checklist,1.7674064493235815
2024,mature_factual,Aircraft-Aircraft systems,14,hydraulic,1.735533431068357
2024,mature_factual,Aircraft-Aircraft systems,15,position,1.5927435334799611
2024,mature_factual,Aircraft-Fluids/misc hardware,1,fuel,7.5820147470498505
2024,mature_factual,Aircraft-Fluids/misc hardware,2,tank,5.475664847541017
2024,mature_factual,Aircraft-Fluids/misc hardware,3,fuel tank,3.8463500349425934
2024,mature_factual,Aircraft-Fluids/misc hardware,4,gallons,3.2092743703375026
2024,mature_factual,Aircraft-Fluids/misc hardware,5,tanks,3.1741415906721993
2024,mature_factual,Aircraft-Fluids/misc hardware,6,lost power,2.6587536044660873
2024,mature_factual,Aircraft-Fluids/misc hardware,7,exhaustion,2.647998338051621
2024,mature_factual,Aircraft-Fluids/misc hardware,8,fuel tanks,2.6330146565352646
2024,mature_factual,Aircraft-Fluids/misc hardware,9,fuel exhaustion,2.4382895282724903
2024,mature_factual,Aircraft-Fluids/misc hardware,10,forced landing,2.431383225220005
2024,mature_factual,Aircraft-Fluids/misc hardware,11,forced,2.399072623571929
2024,mature_factual,Aircraft-Fluids/misc hardware,12,oil,2.05309873521091
2024,mature_factual,Aircraft-Fluids/misc hardware,13,leak,2.022411598065179
2024,mature_factual,Aircraft-Fluids/misc hardware,14,low fuel,1.9863311770850518
2024,mature_factual,Aircraft-Fluids/misc hardware,15,engine,1.9674792291024739
2024,mature_factual,Environmental issues-Conditions/weather/phenomena,1,wind,7.036562298870083
2024,mature_factual,Environmental issues-Conditions/weather/phenomena,2,crosswind,4.966316386969692
2024,mature_factual,Environmental issues-Conditions/weather/phenomena,3,encountered,4.655089306292025
2024,mature_factual,Environmental issues-Conditions/weather/phenomena,4,tailwind,4.437833241168874
2024,mature_factual,Environmental issues-Conditions/weather/phenomena,5,gust,4.084980711052056
2024,mature_factual,Environmental issues-Conditions/weather/phenomena,6,conditions,3.869849751742836
2024,mature_factual,Environmental issues-Conditions/weather/phenomena,7,weather,3.5251202942721256
2024,mature_factual,Environmental issues-Conditions/weather/phenomena,8,knots,3.3747582533517306
2024,mature_factual,Environmental issues-Conditions/weather/phenomena,9,turbulence,3.0165460358092973
2024,mature_factual,Environmental issues-Conditions/weather/phenomena,10,gusting,2.980469770015394
2024,mature_factual,Environmental issues-Conditions/weather/phenomena,11,icing,2.8009134081714633
2024,mature_factual,Environmental issues-Conditions/weather/phenomena,12,airplane encountered,2.5461196153272105
2024,mature_factual,Environmental issues-Conditions/weather/phenomena,13,time accident,2.5460893796799717
2024,mature_factual,Environmental issues-Conditions/weather/phenomena,14,gust wind,2.418182000033233
2024,mature_factual,Environmental issues-Conditions/weather/phenomena,15,night,2.263250292367092
2024,mature_factual,Environmental issues-Operating environment,1,taxiway,3.1816541019210662
2024,mature_factual,Environmental issues-Operating environment,2,runway lights,2.352998071119966
2024,mature_factual,Environmental issues-Operating environment,3,notam,2.209451226492197
2024,mature_factual,Environmental issues-Operating environment,4,runway,2.1418633509399956
2024,mature_factual,Environmental issues-Operating environment,5,unable,1.8552627244937396
2024,mature_factual,Environmental issues-Operating environment,6,airport,1.7706848621293507
2024,mature_factual,Environmental issues-Operating environment,7,tow,1.675013740332527
2024,mature_factual,Environmental issues-Operating environment,8,lighting,1.6679119777772273
2024,mature_factual,Environmental issues-Operating environment,9,field resulting,1.6115361395956176
2024,mature_factual,Environmental issues-Operating environment,10,taxiway airplane,1.5943740222589005
2024,mature_factual,Environmental issues-Operating environment,11,frequency,1.566810436506089
2024,mature_factual,Environmental issues-Operating environment,12,landed runway,1.5252627136596206
2024,mature_factual,Environmental issues-Operating environment,13,wheat,1.5205043482784646
2024,mature_factual,Environmental issues-Operating environment,14,vehicles,1.46506647895718
2024,mature_factual,Environmental issues-Operating environment,15,runway pilot,1.461153483040445
2024,mature_factual,Environmental issues-Physical environment,1,bird,3.357120044633779
2024,mature_factual,Environmental issues-Physical environment,2,deer,3.0340391313674675
2024,mature_factual,Environmental issues-Physical environment,3,struck,2.8102044327871085
2024,mature_factual,Environmental issues-Physical environment,4,snow,2.80819917116091
2024,mature_factual,Environmental issues-Physical environment,5,tree,2.462315377503626
2024,mature_factual,Environmental issues-Physical environment,6,impacted,2.402881526689912
2024,mature_factual,Environmental issues-Physical environment,7,fence,2.239293410354185
2024,mature_factual,Environmental issues-Physical environment,8,collided,2.2289715268693504
2024,mature_factual,Environmental issues-Physical environment,9,soft,2.1977977737211325
2024,mature_factual,Environmental issues-Physical environment,10,power line,2.1270843594362407
2024,mature_factual,Environmental issues-Physical environment,11,power lines,2.102918423022323
2024,mature_factual,Environmental issues-Physical environment,12,terrain,2.080651669808139
2024,mature_factual,Environmental issues-Physical environment,13,airplane struck,1.9654742268059402
2024,mature_factual,Environmental issues-Physical environment,14,powerlines,1.9566189278418007
2024,mature_factual,Environmental issues-Physical environment,15,turf,1.703257814073022
2024,mature_factual,Not determined-Not determined,1,reason,5.258151116594792
2024,mature_factual,Not determined-Not determined,2,determined,4.068870720199056
2024,mature_factual,Not determined-Not determined,3,power determined,3.368933147928716
2024,mature_factual,Not determined-Not determined,4,reason loss,2.7474439191287536
2024,mature_factual,Not determined-Not determined,5,available,2.520253026616746
2024,mature_factual,Not determined-Not determined,6,evidence,2.0740962273595085
2024,mature_factual,Not determined-Not determined,7,engine,2.0396497556426687
2024,mature_factual,Not determined-Not determined,8,determined based,2.003732474490613
2024,mature_factual,Not determined-Not determined,9,available evidence,1.9870408124347558
2024,mature_factual,Not determined-Not determined,10,based available,1.8960687948635884
2024,mature_factual,Not determined-Not determined,11,airframe,1.6560623522957978
2024,mature_factual,Not determined-Not determined,12,located,1.6347362379922596
2024,mature_factual,Not determined-Not determined,13,determine,1.5974580458470695
2024,mature_factual,Not determined-Not determined,14,examination,1.5944760125130526
2024,mature_factual,Not determined-Not determined,15,examined,1.593292949929787
2024,mature_factual,Organizational issues-Development,1,manufacturing,2.200525244504695
2024,mature_factual,Organizational issues-Development,2,harbor,1.819548006279897
2024,mature_factual,Organizational issues-Development,3,friday,1.7681006823406133
2024,mature_factual,Organizational issues-Development,4,ecu,1.7487651461493992
2024,mature_factual,Organizational issues-Development,5,engines,1.6619849694658757
2024,mature_factual,Organizational issues-Development,6,manufacturing process,1.6422798542154173
2024,mature_factual,Organizational issues-Development,7,process,1.638701132236038
2024,mature_factual,Organizational issues-Development,8,manufactured,1.5046400234230504
2024,mature_factual,Organizational issues-Development,9,wiring,1.4890368032334196
2024,mature_factual,Organizational issues-Development,10,fracture,1.4793152255816795
2024,mature_factual,Organizational issues-Development,11,race,1.4581171628482168
2024,mature_factual,Organizational issues-Development,12,strength,1.4529324966754564
2024,mature_factual,Organizational issues-Development,13,material,1.433509243787789
2024,mature_factual,Organizational issues-Development,14,seaplane base,1.4197224713116323
2024,mature_factual,Organizational issues-Development,15,resin,1.3613590343198945
2024,mature_factual,Organizational issues-Management,1,bell,1.7567112283932846
2024,mature_factual,Organizational issues-Management,2,accident operator,1.7494304258012392
2024,mature_factual,Organizational issues-Management,3,passengers,1.6279641419860555
2024,mature_factual,Organizational issues-Management,4,notam,1.6013208931184646
2024,mature_factual,Organizational issues-Management,5,pilots,1.5643296069056905
2024,mature_factual,Organizational issues-Management,6,radios,1.5140611124033272
2024,mature_factual,Organizational issues-Management,7,135,1.4880290155328422
2024,mature_factual,Organizational issues-Management,8,operator,1.4853075475859152
2024,mature_factual,Organizational issues-Management,9,fa2,1.4799320601265555
2024,mature_factual,Organizational issues-Management,10,departing airplane,1.445870149139092
2024,mature_factual,Organizational issues-Management,11,friday,1.4173528957492756
2024,mature_factual,Organizational issues-Management,12,procedures,1.3969236350885768
2024,mature_factual,Organizational issues-Management,13,injured airplanes,1.3752735532680913
2024,mature_factual,Organizational issues-Management,14,boeing,1.3726861036717304
2024,mature_factual,Organizational issues-Management,15,dallas,1.3690323181075799
2024,mature_factual,Organizational issues-Support/oversight/monitoring,1,boeing,2.910115345484721
2024,mature_factual,Organizational issues-Support/oversight/monitoring,2,cfr,1.7430084718360432
2024,mature_factual,Organizational issues-Support/oversight/monitoring,3,airlines,1.596177673208808
2024,mature_factual,Organizational issues-Support/oversight/monitoring,4,nut,1.5660425047257334
2024,mature_factual,Organizational issues-Support/oversight/monitoring,5,notam,1.5129597662089982
2024,mature_factual,Organizational issues-Support/oversight/monitoring,6,bell,1.506327999277031
2024,mature_factual,Organizational issues-Support/oversight/monitoring,7,cfr 135,1.496687801746768
2024,mature_factual,Organizational issues-Support/oversight/monitoring,8,closed,1.4796713975784719
2024,mature_factual,Organizational issues-Support/oversight/monitoring,9,international,1.382402654769192
2024,mature_factual,Organizational issues-Support/oversight/monitoring,10,limitations,1.3762904109083165
2024,mature_factual,Organizational issues-Support/oversight/monitoring,11,applicable,1.3720828727802603
2024,mature_factual,Organizational issues-Support/oversight/monitoring,12,swa,1.3429021802764163
2024,mature_factual,Organizational issues-Support/oversight/monitoring,13,135,1.291042656906425
2024,mature_factual,Organizational issues-Support/oversight/monitoring,14,air,1.2881883053355512
2024,mature_factual,Organizational issues-Support/oversight/monitoring,15,fa2,1.281677199857231
2024,mature_factual,Personnel issues-Action/decision,1,instructor,2.0617046723868673
2024,mature_factual,Personnel issues-Action/decision,2,added,1.543269489547172
2024,mature_factual,Personnel issues-Action/decision,3,flight instructor,1.4784774950538615
2024,mature_factual,Personnel issues-Action/decision,4,said,1.4367592925983532
2024,mature_factual,Personnel issues-Action/decision,5,decision,1.3777621016614114
2024,mature_factual,Personnel issues-Action/decision,6,road,1.3730463697298596
2024,mature_factual,Personnel issues-Action/decision,7,told,1.3034576107838876
2024,mature_factual,Personnel issues-Action/decision,8,snow,1.2787236096940273
2024,mature_factual,Personnel issues-Action/decision,9,decided,1.2113311429378955
2024,mature_factual,Personnel issues-Action/decision,10,forgot,1.1876970407956475
2024,mature_factual,Personnel issues-Action/decision,11,student,1.1655782056304635
2024,mature_factual,Personnel issues-Action/decision,12,asked,1.148520447072581
2024,mature_factual,Personnel issues-Action/decision,13,covered,1.14473623625121
2024,mature_factual,Personnel issues-Action/decision,14,weight,1.1129593532929425
2024,mature_factual,Personnel issues-Action/decision,15,instructor reported,1.0936481322504163
2024,mature_factual,Personnel issues-Experience/knowledge,1,certificated pilot,2.6807677332616318
2024,mature_factual,Personnel issues-Experience/knowledge,2,experience,2.489545212970627
2024,mature_factual,Personnel issues-Experience/knowledge,3,non certificated,2.404670214820646
2024,mature_factual,Personnel issues-Experience/knowledge,4,purchased,2.2596280408186096
2024,mature_factual,Personnel issues-Experience/knowledge,5,certificated,2.2349906621224607
2024,mature_factual,Personnel issues-Experience/knowledge,6,uncertificated pilot,2.0351044667112657
2024,mature_factual,Personnel issues-Experience/knowledge,7,uncertificated,1.9897244706835486
2024,mature_factual,Personnel issues-Experience/knowledge,8,non,1.9239456515567244
2024,mature_factual,Personnel issues-Experience/knowledge,9,lost control,1.8840231962131375
2024,mature_factual,Personnel issues-Experience/knowledge,10,years,1.8082938744354589
2024,mature_factual,Personnel issues-Experience/knowledge,11,purchased airplane,1.7306058233437138
2024,mature_factual,Personnel issues-Experience/knowledge,12,certificate,1.7237113538631728
2024,mature_factual,Personnel issues-Experience/knowledge,13,model,1.6044599567703701
2024,mature_factual,Personnel issues-Experience/knowledge,14,owner,1.5938071415278334
2024,mature_factual,Personnel issues-Experience/knowledge,15,flown,1.5898270940808878
2024,mature_factual,Personnel issues-Physical,1,blood,3.281386609104717
2024,mature_factual,Personnel issues-Physical,2,medical,2.913309165406371
2024,mature_factual,Personnel issues-Physical,3,hospital,2.1173917845876478
2024,mature_factual,Personnel issues-Physical,4,fatigue,2.0190839268750516
2024,mature_factual,Personnel issues-Physical,5,day,1.9000578799138175
2024,mature_factual,Personnel issues-Physical,6,alcohol,1.8541037140094978
2024,mature_factual,Personnel issues-Physical,7,dl,1.8211263779961233
2024,mature_factual,Personnel issues-Physical,8,ethanol,1.796861648946012
2024,mature_factual,Personnel issues-Physical,9,brain,1.7814597797093026
2024,mature_factual,Personnel issues-Physical,10,performance,1.5363830715058342
2024,mature_factual,Personnel issues-Physical,11,law enforcement,1.5231710740472202
2024,mature_factual,Personnel issues-Physical,12,line runway,1.454771718362677
2024,mature_factual,Personnel issues-Physical,13,enforcement,1.4368699211055194
2024,mature_factual,Personnel issues-Physical,14,law,1.4249057707957105
2024,mature_factual,Personnel issues-Physical,15,effects,1.4185798934356337
2024,mature_factual,Personnel issues-Psychological,1,distracted,2.6888303295972005
2024,mature_factual,Personnel issues-Psychological,2,instructor,2.222019972079617
2024,mature_factual,Personnel issues-Psychological,3,low,2.1298441893714837
2024,mature_factual,Personnel issues-Psychological,4,power lines,2.030449132722821
2024,mature_factual,Personnel issues-Psychological,5,collision,2.010601637447551
2024,mature_factual,Personnel issues-Psychological,6,night,1.957284201677069
2024,mature_factual,Personnel issues-Psychological,7,taxiing,1.9402086774899305
2024,mature_factual,Personnel issues-Psychological,8,airplanes,1.8541676976274999
2024,mature_factual,Personnel issues-Psychological,9,attention,1.85176717628731
2024,mature_factual,Personnel issues-Psychological,10,spatial,1.8079288005858059
2024,mature_factual,Personnel issues-Psychological,11,disorientation,1.7569936435357727
2024,mature_factual,Personnel issues-Psychological,12,spatial disorientation,1.7539565391677694
2024,mature_factual,Personnel issues-Psychological,13,struck,1.6128364974326992
2024,mature_factual,Personnel issues-Psychological,14,river,1.5695957061284065
2024,mature_factual,Personnel issues-Psychological,15,lines,1.5055442728821626
2024,mature_factual,Personnel issues-Task performance,1,wind,2.618943753598854
2024,mature_factual,Personnel issues-Task performance,2,stall,1.883028416562734
2024,mature_factual,Personnel issues-Task performance,3,left,1.7035270907323148
2024,mature_factual,Personnel issues-Task performance,4,bounced,1.685596810044944
2024,mature_factual,Personnel issues-Task performance,5,veered,1.5535512556714623
2024,mature_factual,Personnel issues-Task performance,6,hard,1.505779258271456
2024,mature_factual,Personnel issues-Task performance,7,likely,1.4801030463276141
2024,mature_factual,Personnel issues-Task performance,8,correct,1.4655834965879382
2024,mature_factual,Personnel issues-Task performance,9,crosswind,1.4590945232753159
2024,mature_factual,Personnel issues-Task performance,10,angle,1.432722951554595
2024,mature_factual,Personnel issues-Task performance,11,control,1.4241276711187263
2024,mature_factual,Personnel issues-Task performance,12,aerodynamic stall,1.3827773745625196
2024,mature_factual,Personnel issues-Task performance,13,aerodynamic,1.3635293213477004
2024,mature_factual,Personnel issues-Task performance,14,angle attack,1.3019082496927583
2024,mature_factual,Personnel issues-Task performance,15,stalled,1.2948948049554976
2025,event_aircraft_core,Aircraft-Aircraft handling/service,1,ev_month_4 ev_state_ca,4.110431521752495
2025,event_aircraft_core,Aircraft-Aircraft handling/service,2,ev_month_10 ev_state_tx,3.848617781084738
2025,event_aircraft_core,Aircraft-Aircraft handling/service,3,damage_subs acft_make_textron_aviation,3.597970888845325
2025,event_aircraft_core,Aircraft-Aircraft handling/service,4,acft_make_textron_aviation,3.597970888845325
2025,event_aircraft_core,Aircraft-Aircraft handling/service,5,ev_month_12 ev_state_tn,3.4078478827456755
2025,event_aircraft_core,Aircraft-Aircraft handling/service,6,ev_month_7 ev_state_mo,3.3147911164131725
2025,event_aircraft_core,Aircraft-Aircraft handling/service,7,ev_month_11 ev_state_tx,3.2441006520389903
2025,event_aircraft_core,Aircraft-Aircraft handling/service,8,acft_make_textron_aviation_inc acft_model_172s,3.173504510625134
2025,event_aircraft_core,Aircraft-Aircraft handling/service,9,ev_month_2 ev_state_tn,2.9990738187099506
2025,event_aircraft_core,Aircraft-Aircraft handling/service,10,ev_month_2,2.984345439372669
2025,event_aircraft_core,Aircraft-Aircraft handling/service,11,ev_month_7 ev_state_fl,2.9073477844158826
2025,event_aircraft_core,Aircraft-Aircraft handling/service,12,inj_tot_s_2 damage_subs,2.6607190206830253
2025,event_aircraft_core,Aircraft-Aircraft handling/service,13,acft_model_pa_31p acft_category_air,2.6355740017347524
2025,event_aircraft_core,Aircraft-Aircraft handling/service,14,acft_model_pa_31p,2.6355740017347524
2025,event_aircraft_core,Aircraft-Aircraft handling/service,15,acft_make_piper acft_model_pa_31p,2.6355740017347524
2025,event_aircraft_core,Aircraft-Aircraft oper/perf/capability,1,damage_subs,1.3997314667446623
2025,event_aircraft_core,Aircraft-Aircraft oper/perf/capability,2,damage_dest acft_make_beech,1.3514581211084367
2025,event_aircraft_core,Aircraft-Aircraft oper/perf/capability,3,acft_category_gli,1.2891190382726918
2025,event_aircraft_core,Aircraft-Aircraft oper/perf/capability,4,ev_month_4 ev_state_ga,1.2398184407099788
2025,event_aircraft_core,Aircraft-Aircraft oper/perf/capability,5,inj_tot_s_0 damage_subs,1.15646047380191
2025,event_aircraft_core,Aircraft-Aircraft oper/perf/capability,6,ev_state_id ev_country_usa,1.1175169812032393
2025,event_aircraft_core,Aircraft-Aircraft oper/perf/capability,7,ev_state_id,1.1175169812032393
2025,event_aircraft_core,Aircraft-Aircraft oper/perf/capability,8,ev_month_8 ev_state_ak,1.0796375185872225
2025,event_aircraft_core,Aircraft-Aircraft oper/perf/capability,9,num_eng_0 phase_flt_spec_missing,1.0787692755112852
2025,event_aircraft_core,Aircraft-Aircraft oper/perf/capability,10,num_eng_0,1.0787692755112852
2025,event_aircraft_core,Aircraft-Aircraft oper/perf/capability,11,acft_make_kitfox,1.0527017530910212
2025,event_aircraft_core,Aircraft-Aircraft oper/perf/capability,12,ev_month_7 ev_state_mt,1.045330011213956
2025,event_aircraft_core,Aircraft-Aircraft oper/perf/capability,13,ev_month_4,1.0293448926481512
2025,event_aircraft_core,Aircraft-Aircraft oper/perf/capability,14,acft_model_pa_18_150,1.026990080437507
2025,event_aircraft_core,Aircraft-Aircraft oper/perf/capability,15,acft_model_pa_18_150 acft_category_air,1.026990080437507
2025,event_aircraft_core,Aircraft-Aircraft power plant,1,ev_month_11 ev_state_fl,1.8752327038089807
2025,event_aircraft_core,Aircraft-Aircraft power plant,2,ev_month_9 ev_state_pa,1.788957366122181
2025,event_aircraft_core,Aircraft-Aircraft power plant,3,ev_month_9 ev_state_tn,1.6093115279303891
2025,event_aircraft_core,Aircraft-Aircraft power plant,4,ev_month_5 ev_state_az,1.5304351358935089
2025,event_aircraft_core,Aircraft-Aircraft power plant,5,damage_minr acft_make_boeing,1.490041544743242
2025,event_aircraft_core,Aircraft-Aircraft power plant,6,acft_model_sonex acft_category_air,1.4379779542907503
2025,event_aircraft_core,Aircraft-Aircraft power plant,7,acft_model_sonex,1.4379779542907503
2025,event_aircraft_core,Aircraft-Aircraft power plant,8,acft_make_pulsar,1.3707137609192208
2025,event_aircraft_core,Aircraft-Aircraft power plant,9,ev_month_8 ev_state_me,1.3549549730948485
2025,event_aircraft_core,Aircraft-Aircraft power plant,10,ev_month_4 ev_state_ks,1.3380484072566086
2025,event_aircraft_core,Aircraft-Aircraft power plant,11,ev_month_7 ev_state_ca,1.3147651758970953
2025,event_aircraft_core,Aircraft-Aircraft power plant,12,ev_month_4 ev_state_wa,1.2813107421929704
2025,event_aircraft_core,Aircraft-Aircraft power plant,13,acft_model_540 acft_category_air,1.2228167924498257
2025,event_aircraft_core,Aircraft-Aircraft power plant,14,acft_model_540,1.2228167924498257
2025,event_aircraft_core,Aircraft-Aircraft power plant,15,ev_month_3 ev_state_fl,1.2007411187306278
2025,event_aircraft_core,Aircraft-Aircraft propeller/rotor,1,acft_category_heli,7.745545581172946
2025,event_aircraft_core,Aircraft-Aircraft propeller/rotor,2,ev_month_7 ev_state_ny,4.01526586591739
2025,event_aircraft_core,Aircraft-Aircraft propeller/rotor,3,ev_month_11 ev_state_in,3.3066658185006332
2025,event_aircraft_core,Aircraft-Aircraft propeller/rotor,4,damage_subs acft_make_eurocopter_deutschland_gmbh,2.877295250988081
2025,event_aircraft_core,Aircraft-Aircraft propeller/rotor,5,acft_make_eurocopter_deutschland_gmbh,2.877295250988081
2025,event_aircraft_core,Aircraft-Aircraft propeller/rotor,6,ev_month_6 ev_state_ga,2.687185542295941
2025,event_aircraft_core,Aircraft-Aircraft propeller/rotor,7,acft_make_bell_helicopter_textron_canada,2.656616070330833
2025,event_aircraft_core,Aircraft-Aircraft propeller/rotor,8,acft_model_zodiac_601_xl acft_category_air,2.6105428347399617
2025,event_aircraft_core,Aircraft-Aircraft propeller/rotor,9,acft_model_zodiac_601_xl,2.6105428347399617
2025,event_aircraft_core,Aircraft-Aircraft propeller/rotor,10,damage_subs acft_make_velocity,2.562097818213291
2025,event_aircraft_core,Aircraft-Aircraft propeller/rotor,11,num_eng_6,2.53841502815774
2025,event_aircraft_core,Aircraft-Aircraft propeller/rotor,12,num_eng_6 phase_flt_spec_missing,2.53841502815774
2025,event_aircraft_core,Aircraft-Aircraft propeller/rotor,13,acft_make_hughes,2.501135156882548
2025,event_aircraft_core,Aircraft-Aircraft propeller/rotor,14,ev_month_8 ev_state_az,2.476140973445725
2025,event_aircraft_core,Aircraft-Aircraft propeller/rotor,15,acft_make_velocity,2.469823070210441
2025,event_aircraft_core,Aircraft-Aircraft structures,1,ev_month_6 ev_state_tn,3.345804127385556
2025,event_aircraft_core,Aircraft-Aircraft structures,2,ev_month_5 ev_state_mo,3.070585639766404
2025,event_aircraft_core,Aircraft-Aircraft structures,3,acft_category_air cert_max_gr_wt_1370,2.732248088471203
2025,event_aircraft_core,Aircraft-Aircraft structures,4,acft_model_lancair_evolution acft_category_air,2.72227058636096
2025,event_aircraft_core,Aircraft-Aircraft structures,5,acft_model_lancair_evolution,2.72227058636096
2025,event_aircraft_core,Aircraft-Aircraft structures,6,num_eng_4,2.7153313597383217
2025,event_aircraft_core,Aircraft-Aircraft structures,7,num_eng_4 phase_flt_spec_missing,2.7153313597383217
2025,event_aircraft_core,Aircraft-Aircraft structures,8,ev_month_3 ev_state_tn,2.694339052494778
2025,event_aircraft_core,Aircraft-Aircraft structures,9,ev_month_4 ev_state_ca,2.691928152669478
2025,event_aircraft_core,Aircraft-Aircraft structures,10,cert_max_gr_wt_600,2.442796371860654
2025,event_aircraft_core,Aircraft-Aircraft structures,11,cert_max_gr_wt_600 num_eng_1,2.442796371860654
2025,event_aircraft_core,Aircraft-Aircraft structures,12,ev_month_6 ev_state_sc,2.393569722254278
2025,event_aircraft_core,Aircraft-Aircraft structures,13,acft_make_bell acft_model_uh_1h,2.3768979405143513
2025,event_aircraft_core,Aircraft-Aircraft structures,14,ev_month_4 ev_state_ma,2.3623018557397124
2025,event_aircraft_core,Aircraft-Aircraft structures,15,ev_month_8 ev_state_id,2.271966693032542
2025,event_aircraft_core,Aircraft-Aircraft systems,1,num_eng_2 phase_flt_spec_missing,2.3009943062550184
2025,event_aircraft_core,Aircraft-Aircraft systems,2,num_eng_2,2.3009943062550184
2025,event_aircraft_core,Aircraft-Aircraft systems,3,ev_month_8 ev_state_ar,1.5064960962674974
2025,event_aircraft_core,Aircraft-Aircraft systems,4,acft_make_dassault_aviation,1.4312236263068392
2025,event_aircraft_core,Aircraft-Aircraft systems,5,ev_month_12 ev_state_la,1.3746890142210015
2025,event_aircraft_core,Aircraft-Aircraft systems,6,acft_make_cessna acft_model_210,1.3705139998508742
2025,event_aircraft_core,Aircraft-Aircraft systems,7,acft_model_210 acft_category_air,1.3705139998508742
2025,event_aircraft_core,Aircraft-Aircraft systems,8,acft_model_210,1.3705139998508742
2025,event_aircraft_core,Aircraft-Aircraft systems,9,acft_model_r182,1.3599353981162556
2025,event_aircraft_core,Aircraft-Aircraft systems,10,acft_model_r182 acft_category_air,1.3599353981162556
2025,event_aircraft_core,Aircraft-Aircraft systems,11,acft_make_cessna acft_model_r182,1.3599353981162556
2025,event_aircraft_core,Aircraft-Aircraft systems,12,acft_make_beech,1.2879285576445407
2025,event_aircraft_core,Aircraft-Aircraft systems,13,ev_month_4 ev_state_va,1.2809955702933233
2025,event_aircraft_core,Aircraft-Aircraft systems,14,ev_month_10,1.2616640962644372
2025,event_aircraft_core,Aircraft-Aircraft systems,15,acft_model_172rg,1.2447871949984828
2025,event_aircraft_core,Aircraft-Fluids/misc hardware,1,damage_subs acft_make_piper,2.584636792025587
2025,event_aircraft_core,Aircraft-Fluids/misc hardware,2,acft_make_piper,2.0360023841804624
2025,event_aircraft_core,Aircraft-Fluids/misc hardware,3,ev_month_8 ev_state_ut,1.8786524501306503
2025,event_aircraft_core,Aircraft-Fluids/misc hardware,4,ev_month_1 ev_state_al,1.826835826473927
2025,event_aircraft_core,Aircraft-Fluids/misc hardware,5,ev_month_9 ev_state_va,1.824156016453497
2025,event_aircraft_core,Aircraft-Fluids/misc hardware,6,ev_month_9 ev_state_ia,1.7302825048280848
2025,event_aircraft_core,Aircraft-Fluids/misc hardware,7,ev_month_7 ev_state_oh,1.7239595154737954
2025,event_aircraft_core,Aircraft-Fluids/misc hardware,8,ev_month_1 ev_state_ak,1.6745147883212472
2025,event_aircraft_core,Aircraft-Fluids/misc hardware,9,ev_month_10 ev_state_wa,1.6590231502939803
2025,event_aircraft_core,Aircraft-Fluids/misc hardware,10,acft_make_beech,1.6146301724821608
2025,event_aircraft_core,Aircraft-Fluids/misc hardware,11,damage_subs acft_make_beech,1.5940099594515804
2025,event_aircraft_core,Aircraft-Fluids/misc hardware,12,ev_month_6 ev_state_fl,1.577545226426702
2025,event_aircraft_core,Aircraft-Fluids/misc hardware,13,acft_model_310 acft_category_air,1.5249263386744036
2025,event_aircraft_core,Aircraft-Fluids/misc hardware,14,acft_model_310,1.5249263386744036
2025,event_aircraft_core,Aircraft-Fluids/misc hardware,15,acft_make_cessna acft_model_310,1.5249263386744036
2025,event_aircraft_core,Environmental issues-Conditions/weather/phenomena,1,inj_tot_s_1 damage_missing,2.8533778250022466
2025,event_aircraft_core,Environmental issues-Conditions/weather/phenomena,2,damage_missing acft_make_boeing,2.0738426396958323
2025,event_aircraft_core,Environmental issues-Conditions/weather/phenomena,3,damage_missing,1.6666538481618756
2025,event_aircraft_core,Environmental issues-Conditions/weather/phenomena,4,damage_dest acft_make_piper,1.64292442862023
2025,event_aircraft_core,Environmental issues-Conditions/weather/phenomena,5,ev_month_5 ev_state_nv,1.36397368098425
2025,event_aircraft_core,Environmental issues-Conditions/weather/phenomena,6,ev_month_9 ev_state_ak,1.2937706017806163
2025,event_aircraft_core,Environmental issues-Conditions/weather/phenomena,7,ev_month_8 ev_state_mn,1.282349563258762
2025,event_aircraft_core,Environmental issues-Conditions/weather/phenomena,8,ev_month_10 ev_state_nm,1.2791136328086545
2025,event_aircraft_core,Environmental issues-Conditions/weather/phenomena,9,ev_month_2 ev_state_ak,1.1868268463365195
2025,event_aircraft_core,Environmental issues-Conditions/weather/phenomena,10,ev_month_11 ev_state_nc,1.1761310564326708
2025,event_aircraft_core,Environmental issues-Conditions/weather/phenomena,11,inj_tot_s_2 damage_missing,1.1560435850382778
2025,event_aircraft_core,Environmental issues-Conditions/weather/phenomena,12,ev_month_4 ev_state_ok,1.1415165878827451
2025,event_aircraft_core,Environmental issues-Conditions/weather/phenomena,13,acft_model_pa_18_150,1.1261203803324171
2025,event_aircraft_core,Environmental issues-Conditions/weather/phenomena,14,acft_model_pa_18_150 acft_category_air,1.1261203803324171
2025,event_aircraft_core,Environmental issues-Conditions/weather/phenomena,15,acft_category_gli,1.1239906777867479
2025,event_aircraft_core,Environmental issues-Operating environment,1,ev_month_7 ev_state_fl,5.371540225238527
2025,event_aircraft_core,Environmental issues-Operating environment,2,ev_month_11 ev_state_ga,4.573599960442862
2025,event_aircraft_core,Environmental issues-Operating environment,3,ev_month_12 ev_state_mt,3.741079245582655
2025,event_aircraft_core,Environmental issues-Operating environment,4,ev_month_1 ev_state_ny,3.328511857621614
2025,event_aircraft_core,Environmental issues-Operating environment,5,ev_month_4 ev_state_co,3.2919194295427148
2025,event_aircraft_core,Environmental issues-Operating environment,6,acft_category_ultr,3.1968766168661804
2025,event_aircraft_core,Environmental issues-Operating environment,7,damage_dest acft_make_sikorsky,3.1232626213218544
2025,event_aircraft_core,Environmental issues-Operating environment,8,ev_month_5 ev_state_ks,2.970991511891947
2025,event_aircraft_core,Environmental issues-Operating environment,9,acft_make_cameron_balloons_us,2.9429067455861575
2025,event_aircraft_core,Environmental issues-Operating environment,10,acft_make_beech acft_model_b36tc,2.818471029137677
2025,event_aircraft_core,Environmental issues-Operating environment,11,acft_model_b36tc acft_category_air,2.818471029137677
2025,event_aircraft_core,Environmental issues-Operating environment,12,acft_model_b36tc,2.818471029137677
2025,event_aircraft_core,Environmental issues-Operating environment,13,ev_month_12 ev_state_va,2.78125367920692
2025,event_aircraft_core,Environmental issues-Operating environment,14,num_eng_4 phase_flt_spec_missing,2.74860382652352
2025,event_aircraft_core,Environmental issues-Operating environment,15,num_eng_4,2.74860382652352
2025,event_aircraft_core,Environmental issues-Physical environment,1,acft_category_heli,1.5360019832949336
2025,event_aircraft_core,Environmental issues-Physical environment,2,ev_month_10 ev_state_sc,1.4223373526697929
2025,event_aircraft_core,Environmental issues-Physical environment,3,ev_month_7 ev_state_ak,1.409989545904334
2025,event_aircraft_core,Environmental issues-Physical environment,4,ev_month_1 ev_state_wi,1.3386625437855362
2025,event_aircraft_core,Environmental issues-Physical environment,5,ev_state_ak,1.2105687907750857
2025,event_aircraft_core,Environmental issues-Physical environment,6,ev_state_ak ev_country_usa,1.2105687907750857
2025,event_aircraft_core,Environmental issues-Physical environment,7,inj_tot_f_2 inj_tot_s_1,1.1755112961074594
2025,event_aircraft_core,Environmental issues-Physical environment,8,ev_month_2 ev_state_nv,1.1717423343001188
2025,event_aircraft_core,Environmental issues-Physical environment,9,acft_model_aventura_ii,1.157855938840908
2025,event_aircraft_core,Environmental issues-Physical environment,10,acft_model_aventura_ii acft_category_air,1.157855938840908
2025,event_aircraft_core,Environmental issues-Physical environment,11,acft_make_cubcrafters,1.154649004680829
2025,event_aircraft_core,Environmental issues-Physical environment,12,damage_subs acft_make_cubcrafters,1.154649004680829
2025,event_aircraft_core,Environmental issues-Physical environment,13,ev_month_8 ev_state_ne,1.1482499611538965
2025,event_aircraft_core,Environmental issues-Physical environment,14,ev_month_5 ev_state_ar,1.1422621918741116
2025,event_aircraft_core,Environmental issues-Physical environment,15,ev_month_11 ev_state_la,1.1387722104825058
2025,event_aircraft_core,Not determined-Not determined,1,ev_month_9 ev_state_wy,2.6896162054088903
2025,event_aircraft_core,Not determined-Not determined,2,inj_tot_s_0 damage_dest,2.383676220371073
2025,event_aircraft_core,Not determined-Not determined,3,damage_dest,2.2881542940097463
2025,event_aircraft_core,Not determined-Not determined,4,ev_month_12 ev_state_ak,2.209953379170758
2025,event_aircraft_core,Not determined-Not determined,5,ev_month_7 ev_state_il,2.139533019573813
2025,event_aircraft_core,Not determined-Not determined,6,ev_month_1,2.03773879397988
2025,event_aircraft_core,Not determined-Not determined,7,ev_month_8 ev_state_il,1.8785565500750352
2025,event_aircraft_core,Not determined-Not determined,8,damage_dest acft_make_maule,1.8575356522159938
2025,event_aircraft_core,Not determined-Not determined,9,acft_model_j250_sp acft_category_air,1.8340886693624416
2025,event_aircraft_core,Not determined-Not determined,10,acft_model_j250_sp,1.8340886693624416
2025,event_aircraft_core,Not determined-Not determined,11,ev_month_5 ev_state_ky,1.8326010600360076
2025,event_aircraft_core,Not determined-Not determined,12,acft_make_aero_vodochody,1.697838021597773
2025,event_aircraft_core,Not determined-Not determined,13,damage_subs acft_make_aero_vodochody,1.697838021597773
2025,event_aircraft_core,Not determined-Not determined,14,acft_model_da_42 acft_category_air,1.6874386641387493
2025,event_aircraft_core,Not determined-Not determined,15,acft_model_da_42,1.6874386641387493
2025,event_aircraft_core,Organizational issues-Development,1,ev_month_1 ev_state_ga,4.581338209735886
2025,event_aircraft_core,Organizational issues-Development,2,ev_month_2 ev_state_sd,4.004303677529169
2025,event_aircraft_core,Organizational issues-Development,3,inj_tot_s_0 damage_minr,3.8960249525006008
2025,event_aircraft_core,Organizational issues-Development,4,ev_month_8 ev_state_ar,3.8265700354380803
2025,event_aircraft_core,Organizational issues-Development,5,damage_subs acft_make_diamond_aircraft_ind_inc,3.7742260189680095
2025,event_aircraft_core,Organizational issues-Development,6,acft_make_diamond_aircraft_ind_inc,3.6695443204049094
2025,event_aircraft_core,Organizational issues-Development,7,ev_month_10 ev_state_ny,3.631924062111832
2025,event_aircraft_core,Organizational issues-Development,8,damage_minr,3.2825847573473284
2025,event_aircraft_core,Organizational issues-Development,9,acft_category_unk,3.05053682283534
2025,event_aircraft_core,Organizational issues-Development,10,acft_make_dji,3.041380789620252
2025,event_aircraft_core,Organizational issues-Development,11,ev_month_3 ev_state_mt,3.0091200387327577
2025,event_aircraft_core,Organizational issues-Development,12,ev_month_7 ev_state_md,2.9342958664795136
2025,event_aircraft_core,Organizational issues-Development,13,damage_subs acft_make_sling_aircraft_pty_ltd,2.8789898228265587
2025,event_aircraft_core,Organizational issues-Development,14,acft_make_sling_aircraft_pty_ltd,2.8789898228265587
2025,event_aircraft_core,Organizational issues-Development,15,acft_make_sling_aircraft_pty_ltd acft_model_sling_lsa,2.8789898228265587
2025,event_aircraft_core,Organizational issues-Management,1,acft_category_ultr,3.769593541524931
2025,event_aircraft_core,Organizational issues-Management,2,acft_make_boeing,3.42255068970069
2025,event_aircraft_core,Organizational issues-Management,3,damage_subs acft_make_airbus_helicopters,3.2690978319584176
2025,event_aircraft_core,Organizational issues-Management,4,ev_month_9 ev_state_ny,3.2399881684609566
2025,event_aircraft_core,Organizational issues-Management,5,acft_model_206 acft_category_air,3.216045968904157
2025,event_aircraft_core,Organizational issues-Management,6,acft_make_cessna acft_model_206,3.216045968904157
2025,event_aircraft_core,Organizational issues-Management,7,inj_tot_f_7,3.189833084516093
2025,event_aircraft_core,Organizational issues-Management,8,inj_tot_f_7 inj_tot_s_0,3.189833084516093
2025,event_aircraft_core,Organizational issues-Management,9,ev_highest_injury_fatl inj_tot_f_7,3.189833084516093
2025,event_aircraft_core,Organizational issues-Management,10,ev_month_1 ev_state_nv,3.0683851519421546
2025,event_aircraft_core,Organizational issues-Management,11,acft_category_air cert_max_gr_wt_8000,2.9787696439413525
2025,event_aircraft_core,Organizational issues-Management,12,cert_max_gr_wt_8000,2.9787696439413525
2025,event_aircraft_core,Organizational issues-Management,13,acft_make_airbus_helicopters,2.926007594930806
2025,event_aircraft_core,Organizational issues-Management,14,num_eng_2,2.900248666290517
2025,event_aircraft_core,Organizational issues-Management,15,num_eng_2 phase_flt_spec_missing,2.900248666290517
2025,event_aircraft_core,Organizational issues-Support/oversight/monitoring,1,acft_make_boeing,5.720268215636478
2025,event_aircraft_core,Organizational issues-Support/oversight/monitoring,2,ev_month_4 ev_state_ne,3.771367125562572
2025,event_aircraft_core,Organizational issues-Support/oversight/monitoring,3,ev_month_5 ev_state_nj,3.730136078263445
2025,event_aircraft_core,Organizational issues-Support/oversight/monitoring,4,acft_model_rv_6,3.062489448632297
2025,event_aircraft_core,Organizational issues-Support/oversight/monitoring,5,acft_model_rv_6 acft_category_air,3.062489448632297
2025,event_aircraft_core,Organizational issues-Support/oversight/monitoring,6,cert_max_gr_wt_2300,3.0062701518247117
2025,event_aircraft_core,Organizational issues-Support/oversight/monitoring,7,inj_tot_s_0 damage_missing,2.9959788141907873
2025,event_aircraft_core,Organizational issues-Support/oversight/monitoring,8,inj_tot_f_6 inj_tot_s_0,2.969093597547206
2025,event_aircraft_core,Organizational issues-Support/oversight/monitoring,9,ev_highest_injury_fatl inj_tot_f_6,2.969093597547206
2025,event_aircraft_core,Organizational issues-Support/oversight/monitoring,10,inj_tot_f_6,2.969093597547206
2025,event_aircraft_core,Organizational issues-Support/oversight/monitoring,11,ev_month_2 ev_state_il,2.8725684398451556
2025,event_aircraft_core,Organizational issues-Support/oversight/monitoring,12,acft_make_dassault,2.815137222410617
2025,event_aircraft_core,Organizational issues-Support/oversight/monitoring,13,damage_missing acft_make_boeing,2.7947869405151304
2025,event_aircraft_core,Organizational issues-Support/oversight/monitoring,14,cert_max_gr_wt_8800,2.790117287574854
2025,event_aircraft_core,Organizational issues-Support/oversight/monitoring,15,acft_category_air cert_max_gr_wt_8800,2.790117287574854
2025,event_aircraft_core,Personnel issues-Action/decision,1,inj_tot_s_0 damage_missing,2.0442398936566164
2025,event_aircraft_core,Personnel issues-Action/decision,2,acft_category_heli cert_max_gr_wt_missing,1.4119566212318624
2025,event_aircraft_core,Personnel issues-Action/decision,3,ev_month_3 ev_state_mt,1.20939192715859
2025,event_aircraft_core,Personnel issues-Action/decision,4,num_eng_2,1.1004171978682598
2025,event_aircraft_core,Personnel issues-Action/decision,5,num_eng_2 phase_flt_spec_missing,1.1004171978682598
2025,event_aircraft_core,Personnel issues-Action/decision,6,acft_model_rv_6a,1.090861224065644
2025,event_aircraft_core,Personnel issues-Action/decision,7,acft_model_rv_6a acft_category_air,1.090861224065644
2025,event_aircraft_core,Personnel issues-Action/decision,8,ev_month_9 ev_state_wi,1.0814132981390077
2025,event_aircraft_core,Personnel issues-Action/decision,9,ev_state_ak,1.057867679566463
2025,event_aircraft_core,Personnel issues-Action/decision,10,ev_state_ak ev_country_usa,1.057867679566463
2025,event_aircraft_core,Personnel issues-Action/decision,11,ev_month_10 ev_state_ks,1.0562145074157478
2025,event_aircraft_core,Personnel issues-Action/decision,12,ev_month_8 ev_state_tn,1.05419666518324
2025,event_aircraft_core,Personnel issues-Action/decision,13,ev_month_10 ev_state_fl,1.016522214422318
2025,event_aircraft_core,Personnel issues-Action/decision,14,ev_month_4 ev_state_md,1.0134845041167717
2025,event_aircraft_core,Personnel issues-Action/decision,15,acft_category_heli cert_max_gr_wt_3350,0.9854813031369017
2025,event_aircraft_core,Personnel issues-Experience/knowledge,1,ev_month_12 ev_state_fl,3.3539320704987574
2025,event_aircraft_core,Personnel issues-Experience/knowledge,2,damage_dest acft_make_piper,3.118303450848826
2025,event_aircraft_core,Personnel issues-Experience/knowledge,3,ev_month_12 ev_state_tn,2.825364830397676
2025,event_aircraft_core,Personnel issues-Experience/knowledge,4,ev_highest_injury_fatl,2.636469837577593
2025,event_aircraft_core,Personnel issues-Experience/knowledge,5,ev_country_usa ev_highest_injury_fatl,2.636469837577593
2025,event_aircraft_core,Personnel issues-Experience/knowledge,6,ev_month_1 ev_state_ga,2.5251094329694594
2025,event_aircraft_core,Personnel issues-Experience/knowledge,7,ev_month_8 ev_state_tx,2.5186111718505306
2025,event_aircraft_core,Personnel issues-Experience/knowledge,8,ev_month_5 ev_state_nj,2.452520902905659
2025,event_aircraft_core,Personnel issues-Experience/knowledge,9,ev_month_6 ev_state_az,2.3388377208843156
2025,event_aircraft_core,Personnel issues-Experience/knowledge,10,damage_missing acft_make_boeing,2.330084831105864
2025,event_aircraft_core,Personnel issues-Experience/knowledge,11,ev_month_1 ev_state_co,2.269265302231311
2025,event_aircraft_core,Personnel issues-Experience/knowledge,12,ev_month_9 ev_state_ak,2.256256696755771
2025,event_aircraft_core,Personnel issues-Experience/knowledge,13,ev_month_8 ev_state_ak,2.2439664939227524
2025,event_aircraft_core,Personnel issues-Experience/knowledge,14,ev_month_3 ev_state_ar,2.235722481373104
2025,event_aircraft_core,Personnel issues-Experience/knowledge,15,ev_month_5 ev_state_hi,2.1753289763374295
2025,event_aircraft_core,Personnel issues-Physical,1,ev_highest_injury_fatl,4.092303944332983
2025,event_aircraft_core,Personnel issues-Physical,2,ev_country_usa ev_highest_injury_fatl,4.092303944332983
2025,event_aircraft_core,Personnel issues-Physical,3,damage_subs acft_make_team_rocket,3.241549437636897
2025,event_aircraft_core,Personnel issues-Physical,4,acft_make_team_rocket,3.241549437636897
2025,event_aircraft_core,Personnel issues-Physical,5,ev_month_9 ev_state_wy,3.2199696706857046
2025,event_aircraft_core,Personnel issues-Physical,6,acft_make_cub_crafters_inc,2.9871548043316847
2025,event_aircraft_core,Personnel issues-Physical,7,damage_subs acft_make_cub_crafters_inc,2.9871548043316847
2025,event_aircraft_core,Personnel issues-Physical,8,inj_tot_f_1 inj_tot_s_0,2.7886253405708374
2025,event_aircraft_core,Personnel issues-Physical,9,ev_month_9 ev_state_nc,2.5190849521839818
2025,event_aircraft_core,Personnel issues-Physical,10,ev_month_3 ev_state_ak,2.515728331634761
2025,event_aircraft_core,Personnel issues-Physical,11,ev_month_7 ev_state_ar,2.4925010112003947
2025,event_aircraft_core,Personnel issues-Physical,12,ev_month_3,2.3814995816716515
2025,event_aircraft_core,Personnel issues-Physical,13,ev_month_8 ev_state_pa,2.307483982881399
2025,event_aircraft_core,Personnel issues-Physical,14,ev_month_3 ev_state_ky,2.219108075290753
2025,event_aircraft_core,Personnel issues-Physical,15,ev_month_10 ev_state_fl,2.2036337595943634
2025,event_aircraft_core,Personnel issues-Psychological,1,inj_tot_s_0 damage_missing,2.4293993565544314
2025,event_aircraft_core,Personnel issues-Psychological,2,acft_category_heli,2.426498069852875
2025,event_aircraft_core,Personnel issues-Psychological,3,inj_tot_s_0 damage_minr,2.3344955773527545
2025,event_aircraft_core,Personnel issues-Psychological,4,ev_month_8 ev_state_pa,2.200019471443922
2025,event_aircraft_core,Personnel issues-Psychological,5,ev_month_7 ev_state_ak,2.1981748328758504
2025,event_aircraft_core,Personnel issues-Psychological,6,ev_month_5 ev_state_ks,2.176361614546419
2025,event_aircraft_core,Personnel issues-Psychological,7,ev_month_2 ev_state_tx,2.0398951373463743
2025,event_aircraft_core,Personnel issues-Psychological,8,ev_month_7 ev_state_wi,1.9131170932625963
2025,event_aircraft_core,Personnel issues-Psychological,9,damage_minr,1.837756772882393
2025,event_aircraft_core,Personnel issues-Psychological,10,ev_month_10 ev_state_id,1.6576057947805956
2025,event_aircraft_core,Personnel issues-Psychological,11,ev_highest_injury_fatl,1.6572145953863004
2025,event_aircraft_core,Personnel issues-Psychological,12,ev_country_usa ev_highest_injury_fatl,1.6572145953863004
2025,event_aircraft_core,Personnel issues-Psychological,13,ev_month_9 ev_state_wa,1.5741398212115425
2025,event_aircraft_core,Personnel issues-Psychological,14,ev_month_8 ev_state_va,1.5451076375888904
2025,event_aircraft_core,Personnel issues-Psychological,15,ev_month_10 ev_state_la,1.5118079946062872
2025,event_aircraft_core,Personnel issues-Task performance,1,ev_month_6,1.3847374218776325
2025,event_aircraft_core,Personnel issues-Task performance,2,damage_subs,1.2498120266490884
2025,event_aircraft_core,Personnel issues-Task performance,3,ev_month_8 ev_state_co,1.0034618883070683
2025,event_aircraft_core,Personnel issues-Task performance,4,ev_month_5 ev_state_nv,1.0001352334551223
2025,event_aircraft_core,Personnel issues-Task performance,5,acft_category_ball,0.9971049893576778
2025,event_aircraft_core,Personnel issues-Task performance,6,ev_month_4,0.9862289863991045
2025,event_aircraft_core,Personnel issues-Task performance,7,ev_month_3 ev_state_id,0.9473030616825252
2025,event_aircraft_core,Personnel issues-Task performance,8,inj_tot_s_1 damage_subs,0.9191538970148624
2025,event_aircraft_core,Personnel issues-Task performance,9,ev_month_6 ev_state_ms,0.9148785354117183
2025,event_aircraft_core,Personnel issues-Task performance,10,ev_month_7 ev_state_wa,0.8992277178576814
2025,event_aircraft_core,Personnel issues-Task performance,11,ev_month_6 ev_state_fl,0.8992175759913544
2025,event_aircraft_core,Personnel issues-Task performance,12,ev_state_nv ev_country_usa,0.8939044102205651
2025,event_aircraft_core,Personnel issues-Task performance,13,ev_state_nv,0.8939044102205651
2025,event_aircraft_core,Personnel issues-Task performance,14,ev_month_7 ev_state_mt,0.89288011230317
2025,event_aircraft_core,Personnel issues-Task performance,15,acft_make_kitfox,0.8893257355737568
2025,event_aircraft_weather,Aircraft-Aircraft handling/service,1,wx_dew_pt_28,3.007657493590819
2025,event_aircraft_weather,Aircraft-Aircraft handling/service,2,wx_dew_pt_28 wind_dir_deg_0,2.7466825713655116
2025,event_aircraft_weather,Aircraft-Aircraft handling/service,3,wx_temp_64 wx_dew_pt_54,2.6493137666457365
2025,event_aircraft_weather,Aircraft-Aircraft handling/service,4,ev_month_7 ev_state_mo,2.591803587505738
2025,event_aircraft_weather,Aircraft-Aircraft handling/service,5,ev_month_2,2.5806419874545017
2025,event_aircraft_weather,Aircraft-Aircraft handling/service,6,wx_dew_pt_46 wind_dir_deg_310,2.558556852704327
2025,event_aircraft_weather,Aircraft-Aircraft handling/service,7,wx_dew_pt_23,2.306346177490586
2025,event_aircraft_weather,Aircraft-Aircraft handling/service,8,wx_dew_pt_23 wind_dir_deg_290,2.2887632769163697
2025,event_aircraft_weather,Aircraft-Aircraft handling/service,9,wx_temp_66 wx_dew_pt_46,2.2679849105073853
2025,event_aircraft_weather,Aircraft-Aircraft handling/service,10,wx_temp_11,2.2372541259456145
2025,event_aircraft_weather,Aircraft-Aircraft handling/service,11,acft_make_textron_aviation,2.228268366909336
2025,event_aircraft_weather,Aircraft-Aircraft handling/service,12,damage_subs acft_make_textron_aviation,2.228268366909336
2025,event_aircraft_weather,Aircraft-Aircraft handling/service,13,ev_month_11 ev_state_tx,2.2239716476940092
2025,event_aircraft_weather,Aircraft-Aircraft handling/service,14,wind_dir_deg_310 wind_vel_kts_6,2.18399953389478
2025,event_aircraft_weather,Aircraft-Aircraft handling/service,15,acft_make_textron_aviation_inc acft_model_172s,2.1784008643223687
2025,event_aircraft_weather,Aircraft-Aircraft oper/perf/capability,1,acft_category_gli,1.2999603345324555
2025,event_aircraft_weather,Aircraft-Aircraft oper/perf/capability,2,wind_dir_deg_290,1.2736790369603275
2025,event_aircraft_weather,Aircraft-Aircraft oper/perf/capability,3,ev_state_id,1.2566143924310451
2025,event_aircraft_weather,Aircraft-Aircraft oper/perf/capability,4,ev_state_id ev_country_usa,1.2566143924310451
2025,event_aircraft_weather,Aircraft-Aircraft oper/perf/capability,5,wx_dew_pt_0,1.240398950582496
2025,event_aircraft_weather,Aircraft-Aircraft oper/perf/capability,6,damage_dest acft_make_beech,1.2372034611957603
2025,event_aircraft_weather,Aircraft-Aircraft oper/perf/capability,7,gust_kts_15,1.2014199481119918
2025,event_aircraft_weather,Aircraft-Aircraft oper/perf/capability,8,num_eng_0,1.1748733622904353
2025,event_aircraft_weather,Aircraft-Aircraft oper/perf/capability,9,num_eng_0 phase_flt_spec_missing,1.1748733622904353
2025,event_aircraft_weather,Aircraft-Aircraft oper/perf/capability,10,acft_model_pa_18_150 acft_category_air,1.174232448235258
2025,event_aircraft_weather,Aircraft-Aircraft oper/perf/capability,11,acft_model_pa_18_150,1.174232448235258
2025,event_aircraft_weather,Aircraft-Aircraft oper/perf/capability,12,damage_subs,1.168882344068431
2025,event_aircraft_weather,Aircraft-Aircraft oper/perf/capability,13,light_cond_dayl sky_cond_nonceil_cler,1.1648846050134787
2025,event_aircraft_weather,Aircraft-Aircraft oper/perf/capability,14,wind_dir_deg_240,1.1326149185607546
2025,event_aircraft_weather,Aircraft-Aircraft oper/perf/capability,15,wind_vel_kts_10 gust_kts_16,1.1064838741983742
2025,event_aircraft_weather,Aircraft-Aircraft power plant,1,wind_vel_kts_3,1.4947561101335212
2025,event_aircraft_weather,Aircraft-Aircraft power plant,2,ev_month_9 ev_state_tn,1.4888260046831228
2025,event_aircraft_weather,Aircraft-Aircraft power plant,3,ev_month_11 ev_state_fl,1.4409487145750064
2025,event_aircraft_weather,Aircraft-Aircraft power plant,4,ev_country_usa ev_highest_injury_minr,1.4356107808950638
2025,event_aircraft_weather,Aircraft-Aircraft power plant,5,wind_vel_kts_3 gust_kts_0,1.4322971227089598
2025,event_aircraft_weather,Aircraft-Aircraft power plant,6,wx_temp_75 wx_dew_pt_55,1.420852018118136
2025,event_aircraft_weather,Aircraft-Aircraft power plant,7,ev_highest_injury_minr,1.416878567028931
2025,event_aircraft_weather,Aircraft-Aircraft power plant,8,ev_highest_injury_minr inj_tot_f_0,1.416878567028931
2025,event_aircraft_weather,Aircraft-Aircraft power plant,9,altimeter_0_0 wx_cond_basic_unk,1.4020122578059968
2025,event_aircraft_weather,Aircraft-Aircraft power plant,10,ev_month_9 ev_state_pa,1.3477393446386032
2025,event_aircraft_weather,Aircraft-Aircraft power plant,11,wx_dew_pt_77 wind_dir_deg_240,1.2716052274728153
2025,event_aircraft_weather,Aircraft-Aircraft power plant,12,ev_month_7 ev_state_ca,1.2544166022106442
2025,event_aircraft_weather,Aircraft-Aircraft power plant,13,wind_dir_deg_180 wind_vel_kts_8,1.2479570706341443
2025,event_aircraft_weather,Aircraft-Aircraft power plant,14,wind_dir_deg_310 wind_vel_kts_4,1.2038720164648338
2025,event_aircraft_weather,Aircraft-Aircraft power plant,15,sky_cond_nonceil_missing sky_cond_ceil_none,1.2008665796252076
2025,event_aircraft_weather,Aircraft-Aircraft propeller/rotor,1,acft_category_heli,8.827099869655772
2025,event_aircraft_weather,Aircraft-Aircraft propeller/rotor,2,acft_make_bell_helicopter_textron_canada,2.5586636304565435
2025,event_aircraft_weather,Aircraft-Aircraft propeller/rotor,3,acft_make_eurocopter_deutschland_gmbh,2.4626780490078826
2025,event_aircraft_weather,Aircraft-Aircraft propeller/rotor,4,damage_subs acft_make_eurocopter_deutschland_gmbh,2.4626780490078826
2025,event_aircraft_weather,Aircraft-Aircraft propeller/rotor,5,ev_state_ca ev_country_usa,2.443928865361423
2025,event_aircraft_weather,Aircraft-Aircraft propeller/rotor,6,ev_state_ca,2.443928865361423
2025,event_aircraft_weather,Aircraft-Aircraft propeller/rotor,7,wind_dir_deg_50,2.2599054868504056
2025,event_aircraft_weather,Aircraft-Aircraft propeller/rotor,8,acft_make_hughes,2.198844806897605
2025,event_aircraft_weather,Aircraft-Aircraft propeller/rotor,9,wx_temp_61 wx_dew_pt_27,2.058091408488759
2025,event_aircraft_weather,Aircraft-Aircraft propeller/rotor,10,damage_subs acft_make_bell_helicopter_textron_canada,2.0520992652403747
2025,event_aircraft_weather,Aircraft-Aircraft propeller/rotor,11,wx_dew_pt_64 wind_dir_deg_30,2.045493706486424
2025,event_aircraft_weather,Aircraft-Aircraft propeller/rotor,12,wind_dir_deg_240 wind_vel_kts_4,2.0439666631418008
2025,event_aircraft_weather,Aircraft-Aircraft propeller/rotor,13,acft_make_hiller,2.020442094329886
2025,event_aircraft_weather,Aircraft-Aircraft propeller/rotor,14,damage_subs acft_make_enstrom,2.0085382321090774
2025,event_aircraft_weather,Aircraft-Aircraft propeller/rotor,15,ev_month_8 ev_state_ca,1.9747772048555396
2025,event_aircraft_weather,Aircraft-Aircraft structures,1,wx_temp_84 wx_dew_pt_68,2.882919174680886
2025,event_aircraft_weather,Aircraft-Aircraft structures,2,num_eng_4,2.7523597259160524
2025,event_aircraft_weather,Aircraft-Aircraft structures,3,num_eng_4 phase_flt_spec_missing,2.7523597259160524
2025,event_aircraft_weather,Aircraft-Aircraft structures,4,wx_temp_43 wx_dew_pt_19,2.314419387684647
2025,event_aircraft_weather,Aircraft-Aircraft structures,5,wind_dir_deg_120 wind_vel_kts_6,2.260174202506762
2025,event_aircraft_weather,Aircraft-Aircraft structures,6,ev_month_5 ev_state_mo,2.233825086767387
2025,event_aircraft_weather,Aircraft-Aircraft structures,7,damage_subs acft_make_boeing,2.214105613159046
2025,event_aircraft_weather,Aircraft-Aircraft structures,8,acft_category_air cert_max_gr_wt_1370,2.170568164525848
2025,event_aircraft_weather,Aircraft-Aircraft structures,9,acft_model_lancair_evolution,2.086974660465297
2025,event_aircraft_weather,Aircraft-Aircraft structures,10,acft_model_lancair_evolution acft_category_air,2.086974660465297
2025,event_aircraft_weather,Aircraft-Aircraft structures,11,wx_temp_79 wx_dew_pt_64,2.0330739907581195
2025,event_aircraft_weather,Aircraft-Aircraft structures,12,wx_temp_63 wx_dew_pt_43,2.0299983519352374
2025,event_aircraft_weather,Aircraft-Aircraft structures,13,ev_month_4 ev_state_ma,2.01051280010747
2025,event_aircraft_weather,Aircraft-Aircraft structures,14,wind_dir_deg_30,2.0002064496447907
2025,event_aircraft_weather,Aircraft-Aircraft structures,15,phase_flt_spec_missing light_cond_nr,1.9520988615515533
2025,event_aircraft_weather,Aircraft-Aircraft systems,1,num_eng_2,2.846530020158821
2025,event_aircraft_weather,Aircraft-Aircraft systems,2,num_eng_2 phase_flt_spec_missing,2.846530020158821
2025,event_aircraft_weather,Aircraft-Aircraft systems,3,wind_dir_deg_230 wind_vel_kts_4,1.4529745321178393
2025,event_aircraft_weather,Aircraft-Aircraft systems,4,acft_make_beech,1.4135289178277448
2025,event_aircraft_weather,Aircraft-Aircraft systems,5,acft_model_210,1.3685200644327005
2025,event_aircraft_weather,Aircraft-Aircraft systems,6,acft_model_210 acft_category_air,1.3685200644327005
2025,event_aircraft_weather,Aircraft-Aircraft systems,7,acft_make_cessna acft_model_210,1.3685200644327005
2025,event_aircraft_weather,Aircraft-Aircraft systems,8,wx_dew_pt_64,1.3579933341483421
2025,event_aircraft_weather,Aircraft-Aircraft systems,9,ev_month_10,1.3043198640813585
2025,event_aircraft_weather,Aircraft-Aircraft systems,10,wx_dew_pt_68 wind_dir_deg_0,1.2909756936076928
2025,event_aircraft_weather,Aircraft-Aircraft systems,11,vis_sm_10_0 wx_temp_0,1.2828358040537753
2025,event_aircraft_weather,Aircraft-Aircraft systems,12,wx_temp_72,1.2490682222997571
2025,event_aircraft_weather,Aircraft-Aircraft systems,13,wx_dew_pt_72 wind_dir_deg_80,1.2472308785409454
2025,event_aircraft_weather,Aircraft-Aircraft systems,14,acft_make_cessna acft_model_r182,1.2447715033652895
2025,event_aircraft_weather,Aircraft-Aircraft systems,15,acft_model_r182 acft_category_air,1.2447715033652895
2025,event_aircraft_weather,Aircraft-Fluids/misc hardware,1,damage_subs acft_make_piper,2.8736112855515685
2025,event_aircraft_weather,Aircraft-Fluids/misc hardware,2,acft_make_piper,2.474781007819488
2025,event_aircraft_weather,Aircraft-Fluids/misc hardware,3,acft_make_beech,1.865996918335503
2025,event_aircraft_weather,Aircraft-Fluids/misc hardware,4,damage_subs acft_make_beech,1.8527536395235882
2025,event_aircraft_weather,Aircraft-Fluids/misc hardware,5,wind_dir_deg_40 wind_vel_kts_9,1.7305372401598569
2025,event_aircraft_weather,Aircraft-Fluids/misc hardware,6,gust_kts_0,1.6902547743138638
2025,event_aircraft_weather,Aircraft-Fluids/misc hardware,7,gust_kts_0 altimeter_29_8700008392334,1.6723139243512446
2025,event_aircraft_weather,Aircraft-Fluids/misc hardware,8,acft_category_air cert_max_gr_wt_missing,1.5987289358112744
2025,event_aircraft_weather,Aircraft-Fluids/misc hardware,9,vis_sm_missing wx_temp_75,1.5798551667539549
2025,event_aircraft_weather,Aircraft-Fluids/misc hardware,10,acft_category_air,1.5430602083541565
2025,event_aircraft_weather,Aircraft-Fluids/misc hardware,11,damage_subs acft_make_cessna,1.5315251674148223
2025,event_aircraft_weather,Aircraft-Fluids/misc hardware,12,ev_month_7 ev_state_oh,1.5049209063943125
2025,event_aircraft_weather,Aircraft-Fluids/misc hardware,13,inj_tot_f_1 inj_tot_s_1,1.5014466225835685
2025,event_aircraft_weather,Aircraft-Fluids/misc hardware,14,inj_tot_s_1 damage_subs,1.4813519563354067
2025,event_aircraft_weather,Aircraft-Fluids/misc hardware,15,acft_make_cessna acft_model_310,1.461178096191442
2025,event_aircraft_weather,Environmental issues-Conditions/weather/phenomena,1,wx_cond_basic_imc,6.335620022468958
2025,event_aircraft_weather,Environmental issues-Conditions/weather/phenomena,2,inj_tot_s_1 damage_missing,3.079462707690121
2025,event_aircraft_weather,Environmental issues-Conditions/weather/phenomena,3,damage_missing,1.7727965059388366
2025,event_aircraft_weather,Environmental issues-Conditions/weather/phenomena,4,gust_kts_21,1.765943001754142
2025,event_aircraft_weather,Environmental issues-Conditions/weather/phenomena,5,damage_missing acft_make_boeing,1.7537200067867305
2025,event_aircraft_weather,Environmental issues-Conditions/weather/phenomena,6,light_cond_ndrk,1.6545422670532919
2025,event_aircraft_weather,Environmental issues-Conditions/weather/phenomena,7,phase_flt_spec_missing light_cond_ndrk,1.6545422670532919
2025,event_aircraft_weather,Environmental issues-Conditions/weather/phenomena,8,wx_cond_basic_unk,1.588588524362119
2025,event_aircraft_weather,Environmental issues-Conditions/weather/phenomena,9,gust_kts_15,1.546677038776765
2025,event_aircraft_weather,Environmental issues-Conditions/weather/phenomena,10,gust_kts_20,1.503324083499097
2025,event_aircraft_weather,Environmental issues-Conditions/weather/phenomena,11,gust_kts_16,1.5007014700965666
2025,event_aircraft_weather,Environmental issues-Conditions/weather/phenomena,12,sky_cond_ceil_ovc,1.4947595615064282
2025,event_aircraft_weather,Environmental issues-Conditions/weather/phenomena,13,acft_model_pa_18_150,1.4466373838290272
2025,event_aircraft_weather,Environmental issues-Conditions/weather/phenomena,14,acft_model_pa_18_150 acft_category_air,1.4466373838290272
2025,event_aircraft_weather,Environmental issues-Conditions/weather/phenomena,15,light_cond_nite,1.411415869819611
2025,event_aircraft_weather,Environmental issues-Operating environment,1,wx_dew_pt_64 wind_dir_deg_0,2.804277115760352
2025,event_aircraft_weather,Environmental issues-Operating environment,2,light_cond_nite sky_cond_nonceil_cler,2.7945679300574873
2025,event_aircraft_weather,Environmental issues-Operating environment,3,light_cond_nite,2.736104667569222
2025,event_aircraft_weather,Environmental issues-Operating environment,4,phase_flt_spec_missing light_cond_nite,2.736104667569222
2025,event_aircraft_weather,Environmental issues-Operating environment,5,vis_sm_9_0 wx_temp_84,2.691231889001792
2025,event_aircraft_weather,Environmental issues-Operating environment,6,wx_dew_pt_2,2.6732748525086376
2025,event_aircraft_weather,Environmental issues-Operating environment,7,wx_temp_46,2.4509534654409397
2025,event_aircraft_weather,Environmental issues-Operating environment,8,wx_dew_pt_55 wind_dir_deg_300,2.432371609796092
2025,event_aircraft_weather,Environmental issues-Operating environment,9,ev_state_ok ev_country_usa,2.336836862204987
2025,event_aircraft_weather,Environmental issues-Operating environment,10,ev_state_ok,2.336836862204987
2025,event_aircraft_weather,Environmental issues-Operating environment,11,ev_month_7 ev_state_fl,2.3341455122719736
2025,event_aircraft_weather,Environmental issues-Operating environment,12,gust_kts_12,2.3182828206641264
2025,event_aircraft_weather,Environmental issues-Operating environment,13,wx_temp_77 wx_dew_pt_77,2.3036590695951835
2025,event_aircraft_weather,Environmental issues-Operating environment,14,wx_dew_pt_77 wind_dir_deg_40,2.2896247437188775
2025,event_aircraft_weather,Environmental issues-Operating environment,15,damage_subs acft_make_air_tractor_inc,2.264350691420507
2025,event_aircraft_weather,Environmental issues-Physical environment,1,acft_category_heli,1.7588005652089573
2025,event_aircraft_weather,Environmental issues-Physical environment,2,ev_month_7 ev_state_ak,1.5467695846193754
2025,event_aircraft_weather,Environmental issues-Physical environment,3,vis_sm_10_0 wx_temp_54,1.4128006707805265
2025,event_aircraft_weather,Environmental issues-Physical environment,4,gust_kts_0,1.2943821100835613
2025,event_aircraft_weather,Environmental issues-Physical environment,5,ev_state_ak,1.215550916801504
2025,event_aircraft_weather,Environmental issues-Physical environment,6,ev_state_ak ev_country_usa,1.215550916801504
2025,event_aircraft_weather,Environmental issues-Physical environment,7,wx_temp_68 wx_dew_pt_54,1.2028193626906922
2025,event_aircraft_weather,Environmental issues-Physical environment,8,wx_dew_pt_23,1.2001878516696018
2025,event_aircraft_weather,Environmental issues-Physical environment,9,ev_month_10 ev_state_sc,1.176723054966837
2025,event_aircraft_weather,Environmental issues-Physical environment,10,wind_vel_kts_11 gust_kts_16,1.1756334649848286
2025,event_aircraft_weather,Environmental issues-Physical environment,11,wx_dew_pt_1,1.1753607896094855
2025,event_aircraft_weather,Environmental issues-Physical environment,12,damage_subs acft_make_air_tractor_inc,1.1310893401501825
2025,event_aircraft_weather,Environmental issues-Physical environment,13,wind_vel_kts_14 gust_kts_0,1.1208388934994369
2025,event_aircraft_weather,Environmental issues-Physical environment,14,ev_state_id ev_country_usa,1.1180906499820202
2025,event_aircraft_weather,Environmental issues-Physical environment,15,ev_state_id,1.1180906499820202
2025,event_aircraft_weather,Not determined-Not determined,1,inj_tot_s_0 damage_dest,2.5998580195176415
2025,event_aircraft_weather,Not determined-Not determined,2,damage_dest,2.5794605460516644
2025,event_aircraft_weather,Not determined-Not determined,3,wx_temp_81 wx_dew_pt_64,2.3931208674212705
2025,event_aircraft_weather,Not determined-Not determined,4,ev_month_1,2.0819244181003493
2025,event_aircraft_weather,Not determined-Not determined,5,wx_temp_90 wx_dew_pt_52,2.0136871914832177
2025,event_aircraft_weather,Not determined-Not determined,6,sky_cond_nonceil_few sky_cond_ceil_none,1.894540675454595
2025,event_aircraft_weather,Not determined-Not determined,7,wx_temp_75 wx_dew_pt_63,1.8297362782616178
2025,event_aircraft_weather,Not determined-Not determined,8,gust_kts_0 altimeter_30_1200008392334,1.7782579067405013
2025,event_aircraft_weather,Not determined-Not determined,9,wx_temp_88 wx_dew_pt_59,1.7463039815217145
2025,event_aircraft_weather,Not determined-Not determined,10,wind_dir_deg_350 wind_vel_kts_5,1.745746487222007
2025,event_aircraft_weather,Not determined-Not determined,11,ev_month_8,1.7160211443843472
2025,event_aircraft_weather,Not determined-Not determined,12,wx_temp_66 wx_dew_pt_23,1.7046644382516516
2025,event_aircraft_weather,Not determined-Not determined,13,wind_dir_deg_10,1.6968962333867244
2025,event_aircraft_weather,Not determined-Not determined,14,acft_model_210 acft_category_air,1.6583773753734914
2025,event_aircraft_weather,Not determined-Not determined,15,acft_make_cessna acft_model_210,1.6583773753734914
2025,event_aircraft_weather,Organizational issues-Development,1,inj_tot_s_0 damage_minr,3.7692985772716963
2025,event_aircraft_weather,Organizational issues-Development,2,wx_temp_91 wx_dew_pt_64,3.6308607409723743
2025,event_aircraft_weather,Organizational issues-Development,3,damage_minr,3.2994201923833826
2025,event_aircraft_weather,Organizational issues-Development,4,wind_dir_deg_290 wind_vel_kts_10,3.022443162361264
2025,event_aircraft_weather,Organizational issues-Development,5,wx_dew_pt_57 wind_dir_deg_340,2.5076946688601964
2025,event_aircraft_weather,Organizational issues-Development,6,vis_sm_10_0 wx_temp_37,2.4490130317533843
2025,event_aircraft_weather,Organizational issues-Development,7,wx_dew_pt_19 wind_dir_deg_290,2.4117935068331335
2025,event_aircraft_weather,Organizational issues-Development,8,wx_dew_pt_12 wind_dir_deg_170,2.3111392497392087
2025,event_aircraft_weather,Organizational issues-Development,9,damage_minr acft_make_boeing,2.3011829469648415
2025,event_aircraft_weather,Organizational issues-Development,10,wx_dew_pt_63 wind_dir_deg_270,2.2959834771647682
2025,event_aircraft_weather,Organizational issues-Development,11,wx_temp_64 wx_dew_pt_19,2.270917575239761
2025,event_aircraft_weather,Organizational issues-Development,12,ev_month_7 ev_state_md,2.2680950007262224
2025,event_aircraft_weather,Organizational issues-Development,13,wx_temp_37,2.2350071599530272
2025,event_aircraft_weather,Organizational issues-Development,14,wx_temp_37 wx_dew_pt_12,2.2272364813947547
2025,event_aircraft_weather,Organizational issues-Development,15,acft_category_air cert_max_gr_wt_1320,2.2207877050448177
2025,event_aircraft_weather,Organizational issues-Management,1,wx_temp_34,3.4187597520928352
2025,event_aircraft_weather,Organizational issues-Management,2,num_eng_2 phase_flt_spec_missing,3.063454200752702
2025,event_aircraft_weather,Organizational issues-Management,3,num_eng_2,3.063454200752702
2025,event_aircraft_weather,Organizational issues-Management,4,acft_make_boeing,3.044521198282866
2025,event_aircraft_weather,Organizational issues-Management,5,damage_subs acft_make_airbus_helicopters,2.7721875194012306
2025,event_aircraft_weather,Organizational issues-Management,6,ev_month_9 ev_state_ny,2.617065998183032
2025,event_aircraft_weather,Organizational issues-Management,7,acft_make_airbus_helicopters,2.575248128868352
2025,event_aircraft_weather,Organizational issues-Management,8,vis_sm_10_0 wx_temp_34,2.557462411761691
2025,event_aircraft_weather,Organizational issues-Management,9,inj_tot_f_7,2.441763560241845
2025,event_aircraft_weather,Organizational issues-Management,10,inj_tot_f_7 inj_tot_s_0,2.441763560241845
2025,event_aircraft_weather,Organizational issues-Management,11,ev_highest_injury_fatl inj_tot_f_7,2.441763560241845
2025,event_aircraft_weather,Organizational issues-Management,12,acft_category_air cert_max_gr_wt_8000,2.4355081676819896
2025,event_aircraft_weather,Organizational issues-Management,13,cert_max_gr_wt_8000,2.4355081676819896
2025,event_aircraft_weather,Organizational issues-Management,14,ev_highest_injury_fatl inj_tot_f_6,2.2965984888317283
2025,event_aircraft_weather,Organizational issues-Management,15,inj_tot_f_6,2.2965984888317283
2025,event_aircraft_weather,Organizational issues-Support/oversight/monitoring,1,acft_make_boeing,5.086301253851007
2025,event_aircraft_weather,Organizational issues-Support/oversight/monitoring,2,inj_tot_f_6 inj_tot_s_0,2.80912498498687
2025,event_aircraft_weather,Organizational issues-Support/oversight/monitoring,3,ev_highest_injury_fatl inj_tot_f_6,2.80912498498687
2025,event_aircraft_weather,Organizational issues-Support/oversight/monitoring,4,inj_tot_f_6,2.80912498498687
2025,event_aircraft_weather,Organizational issues-Support/oversight/monitoring,5,wx_dew_pt_28,2.7322700024536246
2025,event_aircraft_weather,Organizational issues-Support/oversight/monitoring,6,wx_temp_72 wx_dew_pt_64,2.5843704999482835
2025,event_aircraft_weather,Organizational issues-Support/oversight/monitoring,7,wind_dir_deg_300 wind_vel_kts_7,2.519766494644156
2025,event_aircraft_weather,Organizational issues-Support/oversight/monitoring,8,num_eng_2 phase_flt_spec_missing,2.495525934783911
2025,event_aircraft_weather,Organizational issues-Support/oversight/monitoring,9,num_eng_2,2.495525934783911
2025,event_aircraft_weather,Organizational issues-Support/oversight/monitoring,10,acft_model_rv_6,2.4953992844088915
2025,event_aircraft_weather,Organizational issues-Support/oversight/monitoring,11,acft_model_rv_6 acft_category_air,2.4953992844088915
2025,event_aircraft_weather,Organizational issues-Support/oversight/monitoring,12,wx_temp_34,2.3687461680087414
2025,event_aircraft_weather,Organizational issues-Support/oversight/monitoring,13,ev_highest_injury_fatl,2.3664879624255595
2025,event_aircraft_weather,Organizational issues-Support/oversight/monitoring,14,ev_country_usa ev_highest_injury_fatl,2.3664879624255595
2025,event_aircraft_weather,Organizational issues-Support/oversight/monitoring,15,damage_missing acft_make_boeing,2.3318334588055776
2025,event_aircraft_weather,Personnel issues-Action/decision,1,wx_cond_basic_imc,2.6856648083246473
2025,event_aircraft_weather,Personnel issues-Action/decision,2,inj_tot_s_0 damage_missing,1.549997869028601
2025,event_aircraft_weather,Personnel issues-Action/decision,3,acft_category_heli cert_max_gr_wt_missing,1.2592869338340484
2025,event_aircraft_weather,Personnel issues-Action/decision,4,vis_sm_3_0,1.234209947079759
2025,event_aircraft_weather,Personnel issues-Action/decision,5,light_cond_nite sky_cond_nonceil_missing,1.1929742548856275
2025,event_aircraft_weather,Personnel issues-Action/decision,6,wind_dir_deg_230,1.175528186182501
2025,event_aircraft_weather,Personnel issues-Action/decision,7,ev_month_10 ev_state_fl,1.1312394408984878
2025,event_aircraft_weather,Personnel issues-Action/decision,8,num_eng_2,1.1154276984018132
2025,event_aircraft_weather,Personnel issues-Action/decision,9,num_eng_2 phase_flt_spec_missing,1.1154276984018132
2025,event_aircraft_weather,Personnel issues-Action/decision,10,wx_temp_75 wx_dew_pt_45,1.0844975863791468
2025,event_aircraft_weather,Personnel issues-Action/decision,11,gust_kts_0 altimeter_29_709999084472656,1.021503769497004
2025,event_aircraft_weather,Personnel issues-Action/decision,12,vis_sm_10_0 wx_temp_79,1.0142958007517522
2025,event_aircraft_weather,Personnel issues-Action/decision,13,wind_dir_deg_100,1.0009603057967733
2025,event_aircraft_weather,Personnel issues-Action/decision,14,vis_sm_5_0,0.9874779611804831
2025,event_aircraft_weather,Personnel issues-Action/decision,15,wx_dew_pt_63 wind_dir_deg_200,0.917915029612586
2025,event_aircraft_weather,Personnel issues-Experience/knowledge,1,wx_cond_basic_imc,3.76038632696055
2025,event_aircraft_weather,Personnel issues-Experience/knowledge,2,wx_dew_pt_46,2.6495456392870933
2025,event_aircraft_weather,Personnel issues-Experience/knowledge,3,ev_country_usa ev_highest_injury_fatl,2.3330248240829836
2025,event_aircraft_weather,Personnel issues-Experience/knowledge,4,ev_highest_injury_fatl,2.3330248240829836
2025,event_aircraft_weather,Personnel issues-Experience/knowledge,5,sky_cond_ceil_ovc,2.2875240684695126
2025,event_aircraft_weather,Personnel issues-Experience/knowledge,6,ev_month_12 ev_state_fl,2.286475848945996
2025,event_aircraft_weather,Personnel issues-Experience/knowledge,7,acft_category_wsft,2.199294012315975
2025,event_aircraft_weather,Personnel issues-Experience/knowledge,8,vis_sm_10_0 wx_temp_34,2.169146261899531
2025,event_aircraft_weather,Personnel issues-Experience/knowledge,9,vis_sm_10_0 wx_temp_72,2.1584410043204674
2025,event_aircraft_weather,Personnel issues-Experience/knowledge,10,sky_cond_ceil_bkn vis_sm_missing,2.1100348092236954
2025,event_aircraft_weather,Personnel issues-Experience/knowledge,11,wx_temp_72 wx_dew_pt_45,2.079350061183552
2025,event_aircraft_weather,Personnel issues-Experience/knowledge,12,wx_temp_37 wx_dew_pt_12,2.0381252446217
2025,event_aircraft_weather,Personnel issues-Experience/knowledge,13,wind_dir_deg_210 wind_vel_kts_8,2.002452929259745
2025,event_aircraft_weather,Personnel issues-Experience/knowledge,14,sky_cond_ceil_none vis_sm_6_0,1.9348246716178905
2025,event_aircraft_weather,Personnel issues-Experience/knowledge,15,ev_month_8 ev_state_ak,1.9163044737309811
2025,event_aircraft_weather,Personnel issues-Physical,1,ev_highest_injury_fatl,4.616672619390562
2025,event_aircraft_weather,Personnel issues-Physical,2,ev_country_usa ev_highest_injury_fatl,4.616672619390562
2025,event_aircraft_weather,Personnel issues-Physical,3,inj_tot_f_1 inj_tot_s_0,3.5793584012212825
2025,event_aircraft_weather,Personnel issues-Physical,4,ev_highest_injury_fatl inj_tot_f_1,2.7929180051399682
2025,event_aircraft_weather,Personnel issues-Physical,5,inj_tot_f_1,2.7929180051399682
2025,event_aircraft_weather,Personnel issues-Physical,6,wx_dew_pt_73,2.7807520822843332
2025,event_aircraft_weather,Personnel issues-Physical,7,wx_temp_75 wx_dew_pt_54,2.4960664793465868
2025,event_aircraft_weather,Personnel issues-Physical,8,damage_subs acft_make_cub_crafters_inc,2.322971239257349
2025,event_aircraft_weather,Personnel issues-Physical,9,acft_make_cub_crafters_inc,2.322971239257349
2025,event_aircraft_weather,Personnel issues-Physical,10,ev_month_9 ev_state_wy,2.3095064618466856
2025,event_aircraft_weather,Personnel issues-Physical,11,vis_sm_10_0 wx_temp_23,2.1066595167485365
2025,event_aircraft_weather,Personnel issues-Physical,12,wx_temp_23,2.0613552599780522
2025,event_aircraft_weather,Personnel issues-Physical,13,wx_temp_57 wx_dew_pt_34,2.047625949615717
2025,event_aircraft_weather,Personnel issues-Physical,14,sky_cond_ceil_ovc vis_sm_6_0,1.9541423683976828
2025,event_aircraft_weather,Personnel issues-Physical,15,acft_make_robinson,1.910195218563769
2025,event_aircraft_weather,Personnel issues-Psychological,1,acft_category_heli,2.8741306280938783
2025,event_aircraft_weather,Personnel issues-Psychological,2,wx_cond_basic_imc,2.5927036611275707
2025,event_aircraft_weather,Personnel issues-Psychological,3,inj_tot_s_0 damage_minr,2.3553046953750423
2025,event_aircraft_weather,Personnel issues-Psychological,4,damage_minr,1.9794320947957231
2025,event_aircraft_weather,Personnel issues-Psychological,5,ev_month_7 ev_state_ak,1.7711695813278452
2025,event_aircraft_weather,Personnel issues-Psychological,6,ev_month_2 ev_state_tx,1.724685611910601
2025,event_aircraft_weather,Personnel issues-Psychological,7,ev_month_5 ev_state_ks,1.714432943446703
2025,event_aircraft_weather,Personnel issues-Psychological,8,ev_month_7 ev_state_wi,1.7143176081975606
2025,event_aircraft_weather,Personnel issues-Psychological,9,light_cond_nite,1.6817346018556927
2025,event_aircraft_weather,Personnel issues-Psychological,10,phase_flt_spec_missing light_cond_nite,1.6817346018556927
2025,event_aircraft_weather,Personnel issues-Psychological,11,ev_highest_injury_fatl,1.5911607819993079
2025,event_aircraft_weather,Personnel issues-Psychological,12,ev_country_usa ev_highest_injury_fatl,1.5911607819993079
2025,event_aircraft_weather,Personnel issues-Psychological,13,wx_dew_pt_57 wind_dir_deg_0,1.5686311160241282
2025,event_aircraft_weather,Personnel issues-Psychological,14,ev_state_az,1.5626485639072634
2025,event_aircraft_weather,Personnel issues-Psychological,15,ev_state_az ev_country_usa,1.5626485639072634
2025,event_aircraft_weather,Personnel issues-Task performance,1,ev_month_6,1.4786052109893322
2025,event_aircraft_weather,Personnel issues-Task performance,2,wx_dew_pt_45,1.238810129923893
2025,event_aircraft_weather,Personnel issues-Task performance,3,damage_subs,1.0822039604556786
2025,event_aircraft_weather,Personnel issues-Task performance,4,gust_kts_20,1.0791112441471034
2025,event_aircraft_weather,Personnel issues-Task performance,5,wind_vel_kts_13,1.069984297417485
2025,event_aircraft_weather,Personnel issues-Task performance,6,ev_state_nv,1.0469361860978412
2025,event_aircraft_weather,Personnel issues-Task performance,7,ev_state_nv ev_country_usa,1.0469361860978412
2025,event_aircraft_weather,Personnel issues-Task performance,8,acft_category_air cert_max_gr_wt_2000,0.9880954074287985
2025,event_aircraft_weather,Personnel issues-Task performance,9,inj_tot_s_1 damage_subs,0.9694040894170298
2025,event_aircraft_weather,Personnel issues-Task performance,10,wx_dew_pt_45 wind_dir_deg_0,0.9615536166419992
2025,event_aircraft_weather,Personnel issues-Task performance,11,cert_max_gr_wt_2000,0.9576503169211422
2025,event_aircraft_weather,Personnel issues-Task performance,12,ev_month_6 ev_state_fl,0.9422912449141292
2025,event_aircraft_weather,Personnel issues-Task performance,13,ev_month_4,0.9380605833597399
2025,event_aircraft_weather,Personnel issues-Task performance,14,vis_sm_10_0 wx_temp_0,0.8705999154127465
2025,event_aircraft_weather,Personnel issues-Task performance,15,cert_max_gr_wt_2000 num_eng_1,0.8660512415158184
2025,preliminary,Aircraft-Aircraft handling/service,1,wx_temp_64 wx_dew_pt_54,3.072114914071953
2025,preliminary,Aircraft-Aircraft handling/service,2,wind_dir_deg_40,2.5196548065062276
2025,preliminary,Aircraft-Aircraft handling/service,3,wx_temp_66 wx_dew_pt_46,2.5050308558732115
2025,preliminary,Aircraft-Aircraft handling/service,4,inspection,2.4802257995289034
2025,preliminary,Aircraft-Aircraft handling/service,5,acft_make_textron_aviation_inc acft_model_172s,2.455438251868184
2025,preliminary,Aircraft-Aircraft handling/service,6,wind_dir_deg_310 wind_vel_kts_6,2.403248065438815
2025,preliminary,Aircraft-Aircraft handling/service,7,wind_dir_deg_40 wind_vel_kts_4,2.344869822888776
2025,preliminary,Aircraft-Aircraft handling/service,8,ev_month_12 ev_state_tx,2.2406530016554087
2025,preliminary,Aircraft-Aircraft handling/service,9,annual,2.1729947874616933
2025,preliminary,Aircraft-Aircraft handling/service,10,wx_dew_pt_59,2.1592347719587615
2025,preliminary,Aircraft-Aircraft handling/service,11,ev_month_12 ev_state_tn,2.0871501254200897
2025,preliminary,Aircraft-Aircraft handling/service,12,wx_dew_pt_28 wind_dir_deg_0,2.0670835188581433
2025,preliminary,Aircraft-Aircraft handling/service,13,altimeter_29_799999237060547,2.0255669666212937
2025,preliminary,Aircraft-Aircraft handling/service,14,damage_subs acft_make_textron_aviation_inc,1.9856712156370075
2025,preliminary,Aircraft-Aircraft handling/service,15,vis_sm_0_75,1.9735467590939317
2025,preliminary,Aircraft-Aircraft oper/perf/capability,1,runway,2.058698290488679
2025,preliminary,Aircraft-Aircraft oper/perf/capability,2,wind,1.6822830742115176
2025,preliminary,Aircraft-Aircraft oper/perf/capability,3,ev_month_4,1.6765072680916577
2025,preliminary,Aircraft-Aircraft oper/perf/capability,4,damage_subs,1.6717599709643638
2025,preliminary,Aircraft-Aircraft oper/perf/capability,5,num_eng_1 phase_flt_spec_missing,1.486629439909625
2025,preliminary,Aircraft-Aircraft oper/perf/capability,6,num_eng_1,1.486629439909625
2025,preliminary,Aircraft-Aircraft oper/perf/capability,7,nose,1.431837404623084
2025,preliminary,Aircraft-Aircraft oper/perf/capability,8,stall,1.3883486489282646
2025,preliminary,Aircraft-Aircraft oper/perf/capability,9,inj_tot_s_0 damage_subs,1.3220986424504049
2025,preliminary,Aircraft-Aircraft oper/perf/capability,10,weight,1.3006567066918169
2025,preliminary,Aircraft-Aircraft oper/perf/capability,11,wind_vel_kts_10 gust_kts_16,1.2009068558160325
2025,preliminary,Aircraft-Aircraft oper/perf/capability,12,light_cond_dayl sky_cond_nonceil_cler,1.1936095361004344
2025,preliminary,Aircraft-Aircraft oper/perf/capability,13,airspeed,1.1783222566424554
2025,preliminary,Aircraft-Aircraft oper/perf/capability,14,ev_state_wy ev_country_usa,1.1358007972539477
2025,preliminary,Aircraft-Aircraft oper/perf/capability,15,ev_state_wy,1.1358007972539477
2025,preliminary,Aircraft-Aircraft power plant,1,engine,5.793517904056348
2025,preliminary,Aircraft-Aircraft power plant,2,oil,3.4451964364008947
2025,preliminary,Aircraft-Aircraft power plant,3,cylinder,3.27184772426133
2025,preliminary,Aircraft-Aircraft power plant,4,power,2.84565897424973
2025,preliminary,Aircraft-Aircraft power plant,5,exhaust,2.593785281430932
2025,preliminary,Aircraft-Aircraft power plant,6,magneto,2.384402443034115
2025,preliminary,Aircraft-Aircraft power plant,7,examination engine,2.250592490114707
2025,preliminary,Aircraft-Aircraft power plant,8,throttle,2.049239470361792
2025,preliminary,Aircraft-Aircraft power plant,9,crankshaft,1.9780803265183977
2025,preliminary,Aircraft-Aircraft power plant,10,overhaul,1.8950052711936012
2025,preliminary,Aircraft-Aircraft power plant,11,forced,1.8218550757054104
2025,preliminary,Aircraft-Aircraft power plant,12,forced landing,1.8077596083422958
2025,preliminary,Aircraft-Aircraft power plant,13,damage_dest,1.8051572292340468
2025,preliminary,Aircraft-Aircraft power plant,14,maintenance,1.7767549919708063
2025,preliminary,Aircraft-Aircraft power plant,15,engine power,1.734810993083709
2025,preliminary,Aircraft-Aircraft propeller/rotor,1,acft_category_heli,4.908654424624962
2025,preliminary,Aircraft-Aircraft propeller/rotor,2,rotor,3.941000787346872
2025,preliminary,Aircraft-Aircraft propeller/rotor,3,blade,3.890913137412945
2025,preliminary,Aircraft-Aircraft propeller/rotor,4,tail rotor,3.4522580243753254
2025,preliminary,Aircraft-Aircraft propeller/rotor,5,helicopter,3.291040637311696
2025,preliminary,Aircraft-Aircraft propeller/rotor,6,ev_month_8 ev_state_ca,3.1803626396599567
2025,preliminary,Aircraft-Aircraft propeller/rotor,7,blades,3.05186207095034
2025,preliminary,Aircraft-Aircraft propeller/rotor,8,propeller,2.953830964451194
2025,preliminary,Aircraft-Aircraft propeller/rotor,9,acft_make_hughes,2.778917080250332
2025,preliminary,Aircraft-Aircraft propeller/rotor,10,damage_subs acft_make_hughes,2.747367021362398
2025,preliminary,Aircraft-Aircraft propeller/rotor,11,tail,2.5150770835705694
2025,preliminary,Aircraft-Aircraft propeller/rotor,12,hub,2.327571176589003
2025,preliminary,Aircraft-Aircraft propeller/rotor,13,vis_sm_10_0 wx_temp_82,2.3120307639722117
2025,preliminary,Aircraft-Aircraft propeller/rotor,14,ev_month_8,2.1901551202617067
2025,preliminary,Aircraft-Aircraft propeller/rotor,15,propeller blades,2.1539583376012996
2025,preliminary,Aircraft-Aircraft structures,1,wx_temp_84 wx_dew_pt_68,2.7626208923605864
2025,preliminary,Aircraft-Aircraft structures,2,num_eng_4 phase_flt_spec_missing,2.6368337262460013
2025,preliminary,Aircraft-Aircraft structures,3,num_eng_4,2.6368337262460013
2025,preliminary,Aircraft-Aircraft structures,4,door,2.6153980708780247
2025,preliminary,Aircraft-Aircraft structures,5,damage_subs acft_make_boeing,2.5452781859509135
2025,preliminary,Aircraft-Aircraft structures,6,upper,2.454614339019596
2025,preliminary,Aircraft-Aircraft structures,7,separated,2.4540955096349646
2025,preliminary,Aircraft-Aircraft structures,8,latch,2.3974486776207597
2025,preliminary,Aircraft-Aircraft structures,9,fracture,2.3635375187916594
2025,preliminary,Aircraft-Aircraft structures,10,windshield,2.350242787229255
2025,preliminary,Aircraft-Aircraft structures,11,wind_dir_deg_120 wind_vel_kts_6,2.237461925847932
2025,preliminary,Aircraft-Aircraft structures,12,ev_month_5 ev_state_mo,2.170435697380471
2025,preliminary,Aircraft-Aircraft structures,13,acft_make_boeing,2.1488618830667705
2025,preliminary,Aircraft-Aircraft structures,14,structure,1.968298570223353
2025,preliminary,Aircraft-Aircraft structures,15,strut,1.904901470058215
2025,preliminary,Aircraft-Aircraft systems,1,landing gear,2.5927527602667313
2025,preliminary,Aircraft-Aircraft systems,2,brake,2.1906623475975935
2025,preliminary,Aircraft-Aircraft systems,3,gear,2.0697034012068567
2025,preliminary,Aircraft-Aircraft systems,4,num_eng_2 phase_flt_spec_missing,2.0674043934362687
2025,preliminary,Aircraft-Aircraft systems,5,num_eng_2,2.0674043934362687
2025,preliminary,Aircraft-Aircraft systems,6,electrical,1.9515917372192972
2025,preliminary,Aircraft-Aircraft systems,7,fitting,1.6873883837420791
2025,preliminary,Aircraft-Aircraft systems,8,assembly,1.6680283170203662
2025,preliminary,Aircraft-Aircraft systems,9,landing,1.6088352303513613
2025,preliminary,Aircraft-Aircraft systems,10,acft_make_beech,1.5873800315640185
2025,preliminary,Aircraft-Aircraft systems,11,vis_sm_10_0 wx_temp_0,1.5636536254812021
2025,preliminary,Aircraft-Aircraft systems,12,hydraulic,1.5590704601553442
2025,preliminary,Aircraft-Aircraft systems,13,handle,1.548555870064808
2025,preliminary,Aircraft-Aircraft systems,14,position,1.5320676970049554
2025,preliminary,Aircraft-Aircraft systems,15,acft_make_cessna acft_model_210,1.5317939914830923
2025,preliminary,Aircraft-Fluids/misc hardware,1,fuel,4.708641576315516
2025,preliminary,Aircraft-Fluids/misc hardware,2,tank,4.701675283702271
2025,preliminary,Aircraft-Fluids/misc hardware,3,gallons,3.508694588898762
2025,preliminary,Aircraft-Fluids/misc hardware,4,fuel tank,3.296734975810493
2025,preliminary,Aircraft-Fluids/misc hardware,5,tanks,2.7463491248082432
2025,preliminary,Aircraft-Fluids/misc hardware,6,damage_subs acft_make_piper,2.5550987791969564
2025,preliminary,Aircraft-Fluids/misc hardware,7,oil,2.454616714370462
2025,preliminary,Aircraft-Fluids/misc hardware,8,fuel tanks,2.359805437200306
2025,preliminary,Aircraft-Fluids/misc hardware,9,acft_make_piper,2.305217432483961
2025,preliminary,Aircraft-Fluids/misc hardware,10,quantity,1.8861159095233366
2025,preliminary,Aircraft-Fluids/misc hardware,11,ev_month_9,1.8230667968370435
2025,preliminary,Aircraft-Fluids/misc hardware,12,fluid,1.6445163630861
2025,preliminary,Aircraft-Fluids/misc hardware,13,leak,1.6395194043236452
2025,preliminary,Aircraft-Fluids/misc hardware,14,right fuel,1.634417503838738
2025,preliminary,Aircraft-Fluids/misc hardware,15,ev_month_3 ev_state_ca,1.6018694278881507
2025,preliminary,Environmental issues-Conditions/weather/phenomena,1,wind,3.5173326389685764
2025,preliminary,Environmental issues-Conditions/weather/phenomena,2,icing,3.183862459242885
2025,preliminary,Environmental issues-Conditions/weather/phenomena,3,inj_tot_s_1 damage_missing,2.926686712061874
2025,preliminary,Environmental issues-Conditions/weather/phenomena,4,weather,2.9114028837396266
2025,preliminary,Environmental issues-Conditions/weather/phenomena,5,conditions,2.7921494881479116
2025,preliminary,Environmental issues-Conditions/weather/phenomena,6,wx_cond_basic_imc,2.316507714013913
2025,preliminary,Environmental issues-Conditions/weather/phenomena,7,gust_kts_21,2.0789552056176195
2025,preliminary,Environmental issues-Conditions/weather/phenomena,8,damage_missing,2.002834476599611
2025,preliminary,Environmental issues-Conditions/weather/phenomena,9,carburetor,1.8493697937652993
2025,preliminary,Environmental issues-Conditions/weather/phenomena,10,meteorological,1.8275638113060328
2025,preliminary,Environmental issues-Conditions/weather/phenomena,11,knots,1.8238093938620281
2025,preliminary,Environmental issues-Conditions/weather/phenomena,12,carburetor heat,1.7906809664579397
2025,preliminary,Environmental issues-Conditions/weather/phenomena,13,crosswind,1.7685131588527012
2025,preliminary,Environmental issues-Conditions/weather/phenomena,14,damage_missing acft_make_boeing,1.7656912103854137
2025,preliminary,Environmental issues-Conditions/weather/phenomena,15,wx_dew_pt_28,1.7542314262335574
2025,preliminary,Environmental issues-Operating environment,1,wx_dew_pt_64 wind_dir_deg_0,3.063601126371986
2025,preliminary,Environmental issues-Operating environment,2,ev_month_7 ev_state_fl,2.8176259088933273
2025,preliminary,Environmental issues-Operating environment,3,ev_state_ok ev_country_usa,2.5983073047910072
2025,preliminary,Environmental issues-Operating environment,4,ev_state_ok,2.5983073047910072
2025,preliminary,Environmental issues-Operating environment,5,wind_dir_deg_180 wind_vel_kts_10,2.5725725151398793
2025,preliminary,Environmental issues-Operating environment,6,vis_sm_10_0 wx_temp_77,2.5665702827812584
2025,preliminary,Environmental issues-Operating environment,7,wind_vel_kts_11 gust_kts_0,2.414747858938713
2025,preliminary,Environmental issues-Operating environment,8,ev_state_of,2.394937882943704
2025,preliminary,Environmental issues-Operating environment,9,wx_temp_77,2.345875725825378
2025,preliminary,Environmental issues-Operating environment,10,wind_dir_deg_40 wind_vel_kts_3,2.277760603698804
2025,preliminary,Environmental issues-Operating environment,11,cert_max_gr_wt_2100,2.2513179068635867
2025,preliminary,Environmental issues-Operating environment,12,light_cond_nite sky_cond_nonceil_cler,2.232639720379139
2025,preliminary,Environmental issues-Operating environment,13,ev_month_6 ev_state_tx,2.1205045016300814
2025,preliminary,Environmental issues-Operating environment,14,damage_subs acft_make_air_tractor_inc,2.120310581373409
2025,preliminary,Environmental issues-Operating environment,15,wx_temp_72 wx_dew_pt_64,2.088678077888364
2025,preliminary,Environmental issues-Physical environment,1,acft_category_heli,2.0105208810393234
2025,preliminary,Environmental issues-Physical environment,2,powerlines,1.8678562143480912
2025,preliminary,Environmental issues-Physical environment,3,gust_kts_0,1.775705682522685
2025,preliminary,Environmental issues-Physical environment,4,terrain,1.7236245729228818
2025,preliminary,Environmental issues-Physical environment,5,ev_month_7 ev_state_ak,1.637055694015391
2025,preliminary,Environmental issues-Physical environment,6,power lines,1.602416902654451
2025,preliminary,Environmental issues-Physical environment,7,wind_vel_kts_14 gust_kts_0,1.37365196825765
2025,preliminary,Environmental issues-Physical environment,8,tree,1.3498704577107727
2025,preliminary,Environmental issues-Physical environment,9,acft_make_air_tractor_inc,1.333994390034028
2025,preliminary,Environmental issues-Physical environment,10,wx_cond_basic_vmc pilot,1.328118937378906
2025,preliminary,Environmental issues-Physical environment,11,wind_vel_kts_11 gust_kts_16,1.3261263539939177
2025,preliminary,Environmental issues-Physical environment,12,power line,1.2993739058079248
2025,preliminary,Environmental issues-Physical environment,13,wx_dew_pt_23,1.2855639749495102
2025,preliminary,Environmental issues-Physical environment,14,ev_state_ak,1.2817824929018955
2025,preliminary,Environmental issues-Physical environment,15,ev_state_ak ev_country_usa,1.2817824929018955
2025,preliminary,Not determined-Not determined,1,engine,2.5429602989087496
2025,preliminary,Not determined-Not determined,2,wx_temp_81 wx_dew_pt_64,2.425000597176948
2025,preliminary,Not determined-Not determined,3,fuel,2.339564355855477
2025,preliminary,Not determined-Not determined,4,wind_dir_deg_350 wind_vel_kts_5,2.2233765491104354
2025,preliminary,Not determined-Not determined,5,ev_country_usa ev_highest_injury_missing,1.9422240744612906
2025,preliminary,Not determined-Not determined,6,inj_tot_s_0 damage_dest,1.9348842734902751
2025,preliminary,Not determined-Not determined,7,ev_highest_injury_missing inj_tot_f_0,1.9190058049344272
2025,preliminary,Not determined-Not determined,8,ev_highest_injury_missing,1.9190058049344272
2025,preliminary,Not determined-Not determined,9,anomalies,1.8418358298166657
2025,preliminary,Not determined-Not determined,10,wx_temp_70 wx_dew_pt_54,1.8330091891427938
2025,preliminary,Not determined-Not determined,11,helicopter,1.8227060575855898
2025,preliminary,Not determined-Not determined,12,wx_dew_pt_54,1.7665092964446174
2025,preliminary,Not determined-Not determined,13,wind_dir_deg_350,1.7110750583634378
2025,preliminary,Not determined-Not determined,14,damage_dest,1.704947300812968
2025,preliminary,Not determined-Not determined,15,2021,1.7016902711255655
2025,preliminary,Organizational issues-Development,1,process,2.23089815464514
2025,preliminary,Organizational issues-Development,2,wind_dir_deg_220 wind_vel_kts_3,2.157877118650675
2025,preliminary,Organizational issues-Development,3,ecu,1.9902743937704932
2025,preliminary,Organizational issues-Development,4,ev_month_8 ev_state_il,1.945489472992248
2025,preliminary,Organizational issues-Development,5,wx_temp_82 wx_dew_pt_72,1.9098244807083147
2025,preliminary,Organizational issues-Development,6,manufacturer,1.870895350542026
2025,preliminary,Organizational issues-Development,7,engines,1.7768271911163758
2025,preliminary,Organizational issues-Development,8,suas,1.7682369578394348
2025,preliminary,Organizational issues-Development,9,rpic,1.7127989757774804
2025,preliminary,Organizational issues-Development,10,harbor,1.6821954221405433
2025,preliminary,Organizational issues-Development,11,manufactured,1.656003245311221
2025,preliminary,Organizational issues-Development,12,gust_kts_0 altimeter_30_020000457763672,1.6253050308779577
2025,preliminary,Organizational issues-Development,13,2024,1.6119264793824675
2025,preliminary,Organizational issues-Development,14,friday,1.5771954957679895
2025,preliminary,Organizational issues-Development,15,altimeter_30_020000457763672 wx_cond_basic_vmc,1.4964415229925194
2025,preliminary,Organizational issues-Management,1,acft_make_boeing,2.8934728228551116
2025,preliminary,Organizational issues-Management,2,ev_month_9 ev_state_ny,2.8491959868688115
2025,preliminary,Organizational issues-Management,3,wx_dew_pt_70 wind_dir_deg_0,2.763691331398299
2025,preliminary,Organizational issues-Management,4,damage_dest acft_make_bell,2.5812655747591053
2025,preliminary,Organizational issues-Management,5,sky_cond_ceil_bkn vis_sm_missing,2.174293142152977
2025,preliminary,Organizational issues-Management,6,ev_month_4 ev_state_pa,2.172374589086917
2025,preliminary,Organizational issues-Management,7,ev_month_8 ev_state_va,2.1461367357709724
2025,preliminary,Organizational issues-Management,8,vis_sm_0_75,2.093967675814271
2025,preliminary,Organizational issues-Management,9,wx_temp_34,2.0871837838312146
2025,preliminary,Organizational issues-Management,10,wx_temp_72 wx_dew_pt_70,1.9997965456626787
2025,preliminary,Organizational issues-Management,11,inj_tot_s_0 damage_dest,1.9862964614178105
2025,preliminary,Organizational issues-Management,12,acft_model_208b acft_category_air,1.976108775159196
2025,preliminary,Organizational issues-Management,13,acft_model_208b,1.976108775159196
2025,preliminary,Organizational issues-Management,14,ev_month_11 ev_state_tx,1.9602610741438453
2025,preliminary,Organizational issues-Management,15,altimeter_30_299999237060547,1.955246323482755
2025,preliminary,Organizational issues-Support/oversight/monitoring,1,acft_make_boeing,3.722998814062611
2025,preliminary,Organizational issues-Support/oversight/monitoring,2,inj_tot_s_0 damage_missing,2.7942960934056456
2025,preliminary,Organizational issues-Support/oversight/monitoring,3,damage_missing acft_make_boeing,2.6745204570967807
2025,preliminary,Organizational issues-Support/oversight/monitoring,4,damage_dest acft_make_bell,2.5574667592391704
2025,preliminary,Organizational issues-Support/oversight/monitoring,5,wx_dew_pt_28,2.394860593117886
2025,preliminary,Organizational issues-Support/oversight/monitoring,6,cert_max_gr_wt_missing num_eng_2,2.260310415912884
2025,preliminary,Organizational issues-Support/oversight/monitoring,7,wind_dir_deg_340 wind_vel_kts_5,2.2278799444529724
2025,preliminary,Organizational issues-Support/oversight/monitoring,8,ev_month_9 ev_state_nc,2.2114308240896605
2025,preliminary,Organizational issues-Support/oversight/monitoring,9,wind_vel_kts_17,2.151179981972618
2025,preliminary,Organizational issues-Support/oversight/monitoring,10,wind_dir_deg_140 wind_vel_kts_9,2.1459355298165135
2025,preliminary,Organizational issues-Support/oversight/monitoring,11,sky_cond_nonceil_unk sky_cond_ceil_bkn,2.136806040718552
2025,preliminary,Organizational issues-Support/oversight/monitoring,12,wx_temp_64 wx_dew_pt_39,2.135439961879923
2025,preliminary,Organizational issues-Support/oversight/monitoring,13,ev_month_9 ev_state_ny,2.12664622832329
2025,preliminary,Organizational issues-Support/oversight/monitoring,14,inj_tot_s_0 damage_dest,2.087462157329164
2025,preliminary,Organizational issues-Support/oversight/monitoring,15,damage_missing,1.985092728202587
2025,preliminary,Personnel issues-Action/decision,1,inj_tot_s_0 damage_missing,1.4659934146146685
2025,preliminary,Personnel issues-Action/decision,2,approach,1.381038500048096
2025,preliminary,Personnel issues-Action/decision,3,num_eng_2,1.2808359770883326
2025,preliminary,Personnel issues-Action/decision,4,num_eng_2 phase_flt_spec_missing,1.2808359770883326
2025,preliminary,Personnel issues-Action/decision,5,wx_dew_pt_28,1.2434866150353725
2025,preliminary,Personnel issues-Action/decision,6,added,1.2049291519169492
2025,preliminary,Personnel issues-Action/decision,7,weather,1.1171652534304648
2025,preliminary,Personnel issues-Action/decision,8,wx_temp_75 wx_dew_pt_45,1.0935442951036505
2025,preliminary,Personnel issues-Action/decision,9,ev_state_ak ev_country_usa,1.0494352250824894
2025,preliminary,Personnel issues-Action/decision,10,ev_state_ak,1.0494352250824894
2025,preliminary,Personnel issues-Action/decision,11,said,1.048273811837009
2025,preliminary,Personnel issues-Action/decision,12,conditions,1.025025017284004
2025,preliminary,Personnel issues-Action/decision,13,weight,1.0246125148273317
2025,preliminary,Personnel issues-Action/decision,14,wind_dir_deg_230,0.9854982835360664
2025,preliminary,Personnel issues-Action/decision,15,feet,0.983132007295099
2025,preliminary,Personnel issues-Experience/knowledge,1,sky_cond_ceil_bkn vis_sm_missing,2.456765163578356
2025,preliminary,Personnel issues-Experience/knowledge,2,ev_month_12 ev_state_fl,2.4089659941623762
2025,preliminary,Personnel issues-Experience/knowledge,3,ev_month_8 ev_state_ak,2.2341380246283995
2025,preliminary,Personnel issues-Experience/knowledge,4,wind_dir_deg_210,2.1488115405123693
2025,preliminary,Personnel issues-Experience/knowledge,5,vis_sm_10_0 wx_temp_72,2.133289979213742
2025,preliminary,Personnel issues-Experience/knowledge,6,wx_dew_pt_46,2.0475482889041534
2025,preliminary,Personnel issues-Experience/knowledge,7,acft_category_heli cert_max_gr_wt_1500,2.042933665659991
2025,preliminary,Personnel issues-Experience/knowledge,8,acft_category_air cert_max_gr_wt_1670,2.0399630388764405
2025,preliminary,Personnel issues-Experience/knowledge,9,wind_dir_deg_210 wind_vel_kts_8,2.0028819556568527
2025,preliminary,Personnel issues-Experience/knowledge,10,ev_month_4,1.9389094960524835
2025,preliminary,Personnel issues-Experience/knowledge,11,acft_category_ppar,1.9138507883817364
2025,preliminary,Personnel issues-Experience/knowledge,12,wind_dir_deg_220 wind_vel_kts_6,1.8810379597143279
2025,preliminary,Personnel issues-Experience/knowledge,13,wind_dir_deg_210 wind_vel_kts_3,1.8747419501221259
2025,preliminary,Personnel issues-Experience/knowledge,14,wx_dew_pt_34,1.8670560006523973
2025,preliminary,Personnel issues-Experience/knowledge,15,gust_kts_19,1.8443145936892062
2025,preliminary,Personnel issues-Physical,1,blood,3.519663160407002
2025,preliminary,Personnel issues-Physical,2,wx_temp_75 wx_dew_pt_54,2.9097588425819043
2025,preliminary,Personnel issues-Physical,3,medical,2.603542531971968
2025,preliminary,Personnel issues-Physical,4,dl,2.1540808089057824
2025,preliminary,Personnel issues-Physical,5,sky_cond_nonceil_scat sky_cond_ceil_ovc,2.1498344479144462
2025,preliminary,Personnel issues-Physical,6,damage_missing,2.120002587230291
2025,preliminary,Personnel issues-Physical,7,ethanol,2.079713911460195
2025,preliminary,Personnel issues-Physical,8,wx_dew_pt_73,2.067483780120053
2025,preliminary,Personnel issues-Physical,9,ev_month_7 ev_state_ca,2.048945144886236
2025,preliminary,Personnel issues-Physical,10,light_cond_nite sky_cond_nonceil_cler,2.030765941166263
2025,preliminary,Personnel issues-Physical,11,inj_tot_s_1 damage_missing,2.0281665771170685
2025,preliminary,Personnel issues-Physical,12,ev_month_7,2.0109766033512027
2025,preliminary,Personnel issues-Physical,13,brain,1.9756053368536775
2025,preliminary,Personnel issues-Physical,14,wind_dir_deg_30 wind_vel_kts_5,1.9055681037509713
2025,preliminary,Personnel issues-Physical,15,ev_month_9 ev_state_nc,1.8858560194305962
2025,preliminary,Personnel issues-Psychological,1,inj_tot_s_0 damage_minr,2.598255288453091
2025,preliminary,Personnel issues-Psychological,2,acft_category_heli,2.527248457192008
2025,preliminary,Personnel issues-Psychological,3,damage_minr,2.215363556316096
2025,preliminary,Personnel issues-Psychological,4,ev_month_7 ev_state_ak,1.9654892433962368
2025,preliminary,Personnel issues-Psychological,5,ev_state_az,1.6640926151991355
2025,preliminary,Personnel issues-Psychological,6,ev_state_az ev_country_usa,1.6640926151991355
2025,preliminary,Personnel issues-Psychological,7,acft_make_bell,1.6442143883648137
2025,preliminary,Personnel issues-Psychological,8,ev_month_2 ev_state_tx,1.6197498873439689
2025,preliminary,Personnel issues-Psychological,9,ev_month_5 ev_state_ks,1.6148258585776543
2025,preliminary,Personnel issues-Psychological,10,wx_dew_pt_9,1.5847584306784503
2025,preliminary,Personnel issues-Psychological,11,inj_tot_s_0 damage_missing,1.5815270161446702
2025,preliminary,Personnel issues-Psychological,12,wx_dew_pt_32 wind_dir_deg_0,1.5747009911380239
2025,preliminary,Personnel issues-Psychological,13,wx_dew_pt_57 wind_dir_deg_0,1.5293978871614826
2025,preliminary,Personnel issues-Psychological,14,damage_subs acft_make_bell,1.4700294064119246
2025,preliminary,Personnel issues-Psychological,15,wx_dew_pt_63,1.4694633031535513
2025,preliminary,Personnel issues-Task performance,1,ev_month_6,1.341849298493051
2025,preliminary,Personnel issues-Task performance,2,wind_vel_kts_13,1.2522048018023708
2025,preliminary,Personnel issues-Task performance,3,attitude,1.1443728098400632
2025,preliminary,Personnel issues-Task performance,4,airplane precluded,1.1234444693234382
2025,preliminary,Personnel issues-Task performance,5,wx_dew_pt_12,1.1147212320533564
2025,preliminary,Personnel issues-Task performance,6,control,1.1093383539089021
2025,preliminary,Personnel issues-Task performance,7,cert_max_gr_wt_2500 num_eng_1,1.1053002277881678
2025,preliminary,Personnel issues-Task performance,8,cert_max_gr_wt_2500,1.1053002277881678
2025,preliminary,Personnel issues-Task performance,9,damage_subs,1.1012990552019208
2025,preliminary,Personnel issues-Task performance,10,num_eng_1,1.0976720432758855
2025,preliminary,Personnel issues-Task performance,11,num_eng_1 phase_flt_spec_missing,1.0976720432758855
2025,preliminary,Personnel issues-Task performance,12,gust_kts_20,1.0326969432965523
2025,preliminary,Personnel issues-Task performance,13,stall,1.0158851986574375
2025,preliminary,Personnel issues-Task performance,14,manual,1.005042418507337
2025,preliminary,Personnel issues-Task performance,15,wind,0.9784681506904328
2025,mature_factual,Aircraft-Aircraft handling/service,1,inspection,2.284432816482838
2025,mature_factual,Aircraft-Aircraft handling/service,2,maintenance,2.2839084377684538
2025,mature_factual,Aircraft-Aircraft handling/service,3,trailer,2.150788578206575
2025,mature_factual,Aircraft-Aircraft handling/service,4,chocks,2.025347817630734
2025,mature_factual,Aircraft-Aircraft handling/service,5,pa46,2.0010266857174015
2025,mature_factual,Aircraft-Aircraft handling/service,6,annual,1.9817846470481537
2025,mature_factual,Aircraft-Aircraft handling/service,7,phenom,1.9290907697803468
2025,mature_factual,Aircraft-Aircraft handling/service,8,aft,1.891171758253317
2025,mature_factual,Aircraft-Aircraft handling/service,9,station,1.7747175695326098
2025,mature_factual,Aircraft-Aircraft handling/service,10,annual inspection,1.7270026105685818
2025,mature_factual,Aircraft-Aircraft handling/service,11,landing pad,1.6570485952218106
2025,mature_factual,Aircraft-Aircraft handling/service,12,inspected,1.6363752132089264
2025,mature_factual,Aircraft-Aircraft handling/service,13,maintenance records,1.6259935263992455
2025,mature_factual,Aircraft-Aircraft handling/service,14,hand,1.5740870708786194
2025,mature_factual,Aircraft-Aircraft handling/service,15,helicopter rolled,1.558587977638412
2025,mature_factual,Aircraft-Aircraft oper/perf/capability,1,runway,3.228871086820697
2025,mature_factual,Aircraft-Aircraft oper/perf/capability,2,hard,2.669135286662936
2025,mature_factual,Aircraft-Aircraft oper/perf/capability,3,wind,2.6584706967371647
2025,mature_factual,Aircraft-Aircraft oper/perf/capability,4,bounced,2.43367858672746
2025,mature_factual,Aircraft-Aircraft oper/perf/capability,5,stall,2.332050274581651
2025,mature_factual,Aircraft-Aircraft oper/perf/capability,6,veered,2.0874860556355577
2025,mature_factual,Aircraft-Aircraft oper/perf/capability,7,nose,2.036234926591045
2025,mature_factual,Aircraft-Aircraft oper/perf/capability,8,stalled,1.9320678348496245
2025,mature_factual,Aircraft-Aircraft oper/perf/capability,9,airspeed,1.915804145523827
2025,mature_factual,Aircraft-Aircraft oper/perf/capability,10,rudder,1.8157648975964038
2025,mature_factual,Aircraft-Aircraft oper/perf/capability,11,ground,1.809924247318689
2025,mature_factual,Aircraft-Aircraft oper/perf/capability,12,landed hard,1.7567101942790262
2025,mature_factual,Aircraft-Aircraft oper/perf/capability,13,crosswind,1.7489572740069883
2025,mature_factual,Aircraft-Aircraft oper/perf/capability,14,aerodynamic,1.7363194638764914
2025,mature_factual,Aircraft-Aircraft oper/perf/capability,15,aerodynamic stall,1.7128293741071396
2025,mature_factual,Aircraft-Aircraft power plant,1,engine,6.0355733000899
2025,mature_factual,Aircraft-Aircraft power plant,2,power,3.6682816504318674
2025,mature_factual,Aircraft-Aircraft power plant,3,oil,3.5329644722525964
2025,mature_factual,Aircraft-Aircraft power plant,4,throttle,3.0046451496952167
2025,mature_factual,Aircraft-Aircraft power plant,5,engine power,2.962043662560795
2025,mature_factual,Aircraft-Aircraft power plant,6,cylinder,2.922069421513643
2025,mature_factual,Aircraft-Aircraft power plant,7,loss engine,2.8671566137542754
2025,mature_factual,Aircraft-Aircraft power plant,8,examination engine,2.833134076393789
2025,mature_factual,Aircraft-Aircraft power plant,9,loss,2.5460364040400068
2025,mature_factual,Aircraft-Aircraft power plant,10,exhaust,2.5067350864501496
2025,mature_factual,Aircraft-Aircraft power plant,11,crankshaft,2.054161275061573
2025,mature_factual,Aircraft-Aircraft power plant,12,carburetor,1.9869611593236862
2025,mature_factual,Aircraft-Aircraft power plant,13,magneto,1.9681610207975886
2025,mature_factual,Aircraft-Aircraft power plant,14,mixture,1.951937743218845
2025,mature_factual,Aircraft-Aircraft power plant,15,forced landing,1.9219212029864372
2025,mature_factual,Aircraft-Aircraft propeller/rotor,1,rotor,4.501997558965428
2025,mature_factual,Aircraft-Aircraft propeller/rotor,2,blade,4.2040098278746525
2025,mature_factual,Aircraft-Aircraft propeller/rotor,3,blades,3.616927912650259
2025,mature_factual,Aircraft-Aircraft propeller/rotor,4,propeller,3.5985209742238893
2025,mature_factual,Aircraft-Aircraft propeller/rotor,5,tail rotor,3.2694170833031286
2025,mature_factual,Aircraft-Aircraft propeller/rotor,6,helicopter,2.976327226228501
2025,mature_factual,Aircraft-Aircraft propeller/rotor,7,hub,2.6523764571496695
2025,mature_factual,Aircraft-Aircraft propeller/rotor,8,propellers,2.5276140307186457
2025,mature_factual,Aircraft-Aircraft propeller/rotor,9,main rotor,2.5203585361296743
2025,mature_factual,Aircraft-Aircraft propeller/rotor,10,rpm,2.3860042418279614
2025,mature_factual,Aircraft-Aircraft propeller/rotor,11,pitch,2.115800808624018
2025,mature_factual,Aircraft-Aircraft propeller/rotor,12,propeller blades,2.0209779744878222
2025,mature_factual,Aircraft-Aircraft propeller/rotor,13,tail,1.9370561110548408
2025,mature_factual,Aircraft-Aircraft propeller/rotor,14,revealed propeller,1.8802983252277463
2025,mature_factual,Aircraft-Aircraft propeller/rotor,15,thrust,1.8783334787675408
2025,mature_factual,Aircraft-Aircraft structures,1,latch,3.959043482491346
2025,mature_factual,Aircraft-Aircraft structures,2,door,3.4004321693763413
2025,mature_factual,Aircraft-Aircraft structures,3,canopy,3.127860799587615
2025,mature_factual,Aircraft-Aircraft structures,4,opened,2.5814542425985088
2025,mature_factual,Aircraft-Aircraft structures,5,separated,2.476821989806392
2025,mature_factual,Aircraft-Aircraft structures,6,birds,2.373855114803133
2025,mature_factual,Aircraft-Aircraft structures,7,windshield,2.284118153956726
2025,mature_factual,Aircraft-Aircraft structures,8,fracture,2.222313272765288
2025,mature_factual,Aircraft-Aircraft structures,9,stabilizer,2.1812291475264183
2025,mature_factual,Aircraft-Aircraft structures,10,horizontal,2.1484403763730424
2025,mature_factual,Aircraft-Aircraft structures,11,separated airplane,2.1260391120183146
2025,mature_factual,Aircraft-Aircraft structures,12,upper,2.027952785299981
2025,mature_factual,Aircraft-Aircraft structures,13,spar,2.004163387849205
2025,mature_factual,Aircraft-Aircraft structures,14,overstress,1.996995743104655
2025,mature_factual,Aircraft-Aircraft structures,15,horizontal stabilizer,1.9151554710989969
2025,mature_factual,Aircraft-Aircraft systems,1,landing gear,4.479245954468831
2025,mature_factual,Aircraft-Aircraft systems,2,gear,4.324402330192288
2025,mature_factual,Aircraft-Aircraft systems,3,brakes,2.885949131752111
2025,mature_factual,Aircraft-Aircraft systems,4,failed,2.737355709595355
2025,mature_factual,Aircraft-Aircraft systems,5,retracted,2.683925611524191
2025,mature_factual,Aircraft-Aircraft systems,6,electrical,2.615757268206439
2025,mature_factual,Aircraft-Aircraft systems,7,extend,2.5075532479257636
2025,mature_factual,Aircraft-Aircraft systems,8,brake,2.4710028853897548
2025,mature_factual,Aircraft-Aircraft systems,9,gear retracted,2.3376570881851406
2025,mature_factual,Aircraft-Aircraft systems,10,landing,2.253619085820127
2025,mature_factual,Aircraft-Aircraft systems,11,applied brakes,2.145870276496842
2025,mature_factual,Aircraft-Aircraft systems,12,checklist,2.1376693978612833
2025,mature_factual,Aircraft-Aircraft systems,13,position,2.0341601381101664
2025,mature_factual,Aircraft-Aircraft systems,14,forgot,1.9328058678600823
2025,mature_factual,Aircraft-Aircraft systems,15,assembly,1.9245465740587058
2025,mature_factual,Aircraft-Fluids/misc hardware,1,fuel,8.301076673640544
2025,mature_factual,Aircraft-Fluids/misc hardware,2,tank,5.631985213527174
2025,mature_factual,Aircraft-Fluids/misc hardware,3,fuel tank,4.003430416875941
2025,mature_factual,Aircraft-Fluids/misc hardware,4,gallons,3.4835231180607495
2025,mature_factual,Aircraft-Fluids/misc hardware,5,tanks,3.441488769965916
2025,mature_factual,Aircraft-Fluids/misc hardware,6,fuel tanks,2.8308309744551297
2025,mature_factual,Aircraft-Fluids/misc hardware,7,exhaustion,2.8080405842360525
2025,mature_factual,Aircraft-Fluids/misc hardware,8,lost power,2.704962072745257
2025,mature_factual,Aircraft-Fluids/misc hardware,9,fuel exhaustion,2.5607416515451837
2025,mature_factual,Aircraft-Fluids/misc hardware,10,forced landing,2.5108466726876437
2025,mature_factual,Aircraft-Fluids/misc hardware,11,forced,2.4643366427728237
2025,mature_factual,Aircraft-Fluids/misc hardware,12,oil,2.3849551195120293
2025,mature_factual,Aircraft-Fluids/misc hardware,13,low fuel,2.2027992839994543
2025,mature_factual,Aircraft-Fluids/misc hardware,14,power fuel,2.198397359591355
2025,mature_factual,Aircraft-Fluids/misc hardware,15,engine,2.105077962639095
2025,mature_factual,Environmental issues-Conditions/weather/phenomena,1,wind,7.62811485773873
2025,mature_factual,Environmental issues-Conditions/weather/phenomena,2,crosswind,5.537079596768877
2025,mature_factual,Environmental issues-Conditions/weather/phenomena,3,encountered,5.265854027641001
2025,mature_factual,Environmental issues-Conditions/weather/phenomena,4,tailwind,4.805970119803268
2025,mature_factual,Environmental issues-Conditions/weather/phenomena,5,gust,4.38318120514756
2025,mature_factual,Environmental issues-Conditions/weather/phenomena,6,conditions,4.218854449899381
2025,mature_factual,Environmental issues-Conditions/weather/phenomena,7,turbulence,3.5695219076704188
2025,mature_factual,Environmental issues-Conditions/weather/phenomena,8,knots,3.5352284547489656
2025,mature_factual,Environmental issues-Conditions/weather/phenomena,9,weather,3.3560938779195255
2025,mature_factual,Environmental issues-Conditions/weather/phenomena,10,gusting,3.161495389194883
2025,mature_factual,Environmental issues-Conditions/weather/phenomena,11,icing,3.074918317452493
2025,mature_factual,Environmental issues-Conditions/weather/phenomena,12,airplane encountered,2.8697047126012865
2025,mature_factual,Environmental issues-Conditions/weather/phenomena,13,sun,2.8349414922694116
2025,mature_factual,Environmental issues-Conditions/weather/phenomena,14,gust wind,2.6405800091364
2025,mature_factual,Environmental issues-Conditions/weather/phenomena,15,time accident,2.6212839218591197
2025,mature_factual,Environmental issues-Operating environment,1,taxiway,3.7368376686248257
2025,mature_factual,Environmental issues-Operating environment,2,notam,2.6467591952270064
2025,mature_factual,Environmental issues-Operating environment,3,runway lights,2.3946087696061538
2025,mature_factual,Environmental issues-Operating environment,4,runway,2.0498584538415274
2025,mature_factual,Environmental issues-Operating environment,5,unable,2.00408501165507
2025,mature_factual,Environmental issues-Operating environment,6,boeing,1.9658661008796765
2025,mature_factual,Environmental issues-Operating environment,7,frequency,1.8183883670578922
2025,mature_factual,Environmental issues-Operating environment,8,airport,1.7042756975401392
2025,mature_factual,Environmental issues-Operating environment,9,lighting,1.644506597102284
2025,mature_factual,Environmental issues-Operating environment,10,ev_state_ok,1.622796142719173
2025,mature_factual,Environmental issues-Operating environment,11,ev_state_ok ev_country_usa,1.622796142719173
2025,mature_factual,Environmental issues-Operating environment,12,tow,1.607991884981271
2025,mature_factual,Environmental issues-Operating environment,13,landed runway,1.6010390082323687
2025,mature_factual,Environmental issues-Operating environment,14,runway conditions,1.598681953763085
2025,mature_factual,Environmental issues-Operating environment,15,taxiway airplane,1.5928350946369159
2025,mature_factual,Environmental issues-Physical environment,1,bird,3.647634876675534
2025,mature_factual,Environmental issues-Physical environment,2,deer,3.5227534733844617
2025,mature_factual,Environmental issues-Physical environment,3,struck,3.086162407294379
2025,mature_factual,Environmental issues-Physical environment,4,soft,2.81844627865393
2025,mature_factual,Environmental issues-Physical environment,5,snow,2.8128076870730956
2025,mature_factual,Environmental issues-Physical environment,6,tree,2.720364888014552
2025,mature_factual,Environmental issues-Physical environment,7,collided,2.6733845430323777
2025,mature_factual,Environmental issues-Physical environment,8,impacted,2.5122138996705687
2025,mature_factual,Environmental issues-Physical environment,9,fence,2.440238956169333
2025,mature_factual,Environmental issues-Physical environment,10,powerlines,2.4374987817117972
2025,mature_factual,Environmental issues-Physical environment,11,power line,2.362278475180093
2025,mature_factual,Environmental issues-Physical environment,12,power lines,2.3318655524255916
2025,mature_factual,Environmental issues-Physical environment,13,terrain,2.110830084709553
2025,mature_factual,Environmental issues-Physical environment,14,turf,2.10320489363399
2025,mature_factual,Environmental issues-Physical environment,15,birds,2.020211990272688
2025,mature_factual,Not determined-Not determined,1,reason,5.888026594119206
2025,mature_factual,Not determined-Not determined,2,determined,4.660182559123899
2025,mature_factual,Not determined-Not determined,3,power determined,3.614643566942883
2025,mature_factual,Not determined-Not determined,4,reason loss,2.943099358559328
2025,mature_factual,Not determined-Not determined,5,available,2.753571508853462
2025,mature_factual,Not determined-Not determined,6,evidence,2.458903151645368
2025,mature_factual,Not determined-Not determined,7,engine,2.2719794017037436
2025,mature_factual,Not determined-Not determined,8,determined based,2.1991514566308403
2025,mature_factual,Not determined-Not determined,9,available evidence,2.1794833851599713
2025,mature_factual,Not determined-Not determined,10,based available,2.0516628409614253
2025,mature_factual,Not determined-Not determined,11,located,1.9487215835066982
2025,mature_factual,Not determined-Not determined,12,determine,1.9467404303790545
2025,mature_factual,Not determined-Not determined,13,test,1.9169454588544392
2025,mature_factual,Not determined-Not determined,14,available information,1.785404452889042
2025,mature_factual,Not determined-Not determined,15,airframe,1.7207477180185071
2025,mature_factual,Organizational issues-Development,1,process,2.3679978978050666
2025,mature_factual,Organizational issues-Development,2,manufactured,2.2582953556258736
2025,mature_factual,Organizational issues-Development,3,manufacturing,1.9690912794077473
2025,mature_factual,Organizational issues-Development,4,rpic,1.9486923317120164
2025,mature_factual,Organizational issues-Development,5,manufacturer,1.9037692940967246
2025,mature_factual,Organizational issues-Development,6,ecu,1.8994116661521907
2025,mature_factual,Organizational issues-Development,7,suas,1.8716991660637923
2025,mature_factual,Organizational issues-Development,8,friday,1.7666509044995868
2025,mature_factual,Organizational issues-Development,9,harbor,1.7491667482037863
2025,mature_factual,Organizational issues-Development,10,engines,1.5204486966685449
2025,mature_factual,Organizational issues-Development,11,material,1.5036095984034838
2025,mature_factual,Organizational issues-Development,12,design,1.4951482632456916
2025,mature_factual,Organizational issues-Development,13,wiring,1.4880944436828094
2025,mature_factual,Organizational issues-Development,14,manufacturing process,1.4880024672023202
2025,mature_factual,Organizational issues-Development,15,valve guide,1.4378884367463298
2025,mature_factual,Organizational issues-Management,1,operator,2.127978108612043
2025,mature_factual,Organizational issues-Management,2,accident operator,2.09914500325218
2025,mature_factual,Organizational issues-Management,3,notam,1.9835410337377797
2025,mature_factual,Organizational issues-Management,4,pilots,1.904999890798261
2025,mature_factual,Organizational issues-Management,5,bell,1.7683225446582216
2025,mature_factual,Organizational issues-Management,6,radios,1.625718920114668
2025,mature_factual,Organizational issues-Management,7,passengers,1.5875095987340593
2025,mature_factual,Organizational issues-Management,8,135,1.5856706032681345
2025,mature_factual,Organizational issues-Management,9,procedures,1.546900653668473
2025,mature_factual,Organizational issues-Management,10,required,1.5051269472229847
2025,mature_factual,Organizational issues-Management,11,closed,1.451681193462511
2025,mature_factual,Organizational issues-Management,12,closure,1.4407700341629677
2025,mature_factual,Organizational issues-Management,13,guidance,1.4052228709308954
2025,mature_factual,Organizational issues-Management,14,dallas,1.3862862451381401
2025,mature_factual,Organizational issues-Management,15,friday,1.3853081479244822
2025,mature_factual,Organizational issues-Support/oversight/monitoring,1,boeing,3.2182689260341957
2025,mature_factual,Organizational issues-Support/oversight/monitoring,2,nut,1.8475075382328852
2025,mature_factual,Organizational issues-Support/oversight/monitoring,3,airlines,1.806255840389306
2025,mature_factual,Organizational issues-Support/oversight/monitoring,4,cfr,1.6297340762264336
2025,mature_factual,Organizational issues-Support/oversight/monitoring,5,international,1.5939758552058538
2025,mature_factual,Organizational issues-Support/oversight/monitoring,6,notam,1.5013515102806725
2025,mature_factual,Organizational issues-Support/oversight/monitoring,7,cfr 135,1.4769249478497914
2025,mature_factual,Organizational issues-Support/oversight/monitoring,8,bell,1.4621383042502942
2025,mature_factual,Organizational issues-Support/oversight/monitoring,9,january,1.4489271462508386
2025,mature_factual,Organizational issues-Support/oversight/monitoring,10,121,1.4061935739976583
2025,mature_factual,Organizational issues-Support/oversight/monitoring,11,states,1.4051800874554987
2025,mature_factual,Organizational issues-Support/oversight/monitoring,12,applicable,1.3942808807907074
2025,mature_factual,Organizational issues-Support/oversight/monitoring,13,closed,1.3861706603436803
2025,mature_factual,Organizational issues-Support/oversight/monitoring,14,international airport,1.3756401366042192
2025,mature_factual,Organizational issues-Support/oversight/monitoring,15,acft_make_boeing,1.3729125834034825
2025,mature_factual,Personnel issues-Action/decision,1,instructor,2.2236296963289583
2025,mature_factual,Personnel issues-Action/decision,2,decision,1.7409285233667686
2025,mature_factual,Personnel issues-Action/decision,3,flight instructor,1.571901374300883
2025,mature_factual,Personnel issues-Action/decision,4,told,1.4884434409758731
2025,mature_factual,Personnel issues-Action/decision,5,weight,1.4512792026745323
2025,mature_factual,Personnel issues-Action/decision,6,forgot,1.4217945698634065
2025,mature_factual,Personnel issues-Action/decision,7,added,1.3851098802446933
2025,mature_factual,Personnel issues-Action/decision,8,said,1.3768399392376383
2025,mature_factual,Personnel issues-Action/decision,9,student,1.3741000244214843
2025,mature_factual,Personnel issues-Action/decision,10,instructor reported,1.3111354818309027
2025,mature_factual,Personnel issues-Action/decision,11,snow,1.3025662874680117
2025,mature_factual,Personnel issues-Action/decision,12,decided,1.2870312864102087
2025,mature_factual,Personnel issues-Action/decision,13,asked,1.274184302055028
2025,mature_factual,Personnel issues-Action/decision,14,road,1.2693083377183574
2025,mature_factual,Personnel issues-Action/decision,15,flight,1.2663241227531266
2025,mature_factual,Personnel issues-Experience/knowledge,1,non certificated,3.2325068221468976
2025,mature_factual,Personnel issues-Experience/knowledge,2,certificated pilot,3.231146363230221
2025,mature_factual,Personnel issues-Experience/knowledge,3,experience,3.0190703222244584
2025,mature_factual,Personnel issues-Experience/knowledge,4,certificated,2.8045621945134234
2025,mature_factual,Personnel issues-Experience/knowledge,5,non,2.5032232431806705
2025,mature_factual,Personnel issues-Experience/knowledge,6,purchased,2.3976570491498035
2025,mature_factual,Personnel issues-Experience/knowledge,7,wx_cond_basic_vmc non,2.1129131893842636
2025,mature_factual,Personnel issues-Experience/knowledge,8,uncertificated pilot,2.0306892701125916
2025,mature_factual,Personnel issues-Experience/knowledge,9,purchased airplane,1.9939921101870237
2025,mature_factual,Personnel issues-Experience/knowledge,10,uncertificated,1.9892485743376471
2025,mature_factual,Personnel issues-Experience/knowledge,11,model,1.9096536567749163
2025,mature_factual,Personnel issues-Experience/knowledge,12,lost control,1.882630866684242
2025,mature_factual,Personnel issues-Experience/knowledge,13,flown,1.8565448274045695
2025,mature_factual,Personnel issues-Experience/knowledge,14,make,1.8482277671065401
2025,mature_factual,Personnel issues-Experience/knowledge,15,training,1.7753342161699384
2025,mature_factual,Personnel issues-Physical,1,blood,3.518628236492151
2025,mature_factual,Personnel issues-Physical,2,medical,3.1737624511547096
2025,mature_factual,Personnel issues-Physical,3,alcohol,2.3357781335899217
2025,mature_factual,Personnel issues-Physical,4,hospital,2.234606466079133
2025,mature_factual,Personnel issues-Physical,5,ethanol,2.1689746209353458
2025,mature_factual,Personnel issues-Physical,6,fatigue,2.0026822779837383
2025,mature_factual,Personnel issues-Physical,7,dl,1.8413277423739665
2025,mature_factual,Personnel issues-Physical,8,law enforcement,1.8224138172704198
2025,mature_factual,Personnel issues-Physical,9,brain,1.8138774987905606
2025,mature_factual,Personnel issues-Physical,10,day,1.80033323934937
2025,mature_factual,Personnel issues-Physical,11,trailer,1.7941251481167346
2025,mature_factual,Personnel issues-Physical,12,enforcement,1.7330050534857764
2025,mature_factual,Personnel issues-Physical,13,law,1.7182468418042087
2025,mature_factual,Personnel issues-Physical,14,impaired,1.6786978795032141
2025,mature_factual,Personnel issues-Physical,15,airplane left,1.5311794815852795
2025,mature_factual,Personnel issues-Psychological,1,distracted,2.5818789614414643
2025,mature_factual,Personnel issues-Psychological,2,collision,2.425126925558101
2025,mature_factual,Personnel issues-Psychological,3,instructor,2.356325287080323
2025,mature_factual,Personnel issues-Psychological,4,taxiing,2.213188968778039
2025,mature_factual,Personnel issues-Psychological,5,power lines,2.195265021571487
2025,mature_factual,Personnel issues-Psychological,6,airplanes,2.146621780489755
2025,mature_factual,Personnel issues-Psychological,7,low,2.107748096028376
2025,mature_factual,Personnel issues-Psychological,8,attention,2.0514198076900034
2025,mature_factual,Personnel issues-Psychological,9,river,2.0168663782978133
2025,mature_factual,Personnel issues-Psychological,10,night,1.9617913659796287
2025,mature_factual,Personnel issues-Psychological,11,collided,1.8043613719713818
2025,mature_factual,Personnel issues-Psychological,12,pilots,1.8007266908491453
2025,mature_factual,Personnel issues-Psychological,13,spatial,1.7898348495453518
2025,mature_factual,Personnel issues-Psychological,14,power line,1.7520664114006863
2025,mature_factual,Personnel issues-Psychological,15,powerlines,1.7316103329168573
2025,mature_factual,Personnel issues-Task performance,1,wind,2.544633850858964
2025,mature_factual,Personnel issues-Task performance,2,bounced,2.3011647221170213
2025,mature_factual,Personnel issues-Task performance,3,stall,1.8836811850874093
2025,mature_factual,Personnel issues-Task performance,4,crosswind,1.7118066118394286
2025,mature_factual,Personnel issues-Task performance,5,correct,1.6930206862947625
2025,mature_factual,Personnel issues-Task performance,6,veered,1.6328445193595607
2025,mature_factual,Personnel issues-Task performance,7,ground,1.6242509203354734
2025,mature_factual,Personnel issues-Task performance,8,left,1.6120226259481982
2025,mature_factual,Personnel issues-Task performance,9,likely,1.5767375531030907
2025,mature_factual,Personnel issues-Task performance,10,stalled,1.5747567110192484
2025,mature_factual,Personnel issues-Task performance,11,hard,1.5522389636655591
2025,mature_factual,Personnel issues-Task performance,12,runway,1.5060440150142775
2025,mature_factual,Personnel issues-Task performance,13,aerodynamic stall,1.463039679742168
2025,mature_factual,Personnel issues-Task performance,14,aerodynamic,1.451999826884745
2025,mature_factual,Personnel issues-Task performance,15,control,1.449063387934547
